sample,frame_stamp,frame_size,channel,bins,peaks,phase,logarithmic,phase_reuse,predicted,matched,births,first_steps,fallback_steps,selected,snapshots,snapshot_reads
128,128,1024,0,513,25,0,24,0,0,0,25,0,0,25,1,512
129,128,1024,1,513,25,0,24,0,0,0,25,0,0,25,1,512
256,256,2048,0,1025,47,0,46,0,0,0,47,0,0,47,1,512
256,256,1024,0,513,47,46,0,0,25,13,34,0,0,47,1,512
257,256,2048,1,1025,47,0,46,0,0,0,47,0,0,47,1,512
257,256,1024,1,513,47,46,0,0,25,13,34,0,0,47,1,512
384,384,1024,0,513,73,73,0,20,59,49,24,0,0,73,1,512
385,384,1024,1,513,72,71,0,19,59,47,25,0,0,72,1,512
512,512,2048,0,1025,98,97,0,0,47,33,65,0,0,98,1,512
512,512,1024,0,513,98,97,0,42,83,74,24,0,0,98,1,512
512,512,4096,0,37,1,0,1,0,0,0,1,0,0,1,1,512
513,512,2048,1,1025,100,99,0,0,47,32,68,0,0,100,1,512
513,512,1024,1,513,96,95,0,40,84,72,24,0,0,96,1,512
513,512,4096,1,37,2,0,2,0,0,0,2,0,0,2,1,512
640,640,1024,0,513,123,123,0,69,107,96,27,0,0,123,1,512
641,640,1024,1,513,125,125,0,67,108,97,28,0,0,125,1,512
768,768,2048,0,1025,146,145,0,37,112,98,48,0,0,146,1,512
768,768,1024,0,513,137,137,0,90,130,121,16,0,0,137,1,512
769,768,2048,1,1025,146,145,0,41,115,101,45,0,0,146,1,512
769,768,1024,1,513,139,139,0,89,133,124,15,0,0,139,1,512
896,896,1024,0,513,142,142,0,86,144,120,22,0,0,142,1,512
897,896,1024,1,513,141,141,0,90,146,123,18,0,0,141,1,512
1024,1024,2048,0,1025,186,185,0,98,160,146,40,0,0,186,1,512
1024,1024,1024,0,513,136,135,0,83,166,124,12,0,0,136,1,512
1024,1024,4096,0,37,2,2,0,0,1,1,1,0,0,2,1,512
1025,1024,2048,1,1025,186,185,0,98,160,146,40,0,0,186,1,512
1025,1024,1024,1,513,136,135,0,83,164,123,13,0,0,136,1,512
1025,1024,4096,1,37,2,2,0,0,2,1,1,0,0,2,1,512
1152,1152,1024,0,513,150,149,0,86,178,139,11,0,0,150,1,512
1153,1152,1024,1,513,149,148,0,87,177,139,10,0,0,149,1,512
1280,1280,2048,0,1025,229,228,0,129,200,186,43,0,0,229,1,512
1280,1280,1024,0,513,144,144,0,95,188,136,8,0,0,144,1,512
1281,1280,2048,1,1025,233,232,0,128,200,188,45,0,0,233,1,512
1281,1280,1024,1,513,143,143,0,93,186,134,9,0,0,143,1,512
1408,1408,1024,0,513,146,146,0,96,189,136,10,0,0,146,1,512
1409,1408,1024,1,513,146,146,0,96,188,136,10,0,0,146,1,512
1536,1536,2048,0,1025,278,278,0,179,238,188,68,0,0,256,1,512
1536,1536,1024,0,513,137,137,0,87,191,131,6,0,0,137,1,512
1536,1536,4096,0,37,3,3,0,1,2,2,1,0,0,3,1,512
1537,1536,2048,1,1025,279,278,0,180,242,188,68,0,0,256,1,512
1537,1536,1024,1,513,136,136,0,88,191,131,5,0,0,136,1,512
1537,1536,4096,1,37,2,2,0,2,3,2,0,0,0,2,0,0
1664,1664,1024,0,513,135,134,0,89,188,130,5,0,0,135,1,512
1665,1664,1024,1,513,135,134,0,90,186,130,5,0,0,135,1,512
1792,1792,2048,0,1025,290,290,0,181,256,163,93,0,0,256,1,512
1792,1792,1024,0,513,139,138,0,80,182,132,7,0,0,139,1,512
1793,1792,2048,1,1025,288,288,0,181,256,164,92,0,0,256,1,512
1793,1792,1024,1,513,139,138,0,80,180,131,8,0,0,139,1,512
1920,1920,1024,0,513,147,146,0,85,183,138,9,0,0,147,1,512
1921,1920,1024,1,513,147,146,0,84,183,138,9,0,0,147,1,512
2048,2048,2048,0,1025,292,292,0,175,256,139,117,0,0,256,1,512
2048,2048,1024,0,513,146,145,0,97,184,139,7,0,0,146,1,512
2048,2048,4096,0,37,3,3,0,3,3,3,0,0,0,3,0,0
2049,2048,2048,1,1025,291,291,0,178,256,144,112,0,0,256,1,512
2049,2048,1024,1,513,147,146,0,96,185,140,7,0,0,147,1,512
2049,2048,4096,1,37,2,2,0,1,3,2,0,0,0,2,0,0
2176,2176,1024,0,513,143,142,0,99,188,138,5,0,0,143,1,512
2177,2176,1024,1,513,141,140,0,97,190,137,4,0,0,141,1,512
2304,2304,2048,0,1025,288,287,0,169,256,142,114,0,0,256,1,512
2304,2304,1024,0,513,135,134,0,84,181,127,8,0,0,135,1,512
2305,2304,2048,1,1025,287,286,0,169,256,127,129,0,0,256,1,512
2305,2304,1024,1,513,133,132,0,83,182,126,7,0,0,133,1,512
2432,2432,1024,0,513,141,140,0,79,183,132,9,0,0,141,1,512
2433,2432,1024,1,513,140,139,0,79,183,131,9,0,0,140,1,512
2560,2560,2048,0,1025,283,282,0,188,256,107,149,0,0,256,1,512
2560,2560,1024,0,513,132,131,0,78,182,123,9,0,0,132,1,512
2560,2560,4096,0,37,4,4,0,2,3,3,1,0,0,4,1,512
2561,2560,2048,1,1025,281,280,0,189,256,113,143,0,0,256,1,512
2561,2560,1024,1,513,135,134,0,82,182,126,9,0,0,135,1,512
2561,2560,4096,1,37,3,3,0,2,3,3,0,0,0,3,0,0
2688,2688,1024,0,513,138,138,0,83,185,130,8,0,0,138,1,512
2689,2688,1024,1,513,138,138,0,86,184,130,8,0,0,138,1,512
2816,2816,2048,0,1025,283,282,0,182,256,104,152,0,0,256,1,512
2816,2816,1024,0,513,139,139,0,89,183,130,9,0,0,139,1,512
2817,2816,2048,1,1025,281,280,0,180,256,101,155,0,0,256,1,512
2817,2816,1024,1,513,140,140,0,88,182,130,10,0,0,140,1,512
2944,2944,1024,0,513,137,137,0,89,186,132,5,0,0,137,1,512
2945,2944,1024,1,513,137,137,0,90,186,132,5,0,0,137,1,512
3072,3072,2048,0,1025,286,285,0,172,256,121,135,0,0,256,1,512
3072,3072,1024,0,513,136,135,0,83,178,126,10,0,0,136,1,512
3072,3072,4096,0,37,4,4,0,3,4,4,0,0,0,4,0,0
3073,3072,2048,1,1025,285,284,0,172,256,132,124,0,0,256,1,512
3073,3072,1024,1,513,137,136,0,82,179,127,10,0,0,137,1,512
3073,3072,4096,1,37,4,4,0,3,3,3,1,0,0,4,1,512
3200,3200,1024,0,513,131,131,0,82,184,124,7,0,0,131,1,512
3201,3200,1024,1,513,130,130,0,84,185,124,6,0,0,130,1,512
3328,3328,2048,0,1025,283,283,0,185,256,83,173,0,0,256,1,512
3328,3328,1024,0,513,137,137,0,80,181,129,8,0,0,137,1,512
3329,3328,2048,1,1025,282,282,0,184,256,101,155,0,0,256,1,512
3329,3328,1024,1,513,137,137,0,81,181,129,8,0,0,137,1,512
3456,3456,1024,0,513,139,139,0,87,183,131,8,0,0,139,1,512
3457,3456,1024,1,513,139,139,0,86,182,131,8,0,0,139,1,512
3584,3584,2048,0,1025,274,274,0,185,256,81,175,0,0,256,1,512
3584,3584,1024,0,513,138,138,0,88,184,126,12,0,0,138,1,512
3584,3584,4096,0,37,7,6,0,4,4,4,3,0,0,7,1,512
3585,3584,2048,1,1025,273,273,0,186,256,85,171,0,0,256,1,512
3585,3584,1024,1,513,138,138,0,90,183,125,13,0,0,138,1,512
3585,3584,4096,1,37,5,4,0,3,4,3,2,0,0,5,1,512
3712,3712,1024,0,513,146,145,0,93,181,133,13,0,0,146,1,512
3713,3712,1024,1,513,145,144,0,93,181,132,13,0,0,145,1,512
3840,3840,2048,0,1025,277,277,0,159,256,110,146,0,0,256,1,512
3840,3840,1024,0,513,138,137,0,85,185,131,7,0,0,138,1,512
3841,3840,2048,1,1025,276,276,0,159,256,123,133,0,0,256,1,512
3841,3840,1024,1,513,139,138,0,85,185,132,7,0,0,139,1,512
3968,3968,1024,0,513,139,139,0,91,186,132,7,0,0,139,1,512
3969,3968,1024,1,513,140,140,0,91,186,132,8,0,0,140,1,512
4096,4096,2048,0,1025,292,292,0,181,256,137,119,0,0,256,1,512
4096,4096,1024,0,513,142,142,0,87,183,136,6,0,0,142,1,512
4096,4096,4096,0,37,9,9,0,6,7,6,3,0,0,9,1,512
4097,4096,2048,1,1025,292,292,0,180,256,140,116,0,0,256,1,512
4097,4096,1024,1,513,143,143,0,86,185,136,7,0,0,143,1,512
4097,4096,4096,1,37,9,9,0,4,6,5,4,0,0,9,1,512
4224,4224,1024,0,513,141,141,0,94,186,135,6,0,0,141,1,512
4225,4224,1024,1,513,141,141,0,96,188,136,5,0,0,141,1,512
4352,4352,2048,0,1025,286,286,0,180,256,87,169,0,0,256,1,512
4352,4352,1024,0,513,145,145,0,89,187,141,4,0,0,145,1,512
4353,4352,2048,1,1025,285,285,0,182,256,89,167,0,0,256,1,512
4353,4352,1024,1,513,144,144,0,90,188,140,4,0,0,144,1,512
4480,4480,1024,0,513,141,140,0,96,183,131,10,0,0,141,1,512
4481,4480,1024,1,513,141,140,0,94,184,132,9,0,0,141,1,512
4608,4608,2048,0,1025,270,270,0,169,256,122,134,0,0,256,1,512
4608,4608,1024,0,513,156,155,0,96,188,147,9,0,0,156,1,512
4608,4608,4096,0,37,9,8,0,5,10,8,1,0,0,9,1,512
4609,4608,2048,1,1025,271,271,0,168,256,89,167,0,0,256,1,512
4609,4608,1024,1,513,156,155,0,97,187,146,10,0,0,156,1,512
4609,4608,4096,1,37,6,6,0,5,10,6,0,0,0,6,0,0
4736,4736,1024,0,513,151,150,0,108,189,146,5,0,0,151,1,512
4737,4736,1024,1,513,149,148,0,103,189,145,4,0,0,149,1,512
4864,4864,2048,0,1025,267,267,0,163,256,173,83,0,0,256,1,512
4864,4864,1024,0,513,139,138,0,88,186,131,8,0,0,139,1,512
4865,4864,2048,1,1025,267,267,0,167,256,178,78,0,0,256,1,512
4865,4864,1024,1,513,136,135,0,83,185,128,8,0,0,136,1,512
4992,4992,1024,0,513,140,139,0,87,190,133,7,0,0,140,1,512
4993,4992,1024,1,513,139,138,0,85,189,133,6,0,0,139,1,512
5120,5120,2048,0,1025,281,280,0,164,256,95,161,0,0,256,1,512
5120,5120,1024,0,513,142,141,0,94,190,134,8,0,0,142,1,512
5120,5120,4096,0,37,8,7,0,6,11,8,0,0,0,8,0,0
5121,5120,2048,1,1025,280,279,0,166,256,102,154,0,0,256,1,512
5121,5120,1024,1,513,143,142,0,94,188,135,8,0,0,143,1,512
5121,5120,4096,1,37,9,8,0,2,10,7,2,0,0,9,1,512
5248,5248,1024,0,513,139,138,0,91,189,133,6,0,0,139,1,512
5249,5248,1024,1,513,141,140,0,88,187,135,6,0,0,141,1,512
5376,5376,2048,0,1025,276,275,0,172,256,215,41,0,0,256,1,512
5376,5376,1024,0,513,149,148,0,91,186,138,11,0,0,149,1,512
5377,5376,2048,1,1025,276,275,0,169,256,213,43,0,0,256,1,512
5377,5376,1024,1,513,150,149,0,93,184,138,12,0,0,150,1,512
5504,5504,1024,0,513,140,139,0,90,186,134,6,0,0,140,1,512
5505,5504,1024,1,513,141,140,0,95,187,136,5,0,0,141,1,512
5632,5632,2048,0,1025,281,280,0,178,256,119,137,0,0,256,1,512
5632,5632,1024,0,513,141,140,0,84,185,135,6,0,0,141,1,512
5632,5632,4096,0,37,8,8,0,6,11,8,0,0,0,8,0,0
5633,5632,2048,1,1025,279,278,0,177,256,126,130,0,0,256,1,512
5633,5632,1024,1,513,142,141,0,81,186,136,6,0,0,142,1,512
5633,5632,4096,1,37,10,9,0,7,11,9,1,0,0,10,1,512
5760,5760,1024,0,513,140,139,0,81,183,132,8,0,0,140,1,512
5761,5760,1024,1,513,140,139,0,83,184,132,8,0,0,140,1,512
5888,5888,2048,0,1025,286,285,0,177,256,177,79,0,0,256,1,512
5888,5888,1024,0,513,138,137,0,79,189,132,6,0,0,138,1,512
5889,5888,2048,1,1025,284,283,0,176,256,167,89,0,0,256,1,512
5889,5888,1024,1,513,139,138,0,81,190,134,5,0,0,139,1,512
6016,6016,1024,0,513,133,133,0,86,182,130,3,0,0,133,1,512
6017,6016,1024,1,513,133,133,0,88,183,130,3,0,0,133,1,512
6144,6144,2048,0,1025,293,292,0,189,256,194,62,0,0,256,1,512
6144,6144,1024,0,513,141,141,0,84,180,133,8,0,0,141,1,512
6144,6144,4096,0,37,10,10,0,6,11,9,1,0,0,10,1,512
6145,6144,2048,1,1025,289,288,0,189,256,217,39,0,0,256,1,512
6145,6144,1024,1,513,139,139,0,84,182,132,7,0,0,139,1,512
6145,6144,4096,1,37,7,7,0,4,12,7,0,0,0,7,0,0
6272,6272,1024,0,513,140,140,0,90,180,133,7,0,0,140,1,512
6273,6272,1024,1,513,140,140,0,89,180,134,6,0,0,140,1,512
6400,6400,2048,0,1025,272,271,0,189,256,129,127,0,0,256,1,512
6400,6400,1024,0,513,147,147,0,93,181,139,8,0,0,147,1,512
6401,6400,2048,1,1025,271,270,0,186,256,94,162,0,0,256,1,512
6401,6400,1024,1,513,147,147,0,93,180,138,9,0,0,147,1,512
6528,6528,1024,0,513,143,143,0,93,182,137,6,0,0,143,1,512
6529,6528,1024,1,513,144,144,0,94,181,138,6,0,0,144,1,512
6656,6656,2048,0,1025,285,285,0,169,256,119,137,0,0,256,1,512
6656,6656,1024,0,513,148,148,0,84,180,135,13,0,0,148,1,512
6656,6656,4096,0,37,9,9,0,6,12,9,0,0,0,9,0,0
6657,6656,2048,1,1025,284,284,0,170,256,97,159,0,0,256,1,512
6657,6656,1024,1,513,148,148,0,87,181,136,12,0,0,148,1,512
6657,6656,4096,1,37,8,8,0,6,11,8,0,0,0,8,0,0
6784,6784,1024,0,513,150,150,0,101,185,144,6,0,0,150,1,512
6785,6784,1024,1,513,150,150,0,101,185,144,6,0,0,150,1,512
6912,6912,2048,0,1025,283,282,0,182,256,207,49,0,0,256,1,512
6912,6912,1024,0,513,145,145,0,82,188,139,6,0,0,145,1,512
6913,6912,2048,1,1025,283,282,0,183,256,181,75,0,0,256,1,512
6913,6912,1024,1,513,144,144,0,82,188,139,5,0,0,144,1,512
7040,7040,1024,0,513,142,142,0,96,189,136,6,0,0,142,1,512
7041,7040,1024,1,513,139,139,0,94,188,134,5,0,0,139,1,512
7168,7168,2048,0,1025,288,287,0,179,256,220,36,0,0,256,1,512
7168,7168,1024,0,513,140,140,0,90,187,133,7,0,0,140,1,512
7168,7168,4096,0,37,9,8,0,7,12,9,0,0,0,9,0,0
7169,7168,2048,1,1025,289,288,0,181,256,220,36,0,0,256,1,512
7169,7168,1024,1,513,140,140,0,89,186,133,7,0,0,140,1,512
7169,7168,4096,1,37,7,6,0,4,11,7,0,0,0,7,0,0
7296,7296,1024,0,513,136,136,0,87,188,132,4,0,0,136,1,512
7297,7296,1024,1,513,138,138,0,90,187,133,5,0,0,138,1,512
7424,7424,2048,0,1025,283,283,0,173,256,169,87,0,0,256,1,512
7424,7424,1024,0,513,137,137,0,84,180,129,8,0,0,137,1,512
7425,7424,2048,1,1025,282,282,0,174,256,176,80,0,0,256,1,512
7425,7424,1024,1,513,137,137,0,83,179,130,7,0,0,137,1,512
7552,7552,1024,0,513,138,137,0,77,182,127,11,0,0,138,1,512
7553,7552,1024,1,513,140,139,0,78,180,129,11,0,0,140,1,512
7680,7680,2048,0,1025,280,279,0,171,256,214,42,0,0,256,1,512
7680,7680,1024,0,513,147,146,0,87,186,140,7,0,0,147,1,512
7680,7680,4096,0,37,11,10,0,6,12,11,0,0,0,11,0,0
7681,7680,2048,1,1025,279,278,0,171,256,201,55,0,0,256,1,512
7681,7680,1024,1,513,146,145,0,88,186,139,7,0,0,146,1,512
7681,7680,4096,1,37,7,6,0,4,11,7,0,0,0,7,0,0
7808,7808,1024,0,513,144,144,0,95,183,137,7,0,0,144,1,512
7809,7808,1024,1,513,145,145,0,94,184,139,6,0,0,145,1,512
7936,7936,2048,0,1025,283,282,0,178,256,175,81,0,0,256,1,512
7936,7936,1024,0,513,136,136,0,80,186,126,10,0,0,136,1,512
7937,7936,2048,1,1025,281,280,0,178,256,170,86,0,0,256,1,512
7937,7936,1024,1,513,132,132,0,81,186,124,8,0,0,132,1,512
8064,8064,1024,0,513,146,146,0,87,189,133,13,0,0,146,1,512
8065,8064,1024,1,513,146,146,0,86,186,132,14,0,0,146,1,512
8192,8192,2048,0,1025,282,282,0,179,256,211,45,0,0,256,1,512
8192,8192,1024,0,513,132,132,0,88,196,129,3,0,0,132,1,512
8192,8192,4096,0,37,10,10,0,6,12,9,1,0,0,10,1,512
8193,8192,2048,1,1025,281,281,0,175,256,209,47,0,0,256,1,512
8193,8192,1024,1,513,132,132,0,88,194,130,2,0,0,132,1,512
8193,8192,4096,1,37,9,8,0,5,10,8,1,0,0,9,1,512
8320,8320,1024,0,513,131,131,0,75,189,125,6,0,0,131,1,512
8321,8320,1024,1,513,129,129,0,76,186,124,5,0,0,129,1,512
8448,8448,2048,0,1025,274,273,0,175,256,183,73,0,0,256,1,512
8448,8448,1024,0,513,134,134,0,85,181,127,7,0,0,134,1,512
8449,8448,2048,1,1025,274,273,0,177,256,182,74,0,0,256,1,512
8449,8448,1024,1,513,133,133,0,85,176,125,8,0,0,133,1,512
8576,8576,1024,0,513,138,138,0,81,183,135,3,0,0,138,1,512
8577,8576,1024,1,513,138,138,0,83,180,135,3,0,0,138,1,512
8704,8704,2048,0,1025,277,276,0,169,256,158,98,0,0,256,1,512
8704,8704,1024,0,513,138,138,0,86,177,132,6,0,0,138,1,512
8704,8704,4096,0,37,9,8,0,8,13,9,0,0,0,9,0,0
8705,8704,2048,1,1025,275,274,0,170,256,177,79,0,0,256,1,512
8705,8704,1024,1,513,138,138,0,84,175,132,6,0,0,138,1,512
8705,8704,4096,1,37,7,6,0,6,11,7,0,0,0,7,0,0
8832,8832,1024,0,513,129,129,0,82,175,127,2,0,0,129,1,512
8833,8832,1024,1,513,130,130,0,80,174,128,2,0,0,130,1,512
8960,8960,2048,0,1025,278,277,0,160,256,132,124,0,0,256,1,512
8960,8960,1024,0,513,130,130,0,84,172,124,6,0,0,130,1,512
8961,8960,2048,1,1025,276,275,0,158,256,96,160,0,0,256,1,512
8961,8960,1024,1,513,133,133,0,84,172,127,6,0,0,133,1,512
9088,9088,1024,0,513,138,138,0,82,175,129,9,0,0,138,1,512
9089,9088,1024,1,513,138,138,0,86,175,130,8,0,0,138,1,512
9216,9216,2048,0,1025,277,276,0,169,256,191,65,0,0,256,1,512
9216,9216,1024,0,513,132,132,0,89,176,126,6,0,0,132,1,512
9216,9216,4096,0,37,10,9,0,6,13,8,2,0,0,10,1,512
9217,9216,2048,1,1025,279,278,0,169,256,165,91,0,0,256,1,512
9217,9216,1024,1,513,129,129,0,87,176,123,6,0,0,129,1,512
9217,9216,4096,1,37,7,6,0,3,10,7,0,0,0,7,0,0
9344,9344,1024,0,513,138,138,0,82,172,128,10,0,0,138,1,512
9345,9344,1024,1,513,138,138,0,82,171,127,11,0,0,138,1,512
9472,9472,2048,0,1025,279,278,0,189,256,153,103,0,0,256,1,512
9472,9472,1024,0,513,142,142,0,93,177,135,7,0,0,142,1,512
9473,9472,2048,1,1025,278,277,0,189,256,138,118,0,0,256,1,512
9473,9472,1024,1,513,142,142,0,94,178,135,7,0,0,142,1,512
9600,9600,1024,0,513,145,145,0,96,180,140,5,0,0,145,1,512
9601,9600,1024,1,513,146,146,0,98,179,141,5,0,0,146,1,512
9728,9728,2048,0,1025,273,273,0,178,256,110,146,0,0,256,1,512
9728,9728,1024,0,513,141,141,0,104,179,135,6,0,0,141,1,512
9728,9728,4096,0,37,9,9,0,6,15,9,0,0,0,9,0,0
9729,9728,2048,1,1025,271,271,0,178,256,136,120,0,0,256,1,512
9729,9728,1024,1,513,141,141,0,107,179,135,6,0,0,141,1,512
9729,9728,4096,1,37,7,6,0,2,9,7,0,0,0,7,0,0
9856,9856,1024,0,513,142,142,0,92,179,139,3,0,0,142,1,512
9857,9856,1024,1,513,143,143,0,91,179,140,3,0,0,143,1,512
9984,9984,2048,0,1025,287,286,0,173,256,213,43,0,0,256,1,512
9984,9984,1024,0,513,143,143,0,84,177,133,10,0,0,143,1,512
9985,9984,2048,1,1025,287,286,0,173,256,213,43,0,0,256,1,512
9985,9984,1024,1,513,142,142,0,81,177,132,10,0,0,142,1,512
10112,10112,1024,0,513,141,140,0,82,181,132,9,0,0,141,1,512
10113,10112,1024,1,513,139,138,0,83,181,130,9,0,0,139,1,512
10240,10240,2048,0,1025,282,281,0,179,256,163,93,0,0,256,1,512
10240,10240,1024,0,513,142,141,0,95,187,136,6,0,0,142,1,512
10240,10240,4096,0,37,10,9,0,7,14,10,0,0,0,10,0,0
10241,10240,2048,1,1025,281,280,0,181,256,135,121,0,0,256,1,512
10241,10240,1024,1,513,139,138,0,93,187,133,6,0,0,139,1,512
10241,10240,4096,1,37,8,8,0,4,9,7,1,0,0,8,1,512
10368,10368,1024,0,513,140,139,0,87,190,131,9,0,0,140,1,512
10369,10368,1024,1,513,140,139,0,84,190,131,9,0,0,140,1,512
10496,10496,2048,0,1025,279,278,0,174,256,84,172,0,0,256,1,512
10496,10496,1024,0,513,140,139,0,89,188,132,8,0,0,140,1,512
10497,10496,2048,1,1025,276,275,0,174,256,124,132,0,0,256,1,512
10497,10496,1024,1,513,139,138,0,89,187,131,8,0,0,139,1,512
10624,10624,1024,0,513,146,145,0,77,185,137,9,0,0,146,1,512
10625,10624,1024,1,513,145,144,0,78,183,137,8,0,0,145,1,512
10752,10752,2048,0,1025,278,277,0,168,256,166,90,0,0,256,1,512
10752,10752,1024,0,513,142,141,0,88,187,137,5,0,0,142,1,512
10752,10752,4096,0,37,9,8,0,5,14,9,0,0,0,9,0,0
10753,10752,2048,1,1025,279,278,0,168,256,126,130,0,0,256,1,512
10753,10752,1024,1,513,143,142,0,87,184,137,6,0,0,143,1,512
10753,10752,4096,1,37,7,7,0,6,9,7,0,0,0,7,0,0
10880,10880,1024,0,513,140,139,0,85,188,130,10,0,0,140,1,512
10881,10880,1024,1,513,141,140,0,86,185,129,12,0,0,141,1,512
11008,11008,2048,0,1025,276,275,0,174,256,209,47,0,0,256,1,512
11008,11008,1024,0,513,146,145,0,81,192,139,7,0,0,146,1,512
11009,11008,2048,1,1025,276,275,0,175,256,216,40,0,0,256,1,512
11009,11008,1024,1,513,147,146,0,83,191,140,7,0,0,147,1,512
11136,11136,1024,0,513,141,141,0,96,193,137,4,0,0,141,1,512
11137,11136,1024,1,513,142,142,0,95,194,138,4,0,0,142,1,512
11264,11264,2048,0,1025,286,285,0,181,256,197,59,0,0,256,1,512
11264,11264,1024,0,513,142,141,0,86,192,137,5,0,0,142,1,512
11264,11264,4096,0,37,10,10,0,5,14,9,1,0,0,10,1,512
11265,11264,2048,1,1025,285,284,0,183,256,208,48,0,0,256,1,512
11265,11264,1024,1,513,143,142,0,87,193,137,6,0,0,143,1,512
11265,11264,4096,1,37,8,8,0,5,9,7,1,0,0,8,1,512
11392,11392,1024,0,513,141,141,0,91,190,134,7,0,0,141,1,512
11393,11392,1024,1,513,140,140,0,92,191,133,7,0,0,140,1,512
11520,11520,2048,0,1025,293,292,0,188,256,212,44,0,0,256,1,512
11520,11520,1024,0,513,141,141,0,86,191,135,6,0,0,141,1,512
11521,11520,2048,1,1025,294,293,0,188,256,192,64,0,0,256,1,512
11521,11520,1024,1,513,139,139,0,86,192,133,6,0,0,139,1,512
11648,11648,1024,0,513,144,144,0,92,190,137,7,0,0,144,1,512
11649,11648,1024,1,513,143,143,0,90,191,136,7,0,0,143,1,512
11776,11776,2048,0,1025,294,294,0,194,256,205,51,0,0,256,1,512
11776,11776,1024,0,513,141,141,0,90,190,136,5,0,0,141,1,512
11776,11776,4096,0,37,9,9,0,6,13,9,0,0,0,9,0,0
11777,11776,2048,1,1025,293,293,0,194,256,216,40,0,0,256,1,512
11777,11776,1024,1,513,140,140,0,88,191,135,5,0,0,140,1,512
11777,11776,4096,1,37,8,8,0,4,10,8,0,0,0,8,0,0
11904,11904,1024,0,513,140,140,0,90,186,133,7,0,0,140,1,512
11905,11904,1024,1,513,143,143,0,93,186,137,6,0,0,143,1,512
12032,12032,2048,0,1025,283,283,0,174,256,219,37,0,0,256,1,512
12032,12032,1024,0,513,145,145,0,83,184,136,9,0,0,145,1,512
12033,12032,2048,1,1025,282,282,0,173,256,217,39,0,0,256,1,512
12033,12032,1024,1,513,146,146,0,84,182,136,10,0,0,146,1,512
12160,12160,1024,0,513,141,140,0,93,187,134,7,0,0,141,1,512
12161,12160,1024,1,513,142,141,0,93,186,134,8,0,0,142,1,512
12288,12288,2048,0,1025,269,269,0,181,256,216,40,0,0,256,1,512
12288,12288,1024,0,513,136,136,0,87,187,133,3,0,0,136,1,512
12288,12288,4096,0,37,8,8,0,8,13,8,0,0,0,8,0,0
12289,12288,2048,1,1025,270,270,0,181,256,207,49,0,0,256,1,512
12289,12288,1024,1,513,137,137,0,88,188,134,3,0,0,137,1,512
12289,12288,4096,1,37,6,6,0,4,10,6,0,0,0,6,0,0
12416,12416,1024,0,513,132,132,0,87,180,126,6,0,0,132,1,512
12417,12416,1024,1,513,134,134,0,90,182,128,6,0,0,134,1,512
12544,12544,2048,0,1025,279,279,0,163,256,187,69,0,0,256,1,512
12544,12544,1024,0,513,131,131,0,88,181,124,7,0,0,131,1,512
12545,12544,2048,1,1025,279,279,0,164,256,186,70,0,0,256,1,512
12545,12544,1024,1,513,131,131,0,90,182,125,6,0,0,131,1,512
12672,12672,1024,0,513,137,137,0,84,178,128,9,0,0,137,1,512
12673,12672,1024,1,513,137,137,0,84,179,129,8,0,0,137,1,512
12800,12800,2048,0,1025,283,283,0,182,256,192,64,0,0,256,1,512
12800,12800,1024,0,513,133,133,0,97,179,127,6,0,0,133,1,512
12800,12800,4096,0,37,9,9,0,5,11,8,1,0,0,9,1,512
12801,12800,2048,1,1025,284,284,0,183,256,185,71,0,0,256,1,512
12801,12800,1024,1,513,133,133,0,97,180,128,5,0,0,133,1,512
12801,12800,4096,1,37,7,7,0,5,10,7,0,0,0,7,0,0
12928,12928,1024,0,513,143,143,0,80,178,128,15,0,0,143,1,512
12929,12928,1024,1,513,143,143,0,81,177,128,15,0,0,143,1,512
13056,13056,2048,0,1025,276,276,0,180,256,53,203,0,0,256,1,512
13056,13056,1024,0,513,141,141,0,81,184,133,8,0,0,141,1,512
13057,13056,2048,1,1025,275,275,0,183,256,52,204,0,0,256,1,512
13057,13056,1024,1,513,144,144,0,84,183,137,7,0,0,144,1,512
13184,13184,1024,0,513,142,142,0,95,188,132,10,0,0,142,1,512
13185,13184,1024,1,513,143,143,0,96,186,133,10,0,0,143,1,512
13312,13312,2048,0,1025,274,273,0,180,256,174,82,0,0,256,1,512
13312,13312,1024,0,513,143,143,0,92,192,135,8,0,0,143,1,512
13312,13312,4096,0,37,8,8,0,7,11,8,0,0,0,8,0,0
13313,13312,2048,1,1025,271,270,0,180,256,180,76,0,0,256,1,512
13313,13312,1024,1,513,142,142,0,93,191,135,7,0,0,142,1,512
13313,13312,4096,1,37,7,7,0,5,9,7,0,0,0,7,0,0
13440,13440,1024,0,513,141,140,0,98,189,135,6,0,0,141,1,512
13441,13440,1024,1,513,140,139,0,98,188,134,6,0,0,140,1,512
13568,13568,2048,0,1025,291,290,0,158,256,220,36,0,0,256,1,512
13568,13568,1024,0,513,137,136,0,94,189,136,1,0,0,137,1,512
13569,13568,2048,1,1025,289,288,0,158,256,222,34,0,0,256,1,512
13569,13568,1024,1,513,136,135,0,93,189,134,2,0,0,136,1,512
13696,13696,1024,0,513,141,140,0,88,178,131,10,0,0,141,1,512
13697,13696,1024,1,513,140,139,0,91,179,133,7,0,0,140,1,512
13824,13824,2048,0,1025,287,286,0,190,256,186,70,0,0,256,1,512
13824,13824,1024,0,513,145,144,0,103,181,135,10,0,0,145,1,512
13824,13824,4096,0,37,11,10,0,6,11,9,2,0,0,11,1,512
13825,13824,2048,1,1025,286,285,0,191,256,186,70,0,0,256,1,512
13825,13824,1024,1,513,146,145,0,103,177,134,12,0,0,146,1,512
13825,13824,4096,1,37,8,7,0,3,9,7,1,0,0,8,1,512
13952,13952,1024,0,513,135,135,0,84,183,132,3,0,0,135,1,512
13953,13952,1024,1,513,134,134,0,85,182,131,3,0,0,134,1,512
14080,14080,2048,0,1025,276,275,0,179,256,183,73,0,0,256,1,512
14080,14080,1024,0,513,134,134,0,76,179,127,7,0,0,134,1,512
14081,14080,2048,1,1025,276,275,0,180,256,179,77,0,0,256,1,512
14081,14080,1024,1,513,133,133,0,76,178,126,7,0,0,133,1,512
14208,14208,1024,0,513,143,143,0,97,181,135,8,0,0,143,1,512
14209,14208,1024,1,513,142,142,0,98,180,135,7,0,0,142,1,512
14336,14336,2048,0,1025,283,283,0,161,256,76,180,0,0,256,1,512
14336,14336,1024,0,513,137,137,0,78,183,133,4,0,0,137,1,512
14336,14336,4096,0,37,10,10,0,7,13,8,2,0,0,10,1,512
14337,14336,2048,1,1025,279,279,0,161,256,130,126,0,0,256,1,512
14337,14336,1024,1,513,138,138,0,81,181,133,5,0,0,138,1,512
14337,14336,4096,1,37,7,6,0,4,10,6,1,0,0,7,1,512
14464,14464,1024,0,513,140,140,0,88,177,128,12,0,0,140,1,512
14465,14464,1024,1,513,139,139,0,89,177,129,10,0,0,139,1,512
14592,14592,2048,0,1025,276,276,0,182,256,177,79,0,0,256,1,512
14592,14592,1024,0,513,150,149,0,97,179,140,10,0,0,150,1,512
14593,14592,2048,1,1025,275,275,0,180,256,117,139,0,0,256,1,512
14593,14592,1024,1,513,149,148,0,94,177,139,10,0,0,149,1,512
14720,14720,1024,0,513,145,144,0,91,186,137,8,0,0,145,1,512
14721,14720,1024,1,513,145,144,0,92,184,137,8,0,0,145,1,512
14848,14848,2048,0,1025,276,276,0,166,256,204,52,0,0,256,1,512
14848,14848,1024,0,513,146,146,0,89,188,140,6,0,0,146,1,512
14848,14848,4096,0,37,12,12,0,8,15,12,0,0,0,12,0,0
14849,14848,2048,1,1025,275,275,0,167,256,205,51,0,0,256,1,512
14849,14848,1024,1,513,145,145,0,92,186,140,5,0,0,145,1,512
14849,14848,4096,1,37,8,8,0,5,11,8,0,0,0,8,0,0
14976,14976,1024,0,513,144,143,0,90,187,138,6,0,0,144,1,512
14977,14976,1024,1,513,143,142,0,89,186,137,6,0,0,143,1,512
15104,15104,2048,0,1025,278,277,0,177,256,198,58,0,0,256,1,512
15104,15104,1024,0,513,139,138,0,91,191,133,6,0,0,139,1,512
15105,15104,2048,1,1025,279,278,0,178,256,197,59,0,0,256,1,512
15105,15104,1024,1,513,140,139,0,91,190,134,6,0,0,140,1,512
15232,15232,1024,0,513,141,140,0,86,190,137,4,0,0,141,1,512
15233,15232,1024,1,513,139,138,0,88,190,137,2,0,0,139,1,512
15360,15360,2048,0,1025,279,278,0,172,256,186,70,0,0,256,1,512
15360,15360,1024,0,513,145,144,0,95,183,138,7,0,0,145,1,512
15360,15360,4096,0,37,8,8,0,7,15,8,0,0,0,8,0,0
15361,15360,2048,1,1025,278,277,0,174,256,185,71,0,0,256,1,512
15361,15360,1024,1,513,145,144,0,93,182,138,7,0,0,145,1,512
15361,15360,4096,1,37,9,8,0,5,10,9,0,0,0,9,0,0
15488,15488,1024,0,513,141,141,0,101,182,137,4,0,0,141,1,512
15489,15488,1024,1,513,141,141,0,102,182,138,3,0,0,141,1,512
15616,15616,2048,0,1025,282,281,0,172,256,205,51,0,0,256,1,512
15616,15616,1024,0,513,143,142,0,86,177,136,7,0,0,143,1,512
15617,15616,2048,1,1025,281,280,0,170,256,208,48,0,0,256,1,512
15617,15616,1024,1,513,144,143,0,84,176,136,8,0,0,144,1,512
15744,15744,1024,0,513,139,139,0,79,179,130,9,0,0,139,1,512
15745,15744,1024,1,513,138,138,0,81,179,129,9,0,0,138,1,512
15872,15872,2048,0,1025,293,292,0,182,256,184,72,0,0,256,1,512
15872,15872,1024,0,513,126,126,0,77,184,123,3,0,0,126,1,512
15872,15872,4096,0,37,9,8,0,4,15,9,0,0,0,9,0,0
15873,15872,2048,1,1025,294,293,0,183,256,169,87,0,0,256,1,512
15873,15872,1024,1,513,127,127,0,74,184,124,3,0,0,127,1,512
15873,15872,4096,1,37,6,5,0,5,10,6,0,0,0,6,0,0
16000,16000,1024,0,513,143,143,0,76,181,134,9,0,0,143,1,512
16001,16000,1024,1,513,143,143,0,79,182,136,7,0,0,143,1,512
16128,16128,2048,0,1025,280,280,0,199,256,157,99,0,0,256,1,512
16128,16128,1024,0,513,147,147,0,98,184,135,12,0,0,147,1,512
16129,16128,2048,1,1025,281,281,0,200,256,119,137,0,0,256,1,512
16129,16128,1024,1,513,146,146,0,102,183,134,12,0,0,146,1,512
16256,16256,1024,0,513,136,135,0,86,191,128,8,0,0,136,1,512
16257,16256,1024,1,513,137,136,0,86,190,128,9,0,0,137,1,512
16384,16384,2048,0,1025,295,295,0,176,256,152,104,0,0,256,1,512
16384,16384,1024,0,513,142,141,0,81,188,131,11,0,0,142,1,512
16384,16384,4096,0,37,9,8,0,8,13,9,0,0,0,9,0,0
16385,16384,2048,1,1025,293,293,0,175,256,185,71,0,0,256,1,512
16385,16384,1024,1,513,141,140,0,83,187,131,10,0,0,141,1,512
16385,16384,4096,1,37,6,5,0,4,9,6,0,0,0,6,0,0
16512,16512,1024,0,513,145,144,0,88,194,138,7,0,0,145,1,512
16513,16512,1024,1,513,144,143,0,86,193,136,8,0,0,144,1,512
16640,16640,2048,0,1025,288,288,0,189,256,194,62,0,0,256,1,512
16640,16640,1024,0,513,138,137,0,74,197,132,6,0,0,138,1,512
16641,16640,2048,1,1025,287,287,0,190,256,184,72,0,0,256,1,512
16641,16640,1024,1,513,140,139,0,74,197,134,6,0,0,140,1,512
16768,16768,1024,0,513,142,141,0,78,188,134,8,0,0,142,1,512
16769,16768,1024,1,513,140,139,0,82,189,133,7,0,0,140,1,512
16896,16896,2048,0,1025,295,295,0,178,256,154,102,0,0,256,1,512
16896,16896,1024,0,513,140,140,0,90,188,132,8,0,0,140,1,512
16896,16896,4096,0,37,9,8,0,5,13,8,1,0,0,9,1,512
16897,16896,2048,1,1025,293,293,0,176,256,191,65,0,0,256,1,512
16897,16896,1024,1,513,140,140,0,89,188,133,7,0,0,140,1,512
16897,16896,4096,1,37,8,7,0,4,9,7,1,0,0,8,1,512
17024,17024,1024,0,513,137,137,0,91,187,129,8,0,0,137,1,512
17025,17024,1024,1,513,137,137,0,91,186,130,7,0,0,137,1,512
17152,17152,2048,0,1025,285,285,0,187,256,177,79,0,0,256,1,512
17152,17152,1024,0,513,145,145,0,85,185,138,7,0,0,145,1,512
17153,17152,2048,1,1025,283,283,0,185,256,173,83,0,0,256,1,512
17153,17152,1024,1,513,144,144,0,88,182,137,7,0,0,144,1,512
17280,17280,1024,0,513,148,147,0,99,187,136,12,0,0,148,1,512
17281,17280,1024,1,513,145,144,0,95,184,132,13,0,0,145,1,512
17408,17408,2048,0,1025,280,280,0,179,256,216,40,0,0,256,1,512
17408,17408,1024,0,513,142,142,0,90,191,134,8,0,0,142,1,512
17408,17408,4096,0,37,11,10,0,7,11,9,2,0,0,11,1,512
17409,17408,2048,1,1025,279,279,0,177,256,212,44,0,0,256,1,512
17409,17408,1024,1,513,142,142,0,86,190,133,9,0,0,142,1,512
17409,17408,4096,1,37,9,8,0,5,10,9,0,0,0,9,0,0
17536,17536,1024,0,513,141,141,0,83,191,135,6,0,0,141,1,512
17537,17536,1024,1,513,142,142,0,83,191,136,6,0,0,142,1,512
17664,17664,2048,0,1025,281,281,0,162,256,205,51,0,0,256,1,512
17664,17664,1024,0,513,140,140,0,92,189,132,8,0,0,140,1,512
17665,17664,2048,1,1025,281,281,0,164,256,215,41,0,0,256,1,512
17665,17664,1024,1,513,140,140,0,95,190,132,8,0,0,140,1,512
17792,17792,1024,0,513,144,144,0,87,190,133,11,0,0,144,1,512
17793,17792,1024,1,513,145,145,0,88,191,134,11,0,0,145,1,512
17920,17920,2048,0,1025,275,275,0,174,256,190,66,0,0,256,1,512
17920,17920,1024,0,513,141,141,0,84,191,132,9,0,0,141,1,512
17920,17920,4096,0,37,10,9,0,6,13,10,0,0,0,10,0,0
17921,17920,2048,1,1025,274,274,0,171,256,187,69,0,0,256,1,512
17921,17920,1024,1,513,143,143,0,85,193,134,9,0,0,143,1,512
17921,17920,4096,1,37,7,7,0,4,10,7,0,0,0,7,0,0
18048,18048,1024,0,513,144,143,0,88,194,135,9,0,0,144,1,512
18049,18048,1024,1,513,145,144,0,90,196,138,7,0,0,145,1,512
18176,18176,2048,0,1025,286,285,0,161,256,113,143,0,0,256,1,512
18176,18176,1024,0,513,136,136,0,93,189,129,7,0,0,136,1,512
18177,18176,2048,1,1025,284,283,0,161,256,133,123,0,0,256,1,512
18177,18176,1024,1,513,137,137,0,93,189,130,7,0,0,137,1,512
18304,18304,1024,0,513,139,139,0,84,189,131,8,0,0,139,1,512
18305,18304,1024,1,513,138,138,0,84,190,131,7,0,0,138,1,512
18432,18432,2048,0,1025,287,286,0,191,256,177,79,0,0,256,1,512
18432,18432,1024,0,513,139,138,0,88,185,134,5,0,0,139,1,512
18432,18432,4096,0,37,9,9,0,5,13,8,1,0,0,9,1,512
18433,18432,2048,1,1025,286,285,0,192,256,149,107,0,0,256,1,512
18433,18432,1024,1,513,138,137,0,86,185,133,5,0,0,138,1,512
18433,18432,4096,1,37,6,6,0,6,10,6,0,0,0,6,0,0
18560,18560,1024,0,513,145,144,0,89,185,135,10,0,0,145,1,512
18561,18560,1024,1,513,145,144,0,89,186,136,9,0,0,145,1,512
18688,18688,2048,0,1025,280,279,0,185,256,217,39,0,0,256,1,512
18688,18688,1024,0,513,140,140,0,90,183,134,6,0,0,140,1,512
18689,18688,2048,1,1025,280,279,0,188,256,202,54,0,0,256,1,512
18689,18688,1024,1,513,139,139,0,89,183,133,6,0,0,139,1,512
18816,18816,1024,0,513,139,139,0,88,182,133,6,0,0,139,1,512
18817,18816,1024,1,513,141,141,0,89,182,136,5,0,0,141,1,512
18944,18944,2048,0,1025,292,291,0,184,256,193,63,0,0,256,1,512
18944,18944,1024,0,513,139,139,0,97,184,132,7,0,0,139,1,512
18944,18944,4096,0,37,9,8,0,6,14,9,0,0,0,9,0,0
18945,18944,2048,1,1025,291,290,0,184,256,203,53,0,0,256,1,512
18945,18944,1024,1,513,139,139,0,98,183,131,8,0,0,139,1,512
18945,18944,4096,1,37,6,6,0,3,10,6,0,0,0,6,0,0
19072,19072,1024,0,513,145,145,0,90,181,135,10,0,0,145,1,512
19073,19072,1024,1,513,146,146,0,90,180,136,10,0,0,146,1,512
19200,19200,2048,0,1025,275,274,0,177,256,203,53,0,0,256,1,512
19200,19200,1024,0,513,142,142,0,91,185,137,5,0,0,142,1,512
19201,19200,2048,1,1025,274,273,0,174,256,208,48,0,0,256,1,512
19201,19200,1024,1,513,144,144,0,94,185,139,5,0,0,144,1,512
19328,19328,1024,0,513,141,141,0,78,182,132,9,0,0,141,1,512
19329,19328,1024,1,513,141,141,0,77,183,133,8,0,0,141,1,512
19456,19456,2048,0,1025,287,286,0,164,256,167,89,0,0,256,1,512
19456,19456,1024,0,513,146,146,0,91,188,139,7,0,0,146,1,512
19456,19456,4096,0,37,12,11,0,5,13,12,0,0,0,12,0,0
19457,19456,2048,1,1025,287,286,0,167,256,162,94,0,0,256,1,512
19457,19456,1024,1,513,147,147,0,94,188,138,9,0,0,147,1,512
19457,19456,4096,1,37,8,8,0,4,10,7,1,0,0,8,1,512
19584,19584,1024,0,513,140,140,0,85,186,133,7,0,0,140,1,512
19585,19584,1024,1,513,141,141,0,86,188,135,6,0,0,141,1,512
19712,19712,2048,0,1025,272,272,0,174,256,198,58,0,0,256,1,512
19712,19712,1024,0,513,146,146,0,94,187,138,8,0,0,146,1,512
19713,19712,2048,1,1025,272,272,0,176,256,199,57,0,0,256,1,512
19713,19712,1024,1,513,146,146,0,97,188,138,8,0,0,146,1,512
19840,19840,1024,0,513,141,141,0,100,187,137,4,0,0,141,1,512
19841,19840,1024,1,513,141,141,0,99,188,137,4,0,0,141,1,512
19968,19968,2048,0,1025,268,268,0,175,256,212,44,0,0,256,1,512
19968,19968,1024,0,513,147,147,0,94,184,139,8,0,0,147,1,512
19968,19968,4096,0,37,9,9,0,5,13,9,0,0,0,9,0,0
19969,19968,2048,1,1025,268,268,0,177,256,213,43,0,0,256,1,512
19969,19968,1024,1,513,146,146,0,95,185,138,8,0,0,146,1,512
19969,19968,4096,1,37,8,7,0,6,9,7,1,0,0,8,1,512
20096,20096,1024,0,513,140,140,0,92,184,134,6,0,0,140,1,512
20097,20096,1024,1,513,140,140,0,91,185,134,6,0,0,140,1,512
20224,20224,2048,0,1025,284,284,0,178,256,180,76,0,0,256,1,512
20224,20224,1024,0,513,142,142,0,85,183,132,10,0,0,142,1,512
20225,20224,2048,1,1025,285,285,0,177,256,165,91,0,0,256,1,512
20225,20224,1024,1,513,141,141,0,85,183,132,9,0,0,141,1,512
20352,20352,1024,0,513,137,137,0,88,187,133,4,0,0,137,1,512
20353,20352,1024,1,513,138,138,0,89,186,134,4,0,0,138,1,512
20480,20480,2048,0,1025,285,285,0,191,256,204,52,0,0,256,1,512
20480,20480,1024,0,513,138,138,0,82,183,128,10,0,0,138,1,512
20480,20480,4096,0,37,10,10,0,6,13,9,1,0,0,10,1,512
20481,20480,2048,1,1025,283,283,0,192,256,218,38,0,0,256,1,512
20481,20480,1024,1,513,137,137,0,80,182,128,9,0,0,137,1,512
20481,20480,4096,1,37,8,7,0,4,10,7,1,0,0,8,1,512
20608,20608,1024,0,513,140,140,0,94,185,136,4,0,0,140,1,512
20609,20608,1024,1,513,140,140,0,94,184,136,4,0,0,140,1,512
20736,20736,2048,0,1025,288,288,0,174,256,189,67,0,0,256,1,512
20736,20736,1024,0,513,137,137,0,81,183,128,9,0,0,137,1,512
20737,20736,2048,1,1025,288,288,0,176,256,182,74,0,0,256,1,512
20737,20736,1024,1,513,137,137,0,82,182,129,8,0,0,137,1,512
20864,20864,1024,0,513,135,135,0,89,184,125,10,0,0,135,1,512
20865,20864,1024,1,513,135,135,0,89,184,126,9,0,0,135,1,512
20992,20992,2048,0,1025,285,285,0,177,256,182,74,0,0,256,1,512
20992,20992,1024,0,513,139,139,0,97,183,131,8,0,0,139,1,512
20992,20992,4096,0,37,11,10,0,7,14,11,0,0,0,11,0,0
20993,20992,2048,1,1025,285,285,0,180,256,184,72,0,0,256,1,512
20993,20992,1024,1,513,139,139,0,98,182,131,8,0,0,139,1,512
20993,20992,4096,1,37,8,7,0,5,11,8,0,0,0,8,0,0
21120,21120,1024,0,513,145,145,0,90,187,136,9,0,0,145,1,512
21121,21120,1024,1,513,145,145,0,89,186,136,9,0,0,145,1,512
21248,21248,2048,0,1025,275,275,0,182,256,154,102,0,0,256,1,512
21248,21248,1024,0,513,148,147,0,91,188,143,5,0,0,148,1,512
21249,21248,2048,1,1025,275,275,0,182,256,153,103,0,0,256,1,512
21249,21248,1024,1,513,149,148,0,93,187,144,5,0,0,149,1,512
21376,21376,1024,0,513,142,142,0,89,184,134,8,0,0,142,1,512
21377,21376,1024,1,513,144,144,0,91,183,136,8,0,0,144,1,512
21504,21504,2048,0,1025,276,276,0,176,256,190,66,0,0,256,1,512
21504,21504,1024,0,513,146,146,0,86,186,139,7,0,0,146,1,512
21504,21504,4096,0,37,10,9,0,7,14,10,0,0,0,10,0,0
21505,21504,2048,1,1025,275,275,0,174,256,204,52,0,0,256,1,512
21505,21504,1024,1,513,148,148,0,88,186,142,6,0,0,148,1,512
21505,21504,4096,1,37,7,6,0,3,11,7,0,0,0,7,0,0
21632,21632,1024,0,513,143,143,0,83,190,135,8,0,0,143,1,512
21633,21632,1024,1,513,143,143,0,88,190,135,8,0,0,143,1,512
21760,21760,2048,0,1025,284,284,0,171,256,181,75,0,0,256,1,512
21760,21760,1024,0,513,149,148,0,94,193,145,4,0,0,149,1,512
21761,21760,2048,1,1025,283,283,0,170,256,193,63,0,0,256,1,512
21761,21760,1024,1,513,150,149,0,96,193,146,4,0,0,150,1,512
21888,21888,1024,0,513,147,146,0,99,188,139,8,0,0,147,1,512
21889,21888,1024,1,513,145,144,0,98,187,138,7,0,0,145,1,512
22016,22016,2048,0,1025,292,292,0,176,256,147,109,0,0,256,1,512
22016,22016,1024,0,513,146,145,0,92,188,141,5,0,0,146,1,512
22016,22016,4096,0,37,7,6,0,6,13,7,0,0,0,7,0,0
22017,22016,2048,1,1025,291,291,0,176,256,154,102,0,0,256,1,512
22017,22016,1024,1,513,143,142,0,92,186,138,5,0,0,143,1,512
22017,22016,4096,1,37,7,6,0,4,11,7,0,0,0,7,0,0
22144,22144,1024,0,513,146,145,0,88,187,135,11,0,0,146,1,512
22145,22144,1024,1,513,146,145,0,86,185,136,10,0,0,146,1,512
22272,22272,2048,0,1025,287,287,0,185,256,176,80,0,0,256,1,512
22272,22272,1024,0,513,136,136,0,87,191,132,4,0,0,136,1,512
22273,22272,2048,1,1025,285,285,0,186,256,197,59,0,0,256,1,512
22273,22272,1024,1,513,136,136,0,89,189,132,4,0,0,136,1,512
22400,22400,1024,0,513,138,138,0,96,187,127,11,0,0,138,1,512
22401,22400,1024,1,513,141,141,0,95,185,129,12,0,0,141,1,512
22528,22528,2048,0,1025,275,275,0,176,256,160,96,0,0,256,1,512
22528,22528,1024,0,513,134,134,0,80,191,126,8,0,0,134,1,512
22528,22528,4096,0,37,10,9,0,5,12,10,0,0,0,10,0,0
22529,22528,2048,1,1025,274,274,0,180,256,146,110,0,0,256,1,512
22529,22528,1024,1,513,135,135,0,82,190,127,8,0,0,135,1,512
22529,22528,4096,1,37,7,6,0,4,9,7,0,0,0,7,0,0
22656,22656,1024,0,513,142,142,0,83,188,135,7,0,0,142,1,512
22657,22656,1024,1,513,143,143,0,81,188,135,8,0,0,143,1,512
22784,22784,2048,0,1025,289,288,0,175,256,182,74,0,0,256,1,512
22784,22784,1024,0,513,140,140,0,85,188,135,5,0,0,140,1,512
22785,22784,2048,1,1025,287,286,0,175,256,198,58,0,0,256,1,512
22785,22784,1024,1,513,142,142,0,87,189,137,5,0,0,142,1,512
22912,22912,1024,0,513,133,133,0,91,186,126,7,0,0,133,1,512
22913,22912,1024,1,513,134,134,0,92,186,127,7,0,0,134,1,512
23040,23040,2048,0,1025,291,290,0,188,256,186,70,0,0,256,1,512
23040,23040,1024,0,513,142,142,0,75,185,131,11,0,0,142,1,512
23040,23040,4096,0,37,7,7,0,5,12,7,0,0,0,7,0,0
23041,23040,2048,1,1025,290,289,0,189,256,172,84,0,0,256,1,512
23041,23040,1024,1,513,142,142,0,78,185,131,11,0,0,142,1,512
23041,23040,4096,1,37,8,8,0,6,9,7,1,0,0,8,1,512
23168,23168,1024,0,513,132,132,0,93,192,127,5,0,0,132,1,512
23169,23168,1024,1,513,132,132,0,92,192,127,5,0,0,132,1,512
23296,23296,2048,0,1025,281,280,0,177,256,177,79,0,0,256,1,512
23296,23296,1024,0,513,137,137,0,93,189,130,7,0,0,137,1,512
23297,23296,2048,1,1025,282,281,0,178,256,173,83,0,0,256,1,512
23297,23296,1024,1,513,140,140,0,93,190,133,7,0,0,140,1,512
23424,23424,1024,0,513,138,138,0,78,181,131,7,0,0,138,1,512
23425,23424,1024,1,513,138,138,0,80,182,131,7,0,0,138,1,512
23552,23552,2048,0,1025,280,280,0,172,256,191,65,0,0,256,1,512
23552,23552,1024,0,513,137,137,0,83,178,130,7,0,0,137,1,512
23552,23552,4096,0,37,10,9,0,7,11,9,1,0,0,10,1,512
23553,23552,2048,1,1025,279,279,0,172,256,201,55,0,0,256,1,512
23553,23552,1024,1,513,137,137,0,84,179,130,7,0,0,137,1,512
23553,23552,4096,1,37,9,8,0,3,10,8,1,0,0,9,1,512
23680,23680,1024,0,513,150,150,0,87,177,139,11,0,0,150,1,512
23681,23680,1024,1,513,149,149,0,89,178,139,10,0,0,149,1,512
23808,23808,2048,0,1025,279,279,0,168,256,198,58,0,0,256,1,512
23808,23808,1024,0,513,146,146,0,95,185,133,13,0,0,146,1,512
23809,23808,2048,1,1025,280,280,0,170,256,185,71,0,0,256,1,512
23809,23808,1024,1,513,146,146,0,92,185,133,13,0,0,146,1,512
23936,23936,1024,0,513,138,138,0,85,194,133,5,0,0,138,1,512
23937,23936,1024,1,513,140,140,0,88,194,134,6,0,0,140,1,512
24064,24064,2048,0,1025,275,275,0,185,256,185,71,0,0,256,1,512
24064,24064,1024,0,513,143,143,0,82,193,140,3,0,0,143,1,512
24064,24064,4096,0,37,9,9,0,6,12,9,0,0,0,9,0,0
24065,24064,2048,1,1025,275,275,0,184,256,198,58,0,0,256,1,512
24065,24064,1024,1,513,143,143,0,80,193,140,3,0,0,143,1,512
24065,24064,4096,1,37,10,9,0,5,11,9,1,0,0,10,1,512
24192,24192,1024,0,513,149,149,0,95,190,142,7,0,0,149,1,512
24193,24192,1024,1,513,146,146,0,92,189,139,7,0,0,146,1,512
24320,24320,2048,0,1025,282,282,0,171,256,200,56,0,0,256,1,512
24320,24320,1024,0,513,137,137,0,89,187,132,5,0,0,137,1,512
24321,24320,2048,1,1025,281,281,0,171,256,218,38,0,0,256,1,512
24321,24320,1024,1,513,139,139,0,88,186,132,7,0,0,139,1,512
24448,24448,1024,0,513,148,148,0,85,183,136,12,0,0,148,1,512
24449,24448,1024,1,513,147,147,0,85,184,136,11,0,0,147,1,512
24576,24576,2048,0,1025,289,289,0,168,256,186,70,0,0,256,1,512
24576,24576,1024,0,513,141,141,0,92,189,137,4,0,0,141,1,512
24576,24576,4096,0,37,10,9,0,5,12,9,1,0,0,10,1,512
24577,24576,2048,1,1025,288,288,0,167,256,179,77,0,0,256,1,512
24577,24576,1024,1,513,141,141,0,91,189,137,4,0,0,141,1,512
24577,24576,4096,1,37,7,6,0,4,11,7,0,0,0,7,0,0
24704,24704,1024,0,513,140,139,0,95,188,133,7,0,0,140,1,512
24705,24704,1024,1,513,141,140,0,100,187,134,7,0,0,141,1,512
24832,24832,2048,0,1025,284,283,0,174,256,162,94,0,0,256,1,512
24832,24832,1024,0,513,141,140,0,82,189,132,9,0,0,141,1,512
24833,24832,2048,1,1025,285,284,0,173,256,139,117,0,0,256,1,512
24833,24832,1024,1,513,140,139,0,82,188,132,8,0,0,140,1,512
24960,24960,1024,0,513,140,140,0,94,191,132,8,0,0,140,1,512
24961,24960,1024,1,513,141,141,0,95,189,133,8,0,0,141,1,512
25088,25088,2048,0,1025,281,280,0,171,256,205,51,0,0,256,1,512
25088,25088,1024,0,513,142,142,0,88,193,133,9,0,0,142,1,512
25088,25088,4096,0,37,8,7,0,5,13,8,0,0,0,8,0,0
25089,25088,2048,1,1025,280,279,0,167,256,214,42,0,0,256,1,512
25089,25088,1024,1,513,142,142,0,87,190,132,10,0,0,142,1,512
25089,25088,4096,1,37,7,6,0,6,11,7,0,0,0,7,0,0
25216,25216,1024,0,513,141,141,0,93,194,134,7,0,0,141,1,512
25217,25216,1024,1,513,141,141,0,95,193,134,7,0,0,141,1,512
25344,25344,2048,0,1025,278,278,0,171,256,115,141,0,0,256,1,512
25344,25344,1024,0,513,145,144,0,86,192,139,6,0,0,145,1,512
25345,25344,2048,1,1025,277,276,0,171,256,147,109,0,0,256,1,512
25345,25344,1024,1,513,146,145,0,84,191,139,7,0,0,146,1,512
25472,25472,1024,0,513,147,146,0,84,186,136,11,0,0,147,1,512
25473,25472,1024,1,513,147,146,0,86,187,135,12,0,0,147,1,512
25600,25600,2048,0,1025,263,263,0,161,256,124,132,0,0,256,1,512
25600,25600,1024,0,513,144,143,0,96,190,142,2,0,0,144,1,512
25600,25600,4096,0,37,8,8,0,6,13,8,0,0,0,8,0,0
25601,25600,2048,1,1025,263,263,0,161,256,111,145,0,0,256,1,512
25601,25600,1024,1,513,145,144,0,97,192,143,2,0,0,145,1,512
25601,25600,4096,1,37,8,8,0,4,11,8,0,0,0,8,0,0
25728,25728,1024,0,513,143,142,0,90,187,135,8,0,0,143,1,512
25729,25728,1024,1,513,141,140,0,89,190,133,8,0,0,141,1,512
25856,25856,2048,0,1025,282,282,0,172,256,128,128,0,0,256,1,512
25856,25856,1024,0,513,143,142,0,86,191,134,9,0,0,143,1,512
25857,25856,2048,1,1025,282,282,0,174,256,125,131,0,0,256,1,512
25857,25856,1024,1,513,144,143,0,85,193,136,8,0,0,144,1,512
25984,25984,1024,0,513,143,142,0,86,194,136,7,0,0,143,1,512
25985,25984,1024,1,513,144,143,0,88,195,138,6,0,0,144,1,512
26112,26112,2048,0,1025,293,292,0,191,256,198,58,0,0,256,1,512
26112,26112,1024,0,513,137,136,0,91,195,130,7,0,0,137,1,512
26112,26112,4096,0,37,10,10,0,5,12,10,0,0,0,10,0,0
26113,26112,2048,1,1025,290,289,0,189,256,212,44,0,0,256,1,512
26113,26112,1024,1,513,137,136,0,90,195,131,6,0,0,137,1,512
26113,26112,4096,1,37,8,8,0,6,11,8,0,0,0,8,0,0
26240,26240,1024,0,513,135,134,0,79,189,125,10,0,0,135,1,512
26241,26240,1024,1,513,135,134,0,78,189,125,10,0,0,135,1,512
26368,26368,2048,0,1025,283,282,0,178,256,183,73,0,0,256,1,512
26368,26368,1024,0,513,139,138,0,69,186,125,14,0,0,139,1,512
26369,26368,2048,1,1025,283,282,0,177,256,179,77,0,0,256,1,512
26369,26368,1024,1,513,139,138,0,68,187,125,14,0,0,139,1,512
26496,26496,1024,0,513,142,141,0,82,189,133,9,0,0,142,1,512
26497,26496,1024,1,513,141,140,0,82,190,134,7,0,0,141,1,512
26624,26624,2048,0,1025,288,287,0,172,256,178,78,0,0,256,1,512
26624,26624,1024,0,513,139,138,0,79,189,133,6,0,0,139,1,512
26624,26624,4096,0,37,10,9,0,5,11,10,0,0,0,10,0,0
26625,26624,2048,1,1025,286,285,0,174,256,189,67,0,0,256,1,512
26625,26624,1024,1,513,136,135,0,75,186,128,8,0,0,136,1,512
26625,26624,4096,1,37,6,6,0,6,9,6,0,0,0,6,0,0
26752,26752,1024,0,513,135,134,0,92,187,130,5,0,0,135,1,512
26753,26752,1024,1,513,134,133,0,92,188,130,4,0,0,134,1,512
26880,26880,2048,0,1025,285,284,0,176,256,183,73,0,0,256,1,512
26880,26880,1024,0,513,146,146,0,84,188,137,9,0,0,146,1,512
26881,26880,2048,1,1025,284,283,0,174,256,184,72,0,0,256,1,512
26881,26880,1024,1,513,145,145,0,82,188,135,10,0,0,145,1,512
27008,27008,1024,0,513,149,149,0,101,184,140,9,0,0,149,1,512
27009,27008,1024,1,513,151,151,0,103,185,142,9,0,0,151,1,512
27136,27136,2048,0,1025,289,288,0,194,256,202,54,0,0,256,1,512
27136,27136,1024,0,513,137,137,0,88,186,132,5,0,0,137,1,512
27136,27136,4096,0,37,9,8,0,8,11,9,0,0,0,9,0,0
27137,27136,2048,1,1025,286,285,0,193,256,205,51,0,0,256,1,512
27137,27136,1024,1,513,136,136,0,87,185,131,5,0,0,136,1,512
27137,27136,4096,1,37,7,6,0,4,9,6,1,0,0,7,1,512
27264,27264,1024,0,513,147,147,0,91,188,142,5,0,0,147,1,512
27265,27264,1024,1,513,148,148,0,91,187,144,4,0,0,148,1,512
27392,27392,2048,0,1025,280,280,0,181,256,188,68,0,0,256,1,512
27392,27392,1024,0,513,143,142,0,84,186,134,9,0,0,143,1,512
27393,27392,2048,1,1025,278,278,0,177,256,189,67,0,0,256,1,512
27393,27392,1024,1,513,144,143,0,84,185,133,11,0,0,144,1,512
27520,27520,1024,0,513,137,136,0,85,191,131,6,0,0,137,1,512
27521,27520,1024,1,513,140,139,0,88,194,135,5,0,0,140,1,512
27648,27648,2048,0,1025,279,279,0,174,256,144,112,0,0,256,1,512
27648,27648,1024,0,513,143,142,0,81,191,136,7,0,0,143,1,512
27648,27648,4096,0,37,9,8,0,8,11,8,1,0,0,9,1,512
27649,27648,2048,1,1025,278,278,0,176,256,137,119,0,0,256,1,512
27649,27648,1024,1,513,143,142,0,83,192,136,7,0,0,143,1,512
27649,27648,4096,1,37,7,6,0,5,10,7,0,0,0,7,0,0
27776,27776,1024,0,513,144,143,0,101,192,137,7,0,0,144,1,512
27777,27776,1024,1,513,146,145,0,103,193,139,7,0,0,146,1,512
27904,27904,2048,0,1025,284,284,0,185,256,205,51,0,0,256,1,512
27904,27904,1024,0,513,141,140,0,89,191,139,2,0,0,141,1,512
27905,27904,2048,1,1025,286,286,0,186,256,187,69,0,0,256,1,512
27905,27904,1024,1,513,141,140,0,91,192,138,3,0,0,141,1,512
28032,28032,1024,0,513,147,146,0,86,187,138,9,0,0,147,1,512
28033,28032,1024,1,513,145,144,0,85,189,136,9,0,0,145,1,512
28160,28160,2048,0,1025,288,287,0,189,256,213,43,0,0,256,1,512
28160,28160,1024,0,513,141,141,0,95,189,138,3,0,0,141,1,512
28160,28160,4096,0,37,10,9,0,7,12,9,1,0,0,10,1,512
28161,28160,2048,1,1025,288,287,0,190,256,207,49,0,0,256,1,512
28161,28160,1024,1,513,142,142,0,93,191,139,3,0,0,142,1,512
28161,28160,4096,1,37,7,6,0,5,10,6,1,0,0,7,1,512
28288,28288,1024,0,513,140,140,0,86,185,135,5,0,0,140,1,512
28289,28288,1024,1,513,139,139,0,89,187,135,4,0,0,139,1,512
28416,28416,2048,0,1025,294,293,0,185,256,123,133,0,0,256,1,512
28416,28416,1024,0,513,140,140,0,89,182,132,8,0,0,140,1,512
28417,28416,2048,1,1025,292,291,0,183,256,157,99,0,0,256,1,512
28417,28416,1024,1,513,143,143,0,87,183,135,8,0,0,143,1,512
28544,28544,1024,0,513,142,141,0,82,186,137,5,0,0,142,1,512
28545,28544,1024,1,513,141,140,0,81,187,136,5,0,0,141,1,512
28672,28672,2048,0,1025,286,286,0,180,256,191,65,0,0,256,1,512
28672,28672,1024,0,513,131,131,0,88,186,123,8,0,0,131,1,512
28672,28672,4096,0,37,10,9,0,6,13,10,0,0,0,10,0,0
28673,28672,2048,1,1025,287,287,0,182,256,161,95,0,0,256,1,512
28673,28672,1024,1,513,132,132,0,86,187,124,8,0,0,132,1,512
28673,28672,4096,1,37,8,7,0,5,9,8,0,0,0,8,0,0
28800,28800,1024,0,513,134,134,0,88,189,127,7,0,0,134,1,512
28801,28800,1024,1,513,135,135,0,88,191,129,6,0,0,135,1,512
28928,28928,2048,0,1025,281,281,0,178,256,209,47,0,0,256,1,512
28928,28928,1024,0,513,140,140,0,79,186,129,11,0,0,140,1,512
28929,28928,2048,1,1025,279,279,0,179,256,218,38,0,0,256,1,512
28929,28928,1024,1,513,141,141,0,80,189,132,9,0,0,141,1,512
29056,29056,1024,0,513,139,139,0,95,187,131,8,0,0,139,1,512
29057,29056,1024,1,513,140,140,0,94,187,132,8,0,0,140,1,512
29184,29184,2048,0,1025,286,286,0,185,256,221,35,0,0,256,1,512
29184,29184,1024,0,513,142,141,0,88,185,136,6,0,0,142,1,512
29184,29184,4096,0,37,10,10,0,8,13,10,0,0,0,10,0,0
29185,29184,2048,1,1025,285,285,0,183,256,200,56,0,0,256,1,512
29185,29184,1024,1,513,141,140,0,87,185,136,5,0,0,141,1,512
29185,29184,4096,1,37,7,6,0,4,8,7,0,0,0,7,0,0
29312,29312,1024,0,513,142,141,0,95,179,133,9,0,0,142,1,512
29313,29312,1024,1,513,142,141,0,94,178,133,9,0,0,142,1,512
29440,29440,2048,0,1025,278,278,0,187,256,188,68,0,0,256,1,512
29440,29440,1024,0,513,147,147,0,94,179,139,8,0,0,147,1,512
29441,29440,2048,1,1025,276,276,0,187,256,198,58,0,0,256,1,512
29441,29440,1024,1,513,147,147,0,96,179,139,8,0,0,147,1,512
29568,29568,1024,0,513,137,137,0,82,181,132,5,0,0,137,1,512
29569,29568,1024,1,513,137,137,0,81,181,132,5,0,0,137,1,512
29696,29696,2048,0,1025,285,285,0,176,256,152,104,0,0,256,1,512
29696,29696,1024,0,513,146,146,0,84,184,135,11,0,0,146,1,512
29696,29696,4096,0,37,9,9,0,6,12,9,0,0,0,9,0,0
29697,29696,2048,1,1025,284,284,0,173,256,160,96,0,0,256,1,512
29697,29696,1024,1,513,147,147,0,85,184,136,11,0,0,147,1,512
29697,29696,4096,1,37,8,7,0,3,8,7,1,0,0,8,1,512
29824,29824,1024,0,513,140,140,0,93,188,132,8,0,0,140,1,512
29825,29824,1024,1,513,140,140,0,91,188,132,8,0,0,140,1,512
29952,29952,2048,0,1025,284,283,0,192,256,217,39,0,0,256,1,512
29952,29952,1024,0,513,139,139,0,91,192,132,7,0,0,139,1,512
29953,29952,2048,1,1025,283,282,0,194,256,215,41,0,0,256,1,512
29953,29952,1024,1,513,139,139,0,92,192,132,7,0,0,139,1,512
30080,30080,1024,0,513,132,131,0,79,190,127,5,0,0,132,1,512
30081,30080,1024,1,513,131,130,0,79,190,126,5,0,0,131,1,512
30208,30208,2048,0,1025,292,291,0,173,256,194,62,0,0,256,1,512
30208,30208,1024,0,513,144,144,0,81,186,132,12,0,0,144,1,512
30208,30208,4096,0,37,10,9,0,7,12,10,0,0,0,10,0,0
30209,30208,2048,1,1025,291,290,0,174,256,194,62,0,0,256,1,512
30209,30208,1024,1,513,144,144,0,81,186,132,12,0,0,144,1,512
30209,30208,4096,1,37,7,7,0,4,9,7,0,0,0,7,0,0
30336,30336,1024,0,513,148,148,0,94,187,140,8,0,0,148,1,512
30337,30336,1024,1,513,147,147,0,96,188,140,7,0,0,147,1,512
30464,30464,2048,0,1025,275,275,0,168,256,182,74,0,0,256,1,512
30464,30464,1024,0,513,137,137,0,95,183,131,6,0,0,137,1,512
30465,30464,2048,1,1025,275,275,0,168,256,178,78,0,0,256,1,512
30465,30464,1024,1,513,138,138,0,95,182,132,6,0,0,138,1,512
30592,30592,1024,0,513,141,140,0,76,183,126,15,0,0,141,1,512
30593,30592,1024,1,513,141,140,0,77,182,127,14,0,0,141,1,512
30720,30720,2048,0,1025,275,275,0,176,256,169,87,0,0,256,1,512
30720,30720,1024,0,513,133,132,0,84,194,126,7,0,0,133,1,512
30720,30720,4096,0,37,9,8,0,8,11,9,0,0,0,9,0,0
30721,30720,2048,1,1025,275,275,0,178,256,175,81,0,0,256,1,512
30721,30720,1024,1,513,135,134,0,86,192,128,7,0,0,135,1,512
30721,30720,4096,1,37,7,6,0,5,9,7,0,0,0,7,0,0
30848,30848,1024,0,513,139,138,0,79,193,132,7,0,0,139,1,512
30849,30848,1024,1,513,139,138,0,79,191,132,7,0,0,139,1,512
30976,30976,2048,0,1025,294,294,0,189,256,215,41,0,0,256,1,512
30976,30976,1024,0,513,140,139,0,85,189,131,9,0,0,140,1,512
30977,30976,2048,1,1025,294,294,0,188,256,216,40,0,0,256,1,512
30977,30976,1024,1,513,141,140,0,88,188,131,10,0,0,141,1,512
31104,31104,1024,0,513,146,145,0,90,190,143,3,0,0,146,1,512
31105,31104,1024,1,513,147,146,0,91,190,144,3,0,0,147,1,512
31232,31232,2048,0,1025,283,283,0,197,256,181,75,0,0,256,1,512
31232,31232,1024,0,513,137,136,0,84,185,133,4,0,0,137,1,512
31232,31232,4096,0,37,9,9,0,6,11,8,1,0,0,9,1,512
31233,31232,2048,1,1025,283,283,0,197,256,180,76,0,0,256,1,512
31233,31232,1024,1,513,137,136,0,82,185,134,3,0,0,137,1,512
31233,31232,4096,1,37,9,8,0,3,9,8,1,0,0,9,1,512
31360,31360,1024,0,513,134,134,0,76,183,124,10,0,0,134,1,512
31361,31360,1024,1,513,132,132,0,76,182,122,10,0,0,132,1,512
31488,31488,2048,0,1025,277,276,0,176,256,177,79,0,0,256,1,512
31488,31488,1024,0,513,138,138,0,91,184,129,9,0,0,138,1,512
31489,31488,2048,1,1025,276,275,0,174,256,196,60,0,0,256,1,512
31489,31488,1024,1,513,138,138,0,91,182,129,9,0,0,138,1,512
31616,31616,1024,0,513,146,146,0,90,189,137,9,0,0,146,1,512
31617,31616,1024,1,513,145,145,0,92,189,136,9,0,0,145,1,512
31744,31744,2048,0,1025,290,290,0,190,256,157,99,0,0,256,1,512
31744,31744,1024,0,513,142,142,0,88,188,131,11,0,0,142,1,512
31744,31744,4096,0,37,8,8,0,6,12,8,0,0,0,8,0,0
31745,31744,2048,1,1025,291,291,0,190,256,148,108,0,0,256,1,512
31745,31744,1024,1,513,144,144,0,89,187,132,12,0,0,144,1,512
31745,31744,4096,1,37,8,7,0,6,10,7,1,0,0,8,1,512
31872,31872,1024,0,513,138,137,0,88,187,134,4,0,0,138,1,512
31873,31872,1024,1,513,139,138,0,89,187,134,5,0,0,139,1,512
32000,32000,2048,0,1025,279,279,0,175,256,196,60,0,0,256,1,512
32000,32000,1024,0,513,144,143,0,90,184,135,9,0,0,144,1,512
32001,32000,2048,1,1025,277,277,0,174,256,221,35,0,0,256,1,512
32001,32000,1024,1,513,145,144,0,90,185,137,8,0,0,145,1,512
32128,32128,1024,0,513,142,141,0,99,184,135,7,0,0,142,1,512
32129,32128,1024,1,513,143,142,0,102,185,136,7,0,0,143,1,512
32256,32256,2048,0,1025,274,274,0,175,256,159,97,0,0,256,1,512
32256,32256,1024,0,513,139,139,0,94,187,130,9,0,0,139,1,512
32256,32256,4096,0,37,9,8,0,4,12,9,0,0,0,9,0,0
32257,32256,2048,1,1025,274,274,0,175,256,140,116,0,0,256,1,512
32257,32256,1024,1,513,139,139,0,95,188,131,8,0,0,139,1,512
32257,32256,4096,1,37,9,8,0,5,11,8,1,0,0,9,1,512
32384,32384,1024,0,513,135,135,0,87,185,125,10,0,0,135,1,512
32385,32384,1024,1,513,135,135,0,85,184,125,10,0,0,135,1,512
32512,32512,2048,0,1025,281,280,0,162,256,189,67,0,0,256,1,512
32512,32512,1024,0,513,141,141,0,81,187,134,7,0,0,141,1,512
32513,32512,2048,1,1025,280,279,0,164,256,197,59,0,0,256,1,512
32513,32512,1024,1,513,141,141,0,82,187,134,7,0,0,141,1,512
32640,32640,1024,0,513,141,141,0,92,186,135,6,0,0,141,1,512
32641,32640,1024,1,513,142,142,0,94,186,136,6,0,0,142,1,512
32768,32768,2048,0,1025,289,289,0,186,256,73,183,0,0,256,1,512
32768,32768,1024,0,513,147,146,0,90,186,139,8,0,0,147,1,512
32768,32768,4096,0,37,9,9,0,6,11,8,1,0,0,9,1,512
32769,32768,2048,1,1025,287,287,0,186,256,82,174,0,0,256,1,512
32769,32768,1024,1,513,148,147,0,92,185,140,8,0,0,148,1,512
32769,32768,4096,1,37,7,6,0,6,12,7,0,0,0,7,0,0
32896,32896,1024,0,513,144,143,0,81,187,137,7,0,0,144,1,512
32897,32896,1024,1,513,143,142,0,83,186,136,7,0,0,143,1,512
33024,33024,2048,0,1025,269,269,0,172,256,170,86,0,0,256,1,512
33024,33024,1024,0,513,146,145,0,92,186,137,9,0,0,146,1,512
33025,33024,2048,1,1025,267,267,0,172,256,190,66,0,0,256,1,512
33025,33024,1024,1,513,145,144,0,91,186,136,9,0,0,145,1,512
33152,33152,1024,0,513,134,134,0,91,190,131,3,0,0,134,1,512
33153,33152,1024,1,513,133,133,0,90,190,131,2,0,0,133,1,512
33280,33280,2048,0,1025,278,278,0,166,256,201,55,0,0,256,1,512
33280,33280,1024,0,513,138,138,0,84,186,132,6,0,0,138,1,512
33280,33280,4096,0,37,9,9,0,5,11,9,0,0,0,9,0,0
33281,33280,2048,1,1025,275,275,0,165,256,199,57,0,0,256,1,512
33281,33280,1024,1,513,139,139,0,82,186,133,6,0,0,139,1,512
33281,33280,4096,1,37,6,6,0,3,12,6,0,0,0,6,0,0
33408,33408,1024,0,513,146,146,0,86,182,131,15,0,0,146,1,512
33409,33408,1024,1,513,147,147,0,85,181,132,15,0,0,147,1,512
33536,33536,2048,0,1025,281,281,0,177,256,207,49,0,0,256,1,512
33536,33536,1024,0,513,142,142,0,101,190,137,5,0,0,142,1,512
33537,33536,2048,1,1025,279,279,0,178,256,212,44,0,0,256,1,512
33537,33536,1024,1,513,141,141,0,100,190,137,4,0,0,141,1,512
33664,33664,1024,0,513,149,148,0,97,185,142,7,0,0,149,1,512
33665,33664,1024,1,513,148,147,0,98,184,141,7,0,0,148,1,512
33792,33792,2048,0,1025,275,275,0,161,256,155,101,0,0,256,1,512
33792,33792,1024,0,513,144,144,0,85,185,134,10,0,0,144,1,512
33792,33792,4096,0,37,10,10,0,7,11,9,1,0,0,10,1,512
33793,33792,2048,1,1025,275,275,0,161,256,137,119,0,0,256,1,512
33793,33792,1024,1,513,143,143,0,85,184,133,10,0,0,143,1,512
33793,33792,4096,1,37,7,7,0,4,11,7,0,0,0,7,0,0
33920,33920,1024,0,513,147,146,0,93,186,139,8,0,0,147,1,512
33921,33920,1024,1,513,145,144,0,95,185,138,7,0,0,145,1,512
34048,34048,2048,0,1025,268,268,0,159,256,177,79,0,0,256,1,512
34048,34048,1024,0,513,143,142,0,91,189,137,6,0,0,143,1,512
34049,34048,2048,1,1025,267,267,0,161,256,174,82,0,0,256,1,512
34049,34048,1024,1,513,144,143,0,88,188,138,6,0,0,144,1,512
34176,34176,1024,0,513,137,136,0,81,187,129,8,0,0,137,1,512
34177,34176,1024,1,513,138,137,0,84,186,130,8,0,0,138,1,512
34304,34304,2048,0,1025,291,291,0,174,256,215,41,0,0,256,1,512
34304,34304,1024,0,513,140,139,0,91,188,130,10,0,0,140,1,512
34304,34304,4096,0,37,9,9,0,7,12,9,0,0,0,9,0,0
34305,34304,2048,1,1025,291,291,0,172,256,210,46,0,0,256,1,512
34305,34304,1024,1,513,140,139,0,90,186,130,10,0,0,140,1,512
34305,34304,4096,1,37,9,8,0,6,10,8,1,0,0,9,1,512
34432,34432,1024,0,513,139,138,0,85,192,135,4,0,0,139,1,512
34433,34432,1024,1,513,138,137,0,84,190,134,4,0,0,138,1,512
34560,34560,2048,0,1025,287,286,0,191,256,206,50,0,0,256,1,512
34560,34560,1024,0,513,141,141,0,83,183,131,10,0,0,141,1,512
34561,34560,2048,1,1025,287,286,0,191,256,203,53,0,0,256,1,512
34561,34560,1024,1,513,142,142,0,83,183,133,9,0,0,142,1,512
34688,34688,1024,0,513,141,141,0,92,187,134,7,0,0,141,1,512
34689,34688,1024,1,513,140,140,0,93,188,135,5,0,0,140,1,512
34816,34816,2048,0,1025,292,292,0,180,256,101,155,0,0,256,1,512
34816,34816,1024,0,513,143,143,0,99,187,137,6,0,0,143,1,512
34816,34816,4096,0,37,9,8,0,6,12,8,1,0,0,9,1,512
34817,34816,2048,1,1025,291,291,0,183,256,84,172,0,0,256,1,512
34817,34816,1024,1,513,142,142,0,97,186,136,6,0,0,142,1,512
34817,34816,4096,1,37,6,5,0,4,10,6,0,0,0,6,0,0
34944,34944,1024,0,513,149,148,0,99,186,145,4,0,0,149,1,512
34945,34944,1024,1,513,147,146,0,96,185,143,4,0,0,147,1,512
35072,35072,2048,0,1025,287,287,0,187,256,181,75,0,0,256,1,512
35072,35072,1024,0,513,147,147,0,94,182,139,8,0,0,147,1,512
35073,35072,2048,1,1025,287,287,0,187,256,171,85,0,0,256,1,512
35073,35072,1024,1,513,146,146,0,95,181,138,8,0,0,146,1,512
35200,35200,1024,0,513,140,140,0,89,181,136,4,0,0,140,1,512
35201,35200,1024,1,513,142,142,0,91,180,138,4,0,0,142,1,512
35328,35328,2048,0,1025,275,275,0,181,256,211,45,0,0,256,1,512
35328,35328,1024,0,513,141,141,0,89,180,131,10,0,0,141,1,512
35328,35328,4096,0,37,8,8,0,5,13,8,0,0,0,8,0,0
35329,35328,2048,1,1025,275,275,0,183,256,216,40,0,0,256,1,512
35329,35328,1024,1,513,142,142,0,92,179,132,10,0,0,142,1,512
35329,35328,4096,1,37,6,5,0,3,9,5,1,0,0,6,1,512
35456,35456,1024,0,513,135,135,0,83,184,127,8,0,0,135,1,512
35457,35456,1024,1,513,138,138,0,83,184,130,8,0,0,138,1,512
35584,35584,2048,0,1025,275,274,0,161,256,189,67,0,0,256,1,512
35584,35584,1024,0,513,138,138,0,80,186,136,2,0,0,138,1,512
35585,35584,2048,1,1025,275,274,0,159,256,192,64,0,0,256,1,512
35585,35584,1024,1,513,139,139,0,82,186,136,3,0,0,139,1,512
35712,35712,1024,0,513,138,138,0,86,182,131,7,0,0,138,1,512
35713,35712,1024,1,513,141,141,0,87,183,134,7,0,0,141,1,512
35840,35840,2048,0,1025,286,285,0,172,256,155,101,0,0,256,1,512
35840,35840,1024,0,513,135,135,0,87,183,127,8,0,0,135,1,512
35840,35840,4096,0,37,9,8,0,5,13,9,0,0,0,9,0,0
35841,35840,2048,1,1025,285,284,0,172,256,168,88,0,0,256,1,512
35841,35840,1024,1,513,133,133,0,89,185,127,6,0,0,133,1,512
35841,35840,4096,1,37,6,5,0,3,10,6,0,0,0,6,0,0
35968,35968,1024,0,513,138,138,0,93,184,134,4,0,0,138,1,512
35969,35968,1024,1,513,137,137,0,93,187,134,3,0,0,137,1,512
36096,36096,2048,0,1025,287,287,0,176,256,216,40,0,0,256,1,512
36096,36096,1024,0,513,134,134,0,90,183,132,2,0,0,134,1,512
36097,36096,2048,1,1025,286,286,0,171,256,216,40,0,0,256,1,512
36097,36096,1024,1,513,133,133,0,87,185,131,2,0,0,133,1,512
36224,36224,1024,0,513,140,140,0,92,178,135,5,0,0,140,1,512
36225,36224,1024,1,513,140,140,0,93,180,135,5,0,0,140,1,512
36352,36352,2048,0,1025,286,286,0,174,256,192,64,0,0,256,1,512
36352,36352,1024,0,513,141,140,0,89,174,133,8,0,0,141,1,512
36352,36352,4096,0,37,10,9,0,6,12,10,0,0,0,10,0,0
36353,36352,2048,1,1025,285,285,0,173,256,191,65,0,0,256,1,512
36353,36352,1024,1,513,141,140,0,92,175,135,6,0,0,141,1,512
36353,36352,4096,1,37,7,7,0,3,10,7,0,0,0,7,0,0
36480,36480,1024,0,513,139,138,0,89,180,134,5,0,0,139,1,512
36481,36480,1024,1,513,139,138,0,90,178,134,5,0,0,139,1,512
36608,36608,2048,0,1025,278,278,0,182,256,157,99,0,0,256,1,512
36608,36608,1024,0,513,136,136,0,80,174,126,10,0,0,136,1,512
36609,36608,2048,1,1025,277,277,0,182,256,159,97,0,0,256,1,512
36609,36608,1024,1,513,136,136,0,80,172,125,11,0,0,136,1,512
36736,36736,1024,0,513,132,132,0,82,179,126,6,0,0,132,1,512
36737,36736,1024,1,513,134,134,0,85,179,128,6,0,0,134,1,512
36864,36864,2048,0,1025,287,287,0,188,256,221,35,0,0,256,1,512
36864,36864,1024,0,513,130,130,0,84,179,120,10,0,0,130,1,512
36864,36864,4096,0,37,9,9,0,5,11,8,1,0,0,9,1,512
36865,36864,2048,1,1025,286,286,0,186,256,220,36,0,0,256,1,512
36865,36864,1024,1,513,131,131,0,88,179,122,9,0,0,131,1,512
36865,36864,4096,1,37,8,8,0,6,8,6,2,0,0,8,1,512
36992,36992,1024,0,513,140,139,0,74,181,133,7,0,0,140,1,512
36993,36992,1024,1,513,139,138,0,73,180,133,6,0,0,139,1,512
37120,37120,2048,0,1025,292,292,0,188,256,155,101,0,0,256,1,512
37120,37120,1024,0,513,144,143,0,84,183,138,6,0,0,144,1,512
37121,37120,2048,1,1025,291,291,0,184,256,165,91,0,0,256,1,512
37121,37120,1024,1,513,143,142,0,84,181,138,5,0,0,143,1,512
37248,37248,1024,0,513,142,142,0,88,180,132,10,0,0,142,1,512
37249,37248,1024,1,513,144,144,0,89,178,134,10,0,0,144,1,512
37376,37376,2048,0,1025,286,286,0,195,256,130,126,0,0,256,1,512
37376,37376,1024,0,513,141,141,0,89,183,136,5,0,0,141,1,512
37376,37376,4096,0,37,8,8,0,6,12,8,0,0,0,8,0,0
37377,37376,2048,1,1025,286,286,0,194,256,122,134,0,0,256,1,512
37377,37376,1024,1,513,140,140,0,89,180,134,6,0,0,140,1,512
37377,37376,4096,1,37,8,8,0,5,10,8,0,0,0,8,0,0
37504,37504,1024,0,513,143,143,0,90,182,131,12,0,0,143,1,512
37505,37504,1024,1,513,143,143,0,88,181,131,12,0,0,143,1,512
37632,37632,2048,0,1025,279,279,0,184,256,168,88,0,0,256,1,512
37632,37632,1024,0,513,146,146,0,89,184,134,12,0,0,146,1,512
37633,37632,2048,1,1025,278,278,0,186,256,207,49,0,0,256,1,512
37633,37632,1024,1,513,148,148,0,90,184,137,11,0,0,148,1,512
37760,37760,1024,0,513,139,139,0,83,188,131,8,0,0,139,1,512
37761,37760,1024,1,513,138,138,0,82,188,130,8,0,0,138,1,512
37888,37888,2048,0,1025,289,289,0,180,256,223,33,0,0,256,1,512
37888,37888,1024,0,513,141,141,0,94,190,135,6,0,0,141,1,512
37888,37888,4096,0,37,10,10,0,6,12,9,1,0,0,10,1,512
37889,37888,2048,1,1025,288,288,0,179,256,220,36,0,0,256,1,512
37889,37888,1024,1,513,140,140,0,91,190,134,6,0,0,140,1,512
37889,37888,4096,1,37,7,6,0,4,10,7,0,0,0,7,0,0
38016,38016,1024,0,513,143,143,0,86,191,136,7,0,0,143,1,512
38017,38016,1024,1,513,145,145,0,86,191,138,7,0,0,145,1,512
38144,38144,2048,0,1025,281,281,0,181,256,187,69,0,0,256,1,512
38144,38144,1024,0,513,145,144,0,85,188,137,8,0,0,145,1,512
38145,38144,2048,1,1025,281,281,0,180,256,183,73,0,0,256,1,512
38145,38144,1024,1,513,145,144,0,86,187,136,9,0,0,145,1,512
38272,38272,1024,0,513,141,140,0,84,184,133,8,0,0,141,1,512
38273,38272,1024,1,513,142,141,0,84,185,135,7,0,0,142,1,512
38400,38400,2048,0,1025,285,285,0,183,256,149,107,0,0,256,1,512
38400,38400,1024,0,513,140,139,0,88,186,131,9,0,0,140,1,512
38400,38400,4096,0,37,10,9,0,6,13,8,2,0,0,10,1,512
38401,38400,2048,1,1025,285,285,0,184,256,154,102,0,0,256,1,512
38401,38400,1024,1,513,140,139,0,90,186,131,9,0,0,140,1,512
38401,38400,4096,1,37,7,7,0,2,10,6,1,0,0,7,1,512
38528,38528,1024,0,513,174,173,0,68,190,148,26,0,0,174,1,512
38529,38528,1024,1,513,152,151,0,75,190,137,15,0,0,152,1,512
38656,38656,2048,0,1025,328,328,0,163,256,61,195,0,0,256,1,512
38656,38656,1024,0,513,152,151,0,118,211,145,7,0,0,152,1,512
38657,38656,2048,1,1025,288,287,0,162,256,61,195,0,0,256,1,512
38657,38656,1024,1,513,147,147,0,100,198,139,8,0,0,147,1,512
38784,38784,1024,0,513,123,123,0,101,212,123,0,0,0,123,0,0
38785,38784,1024,1,513,127,127,0,95,197,124,3,0,0,127,1,512
38912,38912,2048,0,1025,322,321,0,240,256,174,82,0,0,256,1,512
38912,38912,1024,0,513,99,99,0,63,205,99,0,0,0,99,0,0
38912,38912,4096,0,37,8,7,0,3,13,7,1,0,0,8,1,512
38913,38912,2048,1,1025,307,307,0,214,256,183,73,0,0,256,1,512
38913,38912,1024,1,513,111,111,0,79,194,108,3,0,0,111,1,512
38913,38912,4096,1,37,4,3,0,3,11,4,0,0,0,4,0,0
39040,39040,1024,0,513,132,132,0,67,192,128,4,0,0,132,1,512
39041,39040,1024,1,513,133,133,0,64,185,129,4,0,0,133,1,512
39168,39168,2048,0,1025,259,259,0,218,256,223,33,0,0,256,1,512
39168,39168,1024,0,513,154,154,0,103,175,145,9,0,0,154,1,512
39169,39168,2048,1,1025,274,274,0,203,256,214,42,0,0,256,1,512
39169,39168,1024,1,513,153,152,0,101,173,143,10,0,0,153,1,512
39296,39296,1024,0,513,171,170,0,126,175,153,18,0,0,171,1,512
39297,39296,1024,1,513,149,148,0,85,169,139,10,0,0,149,1,512
39424,39424,2048,0,1025,204,204,0,125,256,191,13,0,0,204,1,512
39424,39424,1024,0,513,139,138,0,63,185,126,13,0,0,139,1,512
39424,39424,4096,0,37,4,4,0,4,14,4,0,0,0,4,0,0
39425,39424,2048,1,1025,226,226,0,133,256,204,22,0,0,226,1,512
39425,39424,1024,1,513,138,137,0,75,174,125,13,0,0,138,1,512
39425,39424,4096,1,37,5,4,0,2,10,3,2,0,0,5,1,512
39552,39552,1024,0,513,133,132,0,85,191,122,11,0,0,133,1,512
39553,39552,1024,1,513,133,132,0,85,183,129,4,0,0,133,1,512
39680,39680,2048,0,1025,255,255,0,142,256,200,55,0,0,255,1,512
39680,39680,1024,0,513,141,140,0,95,201,136,5,0,0,141,1,512
39681,39680,2048,1,1025,254,254,0,144,256,205,49,0,0,254,1,512
39681,39680,1024,1,513,141,140,0,94,187,133,8,0,0,141,1,512
39808,39808,1024,0,513,144,144,0,90,205,137,7,0,0,144,1,512
39809,39808,1024,1,513,145,145,0,93,189,132,13,0,0,145,1,512
39936,39936,2048,0,1025,318,317,0,195,256,117,139,0,0,256,1,512
39936,39936,1024,0,513,132,132,0,90,197,129,3,0,0,132,1,512
39936,39936,4096,0,37,4,4,0,3,14,4,0,0,0,4,0,0
39937,39936,2048,1,1025,300,299,0,185,256,179,77,0,0,256,1,512
39937,39936,1024,1,513,133,133,0,91,191,129,4,0,0,133,1,512
39937,39936,4096,1,37,4,4,0,3,11,3,1,0,0,4,1,512
40064,40064,1024,0,513,139,139,0,82,186,132,7,0,0,139,1,512
40065,40064,1024,1,513,139,139,0,82,184,131,8,0,0,139,1,512
40192,40192,2048,0,1025,321,321,0,245,256,146,110,0,0,256,1,512
40192,40192,1024,0,513,139,139,0,93,189,134,5,0,0,139,1,512
40193,40192,2048,1,1025,285,284,0,190,256,182,74,0,0,256,1,512
40193,40192,1024,1,513,137,137,0,95,187,133,4,0,0,137,1,512
40320,40320,1024,0,513,139,138,0,86,184,135,4,0,0,139,1,512
40321,40320,1024,1,513,139,138,0,87,182,135,4,0,0,139,1,512
40448,40448,2048,0,1025,272,272,0,146,256,202,54,0,0,256,1,512
40448,40448,1024,0,513,141,140,0,90,180,132,9,0,0,141,1,512
40448,40448,4096,0,37,4,4,0,1,12,4,0,0,0,4,0,0
40449,40448,2048,1,1025,272,272,0,160,256,196,60,0,0,256,1,512
40449,40448,1024,1,513,141,140,0,90,178,133,8,0,0,141,1,512
40449,40448,4096,1,37,4,4,0,2,10,4,0,0,0,4,0,0
40576,40576,1024,0,513,140,139,0,91,184,132,8,0,0,140,1,512
40577,40576,1024,1,513,140,139,0,91,181,131,9,0,0,140,1,512
40704,40704,2048,0,1025,272,272,0,171,256,179,77,0,0,256,1,512
40704,40704,1024,0,513,144,144,0,82,183,138,6,0,0,144,1,512
40705,40704,2048,1,1025,271,271,0,169,256,174,82,0,0,256,1,512
40705,40704,1024,1,513,144,144,0,85,182,139,5,0,0,144,1,512
40832,40832,1024,0,513,149,149,0,88,182,137,12,0,0,149,1,512
40833,40832,1024,1,513,150,150,0,89,181,138,12,0,0,150,1,512
40960,40960,2048,0,1025,273,273,0,177,256,165,91,0,0,256,1,512
40960,40960,1024,0,513,146,146,0,88,191,138,8,0,0,146,1,512
40960,40960,4096,0,37,4,4,0,3,8,4,0,0,0,4,0,0
40961,40960,2048,1,1025,272,272,0,175,256,154,102,0,0,256,1,512
40961,40960,1024,1,513,147,147,0,91,190,139,8,0,0,147,1,512
40961,40960,4096,1,37,5,5,0,4,7,4,1,0,0,5,1,512
41088,41088,1024,0,513,136,136,0,90,190,130,6,0,0,136,1,512
41089,41088,1024,1,513,134,134,0,91,188,128,6,0,0,134,1,512
41216,41216,2048,0,1025,284,282,0,180,256,142,114,0,0,256,1,512
41216,41216,1024,0,513,138,138,0,87,191,131,7,0,0,138,1,512
41217,41216,2048,1,1025,282,281,0,179,256,137,119,0,0,256,1,512
41217,41216,1024,1,513,140,140,0,87,189,135,5,0,0,140,1,512
41344,41344,1024,0,513,142,142,0,82,190,134,8,0,0,142,1,512
41345,41344,1024,1,513,142,142,0,84,186,134,8,0,0,142,1,512
41472,41472,2048,0,1025,283,283,0,184,256,126,130,0,0,256,1,512
41472,41472,1024,0,513,134,134,0,80,186,129,5,0,0,134,1,512
41472,41472,4096,0,37,4,4,0,2,4,3,1,0,0,4,1,512
41473,41472,2048,1,1025,281,281,0,183,256,121,135,0,0,256,1,512
41473,41472,1024,1,513,135,135,0,81,182,130,5,0,0,135,1,512
41473,41472,4096,1,37,6,6,0,4,7,6,0,0,0,6,0,0
41600,41600,1024,0,513,137,136,0,100,181,131,6,0,0,137,1,512
41601,41600,1024,1,513,137,136,0,102,178,131,6,0,0,137,1,512
41728,41728,2048,0,1025,277,277,0,182,256,166,90,0,0,256,1,512
41728,41728,1024,0,513,139,138,0,84,179,130,9,0,0,139,1,512
41729,41728,2048,1,1025,276,276,0,180,256,166,90,0,0,256,1,512
41729,41728,1024,1,513,140,139,0,84,179,132,8,0,0,140,1,512
41856,41856,1024,0,513,138,137,0,77,181,130,8,0,0,138,1,512
41857,41856,1024,1,513,139,138,0,81,181,131,8,0,0,139,1,512
41984,41984,2048,0,1025,279,278,0,181,256,221,35,0,0,256,1,512
41984,41984,1024,0,513,131,130,0,87,175,124,7,0,0,131,1,512
41984,41984,4096,0,37,7,7,0,4,5,4,3,0,0,7,1,512
41985,41984,2048,1,1025,278,277,0,179,256,222,34,0,0,256,1,512
41985,41984,1024,1,513,130,129,0,87,175,123,7,0,0,130,1,512
41985,41984,4096,1,37,5,5,0,3,6,4,1,0,0,5,1,512
42112,42112,1024,0,513,140,139,0,93,177,129,11,0,0,140,1,512
42113,42112,1024,1,513,139,138,0,95,176,129,10,0,0,139,1,512
42240,42240,2048,0,1025,298,297,0,185,256,186,70,0,0,256,1,512
42240,42240,1024,0,513,140,139,0,80,183,131,9,0,0,140,1,512
42241,42240,2048,1,1025,295,294,0,181,256,182,74,0,0,256,1,512
42241,42240,1024,1,513,140,139,0,81,181,132,8,0,0,140,1,512
42368,42368,1024,0,513,141,141,0,84,186,135,6,0,0,141,1,512
42369,42368,1024,1,513,142,142,0,84,183,136,6,0,0,142,1,512
42496,42496,2048,0,1025,288,287,0,191,256,180,76,0,0,256,1,512
42496,42496,1024,0,513,140,139,0,89,184,133,7,0,0,140,1,512
42496,42496,4096,0,37,7,6,0,4,8,5,2,0,0,7,1,512
42497,42496,2048,1,1025,286,285,0,187,256,196,60,0,0,256,1,512
42497,42496,1024,1,513,142,141,0,92,181,135,7,0,0,142,1,512
42497,42496,4096,1,37,8,7,0,4,7,4,4,0,0,8,1,512
42624,42624,1024,0,513,134,133,0,82,189,129,5,0,0,134,1,512
42625,42624,1024,1,513,135,134,0,85,187,130,5,0,0,135,1,512
42752,42752,2048,0,1025,293,292,0,184,256,147,109,0,0,256,1,512
42752,42752,1024,0,513,137,137,0,81,183,128,9,0,0,137,1,512
42753,42752,2048,1,1025,290,289,0,183,256,185,71,0,0,256,1,512
42753,42752,1024,1,513,137,137,0,84,183,128,9,0,0,137,1,512
42880,42880,1024,0,513,134,134,0,77,185,129,5,0,0,134,1,512
42881,42880,1024,1,513,134,134,0,75,186,129,5,0,0,134,1,512
43008,43008,2048,0,1025,284,283,0,189,256,209,47,0,0,256,1,512
43008,43008,1024,0,513,139,139,0,80,182,131,8,0,0,139,1,512
43008,43008,4096,0,37,9,9,0,6,10,9,0,0,0,9,0,0
43009,43008,2048,1,1025,282,281,0,188,256,187,69,0,0,256,1,512
43009,43008,1024,1,513,139,139,0,81,183,132,7,0,0,139,1,512
43009,43008,4096,1,37,7,7,0,5,11,6,1,0,0,7,1,512
43136,43136,1024,0,513,140,140,0,84,183,133,7,0,0,140,1,512
43137,43136,1024,1,513,141,141,0,87,182,134,7,0,0,141,1,512
43264,43264,2048,0,1025,291,289,0,179,256,184,72,0,0,256,1,512
43264,43264,1024,0,513,145,145,0,91,182,138,7,0,0,145,1,512
43265,43264,2048,1,1025,289,288,0,176,256,172,84,0,0,256,1,512
43265,43264,1024,1,513,146,146,0,92,180,137,9,0,0,146,1,512
43392,43392,1024,0,513,137,137,0,84,182,128,9,0,0,137,1,512
43393,43392,1024,1,513,139,139,0,85,182,130,9,0,0,139,1,512
43520,43520,2048,0,1025,283,282,0,174,256,204,52,0,0,256,1,512
43520,43520,1024,0,513,137,137,0,79,183,132,5,0,0,137,1,512
43520,43520,4096,0,37,8,7,0,6,10,7,1,0,0,8,1,512
43521,43520,2048,1,1025,286,285,0,176,256,142,114,0,0,256,1,512
43521,43520,1024,1,513,136,136,0,80,184,131,5,0,0,136,1,512
43521,43520,4096,1,37,7,7,0,5,12,7,0,0,0,7,0,0
43648,43648,1024,0,513,146,146,0,84,181,136,10,0,0,146,1,512
43649,43648,1024,1,513,145,145,0,84,182,136,9,0,0,145,1,512
43776,43776,2048,0,1025,293,292,0,176,256,107,149,0,0,256,1,512
43776,43776,1024,0,513,141,141,0,86,187,137,4,0,0,141,1,512
43777,43776,2048,1,1025,292,291,0,177,256,88,168,0,0,256,1,512
43777,43776,1024,1,513,141,141,0,85,187,136,5,0,0,141,1,512
43904,43904,1024,0,513,136,136,0,89,184,129,7,0,0,136,1,512
43905,43904,1024,1,513,136,136,0,90,185,130,6,0,0,136,1,512
44032,44032,2048,0,1025,291,290,0,178,256,182,74,0,0,256,1,512
44032,44032,1024,0,513,136,136,0,88,182,128,8,0,0,136,1,512
44032,44032,4096,0,37,8,7,0,5,11,8,0,0,0,8,0,0
44033,44032,2048,1,1025,289,287,0,177,256,184,72,0,0,256,1,512
44033,44032,1024,1,513,137,137,0,92,182,129,8,0,0,137,1,512
44033,44032,4096,1,37,9,8,0,6,11,8,1,0,0,9,1,512
44160,44160,1024,0,513,144,144,0,93,182,135,9,0,0,144,1,512
44161,44160,1024,1,513,145,145,0,93,182,136,9,0,0,145,1,512
44288,44288,2048,0,1025,271,271,0,177,256,205,51,0,0,256,1,512
44288,44288,1024,0,513,142,142,0,93,186,137,5,0,0,142,1,512
44289,44288,2048,1,1025,269,269,0,173,256,214,42,0,0,256,1,512
44289,44288,1024,1,513,143,143,0,94,186,138,5,0,0,143,1,512
44416,44416,1024,0,513,145,145,0,84,182,135,10,0,0,145,1,512
44417,44416,1024,1,513,143,143,0,86,182,135,8,0,0,143,1,512
44544,44544,2048,0,1025,284,283,0,169,256,139,117,0,0,256,1,512
44544,44544,1024,0,513,145,145,0,88,185,140,5,0,0,145,1,512
44544,44544,4096,0,37,9,8,0,4,11,8,1,0,0,9,1,512
44545,44544,2048,1,1025,282,282,0,168,256,143,113,0,0,256,1,512
44545,44544,1024,1,513,145,145,0,87,184,140,5,0,0,145,1,512
44545,44544,4096,1,37,8,8,0,6,12,8,0,0,0,8,0,0
44672,44672,1024,0,513,141,141,0,98,187,135,6,0,0,141,1,512
44673,44672,1024,1,513,140,140,0,97,186,134,6,0,0,140,1,512
44800,44800,2048,0,1025,281,281,0,186,256,123,133,0,0,256,1,512
44800,44800,1024,0,513,137,136,0,92,186,129,8,0,0,137,1,512
44801,44800,2048,1,1025,280,280,0,184,256,159,97,0,0,256,1,512
44801,44800,1024,1,513,140,139,0,96,185,132,8,0,0,140,1,512
44928,44928,1024,0,513,141,140,0,86,184,133,8,0,0,141,1,512
44929,44928,1024,1,513,143,142,0,87,183,135,8,0,0,143,1,512
45056,45056,2048,0,1025,282,282,0,187,256,129,127,0,0,256,1,512
45056,45056,1024,0,513,147,147,0,86,185,137,10,0,0,147,1,512
45056,45056,4096,0,37,8,7,0,5,11,8,0,0,0,8,0,0
45057,45056,2048,1,1025,283,283,0,188,256,114,142,0,0,256,1,512
45057,45056,1024,1,513,148,148,0,88,186,138,10,0,0,148,1,512
45057,45056,4096,1,37,9,8,0,5,11,9,0,0,0,9,0,0
45184,45184,1024,0,513,147,147,0,87,187,139,8,0,0,147,1,512
45185,45184,1024,1,513,147,147,0,91,188,140,7,0,0,147,1,512
45312,45312,2048,0,1025,281,281,0,178,256,216,40,0,0,256,1,512
45312,45312,1024,0,513,142,142,0,95,186,135,7,0,0,142,1,512
45313,45312,2048,1,1025,279,279,0,176,256,219,37,0,0,256,1,512
45313,45312,1024,1,513,143,143,0,96,187,136,7,0,0,143,1,512
45440,45440,1024,0,513,138,138,0,85,187,130,8,0,0,138,1,512
45441,45440,1024,1,513,138,138,0,89,188,131,7,0,0,138,1,512
45568,45568,2048,0,1025,293,293,0,178,256,203,53,0,0,256,1,512
45568,45568,1024,0,513,137,136,0,93,187,134,3,0,0,137,1,512
45568,45568,4096,0,37,8,8,0,5,10,7,1,0,0,8,1,512
45569,45568,2048,1,1025,289,289,0,175,256,208,48,0,0,256,1,512
45569,45568,1024,1,513,136,135,0,91,186,133,3,0,0,136,1,512
45569,45568,4096,1,37,6,5,0,5,11,6,0,0,0,6,0,0
45696,45696,1024,0,513,138,137,0,82,184,132,6,0,0,138,1,512
45697,45696,1024,1,513,138,137,0,84,184,132,6,0,0,138,1,512
45824,45824,2048,0,1025,282,282,0,184,256,219,37,0,0,256,1,512
45824,45824,1024,0,513,139,138,0,88,179,129,10,0,0,139,1,512
45825,45824,2048,1,1025,281,281,0,182,256,212,44,0,0,256,1,512
45825,45824,1024,1,513,140,139,0,91,180,130,10,0,0,140,1,512
45952,45952,1024,0,513,134,133,0,86,180,128,6,0,0,134,1,512
45953,45952,1024,1,513,136,135,0,87,180,131,5,0,0,136,1,512
46080,46080,2048,0,1025,293,292,0,177,256,208,48,0,0,256,1,512
46080,46080,1024,0,513,140,139,0,92,181,133,7,0,0,140,1,512
46080,46080,4096,0,37,8,8,0,7,11,8,0,0,0,8,0,0
46081,46080,2048,1,1025,293,292,0,178,256,205,51,0,0,256,1,512
46081,46080,1024,1,513,141,140,0,92,180,134,7,0,0,141,1,512
46081,46080,4096,1,37,8,7,0,4,10,8,0,0,0,8,0,0
46208,46208,1024,0,513,142,141,0,78,179,134,8,0,0,142,1,512
46209,46208,1024,1,513,142,141,0,79,180,134,8,0,0,142,1,512
46336,46336,2048,0,1025,274,272,0,181,256,138,118,0,0,256,1,512
46336,46336,1024,0,513,136,135,0,82,182,129,7,0,0,136,1,512
46337,46336,2048,1,1025,273,272,0,180,256,130,126,0,0,256,1,512
46337,46336,1024,1,513,134,133,0,83,184,128,6,0,0,134,1,512
46464,46464,1024,0,513,140,139,0,78,179,134,6,0,0,140,1,512
46465,46464,1024,1,513,141,140,0,80,180,135,6,0,0,141,1,512
46592,46592,2048,0,1025,281,280,0,174,256,62,194,0,0,256,1,512
46592,46592,1024,0,513,137,136,0,85,181,126,11,0,0,137,1,512
46592,46592,4096,0,37,9,8,0,7,11,9,0,0,0,9,0,0
46593,46592,2048,1,1025,283,282,0,172,256,66,190,0,0,256,1,512
46593,46592,1024,1,513,137,136,0,85,182,126,11,0,0,137,1,512
46593,46592,4096,1,37,9,8,0,6,10,9,0,0,0,9,0,0
46720,46720,1024,0,513,137,136,0,89,189,134,3,0,0,137,1,512
46721,46720,1024,1,513,139,138,0,90,188,136,3,0,0,139,1,512
46848,46848,2048,0,1025,286,285,0,187,256,223,33,0,0,256,1,512
46848,46848,1024,0,513,140,139,0,75,183,130,10,0,0,140,1,512
46849,46848,2048,1,1025,283,282,0,188,256,227,29,0,0,256,1,512
46849,46848,1024,1,513,142,141,0,76,182,132,10,0,0,142,1,512
46976,46976,1024,0,513,139,139,0,93,187,135,4,0,0,139,1,512
46977,46976,1024,1,513,141,141,0,96,187,137,4,0,0,141,1,512
47104,47104,2048,0,1025,277,276,0,200,256,215,41,0,0,256,1,512
47104,47104,1024,0,513,145,145,0,88,178,136,9,0,0,145,1,512
47104,47104,4096,0,37,7,6,0,5,10,7,0,0,0,7,0,0
47105,47104,2048,1,1025,276,275,0,198,256,205,51,0,0,256,1,512
47105,47104,1024,1,513,144,144,0,92,181,138,6,0,0,144,1,512
47105,47104,4096,1,37,7,6,0,5,10,7,0,0,0,7,0,0
47232,47232,1024,0,513,138,138,0,77,181,128,10,0,0,138,1,512
47233,47232,1024,1,513,140,140,0,78,180,129,11,0,0,140,1,512
47360,47360,2048,0,1025,287,286,0,177,256,184,72,0,0,256,1,512
47360,47360,1024,0,513,142,142,0,92,186,133,9,0,0,142,1,512
47361,47360,2048,1,1025,286,285,0,177,256,188,68,0,0,256,1,512
47361,47360,1024,1,513,143,143,0,93,186,135,8,0,0,143,1,512
47488,47488,1024,0,513,137,136,0,78,187,129,8,0,0,137,1,512
47489,47488,1024,1,513,137,136,0,82,186,128,9,0,0,137,1,512
47616,47616,2048,0,1025,283,282,0,194,256,150,106,0,0,256,1,512
47616,47616,1024,0,513,144,144,0,85,192,131,13,0,0,144,1,512
47616,47616,4096,0,37,8,7,0,5,9,8,0,0,0,8,0,0
47617,47616,2048,1,1025,278,278,0,191,256,179,77,0,0,256,1,512
47617,47616,1024,1,513,145,145,0,87,192,133,12,0,0,145,1,512
47617,47616,4096,1,37,6,5,0,4,9,6,0,0,0,6,0,0
47744,47744,1024,0,513,143,142,0,94,194,138,5,0,0,143,1,512
47745,47744,1024,1,513,144,143,0,94,194,139,5,0,0,144,1,512
47872,47872,2048,0,1025,286,286,0,168,256,217,39,0,0,256,1,512
47872,47872,1024,0,513,139,139,0,84,189,132,7,0,0,139,1,512
47873,47872,2048,1,1025,286,286,0,164,256,183,73,0,0,256,1,512
47873,47872,1024,1,513,138,138,0,86,189,132,6,0,0,138,1,512
48000,48000,1024,0,513,142,142,0,81,181,134,8,0,0,142,1,512
48001,48000,1024,1,513,139,139,0,80,180,131,8,0,0,139,1,512
48128,48128,2048,0,1025,287,286,0,178,256,190,66,0,0,256,1,512
48128,48128,1024,0,513,133,133,0,92,185,130,3,0,0,133,1,512
48128,48128,4096,0,37,10,10,0,6,9,7,3,0,0,10,1,512
48129,48128,2048,1,1025,287,286,0,176,256,172,84,0,0,256,1,512
48129,48128,1024,1,513,134,134,0,91,184,131,3,0,0,134,1,512
48129,48128,4096,1,37,7,6,0,4,9,7,0,0,0,7,0,0
48256,48256,1024,0,513,130,130,0,78,181,123,7,0,0,130,1,512
48257,48256,1024,1,513,129,129,0,80,180,122,7,0,0,129,1,512
48384,48384,2048,0,1025,290,290,0,184,256,192,64,0,0,256,1,512
48384,48384,1024,0,513,130,130,0,80,179,123,7,0,0,130,1,512
48385,48384,2048,1,1025,286,286,0,181,256,216,40,0,0,256,1,512
48385,48384,1024,1,513,131,131,0,80,178,124,7,0,0,131,1,512
48512,48512,1024,0,513,136,136,0,68,177,127,9,0,0,136,1,512
48513,48512,1024,1,513,138,138,0,72,175,129,9,0,0,138,1,512
48640,48640,2048,0,1025,290,290,0,178,256,202,54,0,0,256,1,512
48640,48640,1024,0,513,132,132,0,81,177,123,9,0,0,132,1,512
48640,48640,4096,0,37,8,8,0,4,12,8,0,0,0,8,0,0
48641,48640,2048,1,1025,289,289,0,175,256,165,91,0,0,256,1,512
48641,48640,1024,1,513,133,133,0,84,175,124,9,0,0,133,1,512
48641,48640,4096,1,37,9,8,0,5,9,8,1,0,0,9,1,512
48768,48768,1024,0,513,140,140,0,94,177,132,8,0,0,140,1,512
48769,48768,1024,1,513,140,140,0,92,176,133,7,0,0,140,1,512
48896,48896,2048,0,1025,282,282,0,189,256,201,55,0,0,256,1,512
48896,48896,1024,0,513,141,140,0,81,179,131,10,0,0,141,1,512
48897,48896,2048,1,1025,281,281,0,189,256,202,54,0,0,256,1,512
48897,48896,1024,1,513,140,139,0,83,177,130,10,0,0,140,1,512
49024,49024,1024,0,513,146,145,0,94,182,138,8,0,0,146,1,512
49025,49024,1024,1,513,144,143,0,94,181,136,8,0,0,144,1,512
49152,49152,2048,0,1025,278,278,0,169,256,182,74,0,0,256,1,512
49152,49152,1024,0,513,140,139,0,91,185,132,8,0,0,140,1,512
49152,49152,4096,0,37,7,7,0,5,12,7,0,0,0,7,0,0
49153,49152,2048,1,1025,278,278,0,167,256,155,101,0,0,256,1,512
49153,49152,1024,1,513,139,138,0,91,184,131,8,0,0,139,1,512
49153,49152,4096,1,37,9,9,0,6,10,9,0,0,0,9,0,0
49280,49280,1024,0,513,135,134,0,83,187,130,5,0,0,135,1,512
49281,49280,1024,1,513,135,134,0,85,185,130,5,0,0,135,1,512
49408,49408,2048,0,1025,273,273,0,166,256,121,135,0,0,256,1,512
49408,49408,1024,0,513,139,138,0,76,183,133,6,0,0,139,1,512
49409,49408,2048,1,1025,270,270,0,164,256,124,132,0,0,256,1,512
49409,49408,1024,1,513,140,139,0,76,181,134,6,0,0,140,1,512
49536,49536,1024,0,513,144,143,0,90,183,133,11,0,0,144,1,512
49537,49536,1024,1,513,146,145,0,92,182,135,11,0,0,146,1,512
49664,49664,2048,0,1025,282,280,0,168,256,178,78,0,0,256,1,512
49664,49664,1024,0,513,140,139,0,97,186,136,4,0,0,140,1,512
49664,49664,4096,0,37,7,6,0,6,12,7,0,0,0,7,0,0
49665,49664,2048,1,1025,281,280,0,164,256,172,84,0,0,256,1,512
49665,49664,1024,1,513,138,137,0,100,186,135,3,0,0,138,1,512
49665,49664,4096,1,37,6,5,0,4,10,6,0,0,0,6,0,0
49792,49792,1024,0,513,135,135,0,80,183,129,6,0,0,135,1,512
49793,49792,1024,1,513,134,134,0,81,182,128,6,0,0,134,1,512
49920,49920,2048,0,1025,276,275,0,169,256,116,140,0,0,256,1,512
49920,49920,1024,0,513,139,139,0,85,184,127,12,0,0,139,1,512
49921,49920,2048,1,1025,275,274,0,168,256,107,149,0,0,256,1,512
49921,49920,1024,1,513,137,137,0,86,183,126,11,0,0,137,1,512
50048,50048,1024,0,513,142,142,0,91,188,132,10,0,0,142,1,512
50049,50048,1024,1,513,145,145,0,93,187,135,10,0,0,145,1,512
50176,50176,2048,0,1025,265,265,0,161,256,180,76,0,0,256,1,512
50176,50176,1024,0,513,139,138,0,84,190,134,5,0,0,139,1,512
50176,50176,4096,0,37,6,6,0,6,12,6,0,0,0,6,0,0
50177,50176,2048,1,1025,264,264,0,158,256,192,64,0,0,256,1,512
50177,50176,1024,1,513,140,139,0,85,189,135,5,0,0,140,1,512
50177,50176,4096,1,37,8,8,0,4,10,8,0,0,0,8,0,0
50304,50304,1024,0,513,139,138,0,82,185,132,7,0,0,139,1,512
50305,50304,1024,1,513,141,140,0,84,185,133,8,0,0,141,1,512
50432,50432,2048,0,1025,276,276,0,166,256,213,43,0,0,256,1,512
50432,50432,1024,0,513,139,138,0,89,185,132,7,0,0,139,1,512
50433,50432,2048,1,1025,274,274,0,166,256,215,41,0,0,256,1,512
50433,50432,1024,1,513,140,139,0,91,186,133,7,0,0,140,1,512
50560,50560,1024,0,513,137,136,0,96,181,131,6,0,0,137,1,512
50561,50560,1024,1,513,136,135,0,99,184,132,4,0,0,136,1,512
50688,50688,2048,0,1025,278,278,0,172,256,183,73,0,0,256,1,512
50688,50688,1024,0,513,134,133,0,77,182,126,8,0,0,134,1,512
50688,50688,4096,0,37,7,7,0,5,9,7,0,0,0,7,0,0
50689,50688,2048,1,1025,279,279,0,174,256,170,86,0,0,256,1,512
50689,50688,1024,1,513,134,133,0,77,182,126,8,0,0,134,1,512
50689,50688,4096,1,37,7,7,0,6,10,7,0,0,0,7,0,0
50816,50816,1024,0,513,141,140,0,82,185,129,12,0,0,141,1,512
50817,50816,1024,1,513,140,139,0,82,185,128,12,0,0,140,1,512
50944,50944,2048,0,1025,279,278,0,168,256,169,87,0,0,256,1,512
50944,50944,1024,0,513,144,143,0,94,182,137,7,0,0,144,1,512
50945,50944,2048,1,1025,278,277,0,166,256,172,84,0,0,256,1,512
50945,50944,1024,1,513,147,146,0,97,181,139,8,0,0,147,1,512
51072,51072,1024,0,513,142,141,0,77,185,135,7,0,0,142,1,512
51073,51072,1024,1,513,142,141,0,78,185,134,8,0,0,142,1,512
51200,51200,2048,0,1025,289,288,0,180,256,220,36,0,0,256,1,512
51200,51200,1024,0,513,139,138,0,89,183,134,5,0,0,139,1,512
51200,51200,4096,0,37,8,7,0,7,8,8,0,0,0,8,0,0
51201,51200,2048,1,1025,289,288,0,178,256,212,44,0,0,256,1,512
51201,51200,1024,1,513,141,140,0,91,183,135,6,0,0,141,1,512
51201,51200,4096,1,37,7,6,0,6,10,7,0,0,0,7,0,0
51328,51328,1024,0,513,142,141,0,88,183,135,7,0,0,142,1,512
51329,51328,1024,1,513,142,141,0,89,184,136,6,0,0,142,1,512
51456,51456,2048,0,1025,294,293,0,203,256,193,63,0,0,256,1,512
51456,51456,1024,0,513,137,136,0,95,185,131,6,0,0,137,1,512
51457,51456,2048,1,1025,294,293,0,200,256,189,67,0,0,256,1,512
51457,51456,1024,1,513,138,137,0,98,186,133,5,0,0,138,1,512
51584,51584,1024,0,513,144,143,0,86,179,132,12,0,0,144,1,512
51585,51584,1024,1,513,145,144,0,86,179,133,12,0,0,145,1,512
51712,51712,2048,0,1025,276,275,0,174,256,156,100,0,0,256,1,512
51712,51712,1024,0,513,146,146,0,90,185,140,6,0,0,146,1,512
51712,51712,4096,0,37,10,9,0,4,8,8,2,0,0,10,1,512
51713,51712,2048,1,1025,275,274,0,173,256,163,93,0,0,256,1,512
51713,51712,1024,1,513,145,145,0,91,185,140,5,0,0,145,1,512
51713,51712,4096,1,37,9,9,0,5,10,8,1,0,0,9,1,512
51840,51840,1024,0,513,131,131,0,87,188,126,5,0,0,131,1,512
51841,51840,1024,1,513,132,132,0,85,187,127,5,0,0,132,1,512
51968,51968,2048,0,1025,285,284,0,187,256,208,48,0,0,256,1,512
51968,51968,1024,0,513,147,147,0,85,186,132,15,0,0,147,1,512
51969,51968,2048,1,1025,284,283,0,182,256,207,49,0,0,256,1,512
51969,51968,1024,1,513,148,148,0,87,187,135,13,0,0,148,1,512
52096,52096,1024,0,513,152,152,0,102,196,144,8,0,0,152,1,512
52097,52096,1024,1,513,152,152,0,105,195,143,9,0,0,152,1,512
52224,52224,2048,0,1025,277,276,0,181,256,213,43,0,0,256,1,512
52224,52224,1024,0,513,133,133,0,90,196,132,1,0,0,133,1,512
52224,52224,4096,0,37,8,7,0,4,10,8,0,0,0,8,0,0
52225,52224,2048,1,1025,277,277,0,179,256,208,48,0,0,256,1,512
52225,52224,1024,1,513,133,133,0,90,196,132,1,0,0,133,1,512
52225,52224,4096,1,37,8,7,0,6,11,8,0,0,0,8,0,0
52352,52352,1024,0,513,134,134,0,69,184,125,9,0,0,134,1,512
52353,52352,1024,1,513,135,135,0,72,184,126,9,0,0,135,1,512
52480,52480,2048,0,1025,272,272,0,165,256,209,47,0,0,256,1,512
52480,52480,1024,0,513,139,139,0,84,186,130,9,0,0,139,1,512
52481,52480,2048,1,1025,274,273,0,165,256,185,71,0,0,256,1,512
52481,52480,1024,1,513,140,140,0,86,186,131,9,0,0,140,1,512
52608,52608,1024,0,513,141,140,0,88,192,136,5,0,0,141,1,512
52609,52608,1024,1,513,140,139,0,88,193,135,5,0,0,140,1,512
52736,52736,2048,0,1025,290,290,0,185,256,187,69,0,0,256,1,512
52736,52736,1024,0,513,135,134,0,84,189,127,8,0,0,135,1,512
52736,52736,4096,0,37,7,7,0,5,10,7,0,0,0,7,0,0
52737,52736,2048,1,1025,289,289,0,184,256,191,65,0,0,256,1,512
52737,52736,1024,1,513,135,134,0,85,189,126,9,0,0,135,1,512
52737,52736,4096,1,37,8,8,0,5,11,8,0,0,0,8,0,0
52864,52864,1024,0,513,148,147,0,84,190,138,10,0,0,148,1,512
52865,52864,1024,1,513,148,147,0,84,191,138,10,0,0,148,1,512
52992,52992,2048,0,1025,291,291,0,198,256,147,109,0,0,256,1,512
52992,52992,1024,0,513,148,147,0,98,189,143,5,0,0,148,1,512
52993,52992,2048,1,1025,289,289,0,196,256,156,100,0,0,256,1,512
52993,52992,1024,1,513,148,147,0,99,190,143,5,0,0,148,1,512
53120,53120,1024,0,513,141,140,0,100,185,137,4,0,0,141,1,512
53121,53120,1024,1,513,142,141,0,100,185,138,4,0,0,142,1,512
53248,53248,2048,0,1025,289,287,0,168,256,184,72,0,0,256,1,512
53248,53248,1024,0,513,129,129,0,88,183,126,3,0,0,129,1,512
53248,53248,4096,0,37,8,8,0,6,10,8,0,0,0,8,0,0
53249,53248,2048,1,1025,286,285,0,169,256,197,59,0,0,256,1,512
53249,53248,1024,1,513,129,129,0,93,184,127,2,0,0,129,1,512
53249,53248,4096,1,37,8,7,0,4,10,8,0,0,0,8,0,0
53376,53376,1024,0,513,138,138,0,91,179,130,8,0,0,138,1,512
53377,53376,1024,1,513,137,137,0,89,179,129,8,0,0,137,1,512
53504,53504,2048,0,1025,271,271,0,179,256,196,60,0,0,256,1,512
53504,53504,1024,0,513,144,144,0,84,180,136,8,0,0,144,1,512
53505,53504,2048,1,1025,270,270,0,177,256,185,71,0,0,256,1,512
53505,53504,1024,1,513,144,144,0,86,180,137,7,0,0,144,1,512
53632,53632,1024,0,513,148,147,0,98,178,141,7,0,0,148,1,512
53633,53632,1024,1,513,148,147,0,100,177,141,7,0,0,148,1,512
53760,53760,2048,0,1025,280,280,0,187,256,202,54,0,0,256,1,512
53760,53760,1024,0,513,136,135,0,92,177,130,6,0,0,136,1,512
53760,53760,4096,0,37,9,9,0,6,10,9,0,0,0,9,0,0
53761,53760,2048,1,1025,276,276,0,185,256,224,32,0,0,256,1,512
53761,53760,1024,1,513,138,137,0,92,176,133,5,0,0,138,1,512
53761,53760,4096,1,37,7,7,0,6,10,7,0,0,0,7,0,0
53888,53888,1024,0,513,142,141,0,92,183,135,7,0,0,142,1,512
53889,53888,1024,1,513,144,143,0,93,180,134,10,0,0,144,1,512
54016,54016,2048,0,1025,285,285,0,190,256,110,146,0,0,256,1,512
54016,54016,1024,0,513,140,139,0,88,184,128,12,0,0,140,1,512
54017,54016,2048,1,1025,284,284,0,188,256,110,146,0,0,256,1,512
54017,54016,1024,1,513,139,138,0,89,184,130,9,0,0,139,1,512
54144,54144,1024,0,513,145,144,0,84,192,135,10,0,0,145,1,512
54145,54144,1024,1,513,144,143,0,83,190,135,9,0,0,144,1,512
54272,54272,2048,0,1025,292,291,0,187,256,219,37,0,0,256,1,512
54272,54272,1024,0,513,147,146,0,91,190,143,4,0,0,147,1,512
54272,54272,4096,0,37,8,8,0,4,10,7,1,0,0,8,1,512
54273,54272,2048,1,1025,291,290,0,187,256,214,42,0,0,256,1,512
54273,54272,1024,1,513,147,146,0,90,189,143,4,0,0,147,1,512
54273,54272,4096,1,37,7,7,0,6,10,7,0,0,0,7,0,0
54400,54400,1024,0,513,147,146,0,89,189,138,9,0,0,147,1,512
54401,54400,1024,1,513,145,144,0,87,187,136,9,0,0,145,1,512
54528,54528,2048,0,1025,283,282,0,182,256,172,84,0,0,256,1,512
54528,54528,1024,0,513,143,142,0,89,190,136,7,0,0,143,1,512
54529,54528,2048,1,1025,280,279,0,182,256,176,80,0,0,256,1,512
54529,54528,1024,1,513,145,144,0,89,188,136,9,0,0,145,1,512
54656,54656,1024,0,513,138,138,0,84,190,132,6,0,0,138,1,512
54657,54656,1024,1,513,140,140,0,86,190,134,6,0,0,140,1,512
54784,54784,2048,0,1025,285,284,0,173,256,213,43,0,0,256,1,512
54784,54784,1024,0,513,138,138,0,88,190,131,7,0,0,138,1,512
54784,54784,4096,0,37,7,7,0,6,11,7,0,0,0,7,0,0
54785,54784,2048,1,1025,283,282,0,170,256,211,45,0,0,256,1,512
54785,54784,1024,1,513,140,140,0,90,190,133,7,0,0,140,1,512
54785,54784,4096,1,37,6,5,0,4,10,5,1,0,0,6,1,512
54912,54912,1024,0,513,140,140,0,90,190,134,6,0,0,140,1,512
54913,54912,1024,1,513,139,139,0,93,191,134,5,0,0,139,1,512
55040,55040,2048,0,1025,292,290,0,181,256,152,104,0,0,256,1,512
55040,55040,1024,0,513,135,135,0,90,187,130,5,0,0,135,1,512
55041,55040,2048,1,1025,290,288,0,180,256,164,92,0,0,256,1,512
55041,55040,1024,1,513,134,134,0,88,186,128,6,0,0,134,1,512
55168,55168,1024,0,513,129,129,0,85,180,126,3,0,0,129,1,512
55169,55168,1024,1,513,129,129,0,87,180,126,3,0,0,129,1,512
55296,55296,2048,0,1025,273,272,0,201,256,217,39,0,0,256,1,512
55296,55296,1024,0,513,138,138,0,85,174,125,13,0,0,138,1,512
55296,55296,4096,0,37,7,6,0,5,11,7,0,0,0,7,0,0
55297,55296,2048,1,1025,272,271,0,198,256,184,72,0,0,256,1,512
55297,55296,1024,1,513,140,140,0,87,174,127,13,0,0,140,1,512
55297,55296,4096,1,37,8,8,0,5,10,7,1,0,0,8,1,512
55424,55424,1024,0,513,138,138,0,83,177,125,13,0,0,138,1,512
55425,55424,1024,1,513,137,137,0,85,178,126,11,0,0,137,1,512
55552,55552,2048,0,1025,281,281,0,165,256,159,97,0,0,256,1,512
55552,55552,1024,0,513,134,134,0,94,178,131,3,0,0,134,1,512
55553,55552,2048,1,1025,281,281,0,163,256,143,113,0,0,256,1,512
55553,55552,1024,1,513,136,136,0,93,177,133,3,0,0,136,1,512
55680,55680,1024,0,513,133,133,0,77,176,125,8,0,0,133,1,512
55681,55680,1024,1,513,133,133,0,77,175,125,8,0,0,133,1,512
55808,55808,2048,0,1025,283,283,0,173,256,172,84,0,0,256,1,512
55808,55808,1024,0,513,140,140,0,82,179,129,11,0,0,140,1,512
55808,55808,4096,0,37,7,6,0,5,10,7,0,0,0,7,0,0
55809,55808,2048,1,1025,283,282,0,172,256,162,94,0,0,256,1,512
55809,55808,1024,1,513,140,140,0,84,179,130,10,0,0,140,1,512
55809,55808,4096,1,37,6,6,0,6,10,6,0,0,0,6,0,0
55936,55936,1024,0,513,141,141,0,95,184,130,11,0,0,141,1,512
55937,55936,1024,1,513,140,140,0,96,184,130,10,0,0,140,1,512
56064,56064,2048,0,1025,285,285,0,180,256,149,107,0,0,256,1,512
56064,56064,1024,0,513,143,143,0,86,187,139,4,0,0,143,1,512
56065,56064,2048,1,1025,284,284,0,179,256,148,108,0,0,256,1,512
56065,56064,1024,1,513,140,140,0,82,186,136,4,0,0,140,1,512
56192,56192,1024,0,513,140,139,0,86,183,134,6,0,0,140,1,512
56193,56192,1024,1,513,139,138,0,88,181,134,5,0,0,139,1,512
56320,56320,2048,0,1025,285,285,0,171,256,201,55,0,0,256,1,512
56320,56320,1024,0,513,143,142,0,102,181,136,7,0,0,143,1,512
56320,56320,4096,0,37,7,7,0,6,9,7,0,0,0,7,0,0
56321,56320,2048,1,1025,282,282,0,170,256,216,40,0,0,256,1,512
56321,56320,1024,1,513,142,141,0,100,178,136,6,0,0,142,1,512
56321,56320,4096,1,37,6,6,0,4,10,6,0,0,0,6,0,0
56448,56448,1024,0,513,143,142,0,90,180,135,8,0,0,143,1,512
56449,56448,1024,1,513,143,142,0,88,176,134,9,0,0,143,1,512
56576,56576,2048,0,1025,286,285,0,185,256,184,72,0,0,256,1,512
56576,56576,1024,0,513,139,138,0,90,184,132,7,0,0,139,1,512
56577,56576,2048,1,1025,284,284,0,184,256,184,72,0,0,256,1,512
56577,56576,1024,1,513,140,139,0,90,182,133,7,0,0,140,1,512
56704,56704,1024,0,513,140,139,0,82,182,131,9,0,0,140,1,512
56705,56704,1024,1,513,138,137,0,84,182,131,7,0,0,138,1,512
56832,56832,2048,0,1025,282,282,0,177,256,187,69,0,0,256,1,512
56832,56832,1024,0,513,141,140,0,85,185,134,7,0,0,141,1,512
56832,56832,4096,0,37,8,8,0,7,9,7,1,0,0,8,1,512
56833,56832,2048,1,1025,283,283,0,177,256,172,84,0,0,256,1,512
56833,56832,1024,1,513,142,141,0,86,184,135,7,0,0,142,1,512
56833,56832,4096,1,37,6,6,0,4,10,6,0,0,0,6,0,0
56960,56960,1024,0,513,133,132,0,77,185,127,6,0,0,133,1,512
56961,56960,1024,1,513,137,136,0,80,184,131,6,0,0,137,1,512
57088,57088,2048,0,1025,278,277,0,175,256,218,38,0,0,256,1,512
57088,57088,1024,0,513,144,143,0,88,185,137,7,0,0,144,1,512
57089,57088,2048,1,1025,277,276,0,173,256,221,35,0,0,256,1,512
57089,57088,1024,1,513,145,144,0,93,184,138,7,0,0,145,1,512
57216,57216,1024,0,513,149,148,0,95,185,141,8,0,0,149,1,512
57217,57216,1024,1,513,151,150,0,97,185,145,6,0,0,151,1,512
57344,57344,2048,0,1025,283,282,0,184,256,209,47,0,0,256,1,512
57344,57344,1024,0,513,145,144,0,105,183,138,7,0,0,145,1,512
57344,57344,4096,0,37,9,8,0,6,9,7,2,0,0,9,1,512
57345,57344,2048,1,1025,281,280,0,183,256,209,47,0,0,256,1,512
57345,57344,1024,1,513,147,146,0,106,183,140,7,0,0,147,1,512
57345,57344,4096,1,37,8,8,0,5,10,8,0,0,0,8,0,0
57472,57472,1024,0,513,136,135,0,81,182,128,8,0,0,136,1,512
57473,57472,1024,1,513,137,136,0,82,183,129,8,0,0,137,1,512
57600,57600,2048,0,1025,280,279,0,185,256,173,83,0,0,256,1,512
57600,57600,1024,0,513,140,140,0,90,187,133,7,0,0,140,1,512
57601,57600,2048,1,1025,277,276,0,181,256,178,78,0,0,256,1,512
57601,57600,1024,1,513,140,140,0,91,188,133,7,0,0,140,1,512
57728,57728,1024,0,513,142,142,0,86,188,138,4,0,0,142,1,512
57729,57728,1024,1,513,140,140,0,86,190,136,4,0,0,140,1,512
57856,57856,2048,0,1025,280,279,0,183,256,200,56,0,0,256,1,512
57856,57856,1024,0,513,137,137,0,86,184,129,8,0,0,137,1,512
57856,57856,4096,0,37,9,8,0,7,11,9,0,0,0,9,0,0
57857,57856,2048,1,1025,279,278,0,182,256,197,59,0,0,256,1,512
57857,57856,1024,1,513,135,135,0,86,187,129,6,0,0,135,1,512
57857,57856,4096,1,37,8,7,0,5,10,7,1,0,0,8,1,512
57984,57984,1024,0,513,137,137,0,85,183,128,9,0,0,137,1,512
57985,57984,1024,1,513,137,137,0,86,184,130,7,0,0,137,1,512
58112,58112,2048,0,1025,275,274,0,158,256,157,99,0,0,256,1,512
58112,58112,1024,0,513,141,141,0,86,186,132,9,0,0,141,1,512
58113,58112,2048,1,1025,273,272,0,159,256,168,88,0,0,256,1,512
58113,58112,1024,1,513,141,141,0,87,185,132,9,0,0,141,1,512
58240,58240,1024,0,513,137,136,0,83,192,132,5,0,0,137,1,512
58241,58240,1024,1,513,140,139,0,84,191,135,5,0,0,140,1,512
58368,58368,2048,0,1025,282,281,0,171,256,143,113,0,0,256,1,512
58368,58368,1024,0,513,138,137,0,82,187,129,9,0,0,138,1,512
58368,58368,4096,0,37,10,9,0,6,11,8,2,0,0,10,1,512
58369,58368,2048,1,1025,278,278,0,168,256,171,85,0,0,256,1,512
58369,58368,1024,1,513,139,138,0,85,186,131,8,0,0,139,1,512
58369,58368,4096,1,37,8,8,0,6,11,7,1,0,0,8,1,512
58496,58496,1024,0,513,143,142,0,88,185,133,10,0,0,143,1,512
58497,58496,1024,1,513,142,141,0,89,185,132,10,0,0,142,1,512
58624,58624,2048,0,1025,301,301,0,179,256,215,41,0,0,256,1,512
58624,58624,1024,0,513,134,133,0,80,185,126,8,0,0,134,1,512
58625,58624,2048,1,1025,301,301,0,176,256,175,81,0,0,256,1,512
58625,58624,1024,1,513,134,133,0,80,185,126,8,0,0,134,1,512
58752,58752,1024,0,513,141,141,0,84,185,133,8,0,0,141,1,512
58753,58752,1024,1,513,139,139,0,85,184,131,8,0,0,139,1,512
58880,58880,2048,0,1025,283,283,0,184,256,201,55,0,0,256,1,512
58880,58880,1024,0,513,144,144,0,101,184,135,9,0,0,144,1,512
58880,58880,4096,0,37,8,8,0,5,13,8,0,0,0,8,0,0
58881,58880,2048,1,1025,283,283,0,185,256,195,61,0,0,256,1,512
58881,58880,1024,1,513,145,145,0,101,184,137,8,0,0,145,1,512
58881,58880,4096,1,37,9,8,0,7,12,8,1,0,0,9,1,512
59008,59008,1024,0,513,141,141,0,100,188,134,7,0,0,141,1,512
59009,59008,1024,1,513,142,142,0,101,187,135,7,0,0,142,1,512
59136,59136,2048,0,1025,273,273,0,168,256,193,63,0,0,256,1,512
59136,59136,1024,0,513,135,135,0,83,182,128,7,0,0,135,1,512
59137,59136,2048,1,1025,273,273,0,166,256,191,65,0,0,256,1,512
59137,59136,1024,1,513,136,136,0,84,181,129,7,0,0,136,1,512
59264,59264,1024,0,513,140,140,0,92,180,128,12,0,0,140,1,512
59265,59264,1024,1,513,139,139,0,94,179,128,11,0,0,139,1,512
59392,59392,2048,0,1025,288,288,0,172,256,158,98,0,0,256,1,512
59392,59392,1024,0,513,141,141,0,89,189,135,6,0,0,141,1,512
59392,59392,4096,0,37,8,8,0,5,12,8,0,0,0,8,0,0
59393,59392,2048,1,1025,287,287,0,171,256,175,81,0,0,256,1,512
59393,59392,1024,1,513,141,141,0,90,187,136,5,0,0,141,1,512
59393,59392,4096,1,37,8,8,0,5,13,8,0,0,0,8,0,0
59520,59520,1024,0,513,148,148,0,94,188,137,11,0,0,148,1,512
59521,59520,1024,1,513,148,148,0,95,186,137,11,0,0,148,1,512
59648,59648,2048,0,1025,277,277,0,182,256,207,49,0,0,256,1,512
59648,59648,1024,0,513,139,138,0,88,185,132,7,0,0,139,1,512
59649,59648,2048,1,1025,276,276,0,181,256,207,49,0,0,256,1,512
59649,59648,1024,1,513,140,139,0,92,184,133,7,0,0,140,1,512
59776,59776,1024,0,513,143,142,0,88,185,133,10,0,0,143,1,512
59777,59776,1024,1,513,143,142,0,87,184,133,10,0,0,143,1,512
59904,59904,2048,0,1025,269,269,0,164,256,204,52,0,0,256,1,512
59904,59904,1024,0,513,144,143,0,90,188,135,9,0,0,144,1,512
59904,59904,4096,0,37,7,7,0,7,12,7,0,0,0,7,0,0
59905,59904,2048,1,1025,269,269,0,162,256,202,54,0,0,256,1,512
59905,59904,1024,1,513,145,144,0,92,187,136,9,0,0,145,1,512
59905,59904,4096,1,37,8,8,0,8,13,8,0,0,0,8,0,0
60032,60032,1024,0,513,136,135,0,81,190,129,7,0,0,136,1,512
60033,60032,1024,1,513,138,137,0,82,189,131,7,0,0,138,1,512
60160,60160,2048,0,1025,274,274,0,179,256,208,48,0,0,256,1,512
60160,60160,1024,0,513,143,142,0,88,186,135,8,0,0,143,1,512
60161,60160,2048,1,1025,275,275,0,178,256,200,56,0,0,256,1,512
60161,60160,1024,1,513,143,142,0,91,187,135,8,0,0,143,1,512
60288,60288,1024,0,513,131,131,0,91,185,128,3,0,0,131,1,512
60289,60288,1024,1,513,131,131,0,91,186,128,3,0,0,131,1,512
60416,60416,2048,0,1025,281,280,0,190,256,215,41,0,0,256,1,512
60416,60416,1024,0,513,134,134,0,87,181,126,8,0,0,134,1,512
60416,60416,4096,0,37,8,8,0,6,11,7,1,0,0,8,1,512
60417,60416,2048,1,1025,281,280,0,188,256,217,39,0,0,256,1,512
60417,60416,1024,1,513,133,133,0,85,182,125,8,0,0,133,1,512
60417,60416,4096,1,37,7,6,0,5,12,7,0,0,0,7,0,0
60544,60544,1024,0,513,147,147,0,90,176,134,13,0,0,147,1,512
60545,60544,1024,1,513,147,147,0,93,177,135,12,0,0,147,1,512
60672,60672,2048,0,1025,284,283,0,170,256,168,88,0,0,256,1,512
60672,60672,1024,0,513,140,140,0,92,185,135,5,0,0,140,1,512
60673,60672,2048,1,1025,282,281,0,169,256,189,67,0,0,256,1,512
60673,60672,1024,1,513,141,141,0,94,185,135,6,0,0,141,1,512
60800,60800,1024,0,513,148,148,0,94,182,138,10,0,0,148,1,512
60801,60800,1024,1,513,149,149,0,97,183,139,10,0,0,149,1,512
60928,60928,2048,0,1025,275,274,0,175,256,159,97,0,0,256,1,512
60928,60928,1024,0,513,138,138,0,88,185,132,6,0,0,138,1,512
60928,60928,4096,0,37,7,7,0,5,10,7,0,0,0,7,0,0
60929,60928,2048,1,1025,274,273,0,172,256,148,108,0,0,256,1,512
60929,60928,1024,1,513,139,139,0,91,185,133,6,0,0,139,1,512
60929,60928,4096,1,37,7,7,0,5,12,7,0,0,0,7,0,0
61056,61056,1024,0,513,141,141,0,93,186,134,7,0,0,141,1,512
61057,61056,1024,1,513,141,141,0,93,186,135,6,0,0,141,1,512
61184,61184,2048,0,1025,275,274,0,191,256,136,120,0,0,256,1,512
61184,61184,1024,0,513,142,142,0,84,181,132,10,0,0,142,1,512
61185,61184,2048,1,1025,275,274,0,192,256,117,139,0,0,256,1,512
61185,61184,1024,1,513,144,144,0,86,181,134,10,0,0,144,1,512
61312,61312,1024,0,513,144,144,0,92,186,135,9,0,0,144,1,512
61313,61312,1024,1,513,145,145,0,92,186,136,9,0,0,145,1,512
61440,61440,2048,0,1025,277,276,0,173,256,99,157,0,0,256,1,512
61440,61440,1024,0,513,139,139,0,89,184,133,6,0,0,139,1,512
61440,61440,4096,0,37,6,6,0,6,10,6,0,0,0,6,0,0
61441,61440,2048,1,1025,275,274,0,172,256,110,146,0,0,256,1,512
61441,61440,1024,1,513,138,138,0,90,184,133,5,0,0,138,1,512
61441,61440,4096,1,37,6,6,0,5,12,6,0,0,0,6,0,0
61568,61568,1024,0,513,147,147,0,91,181,137,10,0,0,147,1,512
61569,61568,1024,1,513,147,147,0,93,180,137,10,0,0,147,1,512
61696,61696,2048,0,1025,279,278,0,162,256,216,40,0,0,256,1,512
61696,61696,1024,0,513,139,138,0,94,182,135,4,0,0,139,1,512
61697,61696,2048,1,1025,278,277,0,162,256,222,34,0,0,256,1,512
61697,61696,1024,1,513,140,139,0,98,181,135,5,0,0,140,1,512
61824,61824,1024,0,513,138,137,0,95,179,131,7,0,0,138,1,512
61825,61824,1024,1,513,138,137,0,94,179,132,6,0,0,138,1,512
61952,61952,2048,0,1025,289,287,0,178,256,166,90,0,0,256,1,512
61952,61952,1024,0,513,141,141,0,81,181,136,5,0,0,141,1,512
61952,61952,4096,0,37,8,8,0,5,10,8,0,0,0,8,0,0
61953,61952,2048,1,1025,290,289,0,178,256,150,106,0,0,256,1,512
61953,61952,1024,1,513,142,142,0,82,181,136,6,0,0,142,1,512
61953,61952,4096,1,37,8,7,0,5,10,8,0,0,0,8,0,0
62080,62080,1024,0,513,137,137,0,88,181,130,7,0,0,137,1,512
62081,62080,1024,1,513,137,137,0,89,182,131,6,0,0,137,1,512
62208,62208,2048,0,1025,286,286,0,185,256,188,68,0,0,256,1,512
62208,62208,1024,0,513,138,138,0,80,182,132,6,0,0,138,1,512
62209,62208,2048,1,1025,285,285,0,185,256,202,54,0,0,256,1,512
62209,62208,1024,1,513,141,141,0,82,182,135,6,0,0,141,1,512
62336,62336,1024,0,513,143,143,0,87,186,131,12,0,0,143,1,512
62337,62336,1024,1,513,144,144,0,88,185,131,13,0,0,144,1,512
62464,62464,2048,0,1025,286,285,0,173,256,181,75,0,0,256,1,512
62464,62464,1024,0,513,142,142,0,76,189,133,9,0,0,142,1,512
62464,62464,4096,0,37,7,7,0,6,10,7,0,0,0,7,0,0
62465,62464,2048,1,1025,285,284,0,171,256,176,80,0,0,256,1,512
62465,62464,1024,1,513,143,143,0,78,190,134,9,0,0,143,1,512
62465,62464,4096,1,37,6,6,0,4,9,6,0,0,0,6,0,0
62592,62592,1024,0,513,140,140,0,85,188,130,10,0,0,140,1,512
62593,62592,1024,1,513,141,141,0,86,189,131,10,0,0,141,1,512
62720,62720,2048,0,1025,291,290,0,179,256,208,48,0,0,256,1,512
62720,62720,1024,0,513,149,149,0,99,191,142,7,0,0,149,1,512
62721,62720,2048,1,1025,290,289,0,178,256,214,42,0,0,256,1,512
62721,62720,1024,1,513,148,148,0,102,193,142,6,0,0,148,1,512
62848,62848,1024,0,513,147,147,0,96,189,137,10,0,0,147,1,512
62849,62848,1024,1,513,146,146,0,94,190,137,9,0,0,146,1,512
62976,62976,2048,0,1025,278,277,0,194,256,183,73,0,0,256,1,512
62976,62976,1024,0,513,140,140,0,98,190,136,4,0,0,140,1,512
62976,62976,4096,0,37,7,7,0,7,10,7,0,0,0,7,0,0
62977,62976,2048,1,1025,278,277,0,192,256,178,78,0,0,256,1,512
62977,62976,1024,1,513,141,141,0,98,189,137,4,0,0,141,1,512
62977,62976,4096,1,37,8,8,0,6,9,7,1,0,0,8,1,512
63104,63104,1024,0,513,135,135,0,84,188,128,7,0,0,135,1,512
63105,63104,1024,1,513,135,135,0,86,187,129,6,0,0,135,1,512
63232,63232,2048,0,1025,283,283,0,185,256,209,47,0,0,256,1,512
63232,63232,1024,0,513,144,144,0,86,189,137,7,0,0,144,1,512
63233,63232,2048,1,1025,282,282,0,183,256,208,48,0,0,256,1,512
63233,63232,1024,1,513,144,144,0,90,187,138,6,0,0,144,1,512
63360,63360,1024,0,513,136,136,0,84,190,130,6,0,0,136,1,512
63361,63360,1024,1,513,137,137,0,84,188,131,6,0,0,137,1,512
63488,63488,2048,0,1025,284,283,0,182,256,213,43,0,0,256,1,512
63488,63488,1024,0,513,136,136,0,76,187,129,7,0,0,136,1,512
63488,63488,4096,0,37,8,8,0,5,9,8,0,0,0,8,0,0
63489,63488,2048,1,1025,284,283,0,182,256,210,46,0,0,256,1,512
63489,63488,1024,1,513,135,135,0,75,186,128,7,0,0,135,1,512
63489,63488,4096,1,37,6,6,0,6,9,6,0,0,0,6,0,0
63616,63616,1024,0,513,142,141,0,91,185,134,8,0,0,142,1,512
63617,63616,1024,1,513,141,140,0,92,184,134,7,0,0,141,1,512
63744,63744,2048,0,1025,280,279,0,172,256,187,69,0,0,256,1,512
63744,63744,1024,0,513,135,134,0,89,185,132,3,0,0,135,1,512
63745,63744,2048,1,1025,277,276,0,170,256,187,69,0,0,256,1,512
63745,63744,1024,1,513,135,134,0,90,183,129,6,0,0,135,1,512
63872,63872,1024,0,513,139,138,0,79,179,131,8,0,0,139,1,512
63873,63872,1024,1,513,141,140,0,79,179,133,8,0,0,141,1,512
64000,64000,2048,0,1025,286,286,0,176,256,141,115,0,0,256,1,512
64000,64000,1024,0,513,134,133,0,86,180,126,8,0,0,134,1,512
64000,64000,4096,0,37,8,8,0,7,9,7,1,0,0,8,1,512
64001,64000,2048,1,1025,285,285,0,174,256,139,117,0,0,256,1,512
64001,64000,1024,1,513,135,134,0,87,180,128,7,0,0,135,1,512
64001,64000,4096,1,37,8,7,0,5,9,8,0,0,0,8,0,0
64128,64128,1024,0,513,148,147,0,91,182,137,11,0,0,148,1,512
64129,64128,1024,1,513,147,146,0,92,181,137,10,0,0,147,1,512
64256,64256,2048,0,1025,283,282,0,173,256,179,77,0,0,256,1,512
64256,64256,1024,0,513,146,146,0,86,183,136,10,0,0,146,1,512
64257,64256,2048,1,1025,282,281,0,171,256,179,77,0,0,256,1,512
64257,64256,1024,1,513,146,146,0,85,181,135,11,0,0,146,1,512
64384,64384,1024,0,513,139,139,0,84,188,129,10,0,0,139,1,512
64385,64384,1024,1,513,141,141,0,87,187,132,9,0,0,141,1,512
64512,64512,2048,0,1025,275,274,0,178,256,119,137,0,0,256,1,512
64512,64512,1024,0,513,146,146,0,90,191,137,9,0,0,146,1,512
64512,64512,4096,0,37,7,7,0,5,9,7,0,0,0,7,0,0
64513,64512,2048,1,1025,274,273,0,177,256,114,142,0,0,256,1,512
64513,64512,1024,1,513,146,146,0,93,190,138,8,0,0,146,1,512
64513,64512,4096,1,37,7,7,0,5,9,7,0,0,0,7,0,0
64640,64640,1024,0,513,143,142,0,100,194,141,2,0,0,143,1,512
64641,64640,1024,1,513,142,141,0,100,192,140,2,0,0,142,1,512
64768,64768,2048,0,1025,284,284,0,171,256,218,38,0,0,256,1,512
64768,64768,1024,0,513,136,135,0,85,185,128,8,0,0,136,1,512
64769,64768,2048,1,1025,285,285,0,171,256,199,57,0,0,256,1,512
64769,64768,1024,1,513,135,134,0,84,183,127,8,0,0,135,1,512
64896,64896,1024,0,513,139,139,0,85,183,132,7,0,0,139,1,512
64897,64896,1024,1,513,139,139,0,88,182,132,7,0,0,139,1,512
65024,65024,2048,0,1025,282,282,0,173,256,152,104,0,0,256,1,512
65024,65024,1024,0,513,144,144,0,96,179,136,8,0,0,144,1,512
65024,65024,4096,0,37,9,9,0,5,9,8,1,0,0,9,1,512
65025,65024,2048,1,1025,281,281,0,175,256,181,75,0,0,256,1,512
65025,65024,1024,1,513,143,143,0,95,179,136,7,0,0,143,1,512
65025,65024,4096,1,37,7,7,0,6,9,7,0,0,0,7,0,0
65152,65152,1024,0,513,139,139,0,92,182,133,6,0,0,139,1,512
65153,65152,1024,1,513,139,139,0,93,181,134,5,0,0,139,1,512
65280,65280,2048,0,1025,289,289,0,188,256,216,40,0,0,256,1,512
65280,65280,1024,0,513,138,138,0,78,180,127,11,0,0,138,1,512
65281,65280,2048,1,1025,286,286,0,184,256,218,38,0,0,256,1,512
65281,65280,1024,1,513,139,139,0,79,177,129,10,0,0,139,1,512
65408,65408,1024,0,513,141,140,0,90,182,132,9,0,0,141,1,512
65409,65408,1024,1,513,140,139,0,90,179,132,8,0,0,140,1,512
65536,65536,2048,0,1025,286,286,0,181,256,168,88,0,0,256,1,512
65536,65536,1024,0,513,146,146,0,83,186,139,7,0,0,146,1,512
65536,65536,4096,0,37,9,9,0,4,10,7,2,0,0,9,1,512
65537,65536,2048,1,1025,284,284,0,178,256,171,85,0,0,256,1,512
65537,65536,1024,1,513,146,146,0,83,182,138,8,0,0,146,1,512
65537,65536,4096,1,37,8,7,0,5,9,7,1,0,0,8,1,512
65664,65664,1024,0,513,135,135,0,89,184,132,3,0,0,135,1,512
65665,65664,1024,1,513,136,136,0,89,182,133,3,0,0,136,1,512
65792,65792,2048,0,1025,284,284,0,174,256,182,74,0,0,256,1,512
65792,65792,1024,0,513,137,137,0,77,180,129,8,0,0,137,1,512
65793,65792,2048,1,1025,283,283,0,172,256,178,78,0,0,256,1,512
65793,65792,1024,1,513,138,138,0,78,178,130,8,0,0,138,1,512
65920,65920,1024,0,513,136,136,0,82,182,126,10,0,0,136,1,512
65921,65920,1024,1,513,137,137,0,83,181,126,11,0,0,137,1,512
66048,66048,2048,0,1025,292,292,0,176,256,202,54,0,0,256,1,512
66048,66048,1024,0,513,143,143,0,84,187,134,9,0,0,143,1,512
66048,66048,4096,0,37,8,8,0,4,12,7,1,0,0,8,1,512
66049,66048,2048,1,1025,291,291,0,173,256,167,89,0,0,256,1,512
66049,66048,1024,1,513,146,146,0,87,187,137,9,0,0,146,1,512
66049,66048,4096,1,37,6,6,0,5,10,6,0,0,0,6,0,0
66176,66176,1024,0,513,139,139,0,87,185,131,8,0,0,139,1,512
66177,66176,1024,1,513,140,140,0,91,187,134,6,0,0,140,1,512
66304,66304,2048,0,1025,289,288,0,197,256,215,41,0,0,256,1,512
66304,66304,1024,0,513,139,139,0,100,184,131,8,0,0,139,1,512
66305,66304,2048,1,1025,291,290,0,197,256,197,59,0,0,256,1,512
66305,66304,1024,1,513,139,139,0,101,183,131,8,0,0,139,1,512
66432,66432,1024,0,513,135,135,0,83,187,128,7,0,0,135,1,512
66433,66432,1024,1,513,136,136,0,85,186,128,8,0,0,136,1,512
66560,66560,2048,0,1025,284,284,0,188,256,204,52,0,0,256,1,512
66560,66560,1024,0,513,148,148,0,90,187,141,7,0,0,148,1,512
66560,66560,4096,0,37,7,7,0,4,13,7,0,0,0,7,0,0
66561,66560,2048,1,1025,285,285,0,187,256,208,48,0,0,256,1,512
66561,66560,1024,1,513,146,146,0,90,187,139,7,0,0,146,1,512
66561,66560,4096,1,37,8,8,0,5,9,7,1,0,0,8,1,512
66688,66688,1024,0,513,141,141,0,85,186,133,8,0,0,141,1,512
66689,66688,1024,1,513,143,143,0,87,186,134,9,0,0,143,1,512
66816,66816,2048,0,1025,272,272,0,177,256,126,130,0,0,256,1,512
66816,66816,1024,0,513,134,134,0,85,187,130,4,0,0,134,1,512
66817,66816,2048,1,1025,271,271,0,177,256,129,127,0,0,256,1,512
66817,66816,1024,1,513,136,136,0,88,188,132,4,0,0,136,1,512
66944,66944,1024,0,513,146,146,0,84,182,135,11,0,0,146,1,512
66945,66944,1024,1,513,146,146,0,86,182,135,11,0,0,146,1,512
67072,67072,2048,0,1025,284,283,0,158,256,209,47,0,0,256,1,512
67072,67072,1024,0,513,144,143,0,101,189,136,8,0,0,144,1,512
67072,67072,4096,0,37,7,7,0,6,13,7,0,0,0,7,0,0
67073,67072,2048,1,1025,282,282,0,154,256,211,45,0,0,256,1,512
67073,67072,1024,1,513,145,144,0,103,189,136,9,0,0,145,1,512
67073,67072,4096,1,37,6,6,0,5,10,5,1,0,0,6,1,512
67200,67200,1024,0,513,144,144,0,88,184,136,8,0,0,144,1,512
67201,67200,1024,1,513,145,145,0,91,186,138,7,0,0,145,1,512
67328,67328,2048,0,1025,288,287,0,185,256,193,63,0,0,256,1,512
67328,67328,1024,0,513,141,141,0,91,187,133,8,0,0,141,1,512
67329,67328,2048,1,1025,287,287,0,187,256,189,67,0,0,256,1,512
67329,67328,1024,1,513,138,138,0,91,189,131,7,0,0,138,1,512
67456,67456,1024,0,513,140,140,0,87,191,136,4,0,0,140,1,512
67457,67456,1024,1,513,140,140,0,84,192,136,4,0,0,140,1,512
67584,67584,2048,0,1025,294,294,0,190,256,177,79,0,0,256,1,512
67584,67584,1024,0,513,136,136,0,84,187,130,6,0,0,136,1,512
67584,67584,4096,0,37,7,7,0,6,13,7,0,0,0,7,0,0
67585,67584,2048,1,1025,291,291,0,188,256,189,67,0,0,256,1,512
67585,67584,1024,1,513,137,137,0,87,188,131,6,0,0,137,1,512
67585,67584,4096,1,37,6,5,0,5,10,6,0,0,0,6,0,0
67712,67712,1024,0,513,138,138,0,94,184,132,6,0,0,138,1,512
67713,67712,1024,1,513,139,139,0,95,184,133,6,0,0,139,1,512
67840,67840,2048,0,1025,287,286,0,182,256,222,34,0,0,256,1,512
67840,67840,1024,0,513,140,140,0,77,182,130,10,0,0,140,1,512
67841,67840,2048,1,1025,286,285,0,181,256,204,52,0,0,256,1,512
67841,67840,1024,1,513,140,140,0,80,181,130,10,0,0,140,1,512
67968,67968,1024,0,513,134,134,0,81,182,128,6,0,0,134,1,512
67969,67968,1024,1,513,135,135,0,84,182,129,6,0,0,135,1,512
68096,68096,2048,0,1025,285,284,0,184,256,127,129,0,0,256,1,512
68096,68096,1024,0,513,135,135,0,76,178,124,11,0,0,135,1,512
68096,68096,4096,0,37,7,7,0,6,12,7,0,0,0,7,0,0
68097,68096,2048,1,1025,285,284,0,183,256,109,147,0,0,256,1,512
68097,68096,1024,1,513,134,134,0,75,178,123,11,0,0,134,1,512
68097,68096,4096,1,37,8,8,0,4,10,7,1,0,0,8,1,512
68224,68224,1024,0,513,142,142,0,82,185,135,7,0,0,142,1,512
68225,68224,1024,1,513,142,142,0,81,184,134,8,0,0,142,1,512
68352,68352,2048,0,1025,287,287,0,178,256,181,75,0,0,256,1,512
68352,68352,1024,0,513,135,135,0,80,184,128,7,0,0,135,1,512
68353,68352,2048,1,1025,285,285,0,176,256,191,65,0,0,256,1,512
68353,68352,1024,1,513,136,136,0,84,184,130,6,0,0,136,1,512
68480,68480,1024,0,513,145,145,0,93,185,136,9,0,0,145,1,512
68481,68480,1024,1,513,144,144,0,95,184,136,8,0,0,144,1,512
68608,68608,2048,0,1025,278,277,0,178,256,165,91,0,0,256,1,512
68608,68608,1024,0,513,145,144,0,92,188,137,8,0,0,145,1,512
68608,68608,4096,0,37,9,9,0,7,9,8,1,0,0,9,1,512
68609,68608,2048,1,1025,276,276,0,177,256,169,87,0,0,256,1,512
68609,68608,1024,1,513,145,144,0,91,186,137,8,0,0,145,1,512
68609,68608,4096,1,37,9,8,0,5,11,8,1,0,0,9,1,512
68736,68736,1024,0,513,141,140,0,99,189,132,9,0,0,141,1,512
68737,68736,1024,1,513,142,141,0,99,187,133,9,0,0,142,1,512
68864,68864,2048,0,1025,297,297,0,194,256,215,41,0,0,256,1,512
68864,68864,1024,0,513,139,139,0,86,186,133,6,0,0,139,1,512
68865,68864,2048,1,1025,296,296,0,192,256,207,49,0,0,256,1,512
68865,68864,1024,1,513,138,138,0,89,185,132,6,0,0,138,1,512
68992,68992,1024,0,513,139,139,0,86,186,131,8,0,0,139,1,512
68993,68992,1024,1,513,137,137,0,85,185,129,8,0,0,137,1,512
69120,69120,2048,0,1025,289,289,0,197,256,198,58,0,0,256,1,512
69120,69120,1024,0,513,147,147,0,90,185,139,8,0,0,147,1,512
69120,69120,4096,0,37,8,8,0,6,10,7,1,0,0,8,1,512
69121,69120,2048,1,1025,288,288,0,197,256,210,46,0,0,256,1,512
69121,69120,1024,1,513,148,148,0,89,185,140,8,0,0,148,1,512
69121,69120,4096,1,37,8,8,0,8,12,8,0,0,0,8,0,0
69248,69248,1024,0,513,148,148,0,94,185,136,12,0,0,148,1,512
69249,69248,1024,1,513,148,148,0,97,185,136,12,0,0,148,1,512
69376,69376,2048,0,1025,284,284,0,180,256,201,55,0,0,256,1,512
69376,69376,1024,0,513,138,137,0,90,189,136,2,0,0,138,1,512
69377,69376,2048,1,1025,283,283,0,176,256,195,61,0,0,256,1,512
69377,69376,1024,1,513,139,138,0,90,189,137,2,0,0,139,1,512
69504,69504,1024,0,513,148,147,0,86,185,138,10,0,0,148,1,512
69505,69504,1024,1,513,148,147,0,86,185,139,9,0,0,148,1,512
69632,69632,2048,0,1025,287,287,0,181,256,213,43,0,0,256,1,512
69632,69632,1024,0,513,141,141,0,78,187,136,5,0,0,141,1,512
69632,69632,4096,0,37,9,9,0,5,11,9,0,0,0,9,0,0
69633,69632,2048,1,1025,288,288,0,182,256,214,42,0,0,256,1,512
69633,69632,1024,1,513,142,142,0,80,186,138,4,0,0,142,1,512
69633,69632,4096,1,37,7,7,0,4,11,7,0,0,0,7,0,0
69760,69760,1024,0,513,142,142,0,83,183,133,9,0,0,142,1,512
69761,69760,1024,1,513,142,142,0,86,182,133,9,0,0,142,1,512
69888,69888,2048,0,1025,289,289,0,191,256,200,56,0,0,256,1,512
69888,69888,1024,0,513,149,149,0,89,186,138,11,0,0,149,1,512
69889,69888,2048,1,1025,290,290,0,191,256,191,65,0,0,256,1,512
69889,69888,1024,1,513,149,149,0,87,185,137,12,0,0,149,1,512
70016,70016,1024,0,513,142,142,0,91,192,135,7,0,0,142,1,512
70017,70016,1024,1,513,141,141,0,90,192,135,6,0,0,141,1,512
70144,70144,2048,0,1025,285,285,0,184,256,213,43,0,0,256,1,512
70144,70144,1024,0,513,143,143,0,82,191,130,13,0,0,143,1,512
70144,70144,4096,0,37,7,6,0,3,11,7,0,0,0,7,0,0
70145,70144,2048,1,1025,285,285,0,184,256,217,39,0,0,256,1,512
70145,70144,1024,1,513,143,143,0,84,191,130,13,0,0,143,1,512
70145,70144,4096,1,37,6,5,0,5,11,6,0,0,0,6,0,0
70272,70272,1024,0,513,144,144,0,84,195,136,8,0,0,144,1,512
70273,70272,1024,1,513,143,143,0,84,195,136,7,0,0,143,1,512
70400,70400,2048,0,1025,281,280,0,183,256,186,70,0,0,256,1,512
70400,70400,1024,0,513,138,137,0,87,198,135,3,0,0,138,1,512
70401,70400,2048,1,1025,281,280,0,182,256,191,65,0,0,256,1,512
70401,70400,1024,1,513,139,138,0,85,196,135,4,0,0,139,1,512
70528,70528,1024,0,513,145,144,0,95,191,137,8,0,0,145,1,512
70529,70528,1024,1,513,147,146,0,95,190,140,7,0,0,147,1,512
70656,70656,2048,0,1025,290,288,0,173,256,168,88,0,0,256,1,512
70656,70656,1024,0,513,144,143,0,88,188,140,4,0,0,144,1,512
70656,70656,4096,0,37,9,8,0,4,11,9,0,0,0,9,0,0
70657,70656,2048,1,1025,288,287,0,173,256,183,73,0,0,256,1,512
70657,70656,1024,1,513,144,143,0,92,188,141,3,0,0,144,1,512
70657,70656,4096,1,37,8,7,0,4,10,8,0,0,0,8,0,0
70784,70784,1024,0,513,145,145,0,85,187,136,9,0,0,145,1,512
70785,70784,1024,1,513,144,144,0,84,186,136,8,0,0,144,1,512
70912,70912,2048,0,1025,276,275,0,181,256,194,62,0,0,256,1,512
70912,70912,1024,0,513,143,143,0,97,191,135,8,0,0,143,1,512
70913,70912,2048,1,1025,278,277,0,181,256,137,119,0,0,256,1,512
70913,70912,1024,1,513,144,144,0,96,189,135,9,0,0,144,1,512
71040,71040,1024,0,513,134,134,0,80,196,131,3,0,0,134,1,512
71041,71040,1024,1,513,134,134,0,83,195,131,3,0,0,134,1,512
71168,71168,2048,0,1025,278,277,0,170,256,118,138,0,0,256,1,512
71168,71168,1024,0,513,146,146,0,87,183,136,10,0,0,146,1,512
71168,71168,4096,0,37,8,7,0,4,11,8,0,0,0,8,0,0
71169,71168,2048,1,1025,276,275,0,169,256,143,113,0,0,256,1,512
71169,71168,1024,1,513,148,148,0,87,182,138,10,0,0,148,1,512
71169,71168,4096,1,37,5,5,0,5,9,5,0,0,0,5,0,0
71296,71296,1024,0,513,147,147,0,97,183,139,8,0,0,147,1,512
71297,71296,1024,1,513,148,148,0,98,182,140,8,0,0,148,1,512
71424,71424,2048,0,1025,285,284,0,180,256,101,155,0,0,256,1,512
71424,71424,1024,0,513,141,140,0,93,181,137,4,0,0,141,1,512
71425,71424,2048,1,1025,283,282,0,177,256,130,126,0,0,256,1,512
71425,71424,1024,1,513,143,142,0,94,182,139,4,0,0,143,1,512
71552,71552,1024,0,513,139,138,0,88,177,129,10,0,0,139,1,512
71553,71552,1024,1,513,139,138,0,89,178,129,10,0,0,139,1,512
71680,71680,2048,0,1025,288,287,0,179,256,215,41,0,0,256,1,512
71680,71680,1024,0,513,144,143,0,84,180,133,11,0,0,144,1,512
71680,71680,4096,0,37,6,5,0,4,11,6,0,0,0,6,0,0
71681,71680,2048,1,1025,289,288,0,178,256,208,48,0,0,256,1,512
71681,71680,1024,1,513,144,143,0,85,182,133,11,0,0,144,1,512
71681,71680,4096,1,37,8,8,0,5,9,7,1,0,0,8,1,512
71808,71808,1024,0,513,138,138,0,92,186,132,6,0,0,138,1,512
71809,71808,1024,1,513,140,140,0,94,187,133,7,0,0,140,1,512
71936,71936,2048,0,1025,288,287,0,173,256,200,56,0,0,256,1,512
71936,71936,1024,0,513,139,139,0,91,185,133,6,0,0,139,1,512
71937,71936,2048,1,1025,290,289,0,176,256,201,55,0,0,256,1,512
71937,71936,1024,1,513,141,141,0,94,187,135,6,0,0,141,1,512
72064,72064,1024,0,513,133,133,0,94,183,129,4,0,0,133,1,512
72065,72064,1024,1,513,133,133,0,95,184,129,4,0,0,133,1,512
72192,72192,2048,0,1025,288,287,0,175,256,88,168,0,0,256,1,512
72192,72192,1024,0,513,130,130,0,75,178,123,7,0,0,130,1,512
72192,72192,4096,0,37,8,7,0,3,11,8,0,0,0,8,0,0
72193,72192,2048,1,1025,282,282,0,173,256,140,116,0,0,256,1,512
72193,72192,1024,1,513,130,130,0,74,178,123,7,0,0,130,1,512
72193,72192,4096,1,37,9,8,0,5,10,9,0,0,0,9,0,0
72320,72320,1024,0,513,141,140,0,83,176,133,8,0,0,141,1,512
72321,72320,1024,1,513,141,140,0,84,176,134,7,0,0,141,1,512
72448,72448,2048,0,1025,286,286,0,188,256,220,36,0,0,256,1,512
72448,72448,1024,0,513,138,137,0,85,175,133,5,0,0,138,1,512
72449,72448,2048,1,1025,285,285,0,187,256,206,50,0,0,256,1,512
72449,72448,1024,1,513,138,137,0,85,175,133,5,0,0,138,1,512
72576,72576,1024,0,513,141,140,0,88,176,131,10,0,0,141,1,512
72577,72576,1024,1,513,140,139,0,89,175,130,10,0,0,140,1,512
72704,72704,2048,0,1025,282,281,0,182,256,218,38,0,0,256,1,512
72704,72704,1024,0,513,144,143,0,82,174,135,9,0,0,144,1,512
72704,72704,4096,0,37,7,6,0,5,10,7,0,0,0,7,0,0
72705,72704,2048,1,1025,281,281,0,179,256,222,34,0,0,256,1,512
72705,72704,1024,1,513,142,141,0,84,173,132,10,0,0,142,1,512
72705,72704,4096,1,37,8,8,0,6,10,8,0,0,0,8,0,0
72832,72832,1024,0,513,153,153,0,95,179,137,16,0,0,153,1,512
72833,72832,1024,1,513,153,153,0,95,179,139,14,0,0,153,1,512
72960,72960,2048,0,1025,292,292,0,182,256,191,65,0,0,256,1,512
72960,72960,1024,0,513,144,144,0,97,192,140,4,0,0,144,1,512
72961,72960,2048,1,1025,291,291,0,182,256,200,56,0,0,256,1,512
72961,72960,1024,1,513,145,145,0,98,190,141,4,0,0,145,1,512
73088,73088,1024,0,513,140,140,0,96,188,135,5,0,0,140,1,512
73089,73088,1024,1,513,140,140,0,98,185,134,6,0,0,140,1,512
73216,73216,2048,0,1025,287,287,0,188,256,139,117,0,0,256,1,512
73216,73216,1024,0,513,133,132,0,91,185,124,9,0,0,133,1,512
73216,73216,4096,0,37,7,7,0,5,9,6,1,0,0,7,1,512
73217,73216,2048,1,1025,286,286,0,186,256,95,161,0,0,256,1,512
73217,73216,1024,1,513,132,131,0,91,184,123,9,0,0,132,1,512
73217,73216,4096,1,37,8,7,0,5,10,8,0,0,0,8,0,0
73344,73344,1024,0,513,137,137,0,79,185,130,7,0,0,137,1,512
73345,73344,1024,1,513,136,136,0,79,184,129,7,0,0,136,1,512
73472,73472,2048,0,1025,288,288,0,187,256,192,64,0,0,256,1,512
73472,73472,1024,0,513,143,143,0,88,181,134,9,0,0,143,1,512
73473,73472,2048,1,1025,286,286,0,185,256,198,58,0,0,256,1,512
73473,73472,1024,1,513,142,142,0,87,180,133,9,0,0,142,1,512
73600,73600,1024,0,513,137,137,0,80,185,130,7,0,0,137,1,512
73601,73600,1024,1,513,138,138,0,80,183,130,8,0,0,138,1,512
73728,73728,2048,0,1025,284,284,0,184,256,219,37,0,0,256,1,512
73728,73728,1024,0,513,142,142,0,87,182,131,11,0,0,142,1,512
73728,73728,4096,0,37,10,10,0,5,9,9,1,0,0,10,1,512
73729,73728,2048,1,1025,282,282,0,184,256,215,41,0,0,256,1,512
73729,73728,1024,1,513,144,144,0,86,181,131,13,0,0,144,1,512
73729,73728,4096,1,37,7,6,0,5,10,7,0,0,0,7,0,0
73856,73856,1024,0,513,134,133,0,88,188,129,5,0,0,134,1,512
73857,73856,1024,1,513,136,135,0,89,190,131,5,0,0,136,1,512
73984,73984,2048,0,1025,282,281,0,182,256,206,50,0,0,256,1,512
73984,73984,1024,0,513,138,137,0,85,184,129,9,0,0,138,1,512
73985,73984,2048,1,1025,284,283,0,183,256,194,62,0,0,256,1,512
73985,73984,1024,1,513,139,138,0,85,186,131,8,0,0,139,1,512
74112,74112,1024,0,513,133,132,0,79,179,127,6,0,0,133,1,512
74113,74112,1024,1,513,134,133,0,81,182,129,5,0,0,134,1,512
74240,74240,2048,0,1025,280,280,0,182,256,132,124,0,0,256,1,512
74240,74240,1024,0,513,136,135,0,95,180,131,5,0,0,136,1,512
74240,74240,4096,0,37,8,7,0,5,10,7,1,0,0,8,1,512
74241,74240,2048,1,1025,280,280,0,181,256,116,140,0,0,256,1,512
74241,74240,1024,1,513,137,136,0,95,182,132,5,0,0,137,1,512
74241,74240,4096,1,37,7,6,0,5,10,7,0,0,0,7,0,0
74368,74368,1024,0,513,153,152,0,93,176,138,15,0,0,153,1,512
74369,74368,1024,1,513,153,152,0,96,178,138,15,0,0,153,1,512
74496,74496,2048,0,1025,287,287,0,181,256,209,47,0,0,256,1,512
74496,74496,1024,0,513,146,146,0,97,183,136,10,0,0,146,1,512
74497,74496,2048,1,1025,286,286,0,180,256,217,39,0,0,256,1,512
74497,74496,1024,1,513,145,145,0,98,184,136,9,0,0,145,1,512
74624,74624,1024,0,513,138,138,0,82,187,130,8,0,0,138,1,512
74625,74624,1024,1,513,139,139,0,84,187,131,8,0,0,139,1,512
74752,74752,2048,0,1025,286,285,0,186,256,191,65,0,0,256,1,512
74752,74752,1024,0,513,134,134,0,83,192,128,6,0,0,134,1,512
74752,74752,4096,0,37,10,9,0,5,11,9,1,0,0,10,1,512
74753,74752,2048,1,1025,284,283,0,187,256,198,58,0,0,256,1,512
74753,74752,1024,1,513,134,134,0,83,191,128,6,0,0,134,1,512
74753,74752,4096,1,37,8,8,0,6,10,8,0,0,0,8,0,0
74880,74880,1024,0,513,140,140,0,88,191,134,6,0,0,140,1,512
74881,74880,1024,1,513,141,141,0,89,190,135,6,0,0,141,1,512
75008,75008,2048,0,1025,290,289,0,163,256,146,110,0,0,256,1,512
75008,75008,1024,0,513,142,142,0,80,185,134,8,0,0,142,1,512
75009,75008,2048,1,1025,288,287,0,162,256,175,81,0,0,256,1,512
75009,75008,1024,1,513,141,141,0,82,184,133,8,0,0,141,1,512
75136,75136,1024,0,513,144,143,0,92,183,134,10,0,0,144,1,512
75137,75136,1024,1,513,143,142,0,91,182,133,10,0,0,143,1,512
75264,75264,2048,0,1025,285,284,0,174,256,105,151,0,0,256,1,512
75264,75264,1024,0,513,145,144,0,93,186,137,8,0,0,145,1,512
75264,75264,4096,0,37,9,8,0,6,12,9,0,0,0,9,0,0
75265,75264,2048,1,1025,282,281,0,172,256,109,147,0,0,256,1,512
75265,75264,1024,1,513,143,142,0,92,185,136,7,0,0,143,1,512
75265,75264,4096,1,37,7,6,0,6,10,7,0,0,0,7,0,0
75392,75392,1024,0,513,133,132,0,76,187,128,5,0,0,133,1,512
75393,75392,1024,1,513,134,133,0,79,186,129,5,0,0,134,1,512
75520,75520,2048,0,1025,283,282,0,178,256,204,52,0,0,256,1,512
75520,75520,1024,0,513,144,143,0,89,188,137,7,0,0,144,1,512
75521,75520,2048,1,1025,282,281,0,177,256,195,61,0,0,256,1,512
75521,75520,1024,1,513,145,144,0,91,187,137,8,0,0,145,1,512
75648,75648,1024,0,513,142,141,0,90,189,134,8,0,0,142,1,512
75649,75648,1024,1,513,143,142,0,90,188,135,8,0,0,143,1,512
75776,75776,2048,0,1025,291,290,0,175,256,196,60,0,0,256,1,512
75776,75776,1024,0,513,136,135,0,88,189,130,6,0,0,136,1,512
75776,75776,4096,0,37,7,7,0,6,12,7,0,0,0,7,0,0
75777,75776,2048,1,1025,291,290,0,177,256,183,73,0,0,256,1,512
75777,75776,1024,1,513,135,134,0,88,187,130,5,0,0,135,1,512
75777,75776,4096,1,37,6,6,0,5,9,6,0,0,0,6,0,0
75904,75904,1024,0,513,140,139,0,88,184,133,7,0,0,140,1,512
75905,75904,1024,1,513,141,140,0,88,182,134,7,0,0,141,1,512
76032,76032,2048,0,1025,278,277,0,165,256,207,49,0,0,256,1,512
76032,76032,1024,0,513,145,144,0,87,186,136,9,0,0,145,1,512
76033,76032,2048,1,1025,277,276,0,163,256,209,47,0,0,256,1,512
76033,76032,1024,1,513,145,144,0,87,185,136,9,0,0,145,1,512
76160,76160,1024,0,513,133,133,0,91,186,126,7,0,0,133,1,512
76161,76160,1024,1,513,132,132,0,92,185,125,7,0,0,132,1,512
76288,76288,2048,0,1025,274,273,0,177,256,153,103,0,0,256,1,512
76288,76288,1024,0,513,132,132,0,82,182,126,6,0,0,132,1,512
76288,76288,4096,0,37,8,7,0,6,12,8,0,0,0,8,0,0
76289,76288,2048,1,1025,274,273,0,177,256,148,108,0,0,256,1,512
76289,76288,1024,1,513,132,132,0,84,181,126,6,0,0,132,1,512
76289,76288,4096,1,37,8,8,0,4,9,7,1,0,0,8,1,512
76416,76416,1024,0,513,131,130,0,78,181,123,8,0,0,131,1,512
76417,76416,1024,1,513,133,132,0,80,181,126,7,0,0,133,1,512
76544,76544,2048,0,1025,278,278,0,170,256,203,53,0,0,256,1,512
76544,76544,1024,0,513,136,135,0,75,183,130,6,0,0,136,1,512
76545,76544,2048,1,1025,277,277,0,170,256,209,47,0,0,256,1,512
76545,76544,1024,1,513,137,136,0,77,181,130,7,0,0,137,1,512
76672,76672,1024,0,513,144,144,0,90,179,136,8,0,0,144,1,512
76673,76672,1024,1,513,144,144,0,92,179,137,7,0,0,144,1,512
76800,76800,2048,0,1025,303,303,0,186,256,208,48,0,0,256,1,512
76800,76800,1024,0,513,137,137,0,80,178,131,6,0,0,137,1,512
76800,76800,4096,0,37,9,8,0,7,11,9,0,0,0,9,0,0
76801,76800,2048,1,1025,302,302,0,183,256,210,46,0,0,256,1,512
76801,76800,1024,1,513,136,136,0,79,178,130,6,0,0,136,1,512
76801,76800,4096,1,37,8,7,0,6,10,8,0,0,0,8,0,0
76928,76928,1024,0,513,141,141,0,101,180,133,8,0,0,141,1,512
76929,76928,1024,1,513,140,140,0,101,181,134,6,0,0,140,1,512
77056,77056,2048,0,1025,286,286,0,193,256,150,106,0,0,256,1,512
77056,77056,1024,0,513,138,138,0,88,184,134,4,0,0,138,1,512
77057,77056,2048,1,1025,284,284,0,194,256,163,93,0,0,256,1,512
77057,77056,1024,1,513,137,137,0,88,182,133,4,0,0,137,1,512
77184,77184,1024,0,513,144,144,0,91,182,135,9,0,0,144,1,512
77185,77184,1024,1,513,143,143,0,92,181,133,10,0,0,143,1,512
77312,77312,2048,0,1025,285,284,0,176,256,218,38,0,0,256,1,512
77312,77312,1024,0,513,146,146,0,100,183,140,6,0,0,146,1,512
77312,77312,4096,0,37,7,7,0,7,10,7,0,0,0,7,0,0
77313,77312,2048,1,1025,284,283,0,176,256,217,39,0,0,256,1,512
77313,77312,1024,1,513,147,147,0,100,184,142,5,0,0,147,1,512
77313,77312,4096,1,37,8,7,0,5,9,7,1,0,0,8,1,512
77440,77440,1024,0,513,137,137,0,85,179,131,6,0,0,137,1,512
77441,77440,1024,1,513,138,138,0,86,179,132,6,0,0,138,1,512
77568,77568,2048,0,1025,278,277,0,190,256,124,132,0,0,256,1,512
77568,77568,1024,0,513,143,143,0,79,181,134,9,0,0,143,1,512
77569,77568,2048,1,1025,277,276,0,185,256,134,122,0,0,256,1,512
77569,77568,1024,1,513,142,142,0,79,180,133,9,0,0,142,1,512
77696,77696,1024,0,513,138,138,0,95,188,133,5,0,0,138,1,512
77697,77696,1024,1,513,138,138,0,98,187,134,4,0,0,138,1,512
77824,77824,2048,0,1025,281,281,0,177,256,202,54,0,0,256,1,512
77824,77824,1024,0,513,144,144,0,86,188,139,5,0,0,144,1,512
77824,77824,4096,0,37,9,8,0,6,9,8,1,0,0,9,1,512
77825,77824,2048,1,1025,281,281,0,177,256,200,56,0,0,256,1,512
77825,77824,1024,1,513,143,143,0,85,186,138,5,0,0,143,1,512
77825,77824,4096,1,37,7,7,0,5,10,7,0,0,0,7,0,0
77952,77952,1024,0,513,139,139,0,95,182,131,8,0,0,139,1,512
77953,77952,1024,1,513,142,142,0,97,180,132,10,0,0,142,1,512
78080,78080,2048,0,1025,292,292,0,177,256,204,52,0,0,256,1,512
78080,78080,1024,0,513,134,134,0,84,185,130,4,0,0,134,1,512
78081,78080,2048,1,1025,290,290,0,174,256,204,52,0,0,256,1,512
78081,78080,1024,1,513,133,133,0,85,187,130,3,0,0,133,1,512
78208,78208,1024,0,513,142,141,0,80,182,133,9,0,0,142,1,512
78209,78208,1024,1,513,143,142,0,82,183,133,10,0,0,143,1,512
78336,78336,2048,0,1025,291,291,0,186,256,194,62,0,0,256,1,512
78336,78336,1024,0,513,137,136,0,83,185,127,10,0,0,137,1,512
78336,78336,4096,0,37,8,8,0,6,10,7,1,0,0,8,1,512
78337,78336,2048,1,1025,291,291,0,185,256,192,64,0,0,256,1,512
78337,78336,1024,1,513,138,137,0,85,187,128,10,0,0,138,1,512
78337,78336,4096,1,37,7,7,0,6,10,7,0,0,0,7,0,0
78464,78464,1024,0,513,141,140,0,84,186,137,4,0,0,141,1,512
78465,78464,1024,1,513,141,140,0,89,189,138,3,0,0,141,1,512
78592,78592,2048,0,1025,295,295,0,198,256,153,103,0,0,256,1,512
78592,78592,1024,0,513,140,140,0,82,184,131,9,0,0,140,1,512
78593,78592,2048,1,1025,294,294,0,195,256,139,117,0,0,256,1,512
78593,78592,1024,1,513,139,139,0,81,186,131,8,0,0,139,1,512
78720,78720,1024,0,513,135,135,0,83,189,131,4,0,0,135,1,512
78721,78720,1024,1,513,135,135,0,83,190,131,4,0,0,135,1,512
78848,78848,2048,0,1025,279,279,0,176,256,200,56,0,0,256,1,512
78848,78848,1024,0,513,137,137,0,82,184,124,13,0,0,137,1,512
78848,78848,4096,0,37,9,9,0,5,11,8,1,0,0,9,1,512
78849,78848,2048,1,1025,279,279,0,176,256,199,57,0,0,256,1,512
78849,78848,1024,1,513,139,139,0,84,185,126,13,0,0,139,1,512
78849,78848,4096,1,37,7,7,0,4,10,7,0,0,0,7,0,0
78976,78976,1024,0,513,140,139,0,91,191,132,8,0,0,140,1,512
78977,78976,1024,1,513,142,141,0,93,191,134,8,0,0,142,1,512
79104,79104,2048,0,1025,280,279,0,175,256,140,116,0,0,256,1,512
79104,79104,1024,0,513,139,138,0,96,188,135,4,0,0,139,1,512
79105,79104,2048,1,1025,279,279,0,175,256,140,116,0,0,256,1,512
79105,79104,1024,1,513,140,139,0,95,187,136,4,0,0,140,1,512
79232,79232,1024,0,513,142,141,0,85,183,131,11,0,0,142,1,512
79233,79232,1024,1,513,143,142,0,84,183,133,10,0,0,143,1,512
79360,79360,2048,0,1025,284,284,0,178,256,221,35,0,0,256,1,512
79360,79360,1024,0,513,140,140,0,85,181,132,8,0,0,140,1,512
79360,79360,4096,0,37,10,9,0,6,12,10,0,0,0,10,0,0
79361,79360,2048,1,1025,282,282,0,176,256,217,39,0,0,256,1,512
79361,79360,1024,1,513,141,141,0,88,183,133,8,0,0,141,1,512
79361,79360,4096,1,37,8,7,0,6,10,8,0,0,0,8,0,0
79488,79488,1024,0,513,145,145,0,103,183,139,6,0,0,145,1,512
79489,79488,1024,1,513,145,145,0,104,184,139,6,0,0,145,1,512
79616,79616,2048,0,1025,273,273,0,167,256,215,41,0,0,256,1,512
79616,79616,1024,0,513,144,144,0,88,181,136,8,0,0,144,1,512
79617,79616,2048,1,1025,273,273,0,166,256,208,48,0,0,256,1,512
79617,79616,1024,1,513,144,144,0,89,183,137,7,0,0,144,1,512
79744,79744,1024,0,513,146,146,0,87,185,140,6,0,0,146,1,512
79745,79744,1024,1,513,147,147,0,88,186,141,6,0,0,147,1,512
79872,79872,2048,0,1025,276,276,0,182,256,158,98,0,0,256,1,512
79872,79872,1024,0,513,135,135,0,91,184,130,5,0,0,135,1,512
79872,79872,4096,0,37,8,7,0,6,12,8,0,0,0,8,0,0
79873,79872,2048,1,1025,275,275,0,182,256,165,91,0,0,256,1,512
79873,79872,1024,1,513,136,136,0,91,184,131,5,0,0,136,1,512
79873,79872,4096,1,37,8,8,0,4,10,7,1,0,0,8,1,512
80000,80000,1024,0,513,134,134,0,86,184,129,5,0,0,134,1,512
80001,80000,1024,1,513,136,136,0,87,184,131,5,0,0,136,1,512
80128,80128,2048,0,1025,293,293,0,175,256,216,40,0,0,256,1,512
80128,80128,1024,0,513,140,140,0,89,183,132,8,0,0,140,1,512
80129,80128,2048,1,1025,292,292,0,173,256,203,53,0,0,256,1,512
80129,80128,1024,1,513,141,141,0,91,183,133,8,0,0,141,1,512
80256,80256,1024,0,513,145,144,0,93,186,136,9,0,0,145,1,512
80257,80256,1024,1,513,145,144,0,94,186,135,10,0,0,145,1,512
80384,80384,2048,0,1025,289,288,0,189,256,188,68,0,0,256,1,512
80384,80384,1024,0,513,146,145,0,92,183,138,8,0,0,146,1,512
80384,80384,4096,0,37,8,7,0,5,12,8,0,0,0,8,0,0
80385,80384,2048,1,1025,288,287,0,186,256,189,67,0,0,256,1,512
80385,80384,1024,1,513,145,144,0,92,185,138,7,0,0,145,1,512
80385,80384,4096,1,37,7,6,0,6,11,7,0,0,0,7,0,0
80512,80512,1024,0,513,144,144,0,98,183,134,10,0,0,144,1,512
80513,80512,1024,1,513,143,143,0,98,184,133,10,0,0,143,1,512
80640,80640,2048,0,1025,270,269,0,180,256,221,35,0,0,256,1,512
80640,80640,1024,0,513,143,143,0,92,182,137,6,0,0,143,1,512
80641,80640,2048,1,1025,269,268,0,176,256,213,43,0,0,256,1,512
80641,80640,1024,1,513,143,143,0,92,183,137,6,0,0,143,1,512
80768,80768,1024,0,513,142,142,0,93,183,136,6,0,0,142,1,512
80769,80768,1024,1,513,143,143,0,93,183,138,5,0,0,143,1,512
80896,80896,2048,0,1025,285,285,0,171,256,161,95,0,0,256,1,512
80896,80896,1024,0,513,142,141,0,90,184,136,6,0,0,142,1,512
80896,80896,4096,0,37,8,8,0,5,12,8,0,0,0,8,0,0
80897,80896,2048,1,1025,283,283,0,168,256,169,87,0,0,256,1,512
80897,80896,1024,1,513,144,143,0,95,182,138,6,0,0,144,1,512
80897,80896,4096,1,37,7,7,0,5,10,7,0,0,0,7,0,0
81024,81024,1024,0,513,146,146,0,90,186,137,9,0,0,146,1,512
81025,81024,1024,1,513,146,146,0,91,184,137,9,0,0,146,1,512
81152,81152,2048,0,1025,290,290,0,182,256,213,43,0,0,256,1,512
81152,81152,1024,0,513,143,143,0,87,185,136,7,0,0,143,1,512
81153,81152,2048,1,1025,288,288,0,181,256,194,62,0,0,256,1,512
81153,81152,1024,1,513,144,144,0,88,183,137,7,0,0,144,1,512
81280,81280,1024,0,513,137,137,0,85,187,128,9,0,0,137,1,512
81281,81280,1024,1,513,135,135,0,85,186,126,9,0,0,135,1,512
81408,81408,2048,0,1025,280,280,0,179,256,199,57,0,0,256,1,512
81408,81408,1024,0,513,142,142,0,82,186,138,4,0,0,142,1,512
81408,81408,4096,0,37,7,7,0,6,12,7,0,0,0,7,0,0
81409,81408,2048,1,1025,278,278,0,177,256,193,63,0,0,256,1,512
81409,81408,1024,1,513,140,140,0,80,185,137,3,0,0,140,1,512
81409,81408,4096,1,37,8,8,0,4,10,7,1,0,0,8,1,512
81536,81536,1024,0,513,141,140,0,85,179,131,10,0,0,141,1,512
81537,81536,1024,1,513,142,141,0,87,178,132,10,0,0,142,1,512
81664,81664,2048,0,1025,287,287,0,173,256,141,115,0,0,256,1,512
81664,81664,1024,0,513,136,136,0,84,181,131,5,0,0,136,1,512
81665,81664,2048,1,1025,287,287,0,170,256,115,141,0,0,256,1,512
81665,81664,1024,1,513,135,135,0,84,180,130,5,0,0,135,1,512
81792,81792,1024,0,513,144,144,0,91,177,133,11,0,0,144,1,512
81793,81792,1024,1,513,143,143,0,90,177,133,10,0,0,143,1,512
81920,81920,2048,0,1025,289,288,0,190,256,149,107,0,0,256,1,512
81920,81920,1024,0,513,136,136,0,87,186,131,5,0,0,136,1,512
81920,81920,4096,0,37,5,5,0,5,9,5,0,0,0,5,0,0
81921,81920,2048,1,1025,288,287,0,189,256,142,114,0,0,256,1,512
81921,81920,1024,1,513,137,137,0,87,184,131,6,0,0,137,1,512
81921,81920,4096,1,37,7,6,0,6,10,6,1,0,0,7,1,512
82048,82048,1024,0,513,141,141,0,95,186,132,9,0,0,141,1,512
82049,82048,1024,1,513,140,140,0,95,185,131,9,0,0,140,1,512
82176,82176,2048,0,1025,290,289,0,195,256,79,177,0,0,256,1,512
82176,82176,1024,0,513,148,148,0,90,179,138,10,0,0,148,1,512
82177,82176,2048,1,1025,288,287,0,192,256,115,141,0,0,256,1,512
82177,82176,1024,1,513,147,147,0,90,178,138,9,0,0,147,1,512
82304,82304,1024,0,513,146,146,0,96,185,138,8,0,0,146,1,512
82305,82304,1024,1,513,147,147,0,99,182,138,9,0,0,147,1,512
82432,82432,2048,0,1025,284,284,0,179,256,180,76,0,0,256,1,512
82432,82432,1024,0,513,143,143,0,85,182,137,6,0,0,143,1,512
82432,82432,4096,0,37,7,7,0,5,9,6,1,0,0,7,1,512
82433,82432,2048,1,1025,284,284,0,177,256,148,108,0,0,256,1,512
82433,82432,1024,1,513,145,145,0,89,180,138,7,0,0,145,1,512
82433,82432,4096,1,37,7,7,0,5,11,7,0,0,0,7,0,0
82560,82560,1024,0,513,143,143,0,101,181,136,7,0,0,143,1,512
82561,82560,1024,1,513,144,144,0,103,180,136,8,0,0,144,1,512
82688,82688,2048,0,1025,269,268,0,174,256,71,185,0,0,256,1,512
82688,82688,1024,0,513,144,143,0,98,186,137,7,0,0,144,1,512
82689,82688,2048,1,1025,266,266,0,172,256,84,172,0,0,256,1,512
82689,82688,1024,1,513,143,142,0,99,186,138,5,0,0,143,1,512
82816,82816,1024,0,513,149,149,0,93,183,138,11,0,0,149,1,512
82817,82816,1024,1,513,148,148,0,93,181,137,11,0,0,148,1,512
82944,82944,2048,0,1025,264,264,0,152,256,224,32,0,0,256,1,512
82944,82944,1024,0,513,143,143,0,104,185,136,7,0,0,143,1,512
82944,82944,4096,0,37,10,10,0,5,9,8,2,0,0,10,1,512
82945,82944,2048,1,1025,263,263,0,150,256,217,39,0,0,256,1,512
82945,82944,1024,1,513,143,143,0,103,184,136,7,0,0,143,1,512
82945,82944,4096,1,37,8,7,0,5,11,8,0,0,0,8,0,0
83072,83072,1024,0,513,146,145,0,86,187,138,8,0,0,146,1,512
83073,83072,1024,1,513,146,145,0,85,187,138,8,0,0,146,1,512
83200,83200,2048,0,1025,280,280,0,184,256,211,45,0,0,256,1,512
83200,83200,1024,0,513,137,136,0,87,187,131,6,0,0,137,1,512
83201,83200,2048,1,1025,277,277,0,182,256,221,35,0,0,256,1,512
83201,83200,1024,1,513,138,137,0,91,187,132,6,0,0,138,1,512
83328,83328,1024,0,513,147,146,0,94,183,138,9,0,0,147,1,512
83329,83328,1024,1,513,147,146,0,94,182,138,9,0,0,147,1,512
83456,83456,2048,0,1025,277,277,0,170,256,183,73,0,0,256,1,512
83456,83456,1024,0,513,141,140,0,91,185,134,7,0,0,141,1,512
83456,83456,4096,0,37,9,8,0,6,10,8,1,0,0,9,1,512
83457,83456,2048,1,1025,277,277,0,168,256,179,77,0,0,256,1,512
83457,83456,1024,1,513,141,140,0,90,185,135,6,0,0,141,1,512
83457,83456,4096,1,37,8,8,0,5,10,8,0,0,0,8,0,0
83584,83584,1024,0,513,144,143,0,86,184,136,8,0,0,144,1,512
83585,83584,1024,1,513,145,144,0,87,182,135,10,0,0,145,1,512
83712,83712,2048,0,1025,272,272,0,179,256,213,43,0,0,256,1,512
83712,83712,1024,0,513,141,141,0,85,180,130,11,0,0,141,1,512
83713,83712,2048,1,1025,271,271,0,175,256,219,37,0,0,256,1,512
83713,83712,1024,1,513,138,138,0,85,182,129,9,0,0,138,1,512
83840,83840,1024,0,513,135,135,0,90,190,128,7,0,0,135,1,512
83841,83840,1024,1,513,135,135,0,88,190,128,7,0,0,135,1,512
83968,83968,2048,0,1025,281,281,0,172,256,202,54,0,0,256,1,512
83968,83968,1024,0,513,142,142,0,83,187,132,10,0,0,142,1,512
83968,83968,4096,0,37,9,8,0,6,11,8,1,0,0,9,1,512
83969,83968,2048,1,1025,282,282,0,173,256,184,72,0,0,256,1,512
83969,83968,1024,1,513,143,143,0,84,187,133,10,0,0,143,1,512
83969,83968,4096,1,37,6,6,0,4,9,5,1,0,0,6,1,512
84096,84096,1024,0,513,152,152,0,91,189,142,10,0,0,152,1,512
84097,84096,1024,1,513,150,150,0,91,188,141,9,0,0,150,1,512
84224,84224,2048,0,1025,287,286,0,178,256,138,118,0,0,256,1,512
84224,84224,1024,0,513,144,144,0,97,193,139,5,0,0,144,1,512
84225,84224,2048,1,1025,284,284,0,175,256,153,103,0,0,256,1,512
84225,84224,1024,1,513,144,144,0,98,191,139,5,0,0,144,1,512
84352,84352,1024,0,513,137,137,0,86,191,128,9,0,0,137,1,512
84353,84352,1024,1,513,139,139,0,85,189,129,10,0,0,139,1,512
84480,84480,2048,0,1025,283,283,0,193,256,154,102,0,0,256,1,512
84480,84480,1024,0,513,145,145,0,86,194,142,3,0,0,145,1,512
84480,84480,4096,0,37,8,8,0,5,12,7,1,0,0,8,1,512
84481,84480,2048,1,1025,280,280,0,190,256,166,90,0,0,256,1,512
84481,84480,1024,1,513,144,144,0,86,193,142,2,0,0,144,1,512
84481,84480,4096,1,37,8,7,0,5,10,8,0,0,0,8,0,0
84608,84608,1024,0,513,151,151,0,95,187,140,11,0,0,151,1,512
84609,84608,1024,1,513,149,149,0,94,184,138,11,0,0,149,1,512
84736,84736,2048,0,1025,270,269,0,172,256,210,46,0,0,256,1,512
84736,84736,1024,0,513,133,133,0,95,193,129,4,0,0,133,1,512
84737,84736,2048,1,1025,271,271,0,171,256,183,73,0,0,256,1,512
84737,84736,1024,1,513,132,132,0,91,190,128,4,0,0,132,1,512
84864,84864,1024,0,513,135,135,0,87,186,131,4,0,0,135,1,512
84865,84864,1024,1,513,134,134,0,86,184,130,4,0,0,134,1,512
84992,84992,2048,0,1025,266,266,0,161,256,190,66,0,0,256,1,512
84992,84992,1024,0,513,141,141,0,75,186,132,9,0,0,141,1,512
84992,84992,4096,0,37,7,6,0,6,13,7,0,0,0,7,0,0
84993,84992,2048,1,1025,264,264,0,163,256,210,46,0,0,256,1,512
84993,84992,1024,1,513,141,141,0,76,184,132,9,0,0,141,1,512
84993,84992,4096,1,37,7,7,0,6,10,7,0,0,0,7,0,0
85120,85120,1024,0,513,139,139,0,85,184,133,6,0,0,139,1,512
85121,85120,1024,1,513,141,141,0,87,182,135,6,0,0,141,1,512
85248,85248,2048,0,1025,282,282,0,171,256,128,128,0,0,256,1,512
85248,85248,1024,0,513,134,134,0,78,183,127,7,0,0,134,1,512
85249,85248,2048,1,1025,282,282,0,170,256,106,150,0,0,256,1,512
85249,85248,1024,1,513,133,133,0,80,181,126,7,0,0,133,1,512
85376,85376,1024,0,513,138,138,0,85,185,129,9,0,0,138,1,512
85377,85376,1024,1,513,138,138,0,84,184,129,9,0,0,138,1,512
85504,85504,2048,0,1025,292,292,0,189,256,180,76,0,0,256,1,512
85504,85504,1024,0,513,138,137,0,87,186,128,10,0,0,138,1,512
85504,85504,4096,0,37,7,6,0,5,12,7,0,0,0,7,0,0
85505,85504,2048,1,1025,291,291,0,189,256,185,71,0,0,256,1,512
85505,85504,1024,1,513,137,136,0,89,186,129,8,0,0,137,1,512
85505,85504,4096,1,37,8,7,0,4,10,8,0,0,0,8,0,0
85632,85632,1024,0,513,142,141,0,84,184,131,11,0,0,142,1,512
85633,85632,1024,1,513,142,141,0,82,183,131,11,0,0,142,1,512
85760,85760,2048,0,1025,290,290,0,203,256,215,41,0,0,256,1,512
85760,85760,1024,0,513,143,142,0,95,188,139,4,0,0,143,1,512
85761,85760,2048,1,1025,289,289,0,201,256,213,43,0,0,256,1,512
85761,85760,1024,1,513,143,142,0,95,187,139,4,0,0,143,1,512
85888,85888,1024,0,513,136,135,0,87,181,130,6,0,0,136,1,512
85889,85888,1024,1,513,137,136,0,90,180,131,6,0,0,137,1,512
86016,86016,2048,0,1025,275,275,0,165,256,208,48,0,0,256,1,512
86016,86016,1024,0,513,139,138,0,89,181,133,6,0,0,139,1,512
86016,86016,4096,0,37,9,8,0,6,12,9,0,0,0,9,0,0
86017,86016,2048,1,1025,274,274,0,166,256,206,50,0,0,256,1,512
86017,86016,1024,1,513,138,137,0,89,181,133,5,0,0,138,1,512
86017,86016,4096,1,37,7,6,0,4,9,7,0,0,0,7,0,0
86144,86144,1024,0,513,138,137,0,91,177,129,9,0,0,138,1,512
86145,86144,1024,1,513,139,138,0,91,176,129,10,0,0,139,1,512
86272,86272,2048,0,1025,279,278,0,181,256,191,65,0,0,256,1,512
86272,86272,1024,0,513,145,144,0,89,182,140,5,0,0,145,1,512
86273,86272,2048,1,1025,277,276,0,179,256,195,61,0,0,256,1,512
86273,86272,1024,1,513,145,144,0,91,182,142,3,0,0,145,1,512
86400,86400,1024,0,513,140,140,0,96,176,133,7,0,0,140,1,512
86401,86400,1024,1,513,140,140,0,97,173,133,7,0,0,140,1,512
86528,86528,2048,0,1025,285,284,0,163,256,124,132,0,0,256,1,512
86528,86528,1024,0,513,163,162,0,93,177,142,21,0,0,163,1,512
86528,86528,4096,0,37,8,8,0,6,9,6,2,0,0,8,1,512
86529,86528,2048,1,1025,287,285,0,171,256,109,147,0,0,256,1,512
86529,86528,1024,1,513,150,149,0,94,175,136,14,0,0,150,1,512
86529,86528,4096,1,37,7,6,0,4,9,6,1,0,0,7,1,512
86656,86656,1024,0,513,161,160,0,114,192,151,10,0,0,161,1,512
86657,86656,1024,1,513,148,148,0,103,182,142,6,0,0,148,1,512
86784,86784,2048,0,1025,300,299,0,170,256,59,197,0,0,256,1,512
86784,86784,1024,0,513,131,131,0,96,199,127,4,0,0,131,1,512
86785,86784,2048,1,1025,282,281,0,178,256,125,131,0,0,256,1,512
86785,86784,1024,1,513,129,129,0,95,185,126,3,0,0,129,1,512
86912,86912,1024,0,513,114,114,0,74,197,112,2,0,0,114,1,512
86913,86912,1024,1,513,116,115,0,82,182,115,1,0,0,116,1,512
87040,87040,2048,0,1025,286,285,0,199,256,223,33,0,0,256,1,512
87040,87040,1024,0,513,122,121,0,66,191,115,7,0,0,122,1,512
87040,87040,4096,0,37,6,6,0,5,11,6,0,0,0,6,0,0
87041,87040,2048,1,1025,270,269,0,183,256,186,70,0,0,256,1,512
87041,87040,1024,1,513,132,131,0,72,176,124,8,0,0,132,1,512
87041,87040,4096,1,37,6,5,0,4,10,6,0,0,0,6,0,0
87168,87168,1024,0,513,156,155,0,94,184,145,11,0,0,156,1,512
87169,87168,1024,1,513,159,159,0,105,170,142,17,0,0,159,1,512
87296,87296,2048,0,1025,245,245,0,175,256,219,26,0,0,245,1,512
87296,87296,1024,0,513,163,163,0,115,181,144,19,0,0,163,1,512
87297,87296,2048,1,1025,240,240,0,158,256,217,23,0,0,240,1,512
87297,87296,1024,1,513,148,148,0,102,180,137,11,0,0,148,1,512
87424,87424,1024,0,513,134,134,0,83,189,127,7,0,0,134,1,512
87425,87424,1024,1,513,135,135,0,75,185,125,10,0,0,135,1,512
87552,87552,2048,0,1025,239,239,0,144,256,214,25,0,0,239,1,512
87552,87552,1024,0,513,144,144,0,90,193,137,7,0,0,144,1,512
87552,87552,4096,0,37,5,5,0,4,11,5,0,0,0,5,0,0
87553,87552,2048,1,1025,255,255,0,158,256,207,48,0,0,255,1,512
87553,87552,1024,1,513,146,146,0,92,189,134,12,0,0,146,1,512
87553,87552,4096,1,37,7,7,0,4,9,6,1,0,0,7,1,512
87680,87680,1024,0,513,142,142,0,101,198,140,2,0,0,142,1,512
87681,87680,1024,1,513,141,141,0,102,197,139,2,0,0,141,1,512
87808,87808,2048,0,1025,283,283,0,165,256,187,69,0,0,256,1,512
87808,87808,1024,0,513,142,142,0,95,193,136,6,0,0,142,1,512
87809,87808,2048,1,1025,278,278,0,169,256,188,68,0,0,256,1,512
87809,87808,1024,1,513,141,141,0,95,188,133,8,0,0,141,1,512
87936,87936,1024,0,513,146,146,0,86,181,134,12,0,0,146,1,512
87937,87936,1024,1,513,146,146,0,84,184,134,12,0,0,146,1,512
88064,88064,2048,0,1025,301,301,0,210,256,172,84,0,0,256,1,512
88064,88064,1024,0,513,136,136,0,83,185,130,6,0,0,136,1,512
88064,88064,4096,0,37,6,6,0,3,11,5,1,0,0,6,1,512
88065,88064,2048,1,1025,297,296,0,185,256,150,106,0,0,256,1,512
88065,88064,1024,1,513,137,137,0,86,185,130,7,0,0,137,1,512
88065,88064,4096,1,37,6,6,0,5,10,6,0,0,0,6,0,0
88192,88192,1024,0,513,145,145,0,80,187,130,15,0,0,145,1,512
88193,88192,1024,1,513,145,145,0,83,189,130,15,0,0,145,1,512
88320,88320,2048,0,1025,289,288,0,177,256,195,61,0,0,256,1,512
88320,88320,1024,0,513,141,141,0,96,198,137,4,0,0,141,1,512
88321,88320,2048,1,1025,288,287,0,177,256,207,49,0,0,256,1,512
88321,88320,1024,1,513,142,142,0,97,200,137,5,0,0,142,1,512
88448,88448,1024,0,513,146,145,0,89,190,134,12,0,0,146,1,512
88449,88448,1024,1,513,145,144,0,90,192,133,12,0,0,145,1,512
88576,88576,2048,0,1025,293,292,0,180,256,169,87,0,0,256,1,512
88576,88576,1024,0,513,142,141,0,85,192,134,8,0,0,142,1,512
88576,88576,4096,0,37,7,7,0,5,10,6,1,0,0,7,1,512
88577,88576,2048,1,1025,293,292,0,186,256,172,84,0,0,256,1,512
88577,88576,1024,1,513,143,142,0,87,194,135,8,0,0,143,1,512
88577,88576,4096,1,37,5,5,0,5,10,5,0,0,0,5,0,0
88704,88704,1024,0,513,137,136,0,97,190,130,7,0,0,137,1,512
88705,88704,1024,1,513,136,135,0,96,191,130,6,0,0,136,1,512
88832,88832,2048,0,1025,272,271,0,175,256,170,86,0,0,256,1,512
88832,88832,1024,0,513,146,146,0,92,186,139,7,0,0,146,1,512
88833,88832,2048,1,1025,271,270,0,173,256,219,37,0,0,256,1,512
88833,88832,1024,1,513,146,146,0,94,186,138,8,0,0,146,1,512
88960,88960,1024,0,513,146,146,0,94,186,140,6,0,0,146,1,512
88961,88960,1024,1,513,144,144,0,94,185,137,7,0,0,144,1,512
89088,89088,2048,0,1025,282,282,0,175,256,148,108,0,0,256,1,512
89088,89088,1024,0,513,140,139,0,85,183,132,8,0,0,140,1,512
89088,89088,4096,0,37,5,5,0,2,8,5,0,0,0,5,0,0
89089,89088,2048,1,1025,282,282,0,174,256,168,88,0,0,256,1,512
89089,89088,1024,1,513,139,138,0,87,182,131,8,0,0,139,1,512
89089,89088,4096,1,37,6,6,0,4,9,6,0,0,0,6,0,0
89216,89216,1024,0,513,139,138,0,80,186,132,7,0,0,139,1,512
89217,89216,1024,1,513,140,139,0,79,185,132,8,0,0,140,1,512
89344,89344,2048,0,1025,280,280,0,185,256,165,91,0,0,256,1,512
89344,89344,1024,0,513,138,138,0,91,188,130,8,0,0,138,1,512
89345,89344,2048,1,1025,276,276,0,182,256,188,68,0,0,256,1,512
89345,89344,1024,1,513,139,139,0,92,189,131,8,0,0,139,1,512
89472,89472,1024,0,513,140,140,0,88,186,134,6,0,0,140,1,512
89473,89472,1024,1,513,141,141,0,92,185,135,6,0,0,141,1,512
89600,89600,2048,0,1025,280,280,0,172,256,148,108,0,0,256,1,512
89600,89600,1024,0,513,138,138,0,99,183,133,5,0,0,138,1,512
89600,89600,4096,0,37,5,5,0,3,8,5,0,0,0,5,0,0
89601,89600,2048,1,1025,278,278,0,170,256,161,95,0,0,256,1,512
89601,89600,1024,1,513,139,139,0,101,183,133,6,0,0,139,1,512
89601,89600,4096,1,37,7,7,0,5,7,7,0,0,0,7,0,0
89728,89728,1024,0,513,140,140,0,90,183,133,7,0,0,140,1,512
89729,89728,1024,1,513,139,139,0,90,184,133,6,0,0,139,1,512
89856,89856,2048,0,1025,278,278,0,180,256,184,72,0,0,256,1,512
89856,89856,1024,0,513,140,140,0,80,180,131,9,0,0,140,1,512
89857,89856,2048,1,1025,275,275,0,177,256,196,60,0,0,256,1,512
89857,89856,1024,1,513,139,139,0,82,180,130,9,0,0,139,1,512
89984,89984,1024,0,513,140,140,0,89,182,131,9,0,0,140,1,512
89985,89984,1024,1,513,141,141,0,91,181,132,9,0,0,141,1,512
90112,90112,2048,0,1025,275,274,0,180,256,141,115,0,0,256,1,512
90112,90112,1024,0,513,142,141,0,98,187,134,8,0,0,142,1,512
90112,90112,4096,0,37,9,9,0,3,7,5,4,0,0,9,1,512
90113,90112,2048,1,1025,273,272,0,180,256,175,81,0,0,256,1,512
90113,90112,1024,1,513,143,142,0,99,186,135,8,0,0,143,1,512
90113,90112,4096,1,37,4,4,0,3,7,4,0,0,0,4,0,0
90240,90240,1024,0,513,143,142,0,79,188,133,10,0,0,143,1,512
90241,90240,1024,1,513,143,142,0,79,187,132,11,0,0,143,1,512
90368,90368,2048,0,1025,288,287,0,180,256,177,79,0,0,256,1,512
90368,90368,1024,0,513,144,143,0,88,193,134,10,0,0,144,1,512
90369,90368,2048,1,1025,287,286,0,175,256,152,104,0,0,256,1,512
90369,90368,1024,1,513,143,142,0,87,192,133,10,0,0,143,1,512
90496,90496,1024,0,513,138,138,0,98,194,137,1,0,0,138,1,512
90497,90496,1024,1,513,137,137,0,99,194,136,1,0,0,137,1,512
90624,90624,2048,0,1025,282,282,0,174,256,161,95,0,0,256,1,512
90624,90624,1024,0,513,143,143,0,88,189,136,7,0,0,143,1,512
90624,90624,4096,0,37,9,9,0,5,11,8,1,0,0,9,1,512
90625,90624,2048,1,1025,281,281,0,174,256,203,53,0,0,256,1,512
90625,90624,1024,1,513,143,143,0,88,190,135,8,0,0,143,1,512
90625,90624,4096,1,37,7,7,0,4,7,6,1,0,0,7,1,512
90752,90752,1024,0,513,140,140,0,83,185,136,4,0,0,140,1,512
90753,90752,1024,1,513,140,140,0,81,187,135,5,0,0,140,1,512
90880,90880,2048,0,1025,292,292,0,185,256,103,153,0,0,256,1,512
90880,90880,1024,0,513,148,147,0,80,182,136,12,0,0,148,1,512
90881,90880,2048,1,1025,290,290,0,182,256,148,108,0,0,256,1,512
90881,90880,1024,1,513,145,144,0,81,184,134,11,0,0,145,1,512
91008,91008,1024,0,513,142,141,0,99,184,134,8,0,0,142,1,512
91009,91008,1024,1,513,141,140,0,97,185,133,8,0,0,141,1,512
91136,91136,2048,0,1025,280,280,0,187,256,217,39,0,0,256,1,512
91136,91136,1024,0,513,141,141,0,92,189,135,6,0,0,141,1,512
91136,91136,4096,0,37,7,7,0,4,12,7,0,0,0,7,0,0
91137,91136,2048,1,1025,278,278,0,186,256,218,38,0,0,256,1,512
91137,91136,1024,1,513,142,142,0,92,190,135,7,0,0,142,1,512
91137,91136,4096,1,37,5,5,0,5,8,5,0,0,0,5,0,0
91264,91264,1024,0,513,137,137,0,86,188,133,4,0,0,137,1,512
91265,91264,1024,1,513,137,137,0,88,189,133,4,0,0,137,1,512
91392,91392,2048,0,1025,276,276,0,173,256,179,77,0,0,256,1,512
91392,91392,1024,0,513,142,141,0,92,183,133,9,0,0,142,1,512
91393,91392,2048,1,1025,275,275,0,173,256,185,71,0,0,256,1,512
91393,91392,1024,1,513,143,142,0,92,183,134,9,0,0,143,1,512
91520,91520,1024,0,513,144,143,0,85,182,130,14,0,0,144,1,512
91521,91520,1024,1,513,145,144,0,86,182,131,14,0,0,145,1,512
91648,91648,2048,0,1025,282,282,0,174,256,146,110,0,0,256,1,512
91648,91648,1024,0,513,144,144,0,93,187,134,10,0,0,144,1,512
91648,91648,4096,0,37,8,7,0,4,12,8,0,0,0,8,0,0
91649,91648,2048,1,1025,281,281,0,170,256,156,100,0,0,256,1,512
91649,91648,1024,1,513,143,143,0,96,188,135,8,0,0,143,1,512
91649,91648,4096,1,37,6,5,0,5,8,5,1,0,0,6,1,512
91776,91776,1024,0,513,146,146,0,91,191,139,7,0,0,146,1,512
91777,91776,1024,1,513,144,144,0,90,191,139,5,0,0,144,1,512
91904,91904,2048,0,1025,282,282,0,184,256,193,63,0,0,256,1,512
91904,91904,1024,0,513,142,142,0,90,195,135,7,0,0,142,1,512
91905,91904,2048,1,1025,281,281,0,185,256,199,57,0,0,256,1,512
91905,91904,1024,1,513,144,144,0,90,192,136,8,0,0,144,1,512
92032,92032,1024,0,513,137,137,0,88,193,132,5,0,0,137,1,512
92033,92032,1024,1,513,138,138,0,89,191,133,5,0,0,138,1,512
92160,92160,2048,0,1025,286,286,0,179,256,173,83,0,0,256,1,512
92160,92160,1024,0,513,147,146,0,81,185,139,8,0,0,147,1,512
92160,92160,4096,0,37,10,10,0,6,12,10,0,0,0,10,0,0
92161,92160,2048,1,1025,285,285,0,180,256,178,78,0,0,256,1,512
92161,92160,1024,1,513,147,146,0,80,183,138,9,0,0,147,1,512
92161,92160,4096,1,37,6,5,0,5,8,6,0,0,0,6,0,0
92288,92288,1024,0,513,151,150,0,98,187,139,12,0,0,151,1,512
92289,92288,1024,1,513,151,150,0,99,186,139,12,0,0,151,1,512
92416,92416,2048,0,1025,291,291,0,175,256,90,166,0,0,256,1,512
92416,92416,1024,0,513,140,139,0,97,193,137,3,0,0,140,1,512
92417,92416,2048,1,1025,289,289,0,172,256,100,156,0,0,256,1,512
92417,92416,1024,1,513,139,138,0,98,194,137,2,0,0,139,1,512
92544,92544,1024,0,513,131,130,0,82,191,126,5,0,0,131,1,512
92545,92544,1024,1,513,130,129,0,84,190,125,5,0,0,130,1,512
92672,92672,2048,0,1025,286,285,0,178,256,95,161,0,0,256,1,512
92672,92672,1024,0,513,148,148,0,80,187,137,11,0,0,148,1,512
92672,92672,4096,0,37,8,7,0,4,12,8,0,0,0,8,0,0
92673,92672,2048,1,1025,282,281,0,174,256,193,63,0,0,256,1,512
92673,92672,1024,1,513,148,148,0,81,185,137,11,0,0,148,1,512
92673,92672,4096,1,37,7,7,0,5,8,6,1,0,0,7,1,512
92800,92800,1024,0,513,152,152,0,90,193,143,9,0,0,152,1,512
92801,92800,1024,1,513,151,151,0,90,191,142,9,0,0,151,1,512
92928,92928,2048,0,1025,288,287,0,175,256,213,43,0,0,256,1,512
92928,92928,1024,0,513,139,139,0,84,197,133,6,0,0,139,1,512
92929,92928,2048,1,1025,287,286,0,174,256,189,67,0,0,256,1,512
92929,92928,1024,1,513,140,140,0,85,194,133,7,0,0,140,1,512
93056,93056,1024,0,513,142,142,0,91,193,133,9,0,0,142,1,512
93057,93056,1024,1,513,141,141,0,93,192,133,8,0,0,141,1,512
93184,93184,2048,0,1025,293,292,0,180,256,193,63,0,0,256,1,512
93184,93184,1024,0,513,140,139,0,87,198,135,5,0,0,140,1,512
93184,93184,4096,0,37,6,6,0,4,10,6,0,0,0,6,0,0
93185,93184,2048,1,1025,291,291,0,179,256,188,68,0,0,256,1,512
93185,93184,1024,1,513,141,140,0,88,196,135,6,0,0,141,1,512
93185,93184,4096,1,37,7,7,0,6,8,7,0,0,0,7,0,0
93312,93312,1024,0,513,144,144,0,87,194,137,7,0,0,144,1,512
93313,93312,1024,1,513,145,145,0,87,193,138,7,0,0,145,1,512
93440,93440,2048,0,1025,283,283,0,186,256,216,40,0,0,256,1,512
93440,93440,1024,0,513,141,141,0,91,190,136,5,0,0,141,1,512
93441,93440,2048,1,1025,282,282,0,185,256,205,51,0,0,256,1,512
93441,93440,1024,1,513,141,141,0,91,189,136,5,0,0,141,1,512
93568,93568,1024,0,513,142,142,0,83,187,135,7,0,0,142,1,512
93569,93568,1024,1,513,140,140,0,85,186,133,7,0,0,140,1,512
93696,93696,2048,0,1025,275,275,0,161,256,200,56,0,0,256,1,512
93696,93696,1024,0,513,140,140,0,81,187,129,11,0,0,140,1,512
93696,93696,4096,0,37,7,7,0,6,10,6,1,0,0,7,1,512
93697,93696,2048,1,1025,274,274,0,162,256,196,60,0,0,256,1,512
93697,93696,1024,1,513,138,138,0,82,187,129,9,0,0,138,1,512
93697,93696,4096,1,37,6,6,0,6,8,6,0,0,0,6,0,0
93824,93824,1024,0,513,141,140,0,87,192,137,4,0,0,141,1,512
93825,93824,1024,1,513,141,140,0,88,190,136,5,0,0,141,1,512
93952,93952,2048,0,1025,283,283,0,167,256,192,64,0,0,256,1,512
93952,93952,1024,0,513,133,132,0,82,189,129,4,0,0,133,1,512
93953,93952,2048,1,1025,281,281,0,166,256,193,63,0,0,256,1,512
93953,93952,1024,1,513,133,132,0,82,187,128,5,0,0,133,1,512
94080,94080,1024,0,513,141,140,0,90,186,132,9,0,0,141,1,512
94081,94080,1024,1,513,144,143,0,90,185,133,11,0,0,144,1,512
94208,94208,2048,0,1025,284,283,0,168,256,75,181,0,0,256,1,512
94208,94208,1024,0,513,137,136,0,88,189,128,9,0,0,137,1,512
94208,94208,4096,0,37,8,8,0,5,11,7,1,0,0,8,1,512
94209,94208,2048,1,1025,280,280,0,165,256,96,160,0,0,256,1,512
94209,94208,1024,1,513,136,135,0,92,190,128,8,0,0,136,1,512
94209,94208,4096,1,37,5,5,0,5,8,5,0,0,0,5,0,0
94336,94336,1024,0,513,135,135,0,83,184,128,7,0,0,135,1,512
94337,94336,1024,1,513,135,135,0,83,184,128,7,0,0,135,1,512
94464,94464,2048,0,1025,267,267,0,178,256,212,44,0,0,256,1,512
94464,94464,1024,0,513,133,133,0,94,182,123,10,0,0,133,1,512
94465,94464,2048,1,1025,267,267,0,176,256,173,83,0,0,256,1,512
94465,94464,1024,1,513,131,131,0,94,182,121,10,0,0,131,1,512
94592,94592,1024,0,513,135,135,0,78,184,128,7,0,0,135,1,512
94593,94592,1024,1,513,135,135,0,79,184,127,8,0,0,135,1,512
94720,94720,2048,0,1025,279,279,0,172,256,88,168,0,0,256,1,512
94720,94720,1024,0,513,142,142,0,88,181,135,7,0,0,142,1,512
94720,94720,4096,0,37,6,6,0,5,10,6,0,0,0,6,0,0
94721,94720,2048,1,1025,274,274,0,170,256,116,140,0,0,256,1,512
94721,94720,1024,1,513,141,141,0,86,181,134,7,0,0,141,1,512
94721,94720,4096,1,37,6,6,0,4,8,6,0,0,0,6,0,0
94848,94848,1024,0,513,146,146,0,95,184,136,10,0,0,146,1,512
94849,94848,1024,1,513,146,146,0,93,183,136,10,0,0,146,1,512
94976,94976,2048,0,1025,281,281,0,168,256,211,45,0,0,256,1,512
94976,94976,1024,0,513,140,140,0,85,184,132,8,0,0,140,1,512
94977,94976,2048,1,1025,278,278,0,164,256,207,49,0,0,256,1,512
94977,94976,1024,1,513,139,139,0,85,183,130,9,0,0,139,1,512
95104,95104,1024,0,513,140,140,0,88,188,134,6,0,0,140,1,512
95105,95104,1024,1,513,141,141,0,88,188,134,7,0,0,141,1,512
95232,95232,2048,0,1025,285,285,0,165,256,184,72,0,0,256,1,512
95232,95232,1024,0,513,141,141,0,93,185,134,7,0,0,141,1,512
95232,95232,4096,0,37,7,7,0,4,9,6,1,0,0,7,1,512
95233,95232,2048,1,1025,284,284,0,161,256,179,77,0,0,256,1,512
95233,95232,1024,1,513,142,142,0,95,185,136,6,0,0,142,1,512
95233,95232,4096,1,37,6,6,0,4,8,6,0,0,0,6,0,0
95360,95360,1024,0,513,136,135,0,82,184,129,7,0,0,136,1,512
95361,95360,1024,1,513,137,136,0,83,183,130,7,0,0,137,1,512
95488,95488,2048,0,1025,277,277,0,187,256,192,64,0,0,256,1,512
95488,95488,1024,0,513,138,137,0,89,185,133,5,0,0,138,1,512
95489,95488,2048,1,1025,275,275,0,186,256,202,54,0,0,256,1,512
95489,95488,1024,1,513,137,136,0,89,184,132,5,0,0,137,1,512
95616,95616,1024,0,513,148,147,0,94,176,138,10,0,0,148,1,512
95617,95616,1024,1,513,146,145,0,93,176,137,9,0,0,146,1,512
95744,95744,2048,0,1025,284,284,0,177,256,172,84,0,0,256,1,512
95744,95744,1024,0,513,129,128,0,84,180,126,3,0,0,129,1,512
95744,95744,4096,0,37,7,7,0,6,9,7,0,0,0,7,0,0
95745,95744,2048,1,1025,282,282,0,174,256,173,83,0,0,256,1,512
95745,95744,1024,1,513,128,127,0,84,179,125,3,0,0,128,1,512
95745,95744,4096,1,37,6,6,0,5,8,6,0,0,0,6,0,0
95872,95872,1024,0,513,136,135,0,83,178,126,10,0,0,136,1,512
95873,95872,1024,1,513,137,136,0,84,176,127,10,0,0,137,1,512
96000,96000,2048,0,1025,271,270,0,166,256,221,35,0,0,256,1,512
96000,96000,1024,0,513,146,145,0,93,183,138,8,0,0,146,1,512
96001,96000,2048,1,1025,269,268,0,166,256,222,34,0,0,256,1,512
96001,96000,1024,1,513,146,145,0,93,180,137,9,0,0,146,1,512
96128,96128,1024,0,513,146,146,0,89,189,140,6,0,0,146,1,512
96129,96128,1024,1,513,145,145,0,90,187,139,6,0,0,145,1,512
96256,96256,2048,0,1025,277,277,0,179,256,210,46,0,0,256,1,512
96256,96256,1024,0,513,134,134,0,89,184,126,8,0,0,134,1,512
96256,96256,4096,0,37,8,8,0,6,9,8,0,0,0,8,0,0
96257,96256,2048,1,1025,276,276,0,176,256,210,46,0,0,256,1,512
96257,96256,1024,1,513,135,135,0,87,182,125,10,0,0,135,1,512
96257,96256,4096,1,37,5,5,0,5,7,5,0,0,0,5,0,0
96384,96384,1024,0,513,127,127,0,75,184,122,5,0,0,127,1,512
96385,96384,1024,1,513,127,127,0,77,184,122,5,0,0,127,1,512
96512,96512,2048,0,1025,284,284,0,172,256,137,119,0,0,256,1,512
96512,96512,1024,0,513,138,138,0,76,180,131,7,0,0,138,1,512
96513,96512,2048,1,1025,284,284,0,168,256,138,118,0,0,256,1,512
96513,96512,1024,1,513,134,134,0,77,181,128,6,0,0,134,1,512
96640,96640,1024,0,513,145,145,0,89,179,136,9,0,0,145,1,512
96641,96640,1024,1,513,144,144,0,85,179,135,9,0,0,144,1,512
96768,96768,2048,0,1025,290,290,0,168,256,163,93,0,0,256,1,512
96768,96768,1024,0,513,145,144,0,86,179,136,9,0,0,145,1,512
96768,96768,4096,0,37,9,8,0,5,9,7,2,0,0,9,1,512
96769,96768,2048,1,1025,288,288,0,168,256,170,86,0,0,256,1,512
96769,96768,1024,1,513,144,143,0,85,179,135,9,0,0,144,1,512
96769,96768,4096,1,37,8,7,0,4,7,7,1,0,0,8,1,512
96896,96896,1024,0,513,132,131,0,85,180,128,4,0,0,132,1,512
96897,96896,1024,1,513,130,129,0,84,179,126,4,0,0,130,1,512
97024,97024,2048,0,1025,280,280,0,177,256,212,44,0,0,256,1,512
97024,97024,1024,0,513,148,147,0,89,179,134,14,0,0,148,1,512
97025,97024,2048,1,1025,278,278,0,173,256,219,37,0,0,256,1,512
97025,97024,1024,1,513,147,146,0,89,177,134,13,0,0,147,1,512
97152,97152,1024,0,513,148,147,0,99,187,143,5,0,0,148,1,512
97153,97152,1024,1,513,147,146,0,99,185,141,6,0,0,147,1,512
97280,97280,2048,0,1025,278,278,0,187,256,165,91,0,0,256,1,512
97280,97280,1024,0,513,141,140,0,93,187,136,5,0,0,141,1,512
97280,97280,4096,0,37,8,8,0,6,11,8,0,0,0,8,0,0
97281,97280,2048,1,1025,276,276,0,185,256,177,79,0,0,256,1,512
97281,97280,1024,1,513,144,143,0,96,185,139,5,0,0,144,1,512
97281,97280,4096,1,37,5,5,0,4,8,5,0,0,0,5,0,0
97408,97408,1024,0,513,145,144,0,93,180,136,9,0,0,145,1,512
97409,97408,1024,1,513,148,147,0,97,179,137,11,0,0,148,1,512
97536,97536,2048,0,1025,278,276,0,167,256,151,105,0,0,256,1,512
97536,97536,1024,0,513,138,137,0,97,186,131,7,0,0,138,1,512
97537,97536,2048,1,1025,275,274,0,164,256,188,68,0,0,256,1,512
97537,97536,1024,1,513,136,135,0,100,187,130,6,0,0,136,1,512
97664,97664,1024,0,513,136,135,0,81,185,131,5,0,0,136,1,512
97665,97664,1024,1,513,135,134,0,81,185,130,5,0,0,135,1,512
97792,97792,2048,0,1025,286,285,0,174,256,177,79,0,0,256,1,512
97792,97792,1024,0,513,135,134,0,80,184,131,4,0,0,135,1,512
97792,97792,4096,0,37,9,9,0,6,11,8,1,0,0,9,1,512
97793,97792,2048,1,1025,284,283,0,172,256,166,90,0,0,256,1,512
97793,97792,1024,1,513,136,135,0,80,183,131,5,0,0,136,1,512
97793,97792,4096,1,37,5,5,0,4,8,5,0,0,0,5,0,0
97920,97920,1024,0,513,131,130,0,82,185,127,4,0,0,131,1,512
97921,97920,1024,1,513,132,131,0,85,184,128,4,0,0,132,1,512
98048,98048,2048,0,1025,269,268,0,182,256,94,162,0,0,256,1,512
98048,98048,1024,0,513,132,132,0,72,179,124,8,0,0,132,1,512
98049,98048,2048,1,1025,268,267,0,176,256,79,177,0,0,256,1,512
98049,98048,1024,1,513,133,133,0,75,178,125,8,0,0,133,1,512
98176,98176,1024,0,513,129,129,0,82,180,119,10,0,0,129,1,512
98177,98176,1024,1,513,132,132,0,83,179,120,12,0,0,132,1,512
98304,98304,2048,0,1025,275,275,0,170,256,164,92,0,0,256,1,512
98304,98304,1024,0,513,136,136,0,77,181,127,9,0,0,136,1,512
98304,98304,4096,0,37,6,6,0,3,12,6,0,0,0,6,0,0
98305,98304,2048,1,1025,274,274,0,170,256,164,92,0,0,256,1,512
98305,98304,1024,1,513,134,134,0,77,182,127,7,0,0,134,1,512
98305,98304,4096,1,37,5,5,0,5,8,5,0,0,0,5,0,0
98432,98432,1024,0,513,145,144,0,76,182,131,14,0,0,145,1,512
98433,98432,1024,1,513,145,144,0,78,181,131,14,0,0,145,1,512
98560,98560,2048,0,1025,293,293,0,182,256,191,65,0,0,256,1,512
98560,98560,1024,0,513,145,144,0,98,188,139,6,0,0,145,1,512
98561,98560,2048,1,1025,291,291,0,180,256,191,65,0,0,256,1,512
98561,98560,1024,1,513,146,145,0,99,187,140,6,0,0,146,1,512
98688,98688,1024,0,513,136,135,0,84,186,131,5,0,0,136,1,512
98689,98688,1024,1,513,136,135,0,85,185,130,6,0,0,136,1,512
98816,98816,2048,0,1025,278,278,0,179,256,212,44,0,0,256,1,512
98816,98816,1024,0,513,143,142,0,81,187,138,5,0,0,143,1,512
98816,98816,4096,0,37,8,7,0,4,11,8,0,0,0,8,0,0
98817,98816,2048,1,1025,276,276,0,179,256,217,39,0,0,256,1,512
98817,98816,1024,1,513,141,140,0,83,186,137,4,0,0,141,1,512
98817,98816,4096,1,37,6,6,0,5,8,5,1,0,0,6,1,512
98944,98944,1024,0,513,136,135,0,85,187,133,3,0,0,136,1,512
98945,98944,1024,1,513,135,134,0,85,185,132,3,0,0,135,1,512
99072,99072,2048,0,1025,280,280,0,201,256,208,48,0,0,256,1,512
99072,99072,1024,0,513,142,142,0,84,183,137,5,0,0,142,1,512
99073,99072,2048,1,1025,280,280,0,198,256,202,54,0,0,256,1,512
99073,99072,1024,1,513,142,142,0,85,181,137,5,0,0,142,1,512
99200,99200,1024,0,513,134,134,0,86,184,123,11,0,0,134,1,512
99201,99200,1024,1,513,134,134,0,86,182,122,12,0,0,134,1,512
99328,99328,2048,0,1025,284,284,0,183,256,186,70,0,0,256,1,512
99328,99328,1024,0,513,143,143,0,87,188,136,7,0,0,143,1,512
99328,99328,4096,0,37,10,10,0,6,11,8,2,0,0,10,1,512
99329,99328,2048,1,1025,283,282,0,183,256,197,59,0,0,256,1,512
99329,99328,1024,1,513,144,144,0,87,187,137,7,0,0,144,1,512
99329,99328,4096,1,37,6,6,0,5,6,5,1,0,0,6,1,512
99456,99456,1024,0,513,140,140,0,94,190,135,5,0,0,140,1,512
99457,99456,1024,1,513,138,138,0,95,189,133,5,0,0,138,1,512
99584,99584,2048,0,1025,285,284,0,165,256,130,126,0,0,256,1,512
99584,99584,1024,0,513,140,140,0,89,186,134,6,0,0,140,1,512
99585,99584,2048,1,1025,282,282,0,163,256,174,82,0,0,256,1,512
99585,99584,1024,1,513,139,139,0,87,186,134,5,0,0,139,1,512
99712,99712,1024,0,513,146,146,0,80,183,139,7,0,0,146,1,512
99713,99712,1024,1,513,146,146,0,77,182,139,7,0,0,146,1,512
99840,99840,2048,0,1025,281,281,0,193,256,161,95,0,0,256,1,512
99840,99840,1024,0,513,143,143,0,90,188,139,4,0,0,143,1,512
99840,99840,4096,0,37,8,8,0,5,13,7,1,0,0,8,1,512
99841,99840,2048,1,1025,278,278,0,190,256,155,101,0,0,256,1,512
99841,99840,1024,1,513,143,143,0,92,186,139,4,0,0,143,1,512
99841,99840,4096,1,37,6,6,0,5,7,5,1,0,0,6,1,512
99968,99968,1024,0,513,139,138,0,96,185,130,9,0,0,139,1,512
99969,99968,1024,1,513,140,139,0,97,183,131,9,0,0,140,1,512
100096,100096,2048,0,1025,282,280,0,170,256,106,150,0,0,256,1,512
100096,100096,1024,0,513,145,145,0,82,186,133,12,0,0,145,1,512
100097,100096,2048,1,1025,278,277,0,167,256,124,132,0,0,256,1,512
100097,100096,1024,1,513,146,146,0,85,184,133,13,0,0,146,1,512
100224,100224,1024,0,513,141,141,0,89,194,134,7,0,0,141,1,512
100225,100224,1024,1,513,143,143,0,91,193,136,7,0,0,143,1,512
100352,100352,2048,0,1025,284,284,0,190,256,226,30,0,0,256,1,512
100352,100352,1024,0,513,141,141,0,96,188,134,7,0,0,141,1,512
100352,100352,4096,0,37,7,6,0,5,14,7,0,0,0,7,0,0
100353,100352,2048,1,1025,279,279,0,187,256,222,34,0,0,256,1,512
100353,100352,1024,1,513,140,140,0,99,187,133,7,0,0,140,1,512
100353,100352,4096,1,37,6,6,0,5,8,6,0,0,0,6,0,0
100480,100480,1024,0,513,133,133,0,84,189,128,5,0,0,133,1,512
100481,100480,1024,1,513,133,133,0,84,188,128,5,0,0,133,1,512
100608,100608,2048,0,1025,288,288,0,180,256,194,62,0,0,256,1,512
100608,100608,1024,0,513,135,135,0,84,186,127,8,0,0,135,1,512
100609,100608,2048,1,1025,286,286,0,175,256,187,69,0,0,256,1,512
100609,100608,1024,1,513,136,136,0,84,186,128,8,0,0,136,1,512
100736,100736,1024,0,513,143,143,0,83,186,137,6,0,0,143,1,512
100737,100736,1024,1,513,143,143,0,84,186,137,6,0,0,143,1,512
100864,100864,2048,0,1025,297,297,0,178,256,163,93,0,0,256,1,512
100864,100864,1024,0,513,137,137,0,93,184,134,3,0,0,137,1,512
100864,100864,4096,0,37,7,7,0,4,13,7,0,0,0,7,0,0
100865,100864,2048,1,1025,295,295,0,174,256,156,100,0,0,256,1,512
100865,100864,1024,1,513,137,137,0,95,184,134,3,0,0,137,1,512
100865,100864,4096,1,37,5,5,0,5,8,5,0,0,0,5,0,0
100992,100992,1024,0,513,136,135,0,81,176,125,11,0,0,136,1,512
100993,100992,1024,1,513,136,135,0,83,176,126,10,0,0,136,1,512
101120,101120,2048,0,1025,286,286,0,195,256,129,127,0,0,256,1,512
101120,101120,1024,0,513,135,134,0,84,180,125,10,0,0,135,1,512
101121,101120,2048,1,1025,287,287,0,196,256,63,193,0,0,256,1,512
101121,101120,1024,1,513,137,136,0,86,179,127,10,0,0,137,1,512
101248,101248,1024,0,513,140,140,0,94,182,128,12,0,0,140,1,512
101249,101248,1024,1,513,140,140,0,93,181,128,12,0,0,140,1,512
101376,101376,2048,0,1025,280,280,0,165,256,222,34,0,0,256,1,512
101376,101376,1024,0,513,142,142,0,92,186,138,4,0,0,142,1,512
101376,101376,4096,0,37,7,6,0,4,13,7,0,0,0,7,0,0
101377,101376,2048,1,1025,279,279,0,162,256,219,37,0,0,256,1,512
101377,101376,1024,1,513,143,143,0,91,185,139,4,0,0,143,1,512
101377,101376,4096,1,37,7,7,0,5,7,6,1,0,0,7,1,512
101504,101504,1024,0,513,143,143,0,102,178,136,7,0,0,143,1,512
101505,101504,1024,1,513,141,141,0,103,178,136,5,0,0,141,1,512
101632,101632,2048,0,1025,282,281,0,175,256,208,48,0,0,256,1,512
101632,101632,1024,0,513,136,136,0,87,180,130,6,0,0,136,1,512
101633,101632,2048,1,1025,281,280,0,175,256,210,46,0,0,256,1,512
101633,101632,1024,1,513,136,136,0,86,178,129,7,0,0,136,1,512
101760,101760,1024,0,513,144,144,0,87,176,133,11,0,0,144,1,512
101761,101760,1024,1,513,147,147,0,91,176,135,12,0,0,147,1,512
101888,101888,2048,0,1025,282,281,0,175,256,192,64,0,0,256,1,512
101888,101888,1024,0,513,144,143,0,85,185,137,7,0,0,144,1,512
101888,101888,4096,0,37,8,7,0,4,10,8,0,0,0,8,0,0
101889,101888,2048,1,1025,280,279,0,176,256,195,61,0,0,256,1,512
101889,101888,1024,1,513,145,144,0,88,186,139,6,0,0,145,1,512
101889,101888,4096,1,37,6,6,0,5,7,6,0,0,0,6,0,0
102016,102016,1024,0,513,144,144,0,95,185,137,7,0,0,144,1,512
102017,102016,1024,1,513,144,144,0,97,185,137,7,0,0,144,1,512
102144,102144,2048,0,1025,278,278,0,170,256,150,106,0,0,256,1,512
102144,102144,1024,0,513,147,147,0,91,187,138,9,0,0,147,1,512
102145,102144,2048,1,1025,276,276,0,169,256,170,86,0,0,256,1,512
102145,102144,1024,1,513,148,148,0,91,187,138,10,0,0,148,1,512
102272,102272,1024,0,513,143,143,0,96,191,138,5,0,0,143,1,512
102273,102272,1024,1,513,142,142,0,97,193,138,4,0,0,142,1,512
102400,102400,2048,0,1025,272,272,0,182,256,229,27,0,0,256,1,512
102400,102400,1024,0,513,138,138,0,88,187,130,8,0,0,138,1,512
102400,102400,4096,0,37,9,8,0,6,10,7,2,0,0,9,1,512
102401,102400,2048,1,1025,269,269,0,180,256,230,26,0,0,256,1,512
102401,102400,1024,1,513,138,138,0,88,187,130,8,0,0,138,1,512
102401,102400,4096,1,37,7,7,0,5,7,6,1,0,0,7,1,512
102528,102528,1024,0,513,142,142,0,86,190,134,8,0,0,142,1,512
102529,102528,1024,1,513,141,141,0,86,191,132,9,0,0,141,1,512
102656,102656,2048,0,1025,284,284,0,176,256,170,86,0,0,256,1,512
102656,102656,1024,0,513,143,143,0,86,184,135,8,0,0,143,1,512
102657,102656,2048,1,1025,281,281,0,172,256,152,104,0,0,256,1,512
102657,102656,1024,1,513,140,140,0,84,186,133,7,0,0,140,1,512
102784,102784,1024,0,513,147,147,0,103,183,139,8,0,0,147,1,512
102785,102784,1024,1,513,146,146,0,103,183,138,8,0,0,146,1,512
102912,102912,2048,0,1025,289,289,0,181,256,147,109,0,0,256,1,512
102912,102912,1024,0,513,140,140,0,88,183,127,13,0,0,140,1,512
102912,102912,4096,0,37,8,7,0,5,12,7,1,0,0,8,1,512
102913,102912,2048,1,1025,287,287,0,178,256,137,119,0,0,256,1,512
102913,102912,1024,1,513,138,138,0,88,182,127,11,0,0,138,1,512
102913,102912,4096,1,37,6,6,0,4,8,6,0,0,0,6,0,0
103040,103040,1024,0,513,139,139,0,88,187,135,4,0,0,139,1,512
103041,103040,1024,1,513,139,139,0,89,184,134,5,0,0,139,1,512
103168,103168,2048,0,1025,275,275,0,176,256,224,32,0,0,256,1,512
103168,103168,1024,0,513,138,138,0,85,182,131,7,0,0,138,1,512
103169,103168,2048,1,1025,272,272,0,175,256,228,28,0,0,256,1,512
103169,103168,1024,1,513,138,138,0,86,180,131,7,0,0,138,1,512
103296,103296,1024,0,513,142,141,0,85,181,132,10,0,0,142,1,512
103297,103296,1024,1,513,142,141,0,86,180,133,9,0,0,142,1,512
103424,103424,2048,0,1025,278,277,0,179,256,207,49,0,0,256,1,512
103424,103424,1024,0,513,137,137,0,70,183,130,7,0,0,137,1,512
103424,103424,4096,0,37,8,8,0,6,12,7,1,0,0,8,1,512
103425,103424,2048,1,1025,277,277,0,178,256,186,70,0,0,256,1,512
103425,103424,1024,1,513,137,137,0,71,180,130,7,0,0,137,1,512
103425,103424,4096,1,37,6,6,0,4,8,6,0,0,0,6,0,0
103552,103552,1024,0,513,138,138,0,99,185,132,6,0,0,138,1,512
103553,103552,1024,1,513,137,137,0,98,183,131,6,0,0,137,1,512
103680,103680,2048,0,1025,278,278,0,187,256,140,116,0,0,256,1,512
103680,103680,1024,0,513,144,144,0,89,181,135,9,0,0,144,1,512
103681,103680,2048,1,1025,279,278,0,187,256,111,145,0,0,256,1,512
103681,103680,1024,1,513,144,144,0,89,180,136,8,0,0,144,1,512
103808,103808,1024,0,513,143,143,0,92,183,136,7,0,0,143,1,512
103809,103808,1024,1,513,143,143,0,92,182,136,7,0,0,143,1,512
103936,103936,2048,0,1025,278,278,0,182,256,180,76,0,0,256,1,512
103936,103936,1024,0,513,141,140,0,95,184,138,3,0,0,141,1,512
103936,103936,4096,0,37,9,9,0,3,12,9,0,0,0,9,0,0
103937,103936,2048,1,1025,276,276,0,180,256,213,43,0,0,256,1,512
103937,103936,1024,1,513,141,140,0,96,183,137,4,0,0,141,1,512
103937,103936,4096,1,37,6,6,0,4,8,6,0,0,0,6,0,0
104064,104064,1024,0,513,135,134,0,94,183,125,10,0,0,135,1,512
104065,104064,1024,1,513,137,136,0,95,183,126,11,0,0,137,1,512
104192,104192,2048,0,1025,283,283,0,157,256,148,108,0,0,256,1,512
104192,104192,1024,0,513,137,136,0,86,187,131,6,0,0,137,1,512
104193,104192,2048,1,1025,283,283,0,156,256,162,94,0,0,256,1,512
104193,104192,1024,1,513,136,135,0,85,188,131,5,0,0,136,1,512
104320,104320,1024,0,513,148,148,0,88,182,140,8,0,0,148,1,512
104321,104320,1024,1,513,148,148,0,88,182,140,8,0,0,148,1,512
104448,104448,2048,0,1025,283,283,0,187,256,81,175,0,0,256,1,512
104448,104448,1024,0,513,142,142,0,96,181,133,9,0,0,142,1,512
104448,104448,4096,0,37,8,7,0,5,12,8,0,0,0,8,0,0
104449,104448,2048,1,1025,280,280,0,183,256,122,134,0,0,256,1,512
104449,104448,1024,1,513,142,142,0,97,181,134,8,0,0,142,1,512
104449,104448,4096,1,37,6,6,0,6,7,6,0,0,0,6,0,0
104576,104576,1024,0,513,136,136,0,94,182,132,4,0,0,136,1,512
104577,104576,1024,1,513,136,136,0,94,181,132,4,0,0,136,1,512
104704,104704,2048,0,1025,286,285,0,170,256,224,32,0,0,256,1,512
104704,104704,1024,0,513,143,143,0,91,183,139,4,0,0,143,1,512
104705,104704,2048,1,1025,284,283,0,166,256,221,35,0,0,256,1,512
104705,104704,1024,1,513,142,142,0,91,180,137,5,0,0,142,1,512
104832,104832,1024,0,513,149,149,0,92,180,139,10,0,0,149,1,512
104833,104832,1024,1,513,149,149,0,93,179,139,10,0,0,149,1,512
104960,104960,2048,0,1025,275,275,0,186,256,204,52,0,0,256,1,512
104960,104960,1024,0,513,143,143,0,98,180,137,6,0,0,143,1,512
104960,104960,4096,0,37,8,8,0,4,11,7,1,0,0,8,1,512
104961,104960,2048,1,1025,275,275,0,186,256,182,74,0,0,256,1,512
104961,104960,1024,1,513,141,141,0,99,180,135,6,0,0,141,1,512
104961,104960,4096,1,37,7,7,0,5,7,6,1,0,0,7,1,512
105088,105088,1024,0,513,141,140,0,86,181,134,7,0,0,141,1,512
105089,105088,1024,1,513,142,141,0,88,181,134,8,0,0,142,1,512
105216,105216,2048,0,1025,282,282,0,170,256,191,65,0,0,256,1,512
105216,105216,1024,0,513,142,141,0,74,183,137,5,0,0,142,1,512
105217,105216,2048,1,1025,282,282,0,167,256,190,66,0,0,256,1,512
105217,105216,1024,1,513,143,142,0,75,183,138,5,0,0,143,1,512
105344,105344,1024,0,513,150,149,0,86,183,143,7,0,0,150,1,512
105345,105344,1024,1,513,150,149,0,89,183,143,7,0,0,150,1,512
105472,105472,2048,0,1025,297,297,0,195,256,200,56,0,0,256,1,512
105472,105472,1024,0,513,152,151,0,99,187,142,10,0,0,152,1,512
105472,105472,4096,0,37,7,7,0,6,12,7,0,0,0,7,0,0
105473,105472,2048,1,1025,293,293,0,193,256,203,53,0,0,256,1,512
105473,105472,1024,1,513,148,147,0,97,187,140,8,0,0,148,1,512
105473,105472,4096,1,37,7,7,0,5,8,7,0,0,0,7,0,0
105600,105600,1024,0,513,142,141,0,99,193,139,3,0,0,142,1,512
105601,105600,1024,1,513,141,140,0,96,191,138,3,0,0,141,1,512
105728,105728,2048,0,1025,295,294,0,189,256,148,108,0,0,256,1,512
105728,105728,1024,0,513,137,137,0,83,188,131,6,0,0,137,1,512
105729,105728,2048,1,1025,294,293,0,156,256,107,149,0,0,256,1,512
105729,105728,1024,1,513,174,174,0,63,185,152,22,0,0,174,1,512
105856,105856,1024,0,513,146,145,0,84,188,132,14,0,0,146,1,512
105857,105856,1024,1,513,163,162,0,134,203,157,6,0,0,163,1,512
105984,105984,2048,0,1025,288,288,0,177,256,75,181,0,0,256,1,512
105984,105984,1024,0,513,136,134,0,101,195,130,6,0,0,136,1,512
105984,105984,4096,0,37,10,10,0,6,11,10,0,0,0,10,0,0
105985,105984,2048,1,1025,335,335,0,189,256,54,202,0,0,256,1,512
105985,105984,1024,1,513,128,126,0,108,204,128,0,0,0,128,0,0
105985,105984,4096,1,37,7,6,0,6,8,6,1,0,0,7,1,512
106112,106112,1024,0,513,130,128,0,78,192,125,5,0,0,130,1,512
106113,106112,1024,1,513,108,106,0,77,200,105,3,0,0,108,1,512
106240,106240,2048,0,1025,279,278,0,190,256,223,33,0,0,256,1,512
106240,106240,1024,0,513,132,130,0,82,185,128,4,0,0,132,1,512
106241,106240,2048,1,1025,292,291,0,253,256,221,35,0,0,256,1,512
106241,106240,1024,1,513,122,120,0,71,189,119,3,0,0,122,1,512
106368,106368,1024,0,513,140,139,0,87,177,132,8,0,0,140,1,512
106369,106368,1024,1,513,157,155,0,96,179,144,13,0,0,157,1,512
106496,106496,2048,0,1025,267,267,0,171,256,225,31,0,0,256,1,512
106496,106496,1024,0,513,147,146,0,90,176,133,14,0,0,147,1,512
106496,106496,4096,0,37,7,7,0,7,11,7,0,0,0,7,0,0
106497,106496,2048,1,1025,229,229,0,173,256,206,23,0,0,229,1,512
106497,106496,1024,1,513,168,167,0,127,180,155,13,0,0,168,1,512
106497,106496,4096,1,37,6,6,0,6,9,6,0,0,0,6,0,0
106624,106624,1024,0,513,145,144,0,92,183,139,6,0,0,145,1,512
106625,106624,1024,1,513,143,142,0,67,181,130,13,0,0,143,1,512
106752,106752,2048,0,1025,257,256,0,159,256,188,68,0,0,256,1,512
106752,106752,1024,0,513,141,140,0,89,179,134,7,0,0,141,1,512
106753,106752,2048,1,1025,225,224,0,134,256,204,21,0,0,225,1,512
106753,106752,1024,1,513,142,141,0,87,190,128,14,0,0,142,1,512
106880,106880,1024,0,513,138,138,0,85,182,131,7,0,0,138,1,512
106881,106880,1024,1,513,139,139,0,87,204,135,4,0,0,139,1,512
107008,107008,2048,0,1025,282,280,0,170,256,172,84,0,0,256,1,512
107008,107008,1024,0,513,143,142,0,87,186,135,8,0,0,143,1,512
107008,107008,4096,0,37,6,5,0,4,11,6,0,0,0,6,0,0
107009,107008,2048,1,1025,296,294,0,177,256,185,71,0,0,256,1,512
107009,107008,1024,1,513,139,138,0,83,203,130,9,0,0,139,1,512
107009,107008,4096,1,37,5,5,0,4,9,4,1,0,0,5,1,512
107136,107136,1024,0,513,143,142,0,89,191,138,5,0,0,143,1,512
107137,107136,1024,1,513,142,141,0,88,196,137,5,0,0,142,1,512
107264,107264,2048,0,1025,296,295,0,188,256,189,67,0,0,256,1,512
107264,107264,1024,0,513,142,142,0,89,186,134,8,0,0,142,1,512
107265,107264,2048,1,1025,340,339,0,249,256,160,96,0,0,256,1,512
107265,107264,1024,1,513,141,141,0,88,186,132,9,0,0,141,1,512
107392,107392,1024,0,513,142,142,0,93,186,137,5,0,0,142,1,512
107393,107392,1024,1,513,141,141,0,94,188,136,5,0,0,141,1,512
107520,107520,2048,0,1025,284,283,0,181,256,175,81,0,0,256,1,512
107520,107520,1024,0,513,137,137,0,82,186,129,8,0,0,137,1,512
107520,107520,4096,0,37,9,9,0,3,11,9,0,0,0,9,0,0
107521,107520,2048,1,1025,303,302,0,195,256,187,69,0,0,256,1,512
107521,107520,1024,1,513,136,136,0,83,187,129,7,0,0,136,1,512
107521,107520,4096,1,37,6,6,0,4,9,6,0,0,0,6,0,0
107648,107648,1024,0,513,140,139,0,89,186,135,5,0,0,140,1,512
107649,107648,1024,1,513,137,136,0,86,186,132,5,0,0,137,1,512
107776,107776,2048,0,1025,285,284,0,179,256,215,41,0,0,256,1,512
107776,107776,1024,0,513,138,138,0,94,182,133,5,0,0,138,1,512
107777,107776,2048,1,1025,282,281,0,166,256,185,71,0,0,256,1,512
107777,107776,1024,1,513,138,138,0,95,182,134,4,0,0,138,1,512
107904,107904,1024,0,513,140,140,0,78,181,132,8,0,0,140,1,512
107905,107904,1024,1,513,140,140,0,79,179,130,10,0,0,140,1,512
108032,108032,2048,0,1025,277,276,0,172,256,138,118,0,0,256,1,512
108032,108032,1024,0,513,140,140,0,88,175,131,9,0,0,140,1,512
108032,108032,4096,0,37,7,6,0,4,10,7,0,0,0,7,0,0
108033,108032,2048,1,1025,275,274,0,170,256,153,103,0,0,256,1,512
108033,108032,1024,1,513,140,140,0,85,176,131,9,0,0,140,1,512
108033,108032,4096,1,37,6,6,0,6,8,6,0,0,0,6,0,0
108160,108160,1024,0,513,144,144,0,99,179,134,10,0,0,144,1,512
108161,108160,1024,1,513,142,142,0,96,180,133,9,0,0,142,1,512
108288,108288,2048,0,1025,284,284,0,180,256,218,38,0,0,256,1,512
108288,108288,1024,0,513,133,133,0,88,185,128,5,0,0,133,1,512
108289,108288,2048,1,1025,282,282,0,178,256,201,55,0,0,256,1,512
108289,108288,1024,1,513,134,134,0,90,184,129,5,0,0,134,1,512
108416,108416,1024,0,513,137,137,0,82,184,131,6,0,0,137,1,512
108417,108416,1024,1,513,136,136,0,83,183,130,6,0,0,136,1,512
108544,108544,2048,0,1025,269,269,0,172,256,129,127,0,0,256,1,512
108544,108544,1024,0,513,142,142,0,96,181,135,7,0,0,142,1,512
108544,108544,4096,0,37,5,5,0,5,9,5,0,0,0,5,0,0
108545,108544,2048,1,1025,268,268,0,171,256,123,133,0,0,256,1,512
108545,108544,1024,1,513,139,139,0,93,180,131,8,0,0,139,1,512
108545,108544,4096,1,37,8,8,0,5,7,7,1,0,0,8,1,512
108672,108672,1024,0,513,141,141,0,89,179,132,9,0,0,141,1,512
108673,108672,1024,1,513,139,139,0,86,179,130,9,0,0,139,1,512
108800,108800,2048,0,1025,271,271,0,168,256,220,36,0,0,256,1,512
108800,108800,1024,0,513,137,137,0,83,181,131,6,0,0,137,1,512
108801,108800,2048,1,1025,269,269,0,165,256,194,62,0,0,256,1,512
108801,108800,1024,1,513,136,136,0,82,182,130,6,0,0,136,1,512
108928,108928,1024,0,513,140,140,0,82,182,128,12,0,0,140,1,512
108929,108928,1024,1,513,138,138,0,80,182,128,10,0,0,138,1,512
109056,109056,2048,0,1025,284,284,0,178,256,199,57,0,0,256,1,512
109056,109056,1024,0,513,139,139,0,92,190,130,9,0,0,139,1,512
109056,109056,4096,0,37,7,6,0,5,9,6,1,0,0,7,1,512
109057,109056,2048,1,1025,283,283,0,176,256,213,43,0,0,256,1,512
109057,109056,1024,1,513,137,137,0,89,186,127,10,0,0,137,1,512
109057,109056,4096,1,37,7,7,0,4,8,7,0,0,0,7,0,0
109184,109184,1024,0,513,140,140,0,86,191,128,12,0,0,140,1,512
109185,109184,1024,1,513,139,139,0,85,187,126,13,0,0,139,1,512
109312,109312,2048,0,1025,277,276,0,163,256,123,133,0,0,256,1,512
109312,109312,1024,0,513,144,144,0,94,195,137,7,0,0,144,1,512
109313,109312,2048,1,1025,275,274,0,162,256,99,157,0,0,256,1,512
109313,109312,1024,1,513,141,141,0,94,192,134,7,0,0,141,1,512
109440,109440,1024,0,513,141,141,0,91,191,134,7,0,0,141,1,512
109441,109440,1024,1,513,142,142,0,89,189,135,7,0,0,142,1,512
109568,109568,2048,0,1025,275,275,0,170,256,194,62,0,0,256,1,512
109568,109568,1024,0,513,147,147,0,91,190,137,10,0,0,147,1,512
109568,109568,4096,0,37,7,6,0,5,10,7,0,0,0,7,0,0
109569,109568,2048,1,1025,273,273,0,166,256,176,80,0,0,256,1,512
109569,109568,1024,1,513,145,145,0,89,188,134,11,0,0,145,1,512
109569,109568,4096,1,37,8,8,0,6,8,7,1,0,0,8,1,512
109696,109696,1024,0,513,137,137,0,88,189,131,6,0,0,137,1,512
109697,109696,1024,1,513,139,139,0,90,188,133,6,0,0,139,1,512
109824,109824,2048,0,1025,279,279,0,170,256,203,53,0,0,256,1,512
109824,109824,1024,0,513,141,141,0,80,186,131,10,0,0,141,1,512
109825,109824,2048,1,1025,278,278,0,171,256,180,76,0,0,256,1,512
109825,109824,1024,1,513,139,139,0,78,186,130,9,0,0,139,1,512
109952,109952,1024,0,513,144,144,0,84,191,135,9,0,0,144,1,512
109953,109952,1024,1,513,141,141,0,87,190,135,6,0,0,141,1,512
110080,110080,2048,0,1025,288,288,0,183,256,182,74,0,0,256,1,512
110080,110080,1024,0,513,141,140,0,95,197,134,7,0,0,141,1,512
110080,110080,4096,0,37,8,7,0,6,9,8,0,0,0,8,0,0
110081,110080,2048,1,1025,286,286,0,182,256,192,64,0,0,256,1,512
110081,110080,1024,1,513,140,139,0,94,193,133,7,0,0,140,1,512
110081,110080,4096,1,37,10,9,0,6,9,9,1,0,0,10,1,512
110208,110208,1024,0,513,137,136,0,79,190,128,9,0,0,137,1,512
110209,110208,1024,1,513,139,138,0,78,187,129,10,0,0,139,1,512
110336,110336,2048,0,1025,283,282,0,175,256,218,38,0,0,256,1,512
110336,110336,1024,0,513,139,138,0,93,187,133,6,0,0,139,1,512
110337,110336,2048,1,1025,281,281,0,174,256,219,37,0,0,256,1,512
110337,110336,1024,1,513,137,136,0,92,184,131,6,0,0,137,1,512
110464,110464,1024,0,513,143,142,0,90,186,132,11,0,0,143,1,512
110465,110464,1024,1,513,141,140,0,90,184,130,11,0,0,141,1,512
110592,110592,2048,0,1025,284,284,0,173,256,133,123,0,0,256,1,512
110592,110592,1024,0,513,144,144,0,97,192,136,8,0,0,144,1,512
110592,110592,4096,0,37,8,7,0,7,8,8,0,0,0,8,0,0
110593,110592,2048,1,1025,282,282,0,171,256,114,142,0,0,256,1,512
110593,110592,1024,1,513,141,141,0,95,190,133,8,0,0,141,1,512
110593,110592,4096,1,37,10,9,0,5,10,9,1,0,0,10,1,512
110720,110720,1024,0,513,135,135,0,82,189,129,6,0,0,135,1,512
110721,110720,1024,1,513,135,135,0,85,187,130,5,0,0,135,1,512
110848,110848,2048,0,1025,287,287,0,199,256,192,64,0,0,256,1,512
110848,110848,1024,0,513,137,137,0,89,188,131,6,0,0,137,1,512
110849,110848,2048,1,1025,285,285,0,198,256,184,72,0,0,256,1,512
110849,110848,1024,1,513,135,135,0,90,184,130,5,0,0,135,1,512
110976,110976,1024,0,513,135,134,0,81,188,130,5,0,0,135,1,512
110977,110976,1024,1,513,133,132,0,79,183,127,6,0,0,133,1,512
111104,111104,2048,0,1025,288,288,0,170,256,202,54,0,0,256,1,512
111104,111104,1024,0,513,138,138,0,87,186,130,8,0,0,138,1,512
111104,111104,4096,0,37,7,6,0,6,8,7,0,0,0,7,0,0
111105,111104,2048,1,1025,286,286,0,169,256,200,56,0,0,256,1,512
111105,111104,1024,1,513,137,137,0,86,184,129,8,0,0,137,1,512
111105,111104,4096,1,37,10,9,0,7,11,10,0,0,0,10,0,0
111232,111232,1024,0,513,137,137,0,91,183,129,8,0,0,137,1,512
111233,111232,1024,1,513,137,137,0,88,180,128,9,0,0,137,1,512
111360,111360,2048,0,1025,292,292,0,199,256,204,52,0,0,256,1,512
111360,111360,1024,0,513,134,134,0,89,182,128,6,0,0,134,1,512
111361,111360,2048,1,1025,293,293,0,201,256,191,65,0,0,256,1,512
111361,111360,1024,1,513,134,134,0,89,182,128,6,0,0,134,1,512
111488,111488,1024,0,513,141,140,0,78,180,129,12,0,0,141,1,512
111489,111488,1024,1,513,140,139,0,78,180,129,11,0,0,140,1,512
111616,111616,2048,0,1025,268,268,0,168,256,114,142,0,0,256,1,512
111616,111616,1024,0,513,135,135,0,92,184,132,3,0,0,135,1,512
111616,111616,4096,0,37,8,7,0,6,8,8,0,0,0,8,0,0
111617,111616,2048,1,1025,268,268,0,167,256,96,160,0,0,256,1,512
111617,111616,1024,1,513,132,132,0,91,184,129,3,0,0,132,1,512
111617,111616,4096,1,37,9,8,0,7,11,9,0,0,0,9,0,0
111744,111744,1024,0,513,134,134,0,86,176,126,8,0,0,134,1,512
111745,111744,1024,1,513,132,132,0,87,177,125,7,0,0,132,1,512
111872,111872,2048,0,1025,273,273,0,160,256,222,34,0,0,256,1,512
111872,111872,1024,0,513,141,141,0,76,176,130,11,0,0,141,1,512
111873,111872,2048,1,1025,274,274,0,159,256,218,38,0,0,256,1,512
111873,111872,1024,1,513,138,138,0,75,175,128,10,0,0,138,1,512
112000,112000,1024,0,513,137,137,0,94,181,129,8,0,0,137,1,512
112001,112000,1024,1,513,134,134,0,90,177,126,8,0,0,134,1,512
112128,112128,2048,0,1025,285,285,0,180,256,115,141,0,0,256,1,512
112128,112128,1024,0,513,141,140,0,90,182,132,9,0,0,141,1,512
112128,112128,4096,0,37,8,7,0,7,8,8,0,0,0,8,0,0
112129,112128,2048,1,1025,282,282,0,177,256,133,123,0,0,256,1,512
112129,112128,1024,1,513,140,139,0,88,177,131,9,0,0,140,1,512
112129,112128,4096,1,37,9,8,0,7,11,9,0,0,0,9,0,0
112256,112256,1024,0,513,143,142,0,91,184,134,9,0,0,143,1,512
112257,112256,1024,1,513,143,142,0,91,180,134,9,0,0,143,1,512
112384,112384,2048,0,1025,280,280,0,182,256,203,53,0,0,256,1,512
112384,112384,1024,0,513,138,137,0,83,183,129,9,0,0,138,1,512
112385,112384,2048,1,1025,279,279,0,178,256,168,88,0,0,256,1,512
112385,112384,1024,1,513,140,139,0,81,180,130,10,0,0,140,1,512
112512,112512,1024,0,513,135,135,0,89,183,129,6,0,0,135,1,512
112513,112512,1024,1,513,133,133,0,88,181,128,5,0,0,133,1,512
112640,112640,2048,0,1025,287,286,0,190,256,177,79,0,0,256,1,512
112640,112640,1024,0,513,133,133,0,85,185,128,5,0,0,133,1,512
112640,112640,4096,0,37,6,6,0,6,8,6,0,0,0,6,0,0
112641,112640,2048,1,1025,285,284,0,188,256,190,66,0,0,256,1,512
112641,112640,1024,1,513,131,131,0,81,182,126,5,0,0,131,1,512
112641,112640,4096,1,37,9,9,0,8,10,8,1,0,0,9,1,512
112768,112768,1024,0,513,137,137,0,79,180,129,8,0,0,137,1,512
112769,112768,1024,1,513,137,137,0,78,181,129,8,0,0,137,1,512
112896,112896,2048,0,1025,275,275,0,173,256,196,60,0,0,256,1,512
112896,112896,1024,0,513,134,134,0,80,177,122,12,0,0,134,1,512
112897,112896,2048,1,1025,274,274,0,173,256,190,66,0,0,256,1,512
112897,112896,1024,1,513,133,133,0,78,177,121,12,0,0,133,1,512
113024,113024,1024,0,513,141,140,0,91,181,130,11,0,0,141,1,512
113025,113024,1024,1,513,140,139,0,91,180,131,9,0,0,140,1,512
113152,113152,2048,0,1025,280,280,0,181,256,200,56,0,0,256,1,512
113152,113152,1024,0,513,134,133,0,81,189,128,6,0,0,134,1,512
113152,113152,4096,0,37,7,7,0,6,8,7,0,0,0,7,0,0
113153,113152,2048,1,1025,277,277,0,181,256,213,43,0,0,256,1,512
113153,113152,1024,1,513,133,132,0,82,186,127,6,0,0,133,1,512
113153,113152,4096,1,37,9,9,0,7,11,9,0,0,0,9,0,0
113280,113280,1024,0,513,137,136,0,91,187,126,11,0,0,137,1,512
113281,113280,1024,1,513,136,135,0,91,184,126,10,0,0,136,1,512
113408,113408,2048,0,1025,285,285,0,162,256,183,73,0,0,256,1,512
113408,113408,1024,0,513,145,144,0,93,189,136,9,0,0,145,1,512
113409,113408,2048,1,1025,283,283,0,161,256,173,83,0,0,256,1,512
113409,113408,1024,1,513,146,145,0,93,184,135,11,0,0,146,1,512
113536,113536,1024,0,513,140,140,0,88,191,135,5,0,0,140,1,512
113537,113536,1024,1,513,136,136,0,85,188,131,5,0,0,136,1,512
113664,113664,2048,0,1025,290,288,0,192,256,142,114,0,0,256,1,512
113664,113664,1024,0,513,138,138,0,79,183,130,8,0,0,138,1,512
113664,113664,4096,0,37,8,7,0,7,8,8,0,0,0,8,0,0
113665,113664,2048,1,1025,289,288,0,190,256,90,166,0,0,256,1,512
113665,113664,1024,1,513,138,138,0,80,182,130,8,0,0,138,1,512
113665,113664,4096,1,37,10,9,0,8,11,10,0,0,0,10,0,0
113792,113792,1024,0,513,135,135,0,88,185,129,6,0,0,135,1,512
113793,113792,1024,1,513,135,135,0,89,182,128,7,0,0,135,1,512
113920,113920,2048,0,1025,286,285,0,182,256,194,62,0,0,256,1,512
113920,113920,1024,0,513,142,141,0,87,184,133,9,0,0,142,1,512
113921,113920,2048,1,1025,286,284,0,181,256,186,70,0,0,256,1,512
113921,113920,1024,1,513,139,138,0,84,182,129,10,0,0,139,1,512
114048,114048,1024,0,513,142,141,0,87,188,139,3,0,0,142,1,512
114049,114048,1024,1,513,139,138,0,84,187,136,3,0,0,139,1,512
114176,114176,2048,0,1025,289,288,0,184,256,182,74,0,0,256,1,512
114176,114176,1024,0,513,139,138,0,89,182,130,9,0,0,139,1,512
114176,114176,4096,0,37,7,6,0,6,8,7,0,0,0,7,0,0
114177,114176,2048,1,1025,287,287,0,183,256,216,40,0,0,256,1,512
114177,114176,1024,1,513,138,137,0,90,181,129,9,0,0,138,1,512
114177,114176,4096,1,37,11,10,0,8,11,11,0,0,0,11,0,0
114304,114304,1024,0,513,135,134,0,93,180,129,6,0,0,135,1,512
114305,114304,1024,1,513,137,136,0,92,179,130,7,0,0,137,1,512
114432,114432,2048,0,1025,286,286,0,178,256,225,31,0,0,256,1,512
114432,114432,1024,0,513,144,144,0,84,181,135,9,0,0,144,1,512
114433,114432,2048,1,1025,283,283,0,178,256,216,40,0,0,256,1,512
114433,114432,1024,1,513,145,145,0,86,180,136,9,0,0,145,1,512
114560,114560,1024,0,513,139,139,0,91,180,133,6,0,0,139,1,512
114561,114560,1024,1,513,137,137,0,91,179,131,6,0,0,137,1,512
114688,114688,2048,0,1025,282,282,0,173,256,189,67,0,0,256,1,512
114688,114688,1024,0,513,135,135,0,91,183,131,4,0,0,135,1,512
114688,114688,4096,0,37,8,7,0,6,8,8,0,0,0,8,0,0
114689,114688,2048,1,1025,282,282,0,171,256,183,73,0,0,256,1,512
114689,114688,1024,1,513,134,134,0,89,182,131,3,0,0,134,1,512
114689,114688,4096,1,37,10,9,0,5,11,9,1,0,0,10,1,512
114816,114816,1024,0,513,144,144,0,88,178,136,8,0,0,144,1,512
114817,114816,1024,1,513,142,142,0,87,177,134,8,0,0,142,1,512
114944,114944,2048,0,1025,278,277,0,184,256,188,68,0,0,256,1,512
114944,114944,1024,0,513,145,144,0,93,183,137,8,0,0,145,1,512
114945,114944,2048,1,1025,277,276,0,182,256,195,61,0,0,256,1,512
114945,114944,1024,1,513,143,142,0,90,182,137,6,0,0,143,1,512
115072,115072,1024,0,513,137,137,0,89,184,132,5,0,0,137,1,512
115073,115072,1024,1,513,138,138,0,90,182,133,5,0,0,138,1,512
115200,115200,2048,0,1025,280,279,0,175,256,135,121,0,0,256,1,512
115200,115200,1024,0,513,136,136,0,84,183,129,7,0,0,136,1,512
115200,115200,4096,0,37,7,6,0,6,8,7,0,0,0,7,0,0
115201,115200,2048,1,1025,282,281,0,174,256,89,167,0,0,256,1,512
115201,115200,1024,1,513,134,134,0,83,181,126,8,0,0,134,1,512
115201,115200,4096,1,37,9,9,0,7,12,8,1,0,0,9,1,512
115328,115328,1024,0,513,141,141,0,93,185,133,8,0,0,141,1,512
115329,115328,1024,1,513,141,141,0,93,184,133,8,0,0,141,1,512
115456,115456,2048,0,1025,288,287,0,179,256,110,146,0,0,256,1,512
115456,115456,1024,0,513,145,144,0,99,187,135,10,0,0,145,1,512
115457,115456,2048,1,1025,285,284,0,179,256,176,80,0,0,256,1,512
115457,115456,1024,1,513,146,145,0,100,186,136,10,0,0,146,1,512
115584,115584,1024,0,513,142,141,0,81,186,135,7,0,0,142,1,512
115585,115584,1024,1,513,143,142,0,80,185,137,6,0,0,143,1,512
115712,115712,2048,0,1025,281,280,0,180,256,175,81,0,0,256,1,512
115712,115712,1024,0,513,142,141,0,92,184,136,6,0,0,142,1,512
115712,115712,4096,0,37,6,6,0,5,8,6,0,0,0,6,0,0
115713,115712,2048,1,1025,278,277,0,177,256,181,75,0,0,256,1,512
115713,115712,1024,1,513,141,140,0,95,183,135,6,0,0,141,1,512
115713,115712,4096,1,37,9,9,0,7,13,9,0,0,0,9,0,0
115840,115840,1024,0,513,145,144,0,94,183,137,8,0,0,145,1,512
115841,115840,1024,1,513,142,141,0,91,182,134,8,0,0,142,1,512
115968,115968,2048,0,1025,290,290,0,183,256,227,29,0,0,256,1,512
115968,115968,1024,0,513,147,147,0,85,187,138,9,0,0,147,1,512
115969,115968,2048,1,1025,288,288,0,183,256,228,28,0,0,256,1,512
115969,115968,1024,1,513,145,145,0,84,186,137,8,0,0,145,1,512
116096,116096,1024,0,513,141,141,0,89,189,137,4,0,0,141,1,512
116097,116096,1024,1,513,142,142,0,88,187,137,5,0,0,142,1,512
116224,116224,2048,0,1025,286,286,0,181,256,198,58,0,0,256,1,512
116224,116224,1024,0,513,140,140,0,94,189,133,7,0,0,140,1,512
116224,116224,4096,0,37,8,8,0,5,8,7,1,0,0,8,1,512
116225,116224,2048,1,1025,283,283,0,178,256,204,52,0,0,256,1,512
116225,116224,1024,1,513,139,139,0,96,188,132,7,0,0,139,1,512
116225,116224,4096,1,37,9,9,0,6,13,9,0,0,0,9,0,0
116352,116352,1024,0,513,143,143,0,94,192,139,4,0,0,143,1,512
116353,116352,1024,1,513,141,141,0,92,191,137,4,0,0,141,1,512
116480,116480,2048,0,1025,286,285,0,176,256,186,70,0,0,256,1,512
116480,116480,1024,0,513,150,150,0,98,190,144,6,0,0,150,1,512
116481,116480,2048,1,1025,283,282,0,173,256,163,93,0,0,256,1,512
116481,116480,1024,1,513,147,147,0,96,189,142,5,0,0,147,1,512
116608,116608,1024,0,513,138,138,0,98,182,130,8,0,0,138,1,512
116609,116608,1024,1,513,139,139,0,99,181,131,8,0,0,139,1,512
116736,116736,2048,0,1025,279,278,0,165,256,162,94,0,0,256,1,512
116736,116736,1024,0,513,140,140,0,84,179,131,9,0,0,140,1,512
116736,116736,4096,0,37,8,8,0,8,9,8,0,0,0,8,0,0
116737,116736,2048,1,1025,279,278,0,163,256,157,99,0,0,256,1,512
116737,116736,1024,1,513,138,138,0,87,177,130,8,0,0,138,1,512
116737,116736,4096,1,37,8,8,0,7,13,8,0,0,0,8,0,0
116864,116864,1024,0,513,137,137,0,92,182,133,4,0,0,137,1,512
116865,116864,1024,1,513,138,138,0,91,179,133,5,0,0,138,1,512
116992,116992,2048,0,1025,278,278,0,162,256,201,55,0,0,256,1,512
116992,116992,1024,0,513,135,135,0,91,179,123,12,0,0,135,1,512
116993,116992,2048,1,1025,277,277,0,165,256,174,82,0,0,256,1,512
116993,116992,1024,1,513,133,133,0,87,178,122,11,0,0,133,1,512
117120,117120,1024,0,513,137,137,0,87,182,126,11,0,0,137,1,512
117121,117120,1024,1,513,137,137,0,89,181,127,10,0,0,137,1,512
117248,117248,2048,0,1025,277,277,0,170,256,160,96,0,0,256,1,512
117248,117248,1024,0,513,134,133,0,88,185,128,6,0,0,134,1,512
117248,117248,4096,0,37,7,7,0,5,9,7,0,0,0,7,0,0
117249,117248,2048,1,1025,274,274,0,169,256,170,86,0,0,256,1,512
117249,117248,1024,1,513,134,133,0,88,183,129,5,0,0,134,1,512
117249,117248,4096,1,37,10,9,0,7,12,9,1,0,0,10,1,512
117376,117376,1024,0,513,137,136,0,72,184,131,6,0,0,137,1,512
117377,117376,1024,1,513,134,133,0,70,182,129,5,0,0,134,1,512
117504,117504,2048,0,1025,283,283,0,182,256,206,50,0,0,256,1,512
117504,117504,1024,0,513,137,136,0,80,181,130,7,0,0,137,1,512
117505,117504,2048,1,1025,282,282,0,181,256,194,62,0,0,256,1,512
117505,117504,1024,1,513,136,135,0,77,178,129,7,0,0,136,1,512
117632,117632,1024,0,513,140,139,0,95,183,134,6,0,0,140,1,512
117633,117632,1024,1,513,141,140,0,96,180,135,6,0,0,141,1,512
117760,117760,2048,0,1025,270,269,0,161,256,219,37,0,0,256,1,512
117760,117760,1024,0,513,143,142,0,93,178,133,10,0,0,143,1,512
117760,117760,4096,0,37,8,8,0,6,8,8,0,0,0,8,0,0
117761,117760,2048,1,1025,268,267,0,162,256,221,35,0,0,256,1,512
117761,117760,1024,1,513,143,142,0,97,177,133,10,0,0,143,1,512
117761,117760,4096,1,37,11,10,0,8,12,10,1,0,0,11,1,512
117888,117888,1024,0,513,141,140,0,88,178,129,12,0,0,141,1,512
117889,117888,1024,1,513,141,140,0,86,176,127,14,0,0,141,1,512
118016,118016,2048,0,1025,289,288,0,154,256,134,122,0,0,256,1,512
118016,118016,1024,0,513,142,141,0,102,180,135,7,0,0,142,1,512
118017,118016,2048,1,1025,287,286,0,153,256,138,118,0,0,256,1,512
118017,118016,1024,1,513,140,139,0,102,182,134,6,0,0,140,1,512
118144,118144,1024,0,513,142,141,0,78,180,131,11,0,0,142,1,512
118145,118144,1024,1,513,139,138,0,78,181,129,10,0,0,139,1,512
118272,118272,2048,0,1025,276,275,0,181,256,206,50,0,0,256,1,512
118272,118272,1024,0,513,138,138,0,92,182,127,11,0,0,138,1,512
118272,118272,4096,0,37,7,7,0,7,8,7,0,0,0,7,0,0
118273,118272,2048,1,1025,276,275,0,177,256,163,93,0,0,256,1,512
118273,118272,1024,1,513,138,138,0,89,183,128,10,0,0,138,1,512
118273,118272,4096,1,37,10,10,0,8,13,10,0,0,0,10,0,0
118400,118400,1024,0,513,139,139,0,88,185,135,4,0,0,139,1,512
118401,118400,1024,1,513,138,138,0,88,184,134,4,0,0,138,1,512
118528,118528,2048,0,1025,262,262,0,180,256,171,85,0,0,256,1,512
118528,118528,1024,0,513,142,142,0,96,186,136,6,0,0,142,1,512
118529,118528,2048,1,1025,262,262,0,179,256,144,112,0,0,256,1,512
118529,118528,1024,1,513,142,142,0,97,184,136,6,0,0,142,1,512
118656,118656,1024,0,513,149,148,0,83,183,137,12,0,0,149,1,512
118657,118656,1024,1,513,147,146,0,83,181,137,10,0,0,147,1,512
118784,118784,2048,0,1025,280,280,0,165,256,209,47,0,0,256,1,512
118784,118784,1024,0,513,140,139,0,99,186,131,9,0,0,140,1,512
118784,118784,4096,0,37,7,6,0,5,8,7,0,0,0,7,0,0
118785,118784,2048,1,1025,280,280,0,161,256,210,46,0,0,256,1,512
118785,118784,1024,1,513,138,137,0,97,183,128,10,0,0,138,1,512
118785,118784,4096,1,37,10,10,0,7,13,9,1,0,0,10,1,512
118912,118912,1024,0,513,144,143,0,89,188,136,8,0,0,144,1,512
118913,118912,1024,1,513,142,141,0,86,186,135,7,0,0,142,1,512
119040,119040,2048,0,1025,292,292,0,178,256,184,72,0,0,256,1,512
119040,119040,1024,0,513,139,138,0,94,192,136,3,0,0,139,1,512
119041,119040,2048,1,1025,291,291,0,176,256,186,70,0,0,256,1,512
119041,119040,1024,1,513,138,137,0,94,189,135,3,0,0,138,1,512
119168,119168,1024,0,513,144,144,0,89,188,139,5,0,0,144,1,512
119169,119168,1024,1,513,143,143,0,87,186,138,5,0,0,143,1,512
119296,119296,2048,0,1025,281,280,0,181,256,208,48,0,0,256,1,512
119296,119296,1024,0,513,143,143,0,92,187,131,12,0,0,143,1,512
119296,119296,4096,0,37,8,8,0,5,8,7,1,0,0,8,1,512
119297,119296,2048,1,1025,280,280,0,181,256,206,50,0,0,256,1,512
119297,119296,1024,1,513,141,141,0,91,185,129,12,0,0,141,1,512
119297,119296,4096,1,37,8,8,0,7,14,8,0,0,0,8,0,0
119424,119424,1024,0,513,148,148,0,94,191,136,12,0,0,148,1,512
119425,119424,1024,1,513,149,149,0,94,189,137,12,0,0,149,1,512
119552,119552,2048,0,1025,270,270,0,171,256,208,48,0,0,256,1,512
119552,119552,1024,0,513,142,142,0,96,194,137,5,0,0,142,1,512
119553,119552,2048,1,1025,269,269,0,168,256,212,44,0,0,256,1,512
119553,119552,1024,1,513,144,144,0,97,192,139,5,0,0,144,1,512
119680,119680,1024,0,513,145,144,0,89,191,135,10,0,0,145,1,512
119681,119680,1024,1,513,145,144,0,90,189,136,9,0,0,145,1,512
119808,119808,2048,0,1025,277,277,0,165,256,189,67,0,0,256,1,512
119808,119808,1024,0,513,147,146,0,95,193,140,7,0,0,147,1,512
119808,119808,4096,0,37,7,6,0,6,9,7,0,0,0,7,0,0
119809,119808,2048,1,1025,276,276,0,163,256,195,61,0,0,256,1,512
119809,119808,1024,1,513,147,146,0,94,191,140,7,0,0,147,1,512
119809,119808,4096,1,37,8,8,0,7,13,8,0,0,0,8,0,0
119936,119936,1024,0,513,149,149,0,96,189,139,10,0,0,149,1,512
119937,119936,1024,1,513,149,149,0,94,187,139,10,0,0,149,1,512
120064,120064,2048,0,1025,275,274,0,177,256,144,112,0,0,256,1,512
120064,120064,1024,0,513,142,142,0,100,193,138,4,0,0,142,1,512
120065,120064,2048,1,1025,271,271,0,174,256,159,97,0,0,256,1,512
120065,120064,1024,1,513,141,141,0,101,192,138,3,0,0,141,1,512
120192,120192,1024,0,513,135,135,0,81,187,129,6,0,0,135,1,512
120193,120192,1024,1,513,133,133,0,78,186,128,5,0,0,133,1,512
120320,120320,2048,0,1025,278,278,0,176,256,205,51,0,0,256,1,512
120320,120320,1024,0,513,141,141,0,88,189,133,8,0,0,141,1,512
120320,120320,4096,0,37,7,6,0,5,9,7,0,0,0,7,0,0
120321,120320,2048,1,1025,277,277,0,173,256,193,63,0,0,256,1,512
120321,120320,1024,1,513,139,139,0,89,188,132,7,0,0,139,1,512
120321,120320,4096,1,37,8,7,0,6,12,8,0,0,0,8,0,0
120448,120448,1024,0,513,148,148,0,86,192,135,13,0,0,148,1,512
120449,120448,1024,1,513,146,146,0,86,190,134,12,0,0,146,1,512
120576,120576,2048,0,1025,294,294,0,191,256,215,41,0,0,256,1,512
120576,120576,1024,0,513,143,143,0,87,196,138,5,0,0,143,1,512
120577,120576,2048,1,1025,294,294,0,188,256,215,41,0,0,256,1,512
120577,120576,1024,1,513,142,142,0,86,193,137,5,0,0,142,1,512
120704,120704,1024,0,513,136,136,0,88,191,125,11,0,0,136,1,512
120705,120704,1024,1,513,134,134,0,88,188,123,11,0,0,134,1,512
120832,120832,2048,0,1025,285,285,0,176,256,146,110,0,0,256,1,512
120832,120832,1024,0,513,138,138,0,79,196,135,3,0,0,138,1,512
120832,120832,4096,0,37,8,7,0,6,9,8,0,0,0,8,0,0
120833,120832,2048,1,1025,285,285,0,176,256,141,115,0,0,256,1,512
120833,120832,1024,1,513,138,138,0,79,193,134,4,0,0,138,1,512
120833,120832,4096,1,37,10,9,0,7,11,10,0,0,0,10,0,0
120960,120960,1024,0,513,131,131,0,92,189,127,4,0,0,131,1,512
120961,120960,1024,1,513,132,132,0,92,188,129,3,0,0,132,1,512
121088,121088,2048,0,1025,272,272,0,177,256,216,40,0,0,256,1,512
121088,121088,1024,0,513,143,143,0,86,184,136,7,0,0,143,1,512
121089,121088,2048,1,1025,272,272,0,175,256,218,38,0,0,256,1,512
121089,121088,1024,1,513,141,141,0,85,182,134,7,0,0,141,1,512
121216,121216,1024,0,513,143,143,0,95,181,135,8,0,0,143,1,512
121217,121216,1024,1,513,143,143,0,93,179,134,9,0,0,143,1,512
121344,121344,2048,0,1025,276,276,0,173,256,189,67,0,0,256,1,512
121344,121344,1024,0,513,139,139,0,95,181,130,9,0,0,139,1,512
121344,121344,4096,0,37,7,6,0,6,9,7,0,0,0,7,0,0
121345,121344,2048,1,1025,275,275,0,171,256,193,63,0,0,256,1,512
121345,121344,1024,1,513,136,136,0,93,180,128,8,0,0,136,1,512
121345,121344,4096,1,37,9,8,0,7,10,8,1,0,0,9,1,512
121472,121472,1024,0,513,138,138,0,88,181,129,9,0,0,138,1,512
121473,121472,1024,1,513,138,138,0,89,180,129,9,0,0,138,1,512
121600,121600,2048,0,1025,275,275,0,176,256,174,82,0,0,256,1,512
121600,121600,1024,0,513,143,143,0,90,187,135,8,0,0,143,1,512
121601,121600,2048,1,1025,274,274,0,175,256,175,81,0,0,256,1,512
121601,121600,1024,1,513,140,140,0,93,186,133,7,0,0,140,1,512
121728,121728,1024,0,513,142,142,0,84,184,133,9,0,0,142,1,512
121729,121728,1024,1,513,139,139,0,83,182,130,9,0,0,139,1,512
121856,121856,2048,0,1025,285,284,0,174,256,212,44,0,0,256,1,512
121856,121856,1024,0,513,142,142,0,90,182,136,6,0,0,142,1,512
121856,121856,4096,0,37,6,5,0,5,8,6,0,0,0,6,0,0
121857,121856,2048,1,1025,286,285,0,177,256,206,50,0,0,256,1,512
121857,121856,1024,1,513,138,138,0,88,178,133,5,0,0,138,1,512
121857,121856,4096,1,37,9,8,0,6,11,9,0,0,0,9,0,0
121984,121984,1024,0,513,141,141,0,89,183,134,7,0,0,141,1,512
121985,121984,1024,1,513,140,140,0,85,178,131,9,0,0,140,1,512
122112,122112,2048,0,1025,279,278,0,183,256,183,73,0,0,256,1,512
122112,122112,1024,0,513,140,140,0,94,187,133,7,0,0,140,1,512
122113,122112,2048,1,1025,279,278,0,181,256,182,74,0,0,256,1,512
122113,122112,1024,1,513,140,140,0,95,184,133,7,0,0,140,1,512
122240,122240,1024,0,513,144,143,0,103,187,139,5,0,0,144,1,512
122241,122240,1024,1,513,143,142,0,103,185,138,5,0,0,143,1,512
122368,122368,2048,0,1025,276,276,0,175,256,174,82,0,0,256,1,512
122368,122368,1024,0,513,148,147,0,72,183,136,12,0,0,148,1,512
122368,122368,4096,0,37,8,8,0,5,8,8,0,0,0,8,0,0
122369,122368,2048,1,1025,276,276,0,173,256,156,100,0,0,256,1,512
122369,122368,1024,1,513,147,146,0,71,181,135,12,0,0,147,1,512
122369,122368,4096,1,37,9,8,0,6,11,9,0,0,0,9,0,0
122496,122496,1024,0,513,136,136,0,93,188,132,4,0,0,136,1,512
122497,122496,1024,1,513,137,137,0,94,186,133,4,0,0,137,1,512
122624,122624,2048,0,1025,284,283,0,173,256,77,179,0,0,256,1,512
122624,122624,1024,0,513,142,142,0,88,183,132,10,0,0,142,1,512
122625,122624,2048,1,1025,282,282,0,170,256,78,178,0,0,256,1,512
122625,122624,1024,1,513,140,140,0,89,183,130,10,0,0,140,1,512
122752,122752,1024,0,513,140,140,0,101,189,137,3,0,0,140,1,512
122753,122752,1024,1,513,137,137,0,99,189,134,3,0,0,137,1,512
122880,122880,2048,0,1025,292,292,0,176,256,186,70,0,0,256,1,512
122880,122880,1024,0,513,134,134,0,85,186,129,5,0,0,134,1,512
122880,122880,4096,0,37,8,8,0,6,8,8,0,0,0,8,0,0
122881,122880,2048,1,1025,288,288,0,173,256,210,46,0,0,256,1,512
122881,122880,1024,1,513,135,135,0,88,187,128,7,0,0,135,1,512
122881,122880,4096,1,37,10,10,0,6,11,10,0,0,0,10,0,0
123008,123008,1024,0,513,137,137,0,86,183,132,5,0,0,137,1,512
123009,123008,1024,1,513,136,136,0,87,185,132,4,0,0,136,1,512
123136,123136,2048,0,1025,280,279,0,182,256,146,110,0,0,256,1,512
123136,123136,1024,0,513,132,132,0,80,180,126,6,0,0,132,1,512
123137,123136,2048,1,1025,276,276,0,180,256,158,98,0,0,256,1,512
123137,123136,1024,1,513,130,130,0,80,180,126,4,0,0,130,1,512
123264,123264,1024,0,513,147,147,0,84,180,136,11,0,0,147,1,512
123265,123264,1024,1,513,146,146,0,84,178,136,10,0,0,146,1,512
123392,123392,2048,0,1025,279,279,0,183,256,215,41,0,0,256,1,512
123392,123392,1024,0,513,136,136,0,90,183,130,6,0,0,136,1,512
123392,123392,4096,0,37,7,7,0,7,8,7,0,0,0,7,0,0
123393,123392,2048,1,1025,279,279,0,181,256,207,49,0,0,256,1,512
123393,123392,1024,1,513,136,136,0,88,181,129,7,0,0,136,1,512
123393,123392,4096,1,37,8,8,0,7,11,7,1,0,0,8,1,512
123520,123520,1024,0,513,138,138,0,83,183,128,10,0,0,138,1,512
123521,123520,1024,1,513,136,136,0,84,181,127,9,0,0,136,1,512
123648,123648,2048,0,1025,282,281,0,177,256,189,67,0,0,256,1,512
123648,123648,1024,0,513,138,138,0,91,186,134,4,0,0,138,1,512
123649,123648,2048,1,1025,280,279,0,174,256,200,56,0,0,256,1,512
123649,123648,1024,1,513,137,137,0,89,182,133,4,0,0,137,1,512
123776,123776,1024,0,513,143,142,0,79,185,134,9,0,0,143,1,512
123777,123776,1024,1,513,142,141,0,81,181,133,9,0,0,142,1,512
123904,123904,2048,0,1025,290,289,0,170,256,206,50,0,0,256,1,512
123904,123904,1024,0,513,143,142,0,92,188,132,11,0,0,143,1,512
123904,123904,4096,0,37,8,8,0,7,8,8,0,0,0,8,0,0
123905,123904,2048,1,1025,289,288,0,170,256,204,52,0,0,256,1,512
123905,123904,1024,1,513,142,141,0,93,184,132,10,0,0,142,1,512
123905,123904,4096,1,37,8,7,0,6,12,8,0,0,0,8,0,0
124032,124032,1024,0,513,138,137,0,83,192,133,5,0,0,138,1,512
124033,124032,1024,1,513,136,135,0,85,187,132,4,0,0,136,1,512
124160,124160,2048,0,1025,281,280,0,197,256,203,53,0,0,256,1,512
124160,124160,1024,0,513,141,140,0,88,192,136,5,0,0,141,1,512
124161,124160,2048,1,1025,280,279,0,196,256,210,46,0,0,256,1,512
124161,124160,1024,1,513,141,140,0,85,186,135,6,0,0,141,1,512
124288,124288,1024,0,513,138,138,0,91,189,133,5,0,0,138,1,512
124289,124288,1024,1,513,140,140,0,90,184,134,6,0,0,140,1,512
124416,124416,2048,0,1025,277,277,0,168,256,171,85,0,0,256,1,512
124416,124416,1024,0,513,136,136,0,92,187,131,5,0,0,136,1,512
124416,124416,4096,0,37,8,8,0,7,8,8,0,0,0,8,0,0
124417,124416,2048,1,1025,278,277,0,167,256,151,105,0,0,256,1,512
124417,124416,1024,1,513,137,137,0,94,184,132,5,0,0,137,1,512
124417,124416,4096,1,37,9,9,0,5,11,9,0,0,0,9,0,0
124544,124544,1024,0,513,141,141,0,70,182,129,12,0,0,141,1,512
124545,124544,1024,1,513,139,139,0,72,181,128,11,0,0,139,1,512
124672,124672,2048,0,1025,288,287,0,179,256,194,62,0,0,256,1,512
124672,124672,1024,0,513,138,138,0,93,186,135,3,0,0,138,1,512
124673,124672,2048,1,1025,284,284,0,177,256,217,39,0,0,256,1,512
124673,124672,1024,1,513,136,136,0,92,184,133,3,0,0,136,1,512
124800,124800,1024,0,513,142,142,0,96,181,137,5,0,0,142,1,512
124801,124800,1024,1,513,141,141,0,94,179,136,5,0,0,141,1,512
124928,124928,2048,0,1025,297,297,0,191,256,181,75,0,0,256,1,512
124928,124928,1024,0,513,140,139,0,88,180,129,11,0,0,140,1,512
124928,124928,4096,0,37,6,6,0,5,8,6,0,0,0,6,0,0
124929,124928,2048,1,1025,293,293,0,187,256,191,65,0,0,256,1,512
124929,124928,1024,1,513,140,139,0,88,178,128,12,0,0,140,1,512
124929,124928,4096,1,37,11,11,0,8,11,10,1,0,0,11,1,512
125056,125056,1024,0,513,142,141,0,82,184,135,7,0,0,142,1,512
125057,125056,1024,1,513,138,137,0,82,184,132,6,0,0,138,1,512
125184,125184,2048,0,1025,275,274,0,179,256,140,116,0,0,256,1,512
125184,125184,1024,0,513,131,130,0,87,185,126,5,0,0,131,1,512
125185,125184,2048,1,1025,273,272,0,177,256,146,110,0,0,256,1,512
125185,125184,1024,1,513,130,129,0,84,184,124,6,0,0,130,1,512
125312,125312,1024,0,513,136,135,0,83,182,130,6,0,0,136,1,512
125313,125312,1024,1,513,134,133,0,81,183,128,6,0,0,134,1,512
125440,125440,2048,0,1025,269,268,0,178,256,162,94,0,0,256,1,512
125440,125440,1024,0,513,140,139,0,83,184,131,9,0,0,140,1,512
125440,125440,4096,0,37,7,7,0,6,8,7,0,0,0,7,0,0
125441,125440,2048,1,1025,269,268,0,175,256,138,118,0,0,256,1,512
125441,125440,1024,1,513,141,140,0,82,185,133,8,0,0,141,1,512
125441,125440,4096,1,37,10,10,0,8,12,10,0,0,0,10,0,0
125568,125568,1024,0,513,136,135,0,87,186,130,6,0,0,136,1,512
125569,125568,1024,1,513,135,134,0,89,186,129,6,0,0,135,1,512
125696,125696,2048,0,1025,276,275,0,180,256,195,61,0,0,256,1,512
125696,125696,1024,0,513,137,136,0,81,182,132,5,0,0,137,1,512
125697,125696,2048,1,1025,275,274,0,177,256,210,46,0,0,256,1,512
125697,125696,1024,1,513,137,136,0,80,182,132,5,0,0,137,1,512
125824,125824,1024,0,513,135,135,0,84,180,129,6,0,0,135,1,512
125825,125824,1024,1,513,134,134,0,84,179,128,6,0,0,134,1,512
125952,125952,2048,0,1025,287,286,0,185,256,215,41,0,0,256,1,512
125952,125952,1024,0,513,139,139,0,82,180,133,6,0,0,139,1,512
125952,125952,4096,0,37,8,7,0,6,8,8,0,0,0,8,0,0
125953,125952,2048,1,1025,285,284,0,182,256,209,47,0,0,256,1,512
125953,125952,1024,1,513,139,139,0,84,180,134,5,0,0,139,1,512
125953,125952,4096,1,37,10,9,0,9,12,10,0,0,0,10,0,0
126080,126080,1024,0,513,139,139,0,95,178,133,6,0,0,139,1,512
126081,126080,1024,1,513,137,137,0,94,177,131,6,0,0,137,1,512
126208,126208,2048,0,1025,280,279,0,175,256,177,79,0,0,256,1,512
126208,126208,1024,0,513,135,135,0,89,179,133,2,0,0,135,1,512
126209,126208,2048,1,1025,280,279,0,173,256,173,83,0,0,256,1,512
126209,126208,1024,1,513,137,137,0,88,178,133,4,0,0,137,1,512
126336,126336,1024,0,513,145,145,0,85,174,131,14,0,0,145,1,512
126337,126336,1024,1,513,144,144,0,84,175,131,13,0,0,144,1,512
126464,126464,2048,0,1025,282,281,0,196,256,195,61,0,0,256,1,512
126464,126464,1024,0,513,151,151,0,81,181,141,10,0,0,151,1,512
126464,126464,4096,0,37,7,6,0,6,8,7,0,0,0,7,0,0
126465,126464,2048,1,1025,281,280,0,194,256,190,66,0,0,256,1,512
126465,126464,1024,1,513,149,149,0,81,180,139,10,0,0,149,1,512
126465,126464,4096,1,37,9,8,0,8,12,9,0,0,0,9,0,0
126592,126592,1024,0,513,136,136,0,91,184,131,5,0,0,136,1,512
126593,126592,1024,1,513,138,138,0,90,185,132,6,0,0,138,1,512
126720,126720,2048,0,1025,266,266,0,169,256,162,94,0,0,256,1,512
126720,126720,1024,0,513,133,133,0,89,185,129,4,0,0,133,1,512
126721,126720,2048,1,1025,264,264,0,169,256,172,84,0,0,256,1,512
126721,126720,1024,1,513,132,132,0,88,187,128,4,0,0,132,1,512
126848,126848,1024,0,513,143,143,0,86,184,135,8,0,0,143,1,512
126849,126848,1024,1,513,143,143,0,85,184,136,7,0,0,143,1,512
126976,126976,2048,0,1025,274,273,0,171,256,166,90,0,0,256,1,512
126976,126976,1024,0,513,141,141,0,95,183,134,7,0,0,141,1,512
126976,126976,4096,0,37,8,7,0,6,8,8,0,0,0,8,0,0
126977,126976,2048,1,1025,272,271,0,172,256,178,78,0,0,256,1,512
126977,126976,1024,1,513,139,139,0,93,182,132,7,0,0,139,1,512
126977,126976,4096,1,37,10,9,0,8,12,10,0,0,0,10,0,0
127104,127104,1024,0,513,139,139,0,91,183,130,9,0,0,139,1,512
127105,127104,1024,1,513,138,138,0,89,183,129,9,0,0,138,1,512
127232,127232,2048,0,1025,278,278,0,186,256,217,39,0,0,256,1,512
127232,127232,1024,0,513,143,143,0,82,188,133,10,0,0,143,1,512
127233,127232,2048,1,1025,276,276,0,185,256,200,56,0,0,256,1,512
127233,127232,1024,1,513,141,141,0,81,186,132,9,0,0,141,1,512
127360,127360,1024,0,513,145,144,0,91,193,138,7,0,0,145,1,512
127361,127360,1024,1,513,144,143,0,92,190,137,7,0,0,144,1,512
127488,127488,2048,0,1025,280,280,0,174,256,157,99,0,0,256,1,512
127488,127488,1024,0,513,138,138,0,78,189,135,3,0,0,138,1,512
127488,127488,4096,0,37,7,6,0,6,8,7,0,0,0,7,0,0
127489,127488,2048,1,1025,279,279,0,175,256,140,116,0,0,256,1,512
127489,127488,1024,1,513,135,135,0,78,186,132,3,0,0,135,1,512
127489,127488,4096,1,37,8,7,0,6,11,8,0,0,0,8,0,0
127616,127616,1024,0,513,136,136,0,90,185,131,5,0,0,136,1,512
127617,127616,1024,1,513,134,134,0,87,182,130,4,0,0,134,1,512
127744,127744,2048,0,1025,278,278,0,176,256,157,99,0,0,256,1,512
127744,127744,1024,0,513,144,144,0,93,182,135,9,0,0,144,1,512
127745,127744,2048,1,1025,277,277,0,173,256,195,61,0,0,256,1,512
127745,127744,1024,1,513,142,142,0,91,178,132,10,0,0,142,1,512
127872,127872,1024,0,513,140,140,0,83,185,131,9,0,0,140,1,512
127873,127872,1024,1,513,140,140,0,84,181,129,11,0,0,140,1,512
128000,128000,2048,0,1025,288,288,0,184,256,166,90,0,0,256,1,512
128000,128000,1024,0,513,143,143,0,88,189,133,10,0,0,143,1,512
128000,128000,4096,0,37,7,6,0,5,8,6,1,0,0,7,1,512
128001,128000,2048,1,1025,289,289,0,182,256,110,146,0,0,256,1,512
128001,128000,1024,1,513,143,143,0,88,187,133,10,0,0,143,1,512
128001,128000,4096,1,37,10,9,0,6,11,10,0,0,0,10,0,0
128128,128128,1024,0,513,140,140,0,94,189,133,7,0,0,140,1,512
128129,128128,1024,1,513,138,138,0,93,187,131,7,0,0,138,1,512
128256,128256,2048,0,1025,280,280,0,179,256,184,72,0,0,256,1,512
128256,128256,1024,0,513,144,143,0,92,189,138,6,0,0,144,1,512
128257,128256,2048,1,1025,279,279,0,182,256,224,32,0,0,256,1,512
128257,128256,1024,1,513,141,140,0,87,187,135,6,0,0,141,1,512
128384,128384,1024,0,513,152,151,0,93,188,141,11,0,0,152,1,512
128385,128384,1024,1,513,152,151,0,93,185,141,11,0,0,152,1,512
128512,128512,2048,0,1025,285,285,0,175,256,220,36,0,0,256,1,512
128512,128512,1024,0,513,138,137,0,92,189,129,9,0,0,138,1,512
128512,128512,4096,0,37,7,6,0,6,9,7,0,0,0,7,0,0
128513,128512,2048,1,1025,284,284,0,173,256,214,42,0,0,256,1,512
128513,128512,1024,1,513,140,139,0,94,186,131,9,0,0,140,1,512
128513,128512,4096,1,37,8,7,0,6,10,8,0,0,0,8,0,0
128640,128640,1024,0,513,138,137,0,87,192,133,5,0,0,138,1,512
128641,128640,1024,1,513,139,138,0,88,189,133,6,0,0,139,1,512
128768,128768,2048,0,1025,291,291,0,188,256,147,109,0,0,256,1,512
128768,128768,1024,0,513,144,144,0,78,191,140,4,0,0,144,1,512
128769,128768,2048,1,1025,288,288,0,186,256,178,78,0,0,256,1,512
128769,128768,1024,1,513,142,142,0,79,189,138,4,0,0,142,1,512
128896,128896,1024,0,513,145,145,0,100,190,138,7,0,0,145,1,512
128897,128896,1024,1,513,141,141,0,99,187,135,6,0,0,141,1,512
129024,129024,2048,0,1025,286,286,0,184,256,113,143,0,0,256,1,512
129024,129024,1024,0,513,143,143,0,95,186,137,6,0,0,143,1,512
129024,129024,4096,0,37,7,6,0,5,9,7,0,0,0,7,0,0
129025,129024,2048,1,1025,283,283,0,182,256,145,111,0,0,256,1,512
129025,129024,1024,1,513,142,142,0,92,181,135,7,0,0,142,1,512
129025,129024,4096,1,37,11,10,0,7,10,9,2,0,0,11,1,512
129152,129152,1024,0,513,142,141,0,83,188,136,6,0,0,142,1,512
129153,129152,1024,1,513,140,139,0,80,184,135,5,0,0,140,1,512
129280,129280,2048,0,1025,289,289,0,192,256,225,31,0,0,256,1,512
129280,129280,1024,0,513,152,152,0,97,184,137,15,0,0,152,1,512
129281,129280,2048,1,1025,289,289,0,190,256,194,62,0,0,256,1,512
129281,129280,1024,1,513,151,151,0,97,179,136,15,0,0,151,1,512
129408,129408,1024,0,513,137,137,0,89,194,132,5,0,0,137,1,512
129409,129408,1024,1,513,135,135,0,86,190,130,5,0,0,135,1,512
129536,129536,2048,0,1025,281,281,0,195,256,200,56,0,0,256,1,512
129536,129536,1024,0,513,136,136,0,88,195,133,3,0,0,136,1,512
129536,129536,4096,0,37,8,7,0,6,8,8,0,0,0,8,0,0
129537,129536,2048,1,1025,280,280,0,194,256,200,56,0,0,256,1,512
129537,129536,1024,1,513,136,136,0,87,192,132,4,0,0,136,1,512
129537,129536,4096,1,37,9,8,0,7,12,9,0,0,0,9,0,0
129664,129664,1024,0,513,139,139,0,81,190,134,5,0,0,139,1,512
129665,129664,1024,1,513,137,137,0,80,189,132,5,0,0,137,1,512
129792,129792,2048,0,1025,279,279,0,186,256,199,57,0,0,256,1,512
129792,129792,1024,0,513,142,142,0,87,181,133,9,0,0,142,1,512
129793,129792,2048,1,1025,278,278,0,185,256,202,54,0,0,256,1,512
129793,129792,1024,1,513,143,143,0,86,181,134,9,0,0,143,1,512
129920,129920,1024,0,513,136,136,0,81,184,126,10,0,0,136,1,512
129921,129920,1024,1,513,136,136,0,81,185,127,9,0,0,136,1,512
130048,130048,2048,0,1025,283,282,0,169,256,210,46,0,0,256,1,512
130048,130048,1024,0,513,134,134,0,78,183,129,5,0,0,134,1,512
130048,130048,4096,0,37,6,5,0,5,8,6,0,0,0,6,0,0
130049,130048,2048,1,1025,280,279,0,168,256,209,47,0,0,256,1,512
130049,130048,1024,1,513,131,131,0,77,183,126,5,0,0,131,1,512
130049,130048,4096,1,37,9,8,0,5,12,9,0,0,0,9,0,0
130176,130176,1024,0,513,136,136,0,87,183,129,7,0,0,136,1,512
130177,130176,1024,1,513,135,135,0,83,183,127,8,0,0,135,1,512
130304,130304,2048,0,1025,283,282,0,188,256,200,56,0,0,256,1,512
130304,130304,1024,0,513,146,146,0,94,184,130,16,0,0,146,1,512
130305,130304,2048,1,1025,282,281,0,185,256,203,53,0,0,256,1,512
130305,130304,1024,1,513,145,145,0,94,185,130,15,0,0,145,1,512
130432,130432,1024,0,513,153,153,0,97,191,142,11,0,0,153,1,512
130433,130432,1024,1,513,149,149,0,94,190,139,10,0,0,149,1,512
130560,130560,2048,0,1025,279,278,0,185,256,143,113,0,0,256,1,512
130560,130560,1024,0,513,144,144,0,97,193,140,4,0,0,144,1,512
130560,130560,4096,0,37,8,7,0,5,8,8,0,0,0,8,0,0
130561,130560,2048,1,1025,279,278,0,184,256,128,128,0,0,256,1,512
130561,130560,1024,1,513,143,143,0,92,191,139,4,0,0,143,1,512
130561,130560,4096,1,37,8,8,0,5,11,8,0,0,0,8,0,0
130688,130688,1024,0,513,143,143,0,78,189,132,11,0,0,143,1,512
130689,130688,1024,1,513,144,144,0,77,187,133,11,0,0,144,1,512
130816,130816,2048,0,1025,280,279,0,188,256,226,30,0,0,256,1,512
130816,130816,1024,0,513,135,135,0,98,198,132,3,0,0,135,1,512
130817,130816,2048,1,1025,281,281,0,186,256,226,30,0,0,256,1,512
130817,130816,1024,1,513,134,134,0,97,196,131,3,0,0,134,1,512
130944,130944,1024,0,513,144,144,0,91,194,136,8,0,0,144,1,512
130945,130944,1024,1,513,141,141,0,91,192,134,7,0,0,141,1,512
131072,131072,2048,0,1025,297,297,0,188,256,74,182,0,0,256,1,512
131072,131072,1024,0,513,140,139,0,94,194,134,6,0,0,140,1,512
131072,131072,4096,0,37,7,7,0,6,8,7,0,0,0,7,0,0
131073,131072,2048,1,1025,295,295,0,188,256,88,168,0,0,256,1,512
131073,131072,1024,1,513,139,138,0,91,192,133,6,0,0,139,1,512
131073,131072,4096,1,37,8,8,0,6,11,8,0,0,0,8,0,0
131200,131200,1024,0,513,139,138,0,83,187,130,9,0,0,139,1,512
131201,131200,1024,1,513,139,138,0,85,185,132,7,0,0,139,1,512
131328,131328,2048,0,1025,289,289,0,173,256,219,37,0,0,256,1,512
131328,131328,1024,0,513,143,142,0,102,186,135,8,0,0,143,1,512
131329,131328,2048,1,1025,288,288,0,173,256,219,37,0,0,256,1,512
131329,131328,1024,1,513,141,140,0,103,181,134,7,0,0,141,1,512
131456,131456,1024,0,513,139,139,0,84,190,131,8,0,0,139,1,512
131457,131456,1024,1,513,139,139,0,82,185,130,9,0,0,139,1,512
131584,131584,2048,0,1025,281,280,0,184,256,200,56,0,0,256,1,512
131584,131584,1024,0,513,138,138,0,86,188,133,5,0,0,138,1,512
131584,131584,4096,0,37,6,6,0,6,8,6,0,0,0,6,0,0
131585,131584,2048,1,1025,279,278,0,180,256,210,46,0,0,256,1,512
131585,131584,1024,1,513,137,137,0,85,185,132,5,0,0,137,1,512
131585,131584,4096,1,37,9,9,0,7,10,9,0,0,0,9,0,0
131712,131712,1024,0,513,140,140,0,101,184,134,6,0,0,140,1,512
131713,131712,1024,1,513,142,142,0,102,181,136,6,0,0,142,1,512
131840,131840,2048,0,1025,280,279,0,179,256,213,43,0,0,256,1,512
131840,131840,1024,0,513,144,144,0,88,186,138,6,0,0,144,1,512
131841,131840,2048,1,1025,277,276,0,176,256,202,54,0,0,256,1,512
131841,131840,1024,1,513,143,143,0,88,184,138,5,0,0,143,1,512
131968,131968,1024,0,513,139,139,0,90,181,128,11,0,0,139,1,512
131969,131968,1024,1,513,137,137,0,90,179,127,10,0,0,137,1,512
132096,132096,2048,0,1025,272,271,0,178,256,222,34,0,0,256,1,512
132096,132096,1024,0,513,142,141,0,87,183,132,10,0,0,142,1,512
132096,132096,4096,0,37,7,7,0,6,8,7,0,0,0,7,0,0
132097,132096,2048,1,1025,272,271,0,178,256,210,46,0,0,256,1,512
132097,132096,1024,1,513,141,140,0,85,180,131,10,0,0,141,1,512
132097,132096,4096,1,37,8,8,0,8,10,8,0,0,0,8,0,0
132224,132224,1024,0,513,140,139,0,81,187,134,6,0,0,140,1,512
132225,132224,1024,1,513,140,139,0,80,184,134,6,0,0,140,1,512
132352,132352,2048,0,1025,284,282,0,178,256,187,69,0,0,256,1,512
132352,132352,1024,0,513,138,137,0,80,188,133,5,0,0,138,1,512
132353,132352,2048,1,1025,280,279,0,174,256,211,45,0,0,256,1,512
132353,132352,1024,1,513,136,135,0,82,186,131,5,0,0,136,1,512
132480,132480,1024,0,513,136,135,0,88,188,129,7,0,0,136,1,512
132481,132480,1024,1,513,136,135,0,88,185,129,7,0,0,136,1,512
132608,132608,2048,0,1025,279,277,0,191,256,177,79,0,0,256,1,512
132608,132608,1024,0,513,147,146,0,93,186,141,6,0,0,147,1,512
132608,132608,4096,0,37,8,7,0,7,8,8,0,0,0,8,0,0
132609,132608,2048,1,1025,277,276,0,190,256,178,78,0,0,256,1,512
132609,132608,1024,1,513,144,143,0,92,184,138,6,0,0,144,1,512
132609,132608,4096,1,37,10,9,0,7,10,9,1,0,0,10,1,512
132736,132736,1024,0,513,140,139,0,81,185,133,7,0,0,140,1,512
132737,132736,1024,1,513,138,137,0,79,183,132,6,0,0,138,1,512
132864,132864,2048,0,1025,279,278,0,176,256,118,138,0,0,256,1,512
132864,132864,1024,0,513,134,133,0,78,185,127,7,0,0,134,1,512
132865,132864,2048,1,1025,276,275,0,174,256,114,142,0,0,256,1,512
132865,132864,1024,1,513,133,132,0,77,182,126,7,0,0,133,1,512
132992,132992,1024,0,513,139,138,0,85,183,129,10,0,0,139,1,512
132993,132992,1024,1,513,137,136,0,85,181,126,11,0,0,137,1,512
133120,133120,2048,0,1025,282,281,0,182,256,228,28,0,0,256,1,512
133120,133120,1024,0,513,138,137,0,85,189,134,4,0,0,138,1,512
133120,133120,4096,0,37,7,6,0,6,8,7,0,0,0,7,0,0
133121,133120,2048,1,1025,282,281,0,181,256,221,35,0,0,256,1,512
133121,133120,1024,1,513,136,135,0,84,187,132,4,0,0,136,1,512
133121,133120,4096,1,37,9,8,0,6,11,9,0,0,0,9,0,0
133248,133248,1024,0,513,139,139,0,84,186,133,6,0,0,139,1,512
133249,133248,1024,1,513,138,138,0,84,182,131,7,0,0,138,1,512
133376,133376,2048,0,1025,285,284,0,175,256,199,57,0,0,256,1,512
133376,133376,1024,0,513,147,147,0,85,182,136,11,0,0,147,1,512
133377,133376,2048,1,1025,284,283,0,173,256,209,47,0,0,256,1,512
133377,133376,1024,1,513,145,145,0,84,180,134,11,0,0,145,1,512
133504,133504,1024,0,513,139,139,0,89,187,134,5,0,0,139,1,512
133505,133504,1024,1,513,136,136,0,84,184,131,5,0,0,136,1,512
133632,133632,2048,0,1025,296,296,0,189,256,153,103,0,0,256,1,512
133632,133632,1024,0,513,132,132,0,83,186,129,3,0,0,132,1,512
133632,133632,4096,0,37,8,8,0,6,8,7,1,0,0,8,1,512
133633,133632,2048,1,1025,297,296,0,187,256,146,110,0,0,256,1,512
133633,133632,1024,1,513,132,132,0,83,184,128,4,0,0,132,1,512
133633,133632,4096,1,37,9,9,0,6,10,9,0,0,0,9,0,0
133760,133760,1024,0,513,136,136,0,89,184,128,8,0,0,136,1,512
133761,133760,1024,1,513,136,136,0,87,183,128,8,0,0,136,1,512
133888,133888,2048,0,1025,290,289,0,182,256,108,148,0,0,256,1,512
133888,133888,1024,0,513,144,144,0,85,186,134,10,0,0,144,1,512
133889,133888,2048,1,1025,289,289,0,183,256,156,100,0,0,256,1,512
133889,133888,1024,1,513,141,141,0,89,185,131,10,0,0,141,1,512
134016,134016,1024,0,513,137,137,0,90,189,128,9,0,0,137,1,512
134017,134016,1024,1,513,134,134,0,86,187,126,8,0,0,134,1,512
134144,134144,2048,0,1025,281,281,0,178,256,175,81,0,0,256,1,512
134144,134144,1024,0,513,141,141,0,79,186,128,13,0,0,141,1,512
134144,134144,4096,0,37,7,7,0,7,9,7,0,0,0,7,0,0
134145,134144,2048,1,1025,279,279,0,180,256,165,91,0,0,256,1,512
134145,134144,1024,1,513,141,141,0,81,183,128,13,0,0,141,1,512
134145,134144,4096,1,37,9,9,0,6,10,8,1,0,0,9,1,512
134272,134272,1024,0,513,144,143,0,89,191,137,7,0,0,144,1,512
134273,134272,1024,1,513,143,142,0,87,187,135,8,0,0,143,1,512
134400,134400,2048,0,1025,275,274,0,179,256,206,50,0,0,256,1,512
134400,134400,1024,0,513,137,137,0,89,189,130,7,0,0,137,1,512
134401,134400,2048,1,1025,272,272,0,175,256,214,42,0,0,256,1,512
134401,134400,1024,1,513,135,135,0,91,186,128,7,0,0,135,1,512
134528,134528,1024,0,513,137,137,0,84,186,131,6,0,0,137,1,512
134529,134528,1024,1,513,136,136,0,80,182,129,7,0,0,136,1,512
134656,134656,2048,0,1025,288,287,0,183,256,132,124,0,0,256,1,512
134656,134656,1024,0,513,143,143,0,82,182,132,11,0,0,143,1,512
134656,134656,4096,0,37,6,6,0,5,9,6,0,0,0,6,0,0
134657,134656,2048,1,1025,286,286,0,181,256,133,123,0,0,256,1,512
134657,134656,1024,1,513,144,144,0,84,182,133,11,0,0,144,1,512
134657,134656,4096,1,37,10,10,0,7,11,9,1,0,0,10,1,512
134784,134784,1024,0,513,144,144,0,90,186,135,9,0,0,144,1,512
134785,134784,1024,1,513,142,142,0,89,184,134,8,0,0,142,1,512
134912,134912,2048,0,1025,279,279,0,175,256,214,42,0,0,256,1,512
134912,134912,1024,0,513,134,134,0,84,185,128,6,0,0,134,1,512
134913,134912,2048,1,1025,278,278,0,173,256,209,47,0,0,256,1,512
134913,134912,1024,1,513,135,135,0,82,183,128,7,0,0,135,1,512
135040,135040,1024,0,513,128,128,0,92,181,125,3,0,0,128,1,512
135041,135040,1024,1,513,127,127,0,92,181,124,3,0,0,127,1,512
135168,135168,2048,0,1025,270,269,0,167,256,207,49,0,0,256,1,512
135168,135168,1024,0,513,140,140,0,78,176,130,10,0,0,140,1,512
135168,135168,4096,0,37,8,7,0,5,9,8,0,0,0,8,0,0
135169,135168,2048,1,1025,269,269,0,165,256,210,46,0,0,256,1,512
135169,135168,1024,1,513,139,139,0,77,177,129,10,0,0,139,1,512
135169,135168,4096,1,37,8,7,0,6,12,8,0,0,0,8,0,0
135296,135296,1024,0,513,139,139,0,85,182,130,9,0,0,139,1,512
135297,135296,1024,1,513,139,139,0,87,183,130,9,0,0,139,1,512
135424,135424,2048,0,1025,271,271,0,169,256,186,70,0,0,256,1,512
135424,135424,1024,0,513,131,130,0,89,184,119,12,0,0,131,1,512
135425,135424,2048,1,1025,270,269,0,168,256,181,75,0,0,256,1,512
135425,135424,1024,1,513,129,128,0,89,184,118,11,0,0,129,1,512
135552,135552,1024,0,513,136,135,0,77,185,125,11,0,0,136,1,512
135553,135552,1024,1,513,136,135,0,77,184,125,11,0,0,136,1,512
135680,135680,2048,0,1025,290,289,0,177,256,194,62,0,0,256,1,512
135680,135680,1024,0,513,141,141,0,96,190,135,6,0,0,141,1,512
135680,135680,4096,0,37,7,6,0,6,9,7,0,0,0,7,0,0
135681,135680,2048,1,1025,286,286,0,177,256,218,38,0,0,256,1,512
135681,135680,1024,1,513,141,141,0,96,189,135,6,0,0,141,1,512
135681,135680,4096,1,37,11,10,0,7,12,10,1,0,0,11,1,512
135808,135808,1024,0,513,142,142,0,89,189,134,8,0,0,142,1,512
135809,135808,1024,1,513,141,141,0,88,187,133,8,0,0,141,1,512
135936,135936,2048,0,1025,277,277,0,167,256,174,82,0,0,256,1,512
135936,135936,1024,0,513,144,144,0,80,191,138,6,0,0,144,1,512
135937,135936,2048,1,1025,275,275,0,165,256,159,97,0,0,256,1,512
135937,135936,1024,1,513,143,143,0,77,189,137,6,0,0,143,1,512
136064,136064,1024,0,513,142,141,0,91,190,134,8,0,0,142,1,512
136065,136064,1024,1,513,140,139,0,91,189,132,8,0,0,140,1,512
136192,136192,2048,0,1025,285,285,0,176,256,203,53,0,0,256,1,512
136192,136192,1024,0,513,132,132,0,81,192,129,3,0,0,132,1,512
136192,136192,4096,0,37,6,5,0,5,9,6,0,0,0,6,0,0
136193,136192,2048,1,1025,283,283,0,172,256,205,51,0,0,256,1,512
136193,136192,1024,1,513,130,130,0,78,191,127,3,0,0,130,1,512
136193,136192,4096,1,37,10,9,0,8,13,9,1,0,0,10,1,512
136320,136320,1024,0,513,140,140,0,88,187,133,7,0,0,140,1,512
136321,136320,1024,1,513,139,139,0,85,186,132,7,0,0,139,1,512
136448,136448,2048,0,1025,278,278,0,183,256,208,48,0,0,256,1,512
136448,136448,1024,0,513,142,142,0,92,187,132,10,0,0,142,1,512
136449,136448,2048,1,1025,276,276,0,180,256,205,51,0,0,256,1,512
136449,136448,1024,1,513,141,141,0,94,185,132,9,0,0,141,1,512
136576,136576,1024,0,513,141,140,0,96,185,134,7,0,0,141,1,512
136577,136576,1024,1,513,141,140,0,94,183,134,7,0,0,141,1,512
136704,136704,2048,0,1025,280,280,0,174,256,177,79,0,0,256,1,512
136704,136704,1024,0,513,139,138,0,85,181,136,3,0,0,139,1,512
136704,136704,4096,0,37,7,6,0,5,9,7,0,0,0,7,0,0
136705,136704,2048,1,1025,281,281,0,172,256,148,108,0,0,256,1,512
136705,136704,1024,1,513,139,138,0,84,179,136,3,0,0,139,1,512
136705,136704,4096,1,37,11,10,0,8,13,9,2,0,0,11,1,512
136832,136832,1024,0,513,142,141,0,90,181,136,6,0,0,142,1,512
136833,136832,1024,1,513,142,141,0,89,179,136,6,0,0,142,1,512
136960,136960,2048,0,1025,282,282,0,188,256,168,88,0,0,256,1,512
136960,136960,1024,0,513,143,143,0,93,179,134,9,0,0,143,1,512
136961,136960,2048,1,1025,283,283,0,186,256,173,83,0,0,256,1,512
136961,136960,1024,1,513,143,143,0,92,178,134,9,0,0,143,1,512
137088,137088,1024,0,513,141,141,0,87,183,131,10,0,0,141,1,512
137089,137088,1024,1,513,141,141,0,87,183,131,10,0,0,141,1,512
137216,137216,2048,0,1025,278,278,0,180,256,127,129,0,0,256,1,512
137216,137216,1024,0,513,138,137,0,86,188,130,8,0,0,138,1,512
137216,137216,4096,0,37,8,7,0,6,8,8,0,0,0,8,0,0
137217,137216,2048,1,1025,277,277,0,179,256,175,81,0,0,256,1,512
137217,137216,1024,1,513,138,137,0,89,188,131,7,0,0,138,1,512
137217,137216,4096,1,37,10,10,0,8,14,10,0,0,0,10,0,0
137344,137344,1024,0,513,136,135,0,89,191,131,5,0,0,136,1,512
137345,137344,1024,1,513,135,134,0,86,191,130,5,0,0,135,1,512
137472,137472,2048,0,1025,282,282,0,178,256,215,41,0,0,256,1,512
137472,137472,1024,0,513,142,142,0,90,185,133,9,0,0,142,1,512
137473,137472,2048,1,1025,280,280,0,176,256,218,38,0,0,256,1,512
137473,137472,1024,1,513,140,140,0,88,185,131,9,0,0,140,1,512
137600,137600,1024,0,513,144,144,0,93,183,137,7,0,0,144,1,512
137601,137600,1024,1,513,146,146,0,91,183,139,7,0,0,146,1,512
137728,137728,2048,0,1025,279,279,0,162,256,140,116,0,0,256,1,512
137728,137728,1024,0,513,137,137,0,92,182,129,8,0,0,137,1,512
137728,137728,4096,0,37,7,6,0,6,8,7,0,0,0,7,0,0
137729,137728,2048,1,1025,279,279,0,162,256,117,139,0,0,256,1,512
137729,137728,1024,1,513,136,136,0,92,182,129,7,0,0,136,1,512
137729,137728,4096,1,37,10,9,0,6,14,10,0,0,0,10,0,0
137856,137856,1024,0,513,140,139,0,94,187,134,6,0,0,140,1,512
137857,137856,1024,1,513,139,138,0,92,186,133,6,0,0,139,1,512
137984,137984,2048,0,1025,284,284,0,167,256,181,75,0,0,256,1,512
137984,137984,1024,0,513,145,144,0,94,188,137,8,0,0,145,1,512
137985,137984,2048,1,1025,284,284,0,168,256,171,85,0,0,256,1,512
137985,137984,1024,1,513,145,144,0,93,187,137,8,0,0,145,1,512
138112,138112,1024,0,513,139,138,0,88,188,134,5,0,0,139,1,512
138113,138112,1024,1,513,138,137,0,91,187,133,5,0,0,138,1,512
138240,138240,2048,0,1025,283,283,0,177,256,193,63,0,0,256,1,512
138240,138240,1024,0,513,139,138,0,82,186,133,6,0,0,139,1,512
138240,138240,4096,0,37,7,7,0,6,8,7,0,0,0,7,0,0
138241,138240,2048,1,1025,282,282,0,178,256,201,55,0,0,256,1,512
138241,138240,1024,1,513,139,138,0,83,184,133,6,0,0,139,1,512
138241,138240,4096,1,37,8,8,0,7,13,8,0,0,0,8,0,0
138368,138368,1024,0,513,146,145,0,93,186,136,10,0,0,146,1,512
138369,138368,1024,1,513,144,143,0,92,184,135,9,0,0,144,1,512
138496,138496,2048,0,1025,275,275,0,183,256,195,61,0,0,256,1,512
138496,138496,1024,0,513,145,145,0,99,190,136,9,0,0,145,1,512
138497,138496,2048,1,1025,275,275,0,182,256,196,60,0,0,256,1,512
138497,138496,1024,1,513,141,141,0,98,188,132,9,0,0,141,1,512
138624,138624,1024,0,513,137,137,0,98,188,135,2,0,0,137,1,512
138625,138624,1024,1,513,135,135,0,97,186,133,2,0,0,135,1,512
138752,138752,2048,0,1025,272,272,0,161,256,210,46,0,0,256,1,512
138752,138752,1024,0,513,139,139,0,89,181,132,7,0,0,139,1,512
138752,138752,4096,0,37,8,7,0,6,8,8,0,0,0,8,0,0
138753,138752,2048,1,1025,269,269,0,162,256,209,47,0,0,256,1,512
138753,138752,1024,1,513,139,139,0,88,179,131,8,0,0,139,1,512
138753,138752,4096,1,37,9,9,0,7,12,8,1,0,0,9,1,512
138880,138880,1024,0,513,139,138,0,79,179,132,7,0,0,139,1,512
138881,138880,1024,1,513,137,136,0,78,177,130,7,0,0,137,1,512
139008,139008,2048,0,1025,287,287,0,173,256,207,49,0,0,256,1,512
139008,139008,1024,0,513,144,143,0,90,180,137,7,0,0,144,1,512
139009,139008,2048,1,1025,284,284,0,172,256,210,46,0,0,256,1,512
139009,139008,1024,1,513,143,142,0,88,179,136,7,0,0,143,1,512
139136,139136,1024,0,513,138,137,0,89,183,131,7,0,0,138,1,512
139137,139136,1024,1,513,138,137,0,88,181,129,9,0,0,138,1,512
139264,139264,2048,0,1025,284,284,0,175,256,200,56,0,0,256,1,512
139264,139264,1024,0,513,142,142,0,90,182,135,7,0,0,142,1,512
139264,139264,4096,0,37,7,6,0,6,8,7,0,0,0,7,0,0
139265,139264,2048,1,1025,283,283,0,175,256,191,65,0,0,256,1,512
139265,139264,1024,1,513,139,139,0,90,183,133,6,0,0,139,1,512
139265,139264,4096,1,37,10,10,0,8,13,10,0,0,0,10,0,0
139392,139392,1024,0,513,150,150,0,99,184,142,8,0,0,150,1,512
139393,139392,1024,1,513,148,148,0,98,182,139,9,0,0,148,1,512
139520,139520,2048,0,1025,284,284,0,194,256,183,73,0,0,256,1,512
139520,139520,1024,0,513,154,154,0,98,186,142,12,0,0,154,1,512
139521,139520,2048,1,1025,282,282,0,190,256,180,76,0,0,256,1,512
139521,139520,1024,1,513,153,153,0,96,186,142,11,0,0,153,1,512
139648,139648,1024,0,513,147,146,0,102,188,140,7,0,0,147,1,512
139649,139648,1024,1,513,147,146,0,100,187,140,7,0,0,147,1,512
139776,139776,2048,0,1025,271,271,0,176,256,118,138,0,0,256,1,512
139776,139776,1024,0,513,142,141,0,90,188,138,4,0,0,142,1,512
139776,139776,4096,0,37,8,7,0,6,8,8,0,0,0,8,0,0
139777,139776,2048,1,1025,270,270,0,174,256,143,113,0,0,256,1,512
139777,139776,1024,1,513,141,140,0,91,187,137,4,0,0,141,1,512
139777,139776,4096,1,37,10,9,0,5,13,10,0,0,0,10,0,0
139904,139904,1024,0,513,143,142,0,83,189,134,9,0,0,143,1,512
139905,139904,1024,1,513,142,141,0,83,187,135,7,0,0,142,1,512
140032,140032,2048,0,1025,277,277,0,160,256,187,69,0,0,256,1,512
140032,140032,1024,0,513,145,144,0,87,190,138,7,0,0,145,1,512
140033,140032,2048,1,1025,277,277,0,161,256,164,92,0,0,256,1,512
140033,140032,1024,1,513,145,144,0,85,186,136,9,0,0,145,1,512
140160,140160,1024,0,513,135,134,0,91,191,133,2,0,0,135,1,512
140161,140160,1024,1,513,134,133,0,89,189,132,2,0,0,134,1,512
140288,140288,2048,0,1025,278,277,0,190,256,228,28,0,0,256,1,512
140288,140288,1024,0,513,133,132,0,90,184,125,8,0,0,133,1,512
140288,140288,4096,0,37,8,7,0,7,8,8,0,0,0,8,0,0
140289,140288,2048,1,1025,276,275,0,188,256,228,28,0,0,256,1,512
140289,140288,1024,1,513,132,131,0,89,183,124,8,0,0,132,1,512
140289,140288,4096,1,37,8,7,0,5,12,8,0,0,0,8,0,0
140416,140416,1024,0,513,140,139,0,81,185,129,11,0,0,140,1,512
140417,140416,1024,1,513,136,135,0,79,184,126,10,0,0,136,1,512
140544,140544,2048,0,1025,280,279,0,176,256,177,79,0,0,256,1,512
140544,140544,1024,0,513,144,144,0,88,187,135,9,0,0,144,1,512
140545,140544,2048,1,1025,278,277,0,174,256,177,79,0,0,256,1,512
140545,140544,1024,1,513,146,146,0,86,185,135,11,0,0,146,1,512
140672,140672,1024,0,513,149,149,0,88,188,138,11,0,0,149,1,512
140673,140672,1024,1,513,148,148,0,87,188,137,11,0,0,148,1,512
140800,140800,2048,0,1025,275,274,0,174,256,193,63,0,0,256,1,512
140800,140800,1024,0,513,136,136,0,94,193,130,6,0,0,136,1,512
140800,140800,4096,0,37,7,7,0,5,8,6,1,0,0,7,1,512
140801,140800,2048,1,1025,276,275,0,174,256,181,75,0,0,256,1,512
140801,140800,1024,1,513,134,134,0,93,195,129,5,0,0,134,1,512
140801,140800,4096,1,37,8,8,0,7,12,8,0,0,0,8,0,0
140928,140928,1024,0,513,144,144,0,95,193,140,4,0,0,144,1,512
140929,140928,1024,1,513,144,144,0,90,194,140,4,0,0,144,1,512
141056,141056,2048,0,1025,274,273,0,151,256,208,48,0,0,256,1,512
141056,141056,1024,0,513,137,136,0,87,188,131,6,0,0,137,1,512
141057,141056,2048,1,1025,273,272,0,150,256,217,39,0,0,256,1,512
141057,141056,1024,1,513,140,139,0,88,189,133,7,0,0,140,1,512
141184,141184,1024,0,513,141,140,0,90,188,134,7,0,0,141,1,512
141185,141184,1024,1,513,140,139,0,92,190,134,6,0,0,140,1,512
141312,141312,2048,0,1025,279,278,0,177,256,186,70,0,0,256,1,512
141312,141312,1024,0,513,142,141,0,86,187,138,4,0,0,142,1,512
141312,141312,4096,0,37,8,8,0,5,9,7,1,0,0,8,1,512
141313,141312,2048,1,1025,276,275,0,176,256,199,57,0,0,256,1,512
141313,141312,1024,1,513,141,140,0,84,187,137,4,0,0,141,1,512
141313,141312,4096,1,37,8,8,0,8,12,8,0,0,0,8,0,0
141440,141440,1024,0,513,148,147,0,95,188,139,9,0,0,148,1,512
141441,141440,1024,1,513,142,141,0,93,189,134,8,0,0,142,1,512
141568,141568,2048,0,1025,276,275,0,169,256,88,168,0,0,256,1,512
141568,141568,1024,0,513,140,139,0,98,193,133,7,0,0,140,1,512
141569,141568,2048,1,1025,273,272,0,168,256,90,166,0,0,256,1,512
141569,141568,1024,1,513,139,138,0,95,193,134,5,0,0,139,1,512
141696,141696,1024,0,513,143,142,0,84,192,134,9,0,0,143,1,512
141697,141696,1024,1,513,140,139,0,84,190,130,10,0,0,140,1,512
141824,141824,2048,0,1025,278,277,0,171,256,113,143,0,0,256,1,512
141824,141824,1024,0,513,145,145,0,85,192,137,8,0,0,145,1,512
141824,141824,4096,0,37,7,7,0,7,10,7,0,0,0,7,0,0
141825,141824,2048,1,1025,277,276,0,170,256,79,177,0,0,256,1,512
141825,141824,1024,1,513,142,142,0,83,189,135,7,0,0,142,1,512
141825,141824,4096,1,37,10,10,0,8,11,9,1,0,0,10,1,512
141952,141952,1024,0,513,138,138,0,85,190,130,8,0,0,138,1,512
141953,141952,1024,1,513,136,136,0,84,187,128,8,0,0,136,1,512
142080,142080,2048,0,1025,287,287,0,164,256,125,131,0,0,256,1,512
142080,142080,1024,0,513,137,137,0,85,186,133,4,0,0,137,1,512
142081,142080,2048,1,1025,285,285,0,163,256,160,96,0,0,256,1,512
142081,142080,1024,1,513,139,139,0,84,184,135,4,0,0,139,1,512
142208,142208,1024,0,513,144,143,0,83,182,131,13,0,0,144,1,512
142209,142208,1024,1,513,143,142,0,83,180,130,13,0,0,143,1,512
142336,142336,2048,0,1025,282,282,0,176,256,191,65,0,0,256,1,512
142336,142336,1024,0,513,141,140,0,86,189,131,10,0,0,141,1,512
142336,142336,4096,0,37,7,6,0,6,10,7,0,0,0,7,0,0
142337,142336,2048,1,1025,282,282,0,176,256,165,91,0,0,256,1,512
142337,142336,1024,1,513,140,139,0,84,187,130,10,0,0,140,1,512
142337,142336,4096,1,37,10,10,0,8,12,9,1,0,0,10,1,512
142464,142464,1024,0,513,143,143,0,97,189,137,6,0,0,143,1,512
142465,142464,1024,1,513,142,142,0,96,189,136,6,0,0,142,1,512
142592,142592,2048,0,1025,285,285,0,189,256,230,26,0,0,256,1,512
142592,142592,1024,0,513,144,144,0,93,189,135,9,0,0,144,1,512
142593,142592,2048,1,1025,283,283,0,187,256,229,27,0,0,256,1,512
142593,142592,1024,1,513,143,143,0,91,190,134,9,0,0,143,1,512
142720,142720,1024,0,513,141,141,0,84,186,131,10,0,0,141,1,512
142721,142720,1024,1,513,140,140,0,85,186,130,10,0,0,140,1,512
142848,142848,2048,0,1025,286,286,0,186,256,193,63,0,0,256,1,512
142848,142848,1024,0,513,148,148,0,92,184,140,8,0,0,148,1,512
142848,142848,4096,0,37,8,7,0,6,10,8,0,0,0,8,0,0
142849,142848,2048,1,1025,285,285,0,184,256,204,52,0,0,256,1,512
142849,142848,1024,1,513,147,147,0,88,183,140,7,0,0,147,1,512
142849,142848,4096,1,37,9,8,0,6,11,8,1,0,0,9,1,512
142976,142976,1024,0,513,137,137,0,92,183,131,6,0,0,137,1,512
142977,142976,1024,1,513,137,137,0,91,181,131,6,0,0,137,1,512
143104,143104,2048,0,1025,279,279,0,185,256,197,59,0,0,256,1,512
143104,143104,1024,0,513,139,139,0,86,185,137,2,0,0,139,1,512
143105,143104,2048,1,1025,278,278,0,186,256,203,53,0,0,256,1,512
143105,143104,1024,1,513,135,135,0,84,183,133,2,0,0,135,1,512
143232,143232,1024,0,513,132,132,0,87,179,123,9,0,0,132,1,512
143233,143232,1024,1,513,129,129,0,83,178,121,8,0,0,129,1,512
143360,143360,2048,0,1025,274,274,0,170,256,211,45,0,0,256,1,512
143360,143360,1024,0,513,136,135,0,86,180,128,8,0,0,136,1,512
143360,143360,4096,0,37,8,7,0,7,9,8,0,0,0,8,0,0
143361,143360,2048,1,1025,272,272,0,168,256,208,48,0,0,256,1,512
143361,143360,1024,1,513,134,133,0,83,178,126,8,0,0,134,1,512
143361,143360,4096,1,37,10,9,0,6,12,10,0,0,0,10,0,0
143488,143488,1024,0,513,135,134,0,85,185,126,9,0,0,135,1,512
143489,143488,1024,1,513,136,135,0,85,182,127,9,0,0,136,1,512
143616,143616,2048,0,1025,289,289,0,171,256,193,63,0,0,256,1,512
143616,143616,1024,0,513,139,138,0,83,184,133,6,0,0,139,1,512
143617,143616,2048,1,1025,288,288,0,171,256,185,71,0,0,256,1,512
143617,143616,1024,1,513,138,137,0,83,181,131,7,0,0,138,1,512
143744,143744,1024,0,513,139,139,0,91,181,132,7,0,0,139,1,512
143745,143744,1024,1,513,135,135,0,86,180,130,5,0,0,135,1,512
143872,143872,2048,0,1025,275,275,0,163,256,105,151,0,0,256,1,512
143872,143872,1024,0,513,135,135,0,87,179,129,6,0,0,135,1,512
143872,143872,4096,0,37,6,6,0,6,8,6,0,0,0,6,0,0
143873,143872,2048,1,1025,274,274,0,163,256,109,147,0,0,256,1,512
143873,143872,1024,1,513,132,132,0,84,176,126,6,0,0,132,1,512
143873,143872,4096,1,37,9,9,0,7,12,8,1,0,0,9,1,512
144000,144000,1024,0,513,136,136,0,86,176,126,10,0,0,136,1,512
144001,144000,1024,1,513,136,136,0,86,173,126,10,0,0,136,1,512
144128,144128,2048,0,1025,281,280,0,179,256,219,37,0,0,256,1,512
144128,144128,1024,0,513,141,140,0,87,181,133,8,0,0,141,1,512
144129,144128,2048,1,1025,279,279,0,175,256,216,40,0,0,256,1,512
144129,144128,1024,1,513,141,140,0,86,177,132,9,0,0,141,1,512
144256,144256,1024,0,513,148,147,0,100,182,140,8,0,0,148,1,512
144257,144256,1024,1,513,147,146,0,97,179,138,9,0,0,147,1,512
144384,144384,2048,0,1025,278,278,0,169,256,204,52,0,0,256,1,512
144384,144384,1024,0,513,148,148,0,86,182,139,9,0,0,148,1,512
144384,144384,4096,0,37,7,7,0,5,8,7,0,0,0,7,0,0
144385,144384,2048,1,1025,275,275,0,168,256,218,38,0,0,256,1,512
144385,144384,1024,1,513,147,147,0,86,181,138,9,0,0,147,1,512
144385,144384,4096,1,37,9,9,0,6,12,8,1,0,0,9,1,512
144512,144512,1024,0,513,145,145,0,88,188,137,8,0,0,145,1,512
144513,144512,1024,1,513,144,144,0,89,187,137,7,0,0,144,1,512
144640,144640,2048,0,1025,272,272,0,169,256,174,82,0,0,256,1,512
144640,144640,1024,0,513,144,144,0,90,192,135,9,0,0,144,1,512
144641,144640,2048,1,1025,268,268,0,164,256,179,77,0,0,256,1,512
144641,144640,1024,1,513,143,143,0,90,190,132,11,0,0,143,1,512
144768,144768,1024,0,513,145,145,0,85,195,144,1,0,0,145,1,512
144769,144768,1024,1,513,144,144,0,84,195,143,1,0,0,144,1,512
144896,144896,2048,0,1025,285,285,0,180,256,156,100,0,0,256,1,512
144896,144896,1024,0,513,142,141,0,94,188,134,8,0,0,142,1,512
144896,144896,4096,0,37,7,7,0,7,8,7,0,0,0,7,0,0
144897,144896,2048,1,1025,282,282,0,176,256,153,103,0,0,256,1,512
144897,144896,1024,1,513,141,140,0,93,189,134,7,0,0,141,1,512
144897,144896,4096,1,37,8,8,0,7,13,8,0,0,0,8,0,0
145024,145024,1024,0,513,141,140,0,89,187,133,8,0,0,141,1,512
145025,145024,1024,1,513,141,140,0,90,186,132,9,0,0,141,1,512
145152,145152,2048,0,1025,281,281,0,179,256,171,85,0,0,256,1,512
145152,145152,1024,0,513,152,151,0,95,189,143,9,0,0,152,1,512
145153,145152,2048,1,1025,280,280,0,177,256,156,100,0,0,256,1,512
145153,145152,1024,1,513,149,148,0,95,189,140,9,0,0,149,1,512
145280,145280,1024,0,513,146,145,0,107,191,143,3,0,0,146,1,512
145281,145280,1024,1,513,144,143,0,105,190,141,3,0,0,144,1,512
145408,145408,2048,0,1025,276,275,0,173,256,188,68,0,0,256,1,512
145408,145408,1024,0,513,140,139,0,84,185,132,8,0,0,140,1,512
145408,145408,4096,0,37,6,5,0,5,8,6,0,0,0,6,0,0
145409,145408,2048,1,1025,273,273,0,171,256,203,53,0,0,256,1,512
145409,145408,1024,1,513,140,139,0,82,184,133,7,0,0,140,1,512
145409,145408,4096,1,37,10,10,0,6,13,10,0,0,0,10,0,0
145536,145536,1024,0,513,143,142,0,83,186,133,10,0,0,143,1,512
145537,145536,1024,1,513,143,142,0,82,184,133,10,0,0,143,1,512
145664,145664,2048,0,1025,278,277,0,187,256,224,32,0,0,256,1,512
145664,145664,1024,0,513,141,140,0,93,191,138,3,0,0,141,1,512
145665,145664,2048,1,1025,276,275,0,184,256,217,39,0,0,256,1,512
145665,145664,1024,1,513,139,138,0,93,188,136,3,0,0,139,1,512
145792,145792,1024,0,513,144,144,0,101,191,134,10,0,0,144,1,512
145793,145792,1024,1,513,144,144,0,97,188,135,9,0,0,144,1,512
145920,145920,2048,0,1025,293,292,0,168,256,168,88,0,0,256,1,512
145920,145920,1024,0,513,147,147,0,95,190,141,6,0,0,147,1,512
145920,145920,4096,0,37,8,8,0,5,8,8,0,0,0,8,0,0
145921,145920,2048,1,1025,289,288,0,169,256,144,112,0,0,256,1,512
145921,145920,1024,1,513,146,146,0,96,186,140,6,0,0,146,1,512
145921,145920,4096,1,37,9,9,0,7,11,9,0,0,0,9,0,0
146048,146048,1024,0,513,143,143,0,92,189,141,2,0,0,143,1,512
146049,146048,1024,1,513,140,140,0,92,186,136,4,0,0,140,1,512
146176,146176,2048,0,1025,283,282,0,192,256,134,122,0,0,256,1,512
146176,146176,1024,0,513,146,146,0,91,180,135,11,0,0,146,1,512
146177,146176,2048,1,1025,279,279,0,186,256,157,99,0,0,256,1,512
146177,146176,1024,1,513,146,146,0,90,180,135,11,0,0,146,1,512
146304,146304,1024,0,513,144,144,0,90,184,139,5,0,0,144,1,512
146305,146304,1024,1,513,142,142,0,89,184,137,5,0,0,142,1,512
146432,146432,2048,0,1025,273,273,0,184,256,224,32,0,0,256,1,512
146432,146432,1024,0,513,139,139,0,96,183,136,3,0,0,139,1,512
146432,146432,4096,0,37,7,7,0,6,8,7,0,0,0,7,0,0
146433,146432,2048,1,1025,270,270,0,181,256,221,35,0,0,256,1,512
146433,146432,1024,1,513,140,140,0,94,183,137,3,0,0,140,1,512
146433,146432,4096,1,37,10,10,0,7,11,9,1,0,0,10,1,512
146560,146560,1024,0,513,148,148,0,92,181,141,7,0,0,148,1,512
146561,146560,1024,1,513,149,149,0,93,181,142,7,0,0,149,1,512
146688,146688,2048,0,1025,285,285,0,188,256,201,55,0,0,256,1,512
146688,146688,1024,0,513,146,145,0,89,179,138,8,0,0,146,1,512
146689,146688,2048,1,1025,283,283,0,187,256,204,52,0,0,256,1,512
146689,146688,1024,1,513,145,144,0,87,180,138,7,0,0,145,1,512
146816,146816,1024,0,513,146,145,0,96,184,136,10,0,0,146,1,512
146817,146816,1024,1,513,145,144,0,95,183,135,10,0,0,145,1,512
146944,146944,2048,0,1025,280,280,0,175,256,194,62,0,0,256,1,512
146944,146944,1024,0,513,147,146,0,93,186,136,11,0,0,147,1,512
146944,146944,4096,0,37,6,6,0,6,8,6,0,0,0,6,0,0
146945,146944,2048,1,1025,279,279,0,174,256,186,70,0,0,256,1,512
146945,146944,1024,1,513,146,145,0,92,184,135,11,0,0,146,1,512
146945,146944,4096,1,37,7,7,0,7,12,7,0,0,0,7,0,0
147072,147072,1024,0,513,138,138,0,94,194,135,3,0,0,138,1,512
147073,147072,1024,1,513,135,135,0,92,192,132,3,0,0,135,1,512
147200,147200,2048,0,1025,272,272,0,179,256,194,62,0,0,256,1,512
147200,147200,1024,0,513,143,143,0,90,189,138,5,0,0,143,1,512
147201,147200,2048,1,1025,271,271,0,179,256,179,77,0,0,256,1,512
147201,147200,1024,1,513,144,144,0,89,187,138,6,0,0,144,1,512
147328,147328,1024,0,513,149,149,0,87,180,136,13,0,0,149,1,512
147329,147328,1024,1,513,148,148,0,88,180,137,11,0,0,148,1,512
147456,147456,2048,0,1025,272,272,0,176,256,194,62,0,0,256,1,512
147456,147456,1024,0,513,142,142,0,89,187,138,4,0,0,142,1,512
147456,147456,4096,0,37,7,7,0,6,8,7,0,0,0,7,0,0
147457,147456,2048,1,1025,273,272,0,174,256,159,97,0,0,256,1,512
147457,147456,1024,1,513,141,141,0,88,185,137,4,0,0,141,1,512
147457,147456,4096,1,37,9,9,0,6,12,9,0,0,0,9,0,0
147584,147584,1024,0,513,137,137,0,79,184,131,6,0,0,137,1,512
147585,147584,1024,1,513,134,134,0,79,183,127,7,0,0,134,1,512
147712,147712,2048,0,1025,273,272,0,181,256,179,77,0,0,256,1,512
147712,147712,1024,0,513,138,138,0,89,184,131,7,0,0,138,1,512
147713,147712,2048,1,1025,272,272,0,178,256,213,43,0,0,256,1,512
147713,147712,1024,1,513,138,138,0,87,184,131,7,0,0,138,1,512
147840,147840,1024,0,513,139,139,0,81,185,129,10,0,0,139,1,512
147841,147840,1024,1,513,139,139,0,80,185,129,10,0,0,139,1,512
147968,147968,2048,0,1025,290,290,0,189,256,212,44,0,0,256,1,512
147968,147968,1024,0,513,145,145,0,91,188,135,10,0,0,145,1,512
147968,147968,4096,0,37,7,7,0,7,8,7,0,0,0,7,0,0
147969,147968,2048,1,1025,286,286,0,191,256,229,27,0,0,256,1,512
147969,147968,1024,1,513,145,145,0,90,187,136,9,0,0,145,1,512
147969,147968,4096,1,37,8,8,0,7,12,8,0,0,0,8,0,0
148096,148096,1024,0,513,142,142,0,81,189,134,8,0,0,142,1,512
148097,148096,1024,1,513,140,140,0,82,188,134,6,0,0,140,1,512
148224,148224,2048,0,1025,276,276,0,179,256,178,78,0,0,256,1,512
148224,148224,1024,0,513,142,141,0,93,189,135,7,0,0,142,1,512
148225,148224,2048,1,1025,274,274,0,175,256,172,84,0,0,256,1,512
148225,148224,1024,1,513,140,139,0,89,186,133,7,0,0,140,1,512
148352,148352,1024,0,513,136,135,0,91,189,133,3,0,0,136,1,512
148353,148352,1024,1,513,136,135,0,88,187,133,3,0,0,136,1,512
148480,148480,2048,0,1025,279,279,0,173,256,193,63,0,0,256,1,512
148480,148480,1024,0,513,142,141,0,85,184,138,4,0,0,142,1,512
148480,148480,4096,0,37,6,6,0,5,8,6,0,0,0,6,0,0
148481,148480,2048,1,1025,278,278,0,171,256,180,76,0,0,256,1,512
148481,148480,1024,1,513,141,140,0,87,182,137,4,0,0,141,1,512
148481,148480,4096,1,37,9,8,0,6,11,8,1,0,0,9,1,512
148608,148608,1024,0,513,142,141,0,90,177,135,7,0,0,142,1,512
148609,148608,1024,1,513,142,141,0,90,176,135,7,0,0,142,1,512
148736,148736,2048,0,1025,278,278,0,172,256,212,44,0,0,256,1,512
148736,148736,1024,0,513,145,144,0,85,178,134,11,0,0,145,1,512
148737,148736,2048,1,1025,275,275,0,170,256,212,44,0,0,256,1,512
148737,148736,1024,1,513,142,141,0,83,177,131,11,0,0,142,1,512
148864,148864,1024,0,513,139,138,0,94,184,133,6,0,0,139,1,512
148865,148864,1024,1,513,137,136,0,94,183,130,7,0,0,137,1,512
148992,148992,2048,0,1025,283,283,0,181,256,200,56,0,0,256,1,512
148992,148992,1024,0,513,139,138,0,82,187,132,7,0,0,139,1,512
148992,148992,4096,0,37,8,7,0,5,7,7,1,0,0,8,1,512
148993,148992,2048,1,1025,282,282,0,178,256,188,68,0,0,256,1,512
148993,148992,1024,1,513,136,135,0,81,187,129,7,0,0,136,1,512
148993,148992,4096,1,37,11,10,0,8,11,11,0,0,0,11,0,0
149120,149120,1024,0,513,138,137,0,88,185,130,8,0,0,138,1,512
149121,149120,1024,1,513,138,137,0,87,185,129,9,0,0,138,1,512
149248,149248,2048,0,1025,275,274,0,166,256,128,128,0,0,256,1,512
149248,149248,1024,0,513,140,139,0,83,186,133,7,0,0,140,1,512
149249,149248,2048,1,1025,274,273,0,163,256,118,138,0,0,256,1,512
149249,149248,1024,1,513,139,138,0,85,186,132,7,0,0,139,1,512
149376,149376,1024,0,513,141,140,0,89,183,132,9,0,0,141,1,512
149377,149376,1024,1,513,139,138,0,89,182,132,7,0,0,139,1,512
149504,149504,2048,0,1025,280,278,0,173,256,158,98,0,0,256,1,512
149504,149504,1024,0,513,139,138,0,92,183,131,8,0,0,139,1,512
149504,149504,4096,0,37,8,7,0,7,8,8,0,0,0,8,0,0
149505,149504,2048,1,1025,278,277,0,173,256,169,87,0,0,256,1,512
149505,149504,1024,1,513,137,136,0,90,179,128,9,0,0,137,1,512
149505,149504,4096,1,37,10,9,0,8,11,10,0,0,0,10,0,0
149632,149632,1024,0,513,137,136,0,94,183,130,7,0,0,137,1,512
149633,149632,1024,1,513,134,133,0,94,181,128,6,0,0,134,1,512
149760,149760,2048,0,1025,278,277,0,169,256,178,78,0,0,256,1,512
149760,149760,1024,0,513,142,141,0,78,181,130,12,0,0,142,1,512
149761,149760,2048,1,1025,276,275,0,169,256,191,65,0,0,256,1,512
149761,149760,1024,1,513,141,140,0,78,178,130,11,0,0,141,1,512
149888,149888,1024,0,513,139,138,0,92,186,134,5,0,0,139,1,512
149889,149888,1024,1,513,139,138,0,91,183,134,5,0,0,139,1,512
150016,150016,2048,0,1025,260,259,0,171,256,219,37,0,0,256,1,512
150016,150016,1024,0,513,143,142,0,84,186,129,14,0,0,143,1,512
150016,150016,4096,0,37,7,6,0,6,8,7,0,0,0,7,0,0
150017,150016,2048,1,1025,258,257,0,169,256,220,36,0,0,256,1,512
150017,150016,1024,1,513,140,139,0,83,183,127,13,0,0,140,1,512
150017,150016,4096,1,37,10,9,0,9,11,10,0,0,0,10,0,0
150144,150144,1024,0,513,138,137,0,90,194,129,9,0,0,138,1,512
150145,150144,1024,1,513,137,136,0,89,191,128,9,0,0,137,1,512
150272,150272,2048,0,1025,280,279,0,180,256,150,106,0,0,256,1,512
150272,150272,1024,0,513,141,141,0,74,192,133,8,0,0,141,1,512
150273,150272,2048,1,1025,278,277,0,178,256,166,90,0,0,256,1,512
150273,150272,1024,1,513,141,141,0,74,190,134,7,0,0,141,1,512
150400,150400,1024,0,513,145,144,0,91,190,137,8,0,0,145,1,512
150401,150400,1024,1,513,144,143,0,93,189,136,8,0,0,144,1,512
150528,150528,2048,0,1025,286,285,0,170,256,198,58,0,0,256,1,512
150528,150528,1024,0,513,138,137,0,76,192,132,6,0,0,138,1,512
150528,150528,4096,0,37,8,7,0,6,8,8,0,0,0,8,0,0
150529,150528,2048,1,1025,287,286,0,169,256,112,144,0,0,256,1,512
150529,150528,1024,1,513,136,135,0,75,191,131,5,0,0,136,1,512
150529,150528,4096,1,37,10,10,0,8,11,10,0,0,0,10,0,0
150656,150656,1024,0,513,141,140,0,90,187,132,9,0,0,141,1,512
150657,150656,1024,1,513,137,136,0,87,185,129,8,0,0,137,1,512
150784,150784,2048,0,1025,273,272,0,175,256,212,44,0,0,256,1,512
150784,150784,1024,0,513,136,136,0,84,185,128,8,0,0,136,1,512
150785,150784,2048,1,1025,272,271,0,176,256,216,40,0,0,256,1,512
150785,150784,1024,1,513,136,136,0,83,181,129,7,0,0,136,1,512
150912,150912,1024,0,513,135,135,0,78,186,127,8,0,0,135,1,512
150913,150912,1024,1,513,135,135,0,79,181,126,9,0,0,135,1,512
151040,151040,2048,0,1025,292,292,0,175,256,177,79,0,0,256,1,512
151040,151040,1024,0,513,141,141,0,79,183,127,14,0,0,141,1,512
151040,151040,4096,0,37,7,7,0,7,8,7,0,0,0,7,0,0
151041,151040,2048,1,1025,291,291,0,176,256,191,65,0,0,256,1,512
151041,151040,1024,1,513,141,141,0,80,179,127,14,0,0,141,1,512
151041,151040,4096,1,37,9,9,0,8,11,9,0,0,0,9,0,0
151168,151168,1024,0,513,144,144,0,91,191,136,8,0,0,144,1,512
151169,151168,1024,1,513,144,144,0,92,187,136,8,0,0,144,1,512
151296,151296,2048,0,1025,283,283,0,186,256,140,116,0,0,256,1,512
151296,151296,1024,0,513,138,138,0,84,190,132,6,0,0,138,1,512
151297,151296,2048,1,1025,280,280,0,185,256,157,99,0,0,256,1,512
151297,151296,1024,1,513,135,135,0,85,188,130,5,0,0,135,1,512
151424,151424,1024,0,513,134,134,0,84,191,130,4,0,0,134,1,512
151425,151424,1024,1,513,135,135,0,85,188,130,5,0,0,135,1,512
151552,151552,2048,0,1025,284,284,0,200,256,140,116,0,0,256,1,512
151552,151552,1024,0,513,144,144,0,85,180,133,11,0,0,144,1,512
151552,151552,4096,0,37,6,6,0,5,8,6,0,0,0,6,0,0
151553,151552,2048,1,1025,284,284,0,199,256,142,114,0,0,256,1,512
151553,151552,1024,1,513,145,145,0,87,179,135,10,0,0,145,1,512
151553,151552,4096,1,37,10,10,0,9,11,10,0,0,0,10,0,0
151680,151680,1024,0,513,141,140,0,93,186,133,8,0,0,141,1,512
151681,151680,1024,1,513,141,140,0,93,184,133,8,0,0,141,1,512
151808,151808,2048,0,1025,275,275,0,190,256,181,75,0,0,256,1,512
151808,151808,1024,0,513,139,138,0,87,185,133,6,0,0,139,1,512
151809,151808,2048,1,1025,274,274,0,191,256,181,75,0,0,256,1,512
151809,151808,1024,1,513,138,137,0,86,183,132,6,0,0,138,1,512
151936,151936,1024,0,513,145,144,0,87,186,138,7,0,0,145,1,512
151937,151936,1024,1,513,146,145,0,86,184,139,7,0,0,146,1,512
152064,152064,2048,0,1025,282,282,0,169,256,223,33,0,0,256,1,512
152064,152064,1024,0,513,139,138,0,93,185,132,7,0,0,139,1,512
152064,152064,4096,0,37,7,7,0,5,8,7,0,0,0,7,0,0
152065,152064,2048,1,1025,282,282,0,166,256,220,36,0,0,256,1,512
152065,152064,1024,1,513,139,138,0,94,184,131,8,0,0,139,1,512
152065,152064,4096,1,37,8,8,0,7,11,8,0,0,0,8,0,0
152192,152192,1024,0,513,146,145,0,92,183,138,8,0,0,146,1,512
152193,152192,1024,1,513,146,145,0,92,183,138,8,0,0,146,1,512
152320,152320,2048,0,1025,282,281,0,178,256,166,90,0,0,256,1,512
152320,152320,1024,0,513,140,139,0,90,185,136,4,0,0,140,1,512
152321,152320,2048,1,1025,281,280,0,178,256,169,87,0,0,256,1,512
152321,152320,1024,1,513,141,140,0,92,185,137,4,0,0,141,1,512
152448,152448,1024,0,513,131,131,0,82,181,129,2,0,0,131,1,512
152449,152448,1024,1,513,132,132,0,81,182,129,3,0,0,132,1,512
152576,152576,2048,0,1025,273,272,0,177,256,172,84,0,0,256,1,512
152576,152576,1024,0,513,140,140,0,81,176,130,10,0,0,140,1,512
152576,152576,4096,0,37,8,8,0,7,8,8,0,0,0,8,0,0
152577,152576,2048,1,1025,271,270,0,176,256,193,63,0,0,256,1,512
152577,152576,1024,1,513,140,140,0,78,177,129,11,0,0,140,1,512
152577,152576,4096,1,37,10,9,0,5,11,10,0,0,0,10,0,0
152704,152704,1024,0,513,142,142,0,94,183,131,11,0,0,142,1,512
152705,152704,1024,1,513,140,140,0,90,185,131,9,0,0,140,1,512
152832,152832,2048,0,1025,271,271,0,173,256,159,97,0,0,256,1,512
152832,152832,1024,0,513,132,132,0,93,183,128,4,0,0,132,1,512
152833,152832,2048,1,1025,268,268,0,172,256,169,87,0,0,256,1,512
152833,152832,1024,1,513,133,133,0,93,184,128,5,0,0,133,1,512
152960,152960,1024,0,513,141,141,0,83,176,131,10,0,0,141,1,512
152961,152960,1024,1,513,139,139,0,84,178,130,9,0,0,139,1,512
153088,153088,2048,0,1025,281,281,0,180,256,191,65,0,0,256,1,512
153088,153088,1024,0,513,139,139,0,89,178,130,9,0,0,139,1,512
153088,153088,4096,0,37,6,6,0,6,8,6,0,0,0,6,0,0
153089,153088,2048,1,1025,280,280,0,179,256,174,82,0,0,256,1,512
153089,153088,1024,1,513,139,139,0,89,178,130,9,0,0,139,1,512
153089,153088,4096,1,37,11,11,0,8,11,9,2,0,0,11,1,512
153216,153216,1024,0,513,143,143,0,86,181,134,9,0,0,143,1,512
153217,153216,1024,1,513,142,142,0,86,180,133,9,0,0,142,1,512
153344,153344,2048,0,1025,284,284,0,182,256,199,57,0,0,256,1,512
153344,153344,1024,0,513,137,137,0,82,187,133,4,0,0,137,1,512
153345,153344,2048,1,1025,285,285,0,182,256,188,68,0,0,256,1,512
153345,153344,1024,1,513,138,138,0,83,187,134,4,0,0,138,1,512
153472,153472,1024,0,513,146,146,0,98,185,139,7,0,0,146,1,512
153473,153472,1024,1,513,145,145,0,100,186,138,7,0,0,145,1,512
153600,153600,2048,0,1025,278,278,0,182,256,192,64,0,0,256,1,512
153600,153600,1024,0,513,148,148,0,94,183,140,8,0,0,148,1,512
153600,153600,4096,0,37,8,8,0,6,8,8,0,0,0,8,0,0
153601,153600,2048,1,1025,276,276,0,181,256,202,54,0,0,256,1,512
153601,153600,1024,1,513,147,147,0,92,184,140,7,0,0,147,1,512
153601,153600,4096,1,37,10,10,0,8,13,10,0,0,0,10,0,0
153728,153728,1024,0,513,142,142,0,89,183,136,6,0,0,142,1,512
153729,153728,1024,1,513,141,141,0,88,183,135,6,0,0,141,1,512
153856,153856,2048,0,1025,275,275,0,180,256,221,35,0,0,256,1,512
153856,153856,1024,0,513,143,143,0,94,183,132,11,0,0,143,1,512
153857,153856,2048,1,1025,275,275,0,179,256,219,37,0,0,256,1,512
153857,153856,1024,1,513,142,142,0,92,183,131,11,0,0,142,1,512
153984,153984,1024,0,513,149,149,0,85,189,142,7,0,0,149,1,512
153985,153984,1024,1,513,148,148,0,84,189,141,7,0,0,148,1,512
154112,154112,2048,0,1025,280,280,0,172,256,208,48,0,0,256,1,512
154112,154112,1024,0,513,146,146,0,102,191,141,5,0,0,146,1,512
154112,154112,4096,0,37,7,7,0,7,8,7,0,0,0,7,0,0
154113,154112,2048,1,1025,280,280,0,170,256,204,52,0,0,256,1,512
154113,154112,1024,1,513,146,146,0,104,190,141,5,0,0,146,1,512
154113,154112,4096,1,37,10,10,0,8,13,10,0,0,0,10,0,0
154240,154240,1024,0,513,129,129,0,86,191,127,2,0,0,129,1,512
154241,154240,1024,1,513,129,129,0,86,190,127,2,0,0,129,1,512
154368,154368,2048,0,1025,281,281,0,180,256,212,44,0,0,256,1,512
154368,154368,1024,0,513,139,138,0,93,182,128,11,0,0,139,1,512
154369,154368,2048,1,1025,279,279,0,178,256,219,37,0,0,256,1,512
154369,154368,1024,1,513,139,138,0,93,181,128,11,0,0,139,1,512
154496,154496,1024,0,513,139,138,0,94,184,135,4,0,0,139,1,512
154497,154496,1024,1,513,137,136,0,95,183,133,4,0,0,137,1,512
154624,154624,2048,0,1025,287,287,0,187,256,137,119,0,0,256,1,512
154624,154624,1024,0,513,144,144,0,87,180,129,15,0,0,144,1,512
154624,154624,4096,0,37,6,6,0,6,8,6,0,0,0,6,0,0
154625,154624,2048,1,1025,285,285,0,186,256,152,104,0,0,256,1,512
154625,154624,1024,1,513,143,143,0,86,180,129,14,0,0,143,1,512
154625,154624,4096,1,37,11,10,0,6,13,11,0,0,0,11,0,0
154752,154752,1024,0,513,146,146,0,88,182,140,6,0,0,146,1,512
154753,154752,1024,1,513,144,144,0,88,181,138,6,0,0,144,1,512
154880,154880,2048,0,1025,290,290,0,183,256,196,60,0,0,256,1,512
154880,154880,1024,0,513,141,141,0,97,185,130,11,0,0,141,1,512
154881,154880,2048,1,1025,289,289,0,181,256,198,58,0,0,256,1,512
154881,154880,1024,1,513,140,140,0,97,184,129,11,0,0,140,1,512
155008,155008,1024,0,513,137,137,0,77,189,128,9,0,0,137,1,512
155009,155008,1024,1,513,138,138,0,78,187,129,9,0,0,138,1,512
155136,155136,2048,0,1025,282,281,0,180,256,126,130,0,0,256,1,512
155136,155136,1024,0,513,139,138,0,80,191,128,11,0,0,139,1,512
155136,155136,4096,0,37,8,8,0,6,8,8,0,0,0,8,0,0
155137,155136,2048,1,1025,278,278,0,178,256,142,114,0,0,256,1,512
155137,155136,1024,1,513,138,137,0,80,189,127,11,0,0,138,1,512
155137,155136,4096,1,37,9,9,0,7,13,9,0,0,0,9,0,0
155264,155264,1024,0,513,145,144,0,99,196,136,9,0,0,145,1,512
155265,155264,1024,1,513,145,144,0,99,194,137,8,0,0,145,1,512
155392,155392,2048,0,1025,283,282,0,170,256,224,32,0,0,256,1,512
155392,155392,1024,0,513,147,146,0,89,195,142,5,0,0,147,1,512
155393,155392,2048,1,1025,281,281,0,167,256,221,35,0,0,256,1,512
155393,155392,1024,1,513,145,144,0,92,195,141,4,0,0,145,1,512
155520,155520,1024,0,513,150,149,0,91,185,140,10,0,0,150,1,512
155521,155520,1024,1,513,149,148,0,90,185,139,10,0,0,149,1,512
155648,155648,2048,0,1025,285,285,0,169,256,193,63,0,0,256,1,512
155648,155648,1024,0,513,146,145,0,106,187,135,11,0,0,146,1,512
155648,155648,4096,0,37,8,8,0,7,8,8,0,0,0,8,0,0
155649,155648,2048,1,1025,284,284,0,166,256,193,63,0,0,256,1,512
155649,155648,1024,1,513,143,142,0,103,187,134,9,0,0,143,1,512
155649,155648,4096,1,37,10,10,0,9,13,10,0,0,0,10,0,0
155776,155776,1024,0,513,141,141,0,92,192,130,11,0,0,141,1,512
155777,155776,1024,1,513,140,140,0,89,189,130,10,0,0,140,1,512
155904,155904,2048,0,1025,288,288,0,185,256,205,51,0,0,256,1,512
155904,155904,1024,0,513,140,140,0,86,196,134,6,0,0,140,1,512
155905,155904,2048,1,1025,286,286,0,183,256,203,53,0,0,256,1,512
155905,155904,1024,1,513,138,138,0,87,192,132,6,0,0,138,1,512
156032,156032,1024,0,513,138,138,0,89,194,133,5,0,0,138,1,512
156033,156032,1024,1,513,135,135,0,86,191,129,6,0,0,135,1,512
156160,156160,2048,0,1025,276,274,0,174,256,163,93,0,0,256,1,512
156160,156160,1024,0,513,142,142,0,100,191,138,4,0,0,142,1,512
156160,156160,4096,0,37,6,6,0,5,8,6,0,0,0,6,0,0
156161,156160,2048,1,1025,274,273,0,173,256,152,104,0,0,256,1,512
156161,156160,1024,1,513,141,141,0,97,189,137,4,0,0,141,1,512
156161,156160,4096,1,37,8,8,0,7,13,8,0,0,0,8,0,0
156288,156288,1024,0,513,146,146,0,86,189,135,11,0,0,146,1,512
156289,156288,1024,1,513,146,146,0,84,186,135,11,0,0,146,1,512
156416,156416,2048,0,1025,277,277,0,180,256,184,72,0,0,256,1,512
156416,156416,1024,0,513,141,141,0,89,189,133,8,0,0,141,1,512
156417,156416,2048,1,1025,274,274,0,175,256,204,52,0,0,256,1,512
156417,156416,1024,1,513,139,139,0,90,187,131,8,0,0,139,1,512
156544,156544,1024,0,513,141,140,0,86,187,134,7,0,0,141,1,512
156545,156544,1024,1,513,140,139,0,86,185,134,6,0,0,140,1,512
156672,156672,2048,0,1025,283,283,0,186,256,168,88,0,0,256,1,512
156672,156672,1024,0,513,139,138,0,88,190,129,10,0,0,139,1,512
156672,156672,4096,0,37,7,7,0,5,8,7,0,0,0,7,0,0
156673,156672,2048,1,1025,281,281,0,181,256,180,76,0,0,256,1,512
156673,156672,1024,1,513,138,137,0,88,187,128,10,0,0,138,1,512
156673,156672,4096,1,37,9,9,0,5,13,9,0,0,0,9,0,0
156800,156800,1024,0,513,145,144,0,87,191,140,5,0,0,145,1,512
156801,156800,1024,1,513,143,142,0,91,188,139,4,0,0,143,1,512
156928,156928,2048,0,1025,285,284,0,193,256,219,37,0,0,256,1,512
156928,156928,1024,0,513,144,144,0,86,186,135,9,0,0,144,1,512
156929,156928,2048,1,1025,282,282,0,192,256,218,38,0,0,256,1,512
156929,156928,1024,1,513,143,143,0,85,183,134,9,0,0,143,1,512
157056,157056,1024,0,513,135,135,0,89,186,127,8,0,0,135,1,512
157057,157056,1024,1,513,134,134,0,87,182,126,8,0,0,134,1,512
157184,157184,2048,0,1025,285,285,0,189,256,221,35,0,0,256,1,512
157184,157184,1024,0,513,139,139,0,96,191,132,7,0,0,139,1,512
157184,157184,4096,0,37,7,7,0,7,8,7,0,0,0,7,0,0
157185,157184,2048,1,1025,283,283,0,186,256,218,38,0,0,256,1,512
157185,157184,1024,1,513,138,138,0,95,188,131,7,0,0,138,1,512
157185,157184,4096,1,37,10,10,0,8,11,9,1,0,0,10,1,512
157312,157312,1024,0,513,135,134,0,86,187,128,7,0,0,135,1,512
157313,157312,1024,1,513,136,135,0,87,184,129,7,0,0,136,1,512
157440,157440,2048,0,1025,291,291,0,204,256,199,57,0,0,256,1,512
157440,157440,1024,0,513,135,134,0,81,181,127,8,0,0,135,1,512
157441,157440,2048,1,1025,289,289,0,201,256,193,63,0,0,256,1,512
157441,157440,1024,1,513,133,132,0,81,179,125,8,0,0,133,1,512
157568,157568,1024,0,513,146,145,0,92,175,133,13,0,0,146,1,512
157569,157568,1024,1,513,144,143,0,90,173,132,12,0,0,144,1,512
157696,157696,2048,0,1025,278,278,0,186,256,171,85,0,0,256,1,512
157696,157696,1024,0,513,142,141,0,94,184,136,6,0,0,142,1,512
157696,157696,4096,0,37,6,6,0,6,8,6,0,0,0,6,0,0
157697,157696,2048,1,1025,277,277,0,184,256,170,86,0,0,256,1,512
157697,157696,1024,1,513,141,140,0,94,182,135,6,0,0,141,1,512
157697,157696,4096,1,37,8,8,0,5,12,8,0,0,0,8,0,0
157824,157824,1024,0,513,141,140,0,82,183,133,8,0,0,141,1,512
157825,157824,1024,1,513,141,140,0,82,181,132,9,0,0,141,1,512
157952,157952,2048,0,1025,277,277,0,169,256,152,104,0,0,256,1,512
157952,157952,1024,0,513,139,138,0,94,184,126,13,0,0,139,1,512
157953,157952,2048,1,1025,276,276,0,169,256,144,112,0,0,256,1,512
157953,157952,1024,1,513,139,138,0,92,184,126,13,0,0,139,1,512
158080,158080,1024,0,513,141,140,0,84,189,136,5,0,0,141,1,512
158081,158080,1024,1,513,140,139,0,83,189,135,5,0,0,140,1,512
158208,158208,2048,0,1025,274,273,0,176,256,160,96,0,0,256,1,512
158208,158208,1024,0,513,143,142,0,82,190,138,5,0,0,143,1,512
158208,158208,4096,0,37,7,7,0,5,8,7,0,0,0,7,0,0
158209,158208,2048,1,1025,271,270,0,175,256,169,87,0,0,256,1,512
158209,158208,1024,1,513,144,143,0,84,190,139,5,0,0,144,1,512
158209,158208,4096,1,37,9,9,0,8,12,9,0,0,0,9,0,0
158336,158336,1024,0,513,136,136,0,84,183,129,7,0,0,136,1,512
158337,158336,1024,1,513,133,133,0,85,185,127,6,0,0,133,1,512
158464,158464,2048,0,1025,279,278,0,164,256,225,31,0,0,256,1,512
158464,158464,1024,0,513,137,137,0,88,181,131,6,0,0,137,1,512
158465,158464,2048,1,1025,278,277,0,160,256,196,60,0,0,256,1,512
158465,158464,1024,1,513,137,137,0,87,182,131,6,0,0,137,1,512
158592,158592,1024,0,513,143,143,0,80,182,136,7,0,0,143,1,512
158593,158592,1024,1,513,142,142,0,82,181,135,7,0,0,142,1,512
158720,158720,2048,0,1025,276,275,0,176,256,141,115,0,0,256,1,512
158720,158720,1024,0,513,149,149,0,91,186,139,10,0,0,149,1,512
158720,158720,4096,0,37,7,7,0,7,7,7,0,0,0,7,0,0
158721,158720,2048,1,1025,275,274,0,177,256,142,114,0,0,256,1,512
158721,158720,1024,1,513,147,147,0,88,185,137,10,0,0,147,1,512
158721,158720,4096,1,37,9,9,0,8,12,9,0,0,0,9,0,0
158848,158848,1024,0,513,145,145,0,100,189,139,6,0,0,145,1,512
158849,158848,1024,1,513,144,144,0,100,187,137,7,0,0,144,1,512
158976,158976,2048,0,1025,288,287,0,183,256,190,66,0,0,256,1,512
158976,158976,1024,0,513,145,144,0,95,190,138,7,0,0,145,1,512
158977,158976,2048,1,1025,286,285,0,182,256,213,43,0,0,256,1,512
158977,158976,1024,1,513,145,144,0,96,189,139,6,0,0,145,1,512
159104,159104,1024,0,513,137,137,0,89,190,129,8,0,0,137,1,512
159105,159104,1024,1,513,136,136,0,89,188,129,7,0,0,136,1,512
159232,159232,2048,0,1025,282,281,0,167,256,129,127,0,0,256,1,512
159232,159232,1024,0,513,144,144,0,84,191,135,9,0,0,144,1,512
159232,159232,4096,0,37,7,6,0,6,7,6,1,0,0,7,1,512
159233,159232,2048,1,1025,280,279,0,167,256,124,132,0,0,256,1,512
159233,159232,1024,1,513,144,144,0,85,188,135,9,0,0,144,1,512
159233,159232,4096,1,37,10,10,0,8,12,9,1,0,0,10,1,512
159360,159360,1024,0,513,145,145,0,88,194,132,13,0,0,145,1,512
159361,159360,1024,1,513,145,145,0,90,192,133,12,0,0,145,1,512
159488,159488,2048,0,1025,282,281,0,176,256,164,92,0,0,256,1,512
159488,159488,1024,0,513,143,143,0,92,199,137,6,0,0,143,1,512
159489,159488,2048,1,1025,280,279,0,175,256,181,75,0,0,256,1,512
159489,159488,1024,1,513,138,138,0,91,196,135,3,0,0,138,1,512
159616,159616,1024,0,513,148,147,0,85,191,138,10,0,0,148,1,512
159617,159616,1024,1,513,146,145,0,84,187,136,10,0,0,146,1,512
159744,159744,2048,0,1025,287,287,0,181,256,154,102,0,0,256,1,512
159744,159744,1024,0,513,145,144,0,96,192,141,4,0,0,145,1,512
159744,159744,4096,0,37,8,7,0,6,8,8,0,0,0,8,0,0
159745,159744,2048,1,1025,288,288,0,179,256,131,125,0,0,256,1,512
159745,159744,1024,1,513,144,143,0,94,188,141,3,0,0,144,1,512
159745,159744,4096,1,37,10,9,0,8,12,10,0,0,0,10,0,0
159872,159872,1024,0,513,141,141,0,84,189,132,9,0,0,141,1,512
159873,159872,1024,1,513,138,138,0,81,184,129,9,0,0,138,1,512
160000,160000,2048,0,1025,276,276,0,169,256,200,56,0,0,256,1,512
160000,160000,1024,0,513,147,146,0,95,194,140,7,0,0,147,1,512
160001,160000,2048,1,1025,275,275,0,170,256,202,54,0,0,256,1,512
160001,160000,1024,1,513,145,144,0,95,189,137,8,0,0,145,1,512
160128,160128,1024,0,513,140,139,0,88,196,133,7,0,0,140,1,512
160129,160128,1024,1,513,136,135,0,85,193,129,7,0,0,136,1,512
160256,160256,2048,0,1025,277,276,0,162,256,152,104,0,0,256,1,512
160256,160256,1024,0,513,137,136,0,96,195,132,5,0,0,137,1,512
160256,160256,4096,0,37,8,7,0,6,8,8,0,0,0,8,0,0
160257,160256,2048,1,1025,276,275,0,159,256,152,104,0,0,256,1,512
160257,160256,1024,1,513,136,135,0,92,192,131,5,0,0,136,1,512
160257,160256,4096,1,37,11,10,0,8,12,11,0,0,0,11,0,0
160384,160384,1024,0,513,141,140,0,94,193,132,9,0,0,141,1,512
160385,160384,1024,1,513,139,138,0,92,188,130,9,0,0,139,1,512
160512,160512,2048,0,1025,285,284,0,181,256,221,35,0,0,256,1,512
160512,160512,1024,0,513,139,138,0,90,189,135,4,0,0,139,1,512
160513,160512,2048,1,1025,286,285,0,181,256,217,39,0,0,256,1,512
160513,160512,1024,1,513,138,137,0,91,186,134,4,0,0,138,1,512
160640,160640,1024,0,513,140,139,0,83,180,129,11,0,0,140,1,512
160641,160640,1024,1,513,138,137,0,83,179,128,10,0,0,138,1,512
160768,160768,2048,0,1025,272,271,0,183,256,201,55,0,0,256,1,512
160768,160768,1024,0,513,140,139,0,87,182,135,5,0,0,140,1,512
160768,160768,4096,0,37,7,7,0,5,8,7,0,0,0,7,0,0
160769,160768,2048,1,1025,273,272,0,185,256,189,67,0,0,256,1,512
160769,160768,1024,1,513,140,139,0,87,180,134,6,0,0,140,1,512
160769,160768,4096,1,37,9,8,0,6,12,9,0,0,0,9,0,0
160896,160896,1024,0,513,146,145,0,95,180,136,10,0,0,146,1,512
160897,160896,1024,1,513,144,143,0,94,179,135,9,0,0,144,1,512
161024,161024,2048,0,1025,283,282,0,169,256,159,97,0,0,256,1,512
161024,161024,1024,0,513,145,144,0,95,186,139,6,0,0,145,1,512
161025,161024,2048,1,1025,280,279,0,166,256,176,80,0,0,256,1,512
161025,161024,1024,1,513,145,144,0,94,183,138,7,0,0,145,1,512
161152,161152,1024,0,513,145,144,0,86,182,133,12,0,0,145,1,512
161153,161152,1024,1,513,144,143,0,87,180,132,12,0,0,144,1,512
161280,161280,2048,0,1025,278,277,0,176,256,218,38,0,0,256,1,512
161280,161280,1024,0,513,144,143,0,81,187,134,10,0,0,144,1,512
161280,161280,4096,0,37,7,6,0,5,8,7,0,0,0,7,0,0
161281,161280,2048,1,1025,275,274,0,175,256,222,34,0,0,256,1,512
161281,161280,1024,1,513,143,142,0,81,186,134,9,0,0,143,1,512
161281,161280,4096,1,37,11,10,0,6,12,11,0,0,0,11,0,0
161408,161408,1024,0,513,154,154,0,93,192,142,12,0,0,154,1,512
161409,161408,1024,1,513,149,149,0,88,190,137,12,0,0,149,1,512
161536,161536,2048,0,1025,279,278,0,179,256,213,43,0,0,256,1,512
161536,161536,1024,0,513,141,141,0,81,196,137,4,0,0,141,1,512
161537,161536,2048,1,1025,279,278,0,178,256,194,62,0,0,256,1,512
161537,161536,1024,1,513,140,140,0,80,195,136,4,0,0,140,1,512
161664,161664,1024,0,513,139,139,0,96,193,134,5,0,0,139,1,512
161665,161664,1024,1,513,141,141,0,97,192,136,5,0,0,141,1,512
161792,161792,2048,0,1025,293,293,0,183,256,151,105,0,0,256,1,512
161792,161792,1024,0,513,145,144,0,87,188,136,9,0,0,145,1,512
161792,161792,4096,0,37,8,7,0,6,8,8,0,0,0,8,0,0
161793,161792,2048,1,1025,291,291,0,181,256,163,93,0,0,256,1,512
161793,161792,1024,1,513,144,143,0,88,188,136,8,0,0,144,1,512
161793,161792,4096,1,37,10,9,0,8,12,9,1,0,0,10,1,512
161920,161920,1024,0,513,142,141,0,94,192,135,7,0,0,142,1,512
161921,161920,1024,1,513,141,140,0,94,191,134,7,0,0,141,1,512
162048,162048,2048,0,1025,289,289,0,166,256,179,77,0,0,256,1,512
162048,162048,1024,0,513,137,137,0,92,186,130,7,0,0,137,1,512
162049,162048,2048,1,1025,289,289,0,165,256,136,120,0,0,256,1,512
162049,162048,1024,1,513,135,135,0,88,185,128,7,0,0,135,1,512
162176,162176,1024,0,513,138,138,0,89,184,132,6,0,0,138,1,512
162177,162176,1024,1,513,137,137,0,88,184,131,6,0,0,137,1,512
162304,162304,2048,0,1025,278,278,0,190,256,163,93,0,0,256,1,512
162304,162304,1024,0,513,139,139,0,82,181,134,5,0,0,139,1,512
162304,162304,4096,0,37,8,7,0,6,8,7,1,0,0,8,1,512
162305,162304,2048,1,1025,277,277,0,189,256,173,83,0,0,256,1,512
162305,162304,1024,1,513,136,136,0,81,182,132,4,0,0,136,1,512
162305,162304,4096,1,37,10,9,0,6,13,10,0,0,0,10,0,0
162432,162432,1024,0,513,139,139,0,78,180,134,5,0,0,139,1,512
162433,162432,1024,1,513,136,136,0,74,180,132,4,0,0,136,1,512
162560,162560,2048,0,1025,285,285,0,177,256,201,55,0,0,256,1,512
162560,162560,1024,0,513,139,139,0,89,178,132,7,0,0,139,1,512
162561,162560,2048,1,1025,284,284,0,176,256,190,66,0,0,256,1,512
162561,162560,1024,1,513,137,137,0,86,176,131,6,0,0,137,1,512
162688,162688,1024,0,513,137,137,0,87,178,129,8,0,0,137,1,512
162689,162688,1024,1,513,136,136,0,87,176,129,7,0,0,136,1,512
162816,162816,2048,0,1025,288,288,0,178,256,211,45,0,0,256,1,512
162816,162816,1024,0,513,142,142,0,82,178,130,12,0,0,142,1,512
162816,162816,4096,0,37,7,6,0,5,9,7,0,0,0,7,0,0
162817,162816,2048,1,1025,287,287,0,176,256,214,42,0,0,256,1,512
162817,162816,1024,1,513,139,139,0,79,175,127,12,0,0,139,1,512
162817,162816,4096,1,37,8,7,0,5,12,8,0,0,0,8,0,0
162944,162944,1024,0,513,146,146,0,101,184,140,6,0,0,146,1,512
162945,162944,1024,1,513,144,144,0,100,180,138,6,0,0,144,1,512
163072,163072,2048,0,1025,277,276,0,176,256,177,79,0,0,256,1,512
163072,163072,1024,0,513,133,133,0,91,181,128,5,0,0,133,1,512
163073,163072,2048,1,1025,276,276,0,175,256,180,76,0,0,256,1,512
163073,163072,1024,1,513,131,131,0,90,178,126,5,0,0,131,1,512
163200,163200,1024,0,513,142,142,0,84,177,130,12,0,0,142,1,512
163201,163200,1024,1,513,141,141,0,81,175,129,12,0,0,141,1,512
163328,163328,2048,0,1025,283,282,0,188,256,148,108,0,0,256,1,512
163328,163328,1024,0,513,150,149,0,96,181,138,12,0,0,150,1,512
163328,163328,4096,0,37,7,6,0,6,9,7,0,0,0,7,0,0
163329,163328,2048,1,1025,280,279,0,186,256,205,51,0,0,256,1,512
163329,163328,1024,1,513,150,149,0,96,178,137,13,0,0,150,1,512
163329,163328,4096,1,37,10,9,0,6,12,10,0,0,0,10,0,0
163456,163456,1024,0,513,143,142,0,90,187,137,6,0,0,143,1,512
163457,163456,1024,1,513,142,141,0,89,185,136,6,0,0,142,1,512
163584,163584,2048,0,1025,281,280,0,176,256,196,60,0,0,256,1,512
163584,163584,1024,0,513,142,141,0,86,188,136,6,0,0,142,1,512
163585,163584,2048,1,1025,279,278,0,176,256,183,73,0,0,256,1,512
163585,163584,1024,1,513,140,139,0,86,188,135,5,0,0,140,1,512
163712,163712,1024,0,513,140,139,0,86,187,133,7,0,0,140,1,512
163713,163712,1024,1,513,138,137,0,88,186,131,7,0,0,138,1,512
163840,163840,2048,0,1025,285,284,0,185,256,181,75,0,0,256,1,512
163840,163840,1024,0,513,147,146,0,82,186,137,10,0,0,147,1,512
163840,163840,4096,0,37,7,6,0,5,9,7,0,0,0,7,0,0
163841,163840,2048,1,1025,283,282,0,183,256,179,77,0,0,256,1,512
163841,163840,1024,1,513,145,144,0,81,185,135,10,0,0,145,1,512
163841,163840,4096,1,37,8,7,0,6,12,8,0,0,0,8,0,0
163968,163968,1024,0,513,141,140,0,93,188,134,7,0,0,141,1,512
163969,163968,1024,1,513,140,139,0,93,187,132,8,0,0,140,1,512
164096,164096,2048,0,1025,283,281,0,170,256,170,86,0,0,256,1,512
164096,164096,1024,0,513,135,134,0,70,186,129,6,0,0,135,1,512
164097,164096,2048,1,1025,280,279,0,169,256,176,80,0,0,256,1,512
164097,164096,1024,1,513,136,135,0,72,186,130,6,0,0,136,1,512
164224,164224,1024,0,513,147,146,0,96,186,137,10,0,0,147,1,512
164225,164224,1024,1,513,146,145,0,96,186,136,10,0,0,146,1,512
164352,164352,2048,0,1025,282,281,0,167,256,212,44,0,0,256,1,512
164352,164352,1024,0,513,146,145,0,89,191,136,10,0,0,146,1,512
164352,164352,4096,0,37,8,7,0,6,9,8,0,0,0,8,0,0
164353,164352,2048,1,1025,280,279,0,167,256,213,43,0,0,256,1,512
164353,164352,1024,1,513,142,141,0,88,190,134,8,0,0,142,1,512
164353,164352,4096,1,37,9,8,0,6,12,9,0,0,0,9,0,0
164480,164480,1024,0,513,134,133,0,86,186,131,3,0,0,134,1,512
164481,164480,1024,1,513,133,132,0,83,184,129,4,0,0,133,1,512
164608,164608,2048,0,1025,282,281,0,186,256,207,49,0,0,256,1,512
164608,164608,1024,0,513,140,139,0,101,181,136,4,0,0,140,1,512
164609,164608,2048,1,1025,282,281,0,185,256,184,72,0,0,256,1,512
164609,164608,1024,1,513,140,139,0,101,180,136,4,0,0,140,1,512
164736,164736,1024,0,513,142,142,0,86,182,137,5,0,0,142,1,512
164737,164736,1024,1,513,140,140,0,84,182,135,5,0,0,140,1,512
164864,164864,2048,0,1025,281,279,0,167,256,182,74,0,0,256,1,512
164864,164864,1024,0,513,148,148,0,94,179,139,9,0,0,148,1,512
164864,164864,4096,0,37,8,7,0,6,8,8,0,0,0,8,0,0
164865,164864,2048,1,1025,278,277,0,166,256,192,64,0,0,256,1,512
164865,164864,1024,1,513,145,145,0,91,179,136,9,0,0,145,1,512
164865,164864,4096,1,37,10,9,0,8,10,9,1,0,0,10,1,512
164992,164992,1024,0,513,146,146,0,99,177,142,4,0,0,146,1,512
164993,164992,1024,1,513,145,145,0,95,177,141,4,0,0,145,1,512
165120,165120,2048,0,1025,278,277,0,179,256,178,78,0,0,256,1,512
165120,165120,1024,0,513,145,145,0,84,177,135,10,0,0,145,1,512
165121,165120,2048,1,1025,276,275,0,178,256,194,62,0,0,256,1,512
165121,165120,1024,1,513,145,145,0,84,177,135,10,0,0,145,1,512
165248,165248,1024,0,513,139,138,0,89,180,134,5,0,0,139,1,512
165249,165248,1024,1,513,138,137,0,87,181,133,5,0,0,138,1,512
165376,165376,2048,0,1025,275,275,0,179,256,222,34,0,0,256,1,512
165376,165376,1024,0,513,138,138,0,78,182,131,7,0,0,138,1,512
165376,165376,4096,0,37,7,6,0,5,8,7,0,0,0,7,0,0
165377,165376,2048,1,1025,272,272,0,178,256,221,35,0,0,256,1,512
165377,165376,1024,1,513,136,136,0,78,182,128,8,0,0,136,1,512
165377,165376,4096,1,37,10,9,0,8,11,10,0,0,0,10,0,0
165504,165504,1024,0,513,135,135,0,93,183,127,8,0,0,135,1,512
165505,165504,1024,1,513,133,133,0,88,184,126,7,0,0,133,1,512
165632,165632,2048,0,1025,277,277,0,175,256,206,50,0,0,256,1,512
165632,165632,1024,0,513,136,136,0,83,184,129,7,0,0,136,1,512
165633,165632,2048,1,1025,277,277,0,172,256,203,53,0,0,256,1,512
165633,165632,1024,1,513,134,134,0,83,183,129,5,0,0,134,1,512
165760,165760,1024,0,513,139,139,0,82,185,135,4,0,0,139,1,512
165761,165760,1024,1,513,138,138,0,81,183,134,4,0,0,138,1,512
165888,165888,2048,0,1025,280,280,0,170,256,179,77,0,0,256,1,512
165888,165888,1024,0,513,143,143,0,93,176,134,9,0,0,143,1,512
165888,165888,4096,0,37,7,6,0,5,8,7,0,0,0,7,0,0
165889,165888,2048,1,1025,279,279,0,169,256,171,85,0,0,256,1,512
165889,165888,1024,1,513,140,140,0,93,173,131,9,0,0,140,1,512
165889,165888,4096,1,37,9,9,0,7,10,8,1,0,0,9,1,512
166016,166016,1024,0,513,136,136,0,79,177,129,7,0,0,136,1,512
166017,166016,1024,1,513,137,137,0,79,174,130,7,0,0,137,1,512
166144,166144,2048,0,1025,291,291,0,185,256,82,174,0,0,256,1,512
166144,166144,1024,0,513,136,136,0,83,180,129,7,0,0,136,1,512
166145,166144,2048,1,1025,291,291,0,181,256,56,200,0,0,256,1,512
166145,166144,1024,1,513,134,134,0,82,176,127,7,0,0,134,1,512
166272,166272,1024,0,513,135,135,0,88,183,127,8,0,0,135,1,512
166273,166272,1024,1,513,133,133,0,86,179,126,7,0,0,133,1,512
166400,166400,2048,0,1025,285,284,0,183,256,221,35,0,0,256,1,512
166400,166400,1024,0,513,133,133,0,82,188,125,8,0,0,133,1,512
166400,166400,4096,0,37,7,7,0,6,8,6,1,0,0,7,1,512
166401,166400,2048,1,1025,284,283,0,185,256,221,35,0,0,256,1,512
166401,166400,1024,1,513,132,132,0,81,184,125,7,0,0,132,1,512
166401,166400,4096,1,37,10,9,0,5,11,9,1,0,0,10,1,512
166528,166528,1024,0,513,142,142,0,87,189,134,8,0,0,142,1,512
166529,166528,1024,1,513,140,140,0,87,185,133,7,0,0,140,1,512
166656,166656,2048,0,1025,290,290,0,194,256,203,53,0,0,256,1,512
166656,166656,1024,0,513,140,140,0,95,184,135,5,0,0,140,1,512
166657,166656,2048,1,1025,290,290,0,195,256,204,52,0,0,256,1,512
166657,166656,1024,1,513,137,137,0,94,179,131,6,0,0,137,1,512
166784,166784,1024,0,513,137,136,0,81,179,130,7,0,0,137,1,512
166785,166784,1024,1,513,136,135,0,80,176,128,8,0,0,136,1,512
166912,166912,2048,0,1025,286,286,0,186,256,215,41,0,0,256,1,512
166912,166912,1024,0,513,142,142,0,88,179,130,12,0,0,142,1,512
166912,166912,4096,0,37,8,7,0,6,9,8,0,0,0,8,0,0
166913,166912,2048,1,1025,285,285,0,187,256,214,42,0,0,256,1,512
166913,166912,1024,1,513,142,142,0,85,178,128,14,0,0,142,1,512
166913,166912,4096,1,37,9,8,0,8,12,9,0,0,0,9,0,0
167040,167040,1024,0,513,132,132,0,80,186,126,6,0,0,132,1,512
167041,167040,1024,1,513,132,132,0,81,187,126,6,0,0,132,1,512
167168,167168,2048,0,1025,284,283,0,169,256,167,89,0,0,256,1,512
167168,167168,1024,0,513,139,139,0,84,185,131,8,0,0,139,1,512
167169,167168,2048,1,1025,279,279,0,167,256,175,81,0,0,256,1,512
167169,167168,1024,1,513,138,138,0,84,185,130,8,0,0,138,1,512
167296,167296,1024,0,513,148,148,0,96,182,135,13,0,0,148,1,512
167297,167296,1024,1,513,145,145,0,94,183,134,11,0,0,145,1,512
167424,167424,2048,0,1025,274,274,0,169,256,183,73,0,0,256,1,512
167424,167424,1024,0,513,143,142,0,90,189,134,9,0,0,143,1,512
167424,167424,4096,0,37,6,6,0,5,9,6,0,0,0,6,0,0
167425,167424,2048,1,1025,272,272,0,165,256,176,80,0,0,256,1,512
167425,167424,1024,1,513,142,141,0,91,188,133,9,0,0,142,1,512
167425,167424,4096,1,37,10,9,0,7,12,10,0,0,0,10,0,0
167552,167552,1024,0,513,139,138,0,93,182,131,8,0,0,139,1,512
167553,167552,1024,1,513,139,138,0,93,181,131,8,0,0,139,1,512
167680,167680,2048,0,1025,284,283,0,172,256,82,174,0,0,256,1,512
167680,167680,1024,0,513,150,149,0,87,185,138,12,0,0,150,1,512
167681,167680,2048,1,1025,282,282,0,170,256,95,161,0,0,256,1,512
167681,167680,1024,1,513,150,149,0,87,184,138,12,0,0,150,1,512
167808,167808,1024,0,513,147,146,0,106,191,141,6,0,0,147,1,512
167809,167808,1024,1,513,146,145,0,105,189,140,6,0,0,146,1,512
167936,167936,2048,0,1025,284,283,0,172,256,214,42,0,0,256,1,512
167936,167936,1024,0,513,148,147,0,101,189,138,10,0,0,148,1,512
167936,167936,4096,0,37,8,8,0,6,9,8,0,0,0,8,0,0
167937,167936,2048,1,1025,281,280,0,172,256,218,38,0,0,256,1,512
167937,167936,1024,1,513,149,148,0,100,187,138,11,0,0,149,1,512
167937,167936,4096,1,37,8,7,0,5,12,8,0,0,0,8,0,0
168064,168064,1024,0,513,140,139,0,87,191,133,7,0,0,140,1,512
168065,168064,1024,1,513,140,139,0,82,191,133,7,0,0,140,1,512
168192,168192,2048,0,1025,275,274,0,186,256,211,45,0,0,256,1,512
168192,168192,1024,0,513,139,139,0,81,188,130,9,0,0,139,1,512
168193,168192,2048,1,1025,275,274,0,182,256,190,66,0,0,256,1,512
168193,168192,1024,1,513,141,141,0,82,189,131,10,0,0,141,1,512
168320,168320,1024,0,513,147,147,0,85,189,135,12,0,0,147,1,512
168321,168320,1024,1,513,145,145,0,86,192,135,10,0,0,145,1,512
168448,168448,2048,0,1025,281,280,0,192,256,175,81,0,0,256,1,512
168448,168448,1024,0,513,144,144,0,94,192,138,6,0,0,144,1,512
168448,168448,4096,0,37,7,6,0,6,9,7,0,0,0,7,0,0
168449,168448,2048,1,1025,278,277,0,190,256,188,68,0,0,256,1,512
168449,168448,1024,1,513,142,142,0,89,194,137,5,0,0,142,1,512
168449,168448,4096,1,37,10,9,0,6,12,9,1,0,0,10,1,512
168576,168576,1024,0,513,140,140,0,86,188,131,9,0,0,140,1,512
168577,168576,1024,1,513,137,137,0,86,187,129,8,0,0,137,1,512
168704,168704,2048,0,1025,285,285,0,174,256,211,45,0,0,256,1,512
168704,168704,1024,0,513,145,145,0,92,189,134,11,0,0,145,1,512
168705,168704,2048,1,1025,284,284,0,173,256,180,76,0,0,256,1,512
168705,168704,1024,1,513,142,142,0,91,186,132,10,0,0,142,1,512
168832,168832,1024,0,513,139,139,0,92,193,135,4,0,0,139,1,512
168833,168832,1024,1,513,138,138,0,90,189,134,4,0,0,138,1,512
168960,168960,2048,0,1025,290,290,0,190,256,154,102,0,0,256,1,512
168960,168960,1024,0,513,140,140,0,82,191,133,7,0,0,140,1,512
168960,168960,4096,0,37,7,7,0,5,9,7,0,0,0,7,0,0
168961,168960,2048,1,1025,287,287,0,188,256,164,92,0,0,256,1,512
168961,168960,1024,1,513,139,139,0,83,187,132,7,0,0,139,1,512
168961,168960,4096,1,37,10,10,0,7,12,10,0,0,0,10,0,0
169088,169088,1024,0,513,144,143,0,88,188,138,6,0,0,144,1,512
169089,169088,1024,1,513,143,142,0,91,184,137,6,0,0,143,1,512
169216,169216,2048,0,1025,280,279,0,174,256,216,40,0,0,256,1,512
169216,169216,1024,0,513,147,146,0,83,188,136,11,0,0,147,1,512
169217,169216,2048,1,1025,278,278,0,172,256,213,43,0,0,256,1,512
169217,169216,1024,1,513,148,147,0,80,183,137,11,0,0,148,1,512
169344,169344,1024,0,513,142,142,0,89,192,134,8,0,0,142,1,512
169345,169344,1024,1,513,141,141,0,89,188,133,8,0,0,141,1,512
169472,169472,2048,0,1025,282,282,0,175,256,205,51,0,0,256,1,512
169472,169472,1024,0,513,139,139,0,87,193,133,6,0,0,139,1,512
169472,169472,4096,0,37,7,7,0,6,9,7,0,0,0,7,0,0
169473,169472,2048,1,1025,279,279,0,174,256,206,50,0,0,256,1,512
169473,169472,1024,1,513,138,138,0,87,191,132,6,0,0,138,1,512
169473,169472,4096,1,37,9,9,0,8,12,8,1,0,0,9,1,512
169600,169600,1024,0,513,145,145,0,95,192,139,6,0,0,145,1,512
169601,169600,1024,1,513,144,144,0,93,191,139,5,0,0,144,1,512
169728,169728,2048,0,1025,283,283,0,186,256,184,72,0,0,256,1,512
169728,169728,1024,0,513,141,141,0,94,189,131,10,0,0,141,1,512
169729,169728,2048,1,1025,283,283,0,186,256,164,92,0,0,256,1,512
169729,169728,1024,1,513,139,139,0,95,187,130,9,0,0,139,1,512
169856,169856,1024,0,513,140,139,0,89,185,131,9,0,0,140,1,512
169857,169856,1024,1,513,140,139,0,87,182,130,10,0,0,140,1,512
169984,169984,2048,0,1025,286,286,0,181,256,189,67,0,0,256,1,512
169984,169984,1024,0,513,141,140,0,86,186,135,6,0,0,141,1,512
169984,169984,4096,0,37,7,7,0,6,9,7,0,0,0,7,0,0
169985,169984,2048,1,1025,283,283,0,179,256,196,60,0,0,256,1,512
169985,169984,1024,1,513,140,139,0,86,184,134,6,0,0,140,1,512
169985,169984,4096,1,37,10,10,0,9,13,10,0,0,0,10,0,0
170112,170112,1024,0,513,141,141,0,86,187,132,9,0,0,141,1,512
170113,170112,1024,1,513,140,140,0,85,185,131,9,0,0,140,1,512
170240,170240,2048,0,1025,277,277,0,175,256,132,124,0,0,256,1,512
170240,170240,1024,0,513,139,139,0,87,189,129,10,0,0,139,1,512
170241,170240,2048,1,1025,275,275,0,174,256,124,132,0,0,256,1,512
170241,170240,1024,1,513,137,137,0,83,187,127,10,0,0,137,1,512
170368,170368,1024,0,513,138,138,0,80,193,132,6,0,0,138,1,512
170369,170368,1024,1,513,136,136,0,81,191,130,6,0,0,136,1,512
170496,170496,2048,0,1025,280,280,0,177,256,197,59,0,0,256,1,512
170496,170496,1024,0,513,142,141,0,102,189,129,13,0,0,142,1,512
170496,170496,4096,0,37,7,7,0,6,9,7,0,0,0,7,0,0
170497,170496,2048,1,1025,281,281,0,177,256,180,76,0,0,256,1,512
170497,170496,1024,1,513,140,139,0,100,186,129,11,0,0,140,1,512
170497,170496,4096,1,37,10,10,0,9,13,10,0,0,0,10,0,0
170624,170624,1024,0,513,137,136,0,85,195,132,5,0,0,137,1,512
170625,170624,1024,1,513,137,136,0,85,192,132,5,0,0,137,1,512
170752,170752,2048,0,1025,279,279,0,177,256,212,44,0,0,256,1,512
170752,170752,1024,0,513,140,139,0,91,192,135,5,0,0,140,1,512
170753,170752,2048,1,1025,279,279,0,177,256,215,41,0,0,256,1,512
170753,170752,1024,1,513,137,136,0,90,189,132,5,0,0,137,1,512
170880,170880,1024,0,513,142,141,0,88,185,131,11,0,0,142,1,512
170881,170880,1024,1,513,140,139,0,86,182,129,11,0,0,140,1,512
171008,171008,2048,0,1025,275,275,0,177,256,190,66,0,0,256,1,512
171008,171008,1024,0,513,146,145,0,96,187,140,6,0,0,146,1,512
171008,171008,4096,0,37,7,7,0,7,8,7,0,0,0,7,0,0
171009,171008,2048,1,1025,273,273,0,175,256,202,54,0,0,256,1,512
171009,171008,1024,1,513,148,147,0,96,184,141,7,0,0,148,1,512
171009,171008,4096,1,37,8,8,0,8,11,8,0,0,0,8,0,0
171136,171136,1024,0,513,144,143,0,88,185,137,7,0,0,144,1,512
171137,171136,1024,1,513,143,142,0,87,183,136,7,0,0,143,1,512
171264,171264,2048,0,1025,280,279,0,170,256,164,92,0,0,256,1,512
171264,171264,1024,0,513,145,144,0,94,181,141,4,0,0,145,1,512
171265,171264,2048,1,1025,279,278,0,168,256,173,83,0,0,256,1,512
171265,171264,1024,1,513,142,141,0,91,179,138,4,0,0,142,1,512
171392,171392,1024,0,513,138,137,0,95,178,126,12,0,0,138,1,512
171393,171392,1024,1,513,138,137,0,95,177,126,12,0,0,138,1,512
171520,171520,2048,0,1025,277,276,0,170,256,183,73,0,0,256,1,512
171520,171520,1024,0,513,142,141,0,88,186,132,10,0,0,142,1,512
171520,171520,4096,0,37,6,6,0,6,8,6,0,0,0,6,0,0
171521,171520,2048,1,1025,276,275,0,168,256,169,87,0,0,256,1,512
171521,171520,1024,1,513,140,139,0,87,185,131,9,0,0,140,1,512
171521,171520,4096,1,37,10,10,0,8,10,9,1,0,0,10,1,512
171648,171648,1024,0,513,139,139,0,83,189,131,8,0,0,139,1,512
171649,171648,1024,1,513,136,136,0,79,187,129,7,0,0,136,1,512
171776,171776,2048,0,1025,273,272,0,180,256,169,87,0,0,256,1,512
171776,171776,1024,0,513,141,141,0,91,191,136,5,0,0,141,1,512
171777,171776,2048,1,1025,273,272,0,177,256,160,96,0,0,256,1,512
171777,171776,1024,1,513,139,139,0,86,189,134,5,0,0,139,1,512
171904,171904,1024,0,513,140,140,0,99,190,135,5,0,0,140,1,512
171905,171904,1024,1,513,140,140,0,99,187,134,6,0,0,140,1,512
172032,172032,2048,0,1025,274,273,0,167,256,180,76,0,0,256,1,512
172032,172032,1024,0,513,146,146,0,102,188,142,4,0,0,146,1,512
172032,172032,4096,0,37,8,8,0,6,8,8,0,0,0,8,0,0
172033,172032,2048,1,1025,271,270,0,166,256,205,51,0,0,256,1,512
172033,172032,1024,1,513,146,146,0,101,186,142,4,0,0,146,1,512
172033,172032,4096,1,37,9,9,0,6,11,8,1,0,0,9,1,512
172160,172160,1024,0,513,148,148,0,107,181,141,7,0,0,148,1,512
172161,172160,1024,1,513,148,148,0,105,179,141,7,0,0,148,1,512
172288,172288,2048,0,1025,277,276,0,168,256,205,51,0,0,256,1,512
172288,172288,1024,0,513,140,139,0,92,184,135,5,0,0,140,1,512
172289,172288,2048,1,1025,275,274,0,165,256,205,51,0,0,256,1,512
172289,172288,1024,1,513,141,140,0,91,182,136,5,0,0,141,1,512
172416,172416,1024,0,513,139,138,0,92,182,132,7,0,0,139,1,512
172417,172416,1024,1,513,137,136,0,94,183,130,7,0,0,137,1,512
172544,172544,2048,0,1025,285,284,0,191,256,219,37,0,0,256,1,512
172544,172544,1024,0,513,142,142,0,78,185,135,7,0,0,142,1,512
172544,172544,4096,0,37,7,6,0,6,8,7,0,0,0,7,0,0
172545,172544,2048,1,1025,284,283,0,189,256,219,37,0,0,256,1,512
172545,172544,1024,1,513,139,139,0,79,186,134,5,0,0,139,1,512
172545,172544,4096,1,37,9,9,0,6,12,9,0,0,0,9,0,0
172672,172672,1024,0,513,131,131,0,83,187,122,9,0,0,131,1,512
172673,172672,1024,1,513,127,127,0,83,185,119,8,0,0,127,1,512
172800,172800,2048,0,1025,278,278,0,174,256,167,89,0,0,256,1,512
172800,172800,1024,0,513,140,140,0,80,184,130,10,0,0,140,1,512
172801,172800,2048,1,1025,275,275,0,172,256,176,80,0,0,256,1,512
172801,172800,1024,1,513,138,138,0,80,182,129,9,0,0,138,1,512
172928,172928,1024,0,513,142,142,0,78,185,132,10,0,0,142,1,512
172929,172928,1024,1,513,141,141,0,76,180,131,10,0,0,141,1,512
173056,173056,2048,0,1025,288,288,0,181,256,192,64,0,0,256,1,512
173056,173056,1024,0,513,146,146,0,85,189,140,6,0,0,146,1,512
173056,173056,4096,0,37,6,6,0,5,8,6,0,0,0,6,0,0
173057,173056,2048,1,1025,288,288,0,180,256,154,102,0,0,256,1,512
173057,173056,1024,1,513,146,146,0,86,184,139,7,0,0,146,1,512
173057,173056,4096,1,37,9,9,0,8,12,8,1,0,0,9,1,512
173184,173184,1024,0,513,141,141,0,99,187,137,4,0,0,141,1,512
173185,173184,1024,1,513,140,140,0,99,184,137,3,0,0,140,1,512
173312,173312,2048,0,1025,281,281,0,182,256,206,50,0,0,256,1,512
173312,173312,1024,0,513,136,136,0,84,188,126,10,0,0,136,1,512
173313,173312,2048,1,1025,281,281,0,181,256,214,42,0,0,256,1,512
173313,173312,1024,1,513,137,137,0,83,184,127,10,0,0,137,1,512
173440,173440,1024,0,513,134,134,0,80,193,123,11,0,0,134,1,512
173441,173440,1024,1,513,133,133,0,81,189,123,10,0,0,133,1,512
173568,173568,2048,0,1025,288,288,0,183,256,184,72,0,0,256,1,512
173568,173568,1024,0,513,146,146,0,88,195,138,8,0,0,146,1,512
173568,173568,4096,0,37,8,8,0,6,8,8,0,0,0,8,0,0
173569,173568,2048,1,1025,287,287,0,183,256,179,77,0,0,256,1,512
173569,173568,1024,1,513,145,145,0,88,193,137,8,0,0,145,1,512
173569,173568,4096,1,37,9,9,0,6,13,9,0,0,0,9,0,0
173696,173696,1024,0,513,146,146,0,91,195,139,7,0,0,146,1,512
173697,173696,1024,1,513,146,146,0,91,193,139,7,0,0,146,1,512
173824,173824,2048,0,1025,287,286,0,196,256,153,103,0,0,256,1,512
173824,173824,1024,0,513,139,138,0,97,191,134,5,0,0,139,1,512
173825,173824,2048,1,1025,285,284,0,193,256,151,105,0,0,256,1,512
173825,173824,1024,1,513,138,137,0,94,190,134,4,0,0,138,1,512
173952,173952,1024,0,513,137,136,0,83,188,131,6,0,0,137,1,512
173953,173952,1024,1,513,135,134,0,83,186,129,6,0,0,135,1,512
174080,174080,2048,0,1025,277,276,0,168,256,158,98,0,0,256,1,512
174080,174080,1024,0,513,143,142,0,99,188,134,9,0,0,143,1,512
174080,174080,4096,0,37,7,7,0,7,8,7,0,0,0,7,0,0
174081,174080,2048,1,1025,276,275,0,166,256,159,97,0,0,256,1,512
174081,174080,1024,1,513,144,143,0,97,186,135,9,0,0,144,1,512
174081,174080,4096,1,37,9,9,0,8,12,9,0,0,0,9,0,0
174208,174208,1024,0,513,146,145,0,91,190,142,4,0,0,146,1,512
174209,174208,1024,1,513,144,143,0,89,188,140,4,0,0,144,1,512
174336,174336,2048,0,1025,264,263,0,158,256,217,39,0,0,256,1,512
174336,174336,1024,0,513,147,147,0,87,184,138,9,0,0,147,1,512
174337,174336,2048,1,1025,261,260,0,156,256,222,34,0,0,256,1,512
174337,174336,1024,1,513,145,145,0,87,182,137,8,0,0,145,1,512
174464,174464,1024,0,513,143,143,0,89,183,133,10,0,0,143,1,512
174465,174464,1024,1,513,143,143,0,91,179,134,9,0,0,143,1,512
174592,174592,2048,0,1025,276,276,0,169,256,156,100,0,0,256,1,512
174592,174592,1024,0,513,138,138,0,89,186,131,7,0,0,138,1,512
174592,174592,4096,0,37,6,6,0,6,8,6,0,0,0,6,0,0
174593,174592,2048,1,1025,275,275,0,168,256,148,108,0,0,256,1,512
174593,174592,1024,1,513,137,137,0,87,183,130,7,0,0,137,1,512
174593,174592,4096,1,37,9,9,0,7,12,9,0,0,0,9,0,0
174720,174720,1024,0,513,135,134,0,90,186,131,4,0,0,135,1,512
174721,174720,1024,1,513,136,135,0,89,183,132,4,0,0,136,1,512
174848,174848,2048,0,1025,275,275,0,183,256,184,72,0,0,256,1,512
174848,174848,1024,0,513,136,136,0,84,182,128,8,0,0,136,1,512
174849,174848,2048,1,1025,274,274,0,180,256,192,64,0,0,256,1,512
174849,174848,1024,1,513,136,136,0,86,179,129,7,0,0,136,1,512
174976,174976,1024,0,513,146,146,0,83,178,130,16,0,0,146,1,512
174977,174976,1024,1,513,146,146,0,84,174,129,17,0,0,146,1,512
175104,175104,2048,0,1025,271,271,0,186,256,213,43,0,0,256,1,512
175104,175104,1024,0,513,139,139,0,97,184,133,6,0,0,139,1,512
175104,175104,4096,0,37,7,7,0,6,8,7,0,0,0,7,0,0
175105,175104,2048,1,1025,269,269,0,187,256,204,52,0,0,256,1,512
175105,175104,1024,1,513,138,138,0,97,183,133,5,0,0,138,1,512
175105,175104,4096,1,37,7,7,0,7,12,7,0,0,0,7,0,0
175232,175232,1024,0,513,142,142,0,68,186,130,12,0,0,142,1,512
175233,175232,1024,1,513,140,140,0,70,185,129,11,0,0,140,1,512
175360,175360,2048,0,1025,277,276,0,155,256,156,100,0,0,256,1,512
175360,175360,1024,0,513,146,146,0,95,187,138,8,0,0,146,1,512
175361,175360,2048,1,1025,275,275,0,153,256,167,89,0,0,256,1,512
175361,175360,1024,1,513,146,146,0,94,185,138,8,0,0,146,1,512
175488,175488,1024,0,513,138,137,0,92,189,132,6,0,0,138,1,512
175489,175488,1024,1,513,136,135,0,93,188,131,5,0,0,136,1,512
175616,175616,2048,0,1025,283,282,0,177,256,177,79,0,0,256,1,512
175616,175616,1024,0,513,147,146,0,80,190,139,8,0,0,147,1,512
175616,175616,4096,0,37,7,7,0,7,8,7,0,0,0,7,0,0
175617,175616,2048,1,1025,282,281,0,176,256,180,76,0,0,256,1,512
175617,175616,1024,1,513,146,145,0,79,188,137,9,0,0,146,1,512
175617,175616,4096,1,37,9,9,0,6,11,9,0,0,0,9,0,0
175744,175744,1024,0,513,139,138,0,96,190,133,6,0,0,139,1,512
175745,175744,1024,1,513,137,136,0,96,189,131,6,0,0,137,1,512
175872,175872,2048,0,1025,285,283,0,172,256,74,182,0,0,256,1,512
175872,175872,1024,0,513,134,133,0,92,192,126,8,0,0,134,1,512
175873,175872,2048,1,1025,281,280,0,170,256,104,152,0,0,256,1,512
175873,175872,1024,1,513,134,133,0,91,190,126,8,0,0,134,1,512
176000,176000,1024,0,513,145,144,0,82,190,134,11,0,0,145,1,512
176001,176000,1024,1,513,144,143,0,81,188,133,11,0,0,144,1,512
176128,176128,2048,0,1025,284,283,0,179,256,221,35,0,0,256,1,512
176128,176128,1024,0,513,141,140,0,95,190,138,3,0,0,141,1,512
176128,176128,4096,0,37,6,6,0,6,7,6,0,0,0,6,0,0
176129,176128,2048,1,1025,280,279,0,177,256,221,35,0,0,256,1,512
176129,176128,1024,1,513,139,138,0,94,189,136,3,0,0,139,1,512
176129,176128,4096,1,37,9,9,0,7,11,8,1,0,0,9,1,512
176256,176256,1024,0,513,138,137,0,80,185,132,6,0,0,138,1,512
176257,176256,1024,1,513,137,136,0,81,183,131,6,0,0,137,1,512
176384,176384,2048,0,1025,280,279,0,183,256,203,53,0,0,256,1,512
176384,176384,1024,0,513,142,141,0,95,185,136,6,0,0,142,1,512
176385,176384,2048,1,1025,278,277,0,179,256,167,89,0,0,256,1,512
176385,176384,1024,1,513,143,142,0,94,183,137,6,0,0,143,1,512
176512,176512,1024,0,513,138,137,0,87,183,128,10,0,0,138,1,512
176513,176512,1024,1,513,138,137,0,87,182,127,11,0,0,138,1,512
176640,176640,2048,0,1025,292,291,0,169,256,204,52,0,0,256,1,512
176640,176640,1024,0,513,145,144,0,88,184,136,9,0,0,145,1,512
176640,176640,4096,0,37,8,7,0,5,7,7,1,0,0,8,1,512
176641,176640,2048,1,1025,290,289,0,169,256,215,41,0,0,256,1,512
176641,176640,1024,1,513,143,142,0,86,184,135,8,0,0,143,1,512
176641,176640,4096,1,37,9,8,0,6,11,8,1,0,0,9,1,512
176768,176768,1024,0,513,140,139,0,96,183,135,5,0,0,140,1,512
176769,176768,1024,1,513,138,137,0,94,183,133,5,0,0,138,1,512
176896,176896,2048,0,1025,279,278,0,197,256,196,60,0,0,256,1,512
176896,176896,1024,0,513,145,144,0,97,180,135,10,0,0,145,1,512
176897,176896,2048,1,1025,278,277,0,195,256,198,58,0,0,256,1,512
176897,176896,1024,1,513,146,145,0,98,180,136,10,0,0,146,1,512
177024,177024,1024,0,513,143,142,0,96,181,135,8,0,0,143,1,512
177025,177024,1024,1,513,143,142,0,96,179,136,7,0,0,143,1,512
177152,177152,2048,0,1025,283,282,0,171,256,203,53,0,0,256,1,512
177152,177152,1024,0,513,141,140,0,89,183,136,5,0,0,141,1,512
177152,177152,4096,0,37,8,7,0,7,8,8,0,0,0,8,0,0
177153,177152,2048,1,1025,283,282,0,170,256,200,56,0,0,256,1,512
177153,177152,1024,1,513,140,139,0,90,180,135,5,0,0,140,1,512
177153,177152,4096,1,37,7,6,0,5,11,7,0,0,0,7,0,0
177280,177280,1024,0,513,139,138,0,86,184,130,9,0,0,139,1,512
177281,177280,1024,1,513,141,140,0,85,182,130,11,0,0,141,1,512
177408,177408,2048,0,1025,278,277,0,177,256,168,88,0,0,256,1,512
177408,177408,1024,0,513,149,148,0,99,188,140,9,0,0,149,1,512
177409,177408,2048,1,1025,275,274,0,176,256,198,58,0,0,256,1,512
177409,177408,1024,1,513,148,147,0,99,188,141,7,0,0,148,1,512
177536,177536,1024,0,513,142,141,0,91,187,133,9,0,0,142,1,512
177537,177536,1024,1,513,139,138,0,90,186,132,7,0,0,139,1,512
177664,177664,2048,0,1025,280,278,0,176,256,129,127,0,0,256,1,512
177664,177664,1024,0,513,127,126,0,79,189,120,7,0,0,127,1,512
177664,177664,4096,0,37,6,5,0,5,8,6,0,0,0,6,0,0
177665,177664,2048,1,1025,278,277,0,175,256,148,108,0,0,256,1,512
177665,177664,1024,1,513,127,126,0,76,186,120,7,0,0,127,1,512
177665,177664,4096,1,37,10,9,0,5,11,10,0,0,0,10,0,0
177792,177792,1024,0,513,142,141,0,90,187,133,9,0,0,142,1,512
177793,177792,1024,1,513,144,143,0,90,184,134,10,0,0,144,1,512
177920,177920,2048,0,1025,284,283,0,174,256,76,180,0,0,256,1,512
177920,177920,1024,0,513,153,152,0,85,191,143,10,0,0,153,1,512
177921,177920,2048,1,1025,281,280,0,174,256,77,179,0,0,256,1,512
177921,177920,1024,1,513,150,149,0,87,189,140,10,0,0,150,1,512
178048,178048,1024,0,513,150,149,0,100,192,143,7,0,0,150,1,512
178049,178048,1024,1,513,151,150,0,96,189,144,7,0,0,151,1,512
178176,178176,2048,0,1025,286,285,0,184,256,212,44,0,0,256,1,512
178176,178176,1024,0,513,150,149,0,90,195,147,3,0,0,150,1,512
178176,178176,4096,0,37,8,7,0,5,8,8,0,0,0,8,0,0
178177,178176,2048,1,1025,284,283,0,182,256,207,49,0,0,256,1,512
178177,178176,1024,1,513,149,148,0,89,193,146,3,0,0,149,1,512
178177,178176,4096,1,37,10,9,0,6,11,10,0,0,0,10,0,0
178304,178304,1024,0,513,145,144,0,103,194,140,5,0,0,145,1,512
178305,178304,1024,1,513,142,141,0,102,192,137,5,0,0,142,1,512
178432,178432,2048,0,1025,283,282,0,188,256,184,72,0,0,256,1,512
178432,178432,1024,0,513,143,143,0,88,194,139,4,0,0,143,1,512
178433,178432,2048,1,1025,280,279,0,185,256,193,63,0,0,256,1,512
178433,178432,1024,1,513,142,142,0,89,193,139,3,0,0,142,1,512
178560,178560,1024,0,513,146,146,0,92,190,135,11,0,0,146,1,512
178561,178560,1024,1,513,145,145,0,91,188,134,11,0,0,145,1,512
178688,178688,2048,0,1025,291,290,0,188,256,196,60,0,0,256,1,512
178688,178688,1024,0,513,143,143,0,91,189,133,10,0,0,143,1,512
178688,178688,4096,0,37,7,7,0,6,8,7,0,0,0,7,0,0
178689,178688,2048,1,1025,290,289,0,187,256,182,74,0,0,256,1,512
178689,178688,1024,1,513,142,142,0,87,188,133,9,0,0,142,1,512
178689,178688,4096,1,37,9,9,0,7,11,7,2,0,0,9,1,512
178816,178816,1024,0,513,142,142,0,88,195,136,6,0,0,142,1,512
178817,178816,1024,1,513,143,143,0,88,193,136,7,0,0,143,1,512
178944,178944,2048,0,1025,286,285,0,187,256,183,73,0,0,256,1,512
178944,178944,1024,0,513,147,147,0,103,198,142,5,0,0,147,1,512
178945,178944,2048,1,1025,284,283,0,184,256,184,72,0,0,256,1,512
178945,178944,1024,1,513,146,146,0,103,196,141,5,0,0,146,1,512
179072,179072,1024,0,513,144,143,0,97,195,141,3,0,0,144,1,512
179073,179072,1024,1,513,142,141,0,95,193,139,3,0,0,142,1,512
179200,179200,2048,0,1025,276,275,0,170,256,224,32,0,0,256,1,512
179200,179200,1024,0,513,144,144,0,89,185,139,5,0,0,144,1,512
179200,179200,4096,0,37,7,7,0,6,8,6,1,0,0,7,1,512
179201,179200,2048,1,1025,277,276,0,170,256,209,47,0,0,256,1,512
179201,179200,1024,1,513,142,142,0,87,184,137,5,0,0,142,1,512
179201,179200,4096,1,37,9,8,0,6,13,9,0,0,0,9,0,0
179328,179328,1024,0,513,140,140,0,92,183,132,8,0,0,140,1,512
179329,179328,1024,1,513,139,139,0,92,183,131,8,0,0,139,1,512
179456,179456,2048,0,1025,274,273,0,161,256,185,71,0,0,256,1,512
179456,179456,1024,0,513,139,138,0,87,185,131,8,0,0,139,1,512
179457,179456,2048,1,1025,273,272,0,159,256,170,86,0,0,256,1,512
179457,179456,1024,1,513,139,138,0,86,183,130,9,0,0,139,1,512
179584,179584,1024,0,513,133,133,0,83,185,128,5,0,0,133,1,512
179585,179584,1024,1,513,131,131,0,83,183,126,5,0,0,131,1,512
179712,179712,2048,0,1025,280,279,0,170,256,193,63,0,0,256,1,512
179712,179712,1024,0,513,142,142,0,85,180,130,12,0,0,142,1,512
179712,179712,4096,0,37,8,7,0,6,9,8,0,0,0,8,0,0
179713,179712,2048,1,1025,278,277,0,166,256,186,70,0,0,256,1,512
179713,179712,1024,1,513,141,141,0,84,178,129,12,0,0,141,1,512
179713,179712,4096,1,37,11,10,0,6,13,11,0,0,0,11,0,0
179840,179840,1024,0,513,141,141,0,91,188,134,7,0,0,141,1,512
179841,179840,1024,1,513,139,139,0,88,186,133,6,0,0,139,1,512
179968,179968,2048,0,1025,289,288,0,172,256,137,119,0,0,256,1,512
179968,179968,1024,0,513,144,144,0,84,185,132,12,0,0,144,1,512
179969,179968,2048,1,1025,289,288,0,171,256,119,137,0,0,256,1,512
179969,179968,1024,1,513,142,142,0,83,183,130,12,0,0,142,1,512
180096,180096,1024,0,513,150,150,0,91,189,140,10,0,0,150,1,512
180097,180096,1024,1,513,149,149,0,88,187,139,10,0,0,149,1,512
180224,180224,2048,0,1025,274,274,0,181,256,118,138,0,0,256,1,512
180224,180224,1024,0,513,147,147,0,96,192,146,1,0,0,147,1,512
180224,180224,4096,0,37,8,7,0,6,9,8,0,0,0,8,0,0
180225,180224,2048,1,1025,271,271,0,179,256,176,80,0,0,256,1,512
180225,180224,1024,1,513,147,147,0,96,189,145,2,0,0,147,1,512
180225,180224,4096,1,37,10,9,0,6,13,10,0,0,0,10,0,0
180352,180352,1024,0,513,144,144,0,96,188,137,7,0,0,144,1,512
180353,180352,1024,1,513,143,143,0,98,186,136,7,0,0,143,1,512
180480,180480,2048,0,1025,291,290,0,176,256,183,73,0,0,256,1,512
180480,180480,1024,0,513,141,140,0,94,189,134,7,0,0,141,1,512
180481,180480,2048,1,1025,288,287,0,173,256,157,99,0,0,256,1,512
180481,180480,1024,1,513,140,139,0,93,189,134,6,0,0,140,1,512
180608,180608,1024,0,513,140,139,0,78,183,132,8,0,0,140,1,512
180609,180608,1024,1,513,138,137,0,77,182,131,7,0,0,138,1,512
180736,180736,2048,0,1025,290,289,0,194,256,216,40,0,0,256,1,512
180736,180736,1024,0,513,139,138,0,89,184,134,5,0,0,139,1,512
180736,180736,4096,0,37,7,6,0,6,9,7,0,0,0,7,0,0
180737,180736,2048,1,1025,290,289,0,194,256,203,53,0,0,256,1,512
180737,180736,1024,1,513,140,139,0,89,182,135,5,0,0,140,1,512
180737,180736,4096,1,37,9,9,0,6,13,9,0,0,0,9,0,0
180864,180864,1024,0,513,139,138,0,97,184,135,4,0,0,139,1,512
180865,180864,1024,1,513,137,136,0,97,182,133,4,0,0,137,1,512
180992,180992,2048,0,1025,288,288,0,194,256,216,40,0,0,256,1,512
180992,180992,1024,0,513,141,140,0,86,179,132,9,0,0,141,1,512
180993,180992,2048,1,1025,285,285,0,191,256,220,36,0,0,256,1,512
180993,180992,1024,1,513,140,139,0,86,177,131,9,0,0,140,1,512
181120,181120,1024,0,513,145,144,0,86,182,139,6,0,0,145,1,512
181121,181120,1024,1,513,146,145,0,86,180,139,7,0,0,146,1,512
181248,181248,2048,0,1025,276,275,0,174,256,194,62,0,0,256,1,512
181248,181248,1024,0,513,143,142,0,89,182,133,10,0,0,143,1,512
181248,181248,4096,0,37,7,6,0,5,9,7,0,0,0,7,0,0
181249,181248,2048,1,1025,275,274,0,172,256,193,63,0,0,256,1,512
181249,181248,1024,1,513,141,140,0,91,182,131,10,0,0,141,1,512
181249,181248,4096,1,37,9,8,0,6,13,9,0,0,0,9,0,0
181376,181376,1024,0,513,142,141,0,87,187,136,6,0,0,142,1,512
181377,181376,1024,1,513,140,139,0,86,186,135,5,0,0,140,1,512
181504,181504,2048,0,1025,281,280,0,179,256,163,93,0,0,256,1,512
181504,181504,1024,0,513,134,133,0,74,185,127,7,0,0,134,1,512
181505,181504,2048,1,1025,281,280,0,179,256,142,114,0,0,256,1,512
181505,181504,1024,1,513,132,131,0,73,183,125,7,0,0,132,1,512
181632,181632,1024,0,513,138,137,0,77,185,129,9,0,0,138,1,512
181633,181632,1024,1,513,133,132,0,76,184,126,7,0,0,133,1,512
181760,181760,2048,0,1025,280,279,0,185,256,126,130,0,0,256,1,512
181760,181760,1024,0,513,143,142,0,80,184,135,8,0,0,143,1,512
181760,181760,4096,0,37,7,7,0,6,9,7,0,0,0,7,0,0
181761,181760,2048,1,1025,278,277,0,183,256,155,101,0,0,256,1,512
181761,181760,1024,1,513,145,144,0,80,180,136,9,0,0,145,1,512
181761,181760,4096,1,37,9,9,0,6,13,9,0,0,0,9,0,0
181888,181888,1024,0,513,144,144,0,90,188,136,8,0,0,144,1,512
181889,181888,1024,1,513,144,144,0,90,185,135,9,0,0,144,1,512
182016,182016,2048,0,1025,286,284,0,178,256,188,68,0,0,256,1,512
182016,182016,1024,0,513,139,139,0,88,186,133,6,0,0,139,1,512
182017,182016,2048,1,1025,285,284,0,177,256,175,81,0,0,256,1,512
182017,182016,1024,1,513,139,139,0,86,184,132,7,0,0,139,1,512
182144,182144,1024,0,513,138,138,0,89,185,128,10,0,0,138,1,512
182145,182144,1024,1,513,138,138,0,88,184,128,10,0,0,138,1,512
182272,182272,2048,0,1025,284,284,0,174,256,204,52,0,0,256,1,512
182272,182272,1024,0,513,142,141,0,80,187,134,8,0,0,142,1,512
182272,182272,4096,0,37,6,6,0,5,8,6,0,0,0,6,0,0
182273,182272,2048,1,1025,284,283,0,172,256,190,66,0,0,256,1,512
182273,182272,1024,1,513,141,140,0,78,186,134,7,0,0,141,1,512
182273,182272,4096,1,37,10,9,0,8,12,10,0,0,0,10,0,0
182400,182400,1024,0,513,144,143,0,81,190,137,7,0,0,144,1,512
182401,182400,1024,1,513,143,142,0,82,188,135,8,0,0,143,1,512
182528,182528,2048,0,1025,288,287,0,185,256,118,138,0,0,256,1,512
182528,182528,1024,0,513,138,137,0,86,186,129,9,0,0,138,1,512
182529,182528,2048,1,1025,285,285,0,183,256,136,120,0,0,256,1,512
182529,182528,1024,1,513,139,138,0,85,186,130,9,0,0,139,1,512
182656,182656,1024,0,513,134,133,0,95,190,129,5,0,0,134,1,512
182657,182656,1024,1,513,134,133,0,95,191,129,5,0,0,134,1,512
182784,182784,2048,0,1025,279,278,0,174,256,195,61,0,0,256,1,512
182784,182784,1024,0,513,136,135,0,83,188,130,6,0,0,136,1,512
182784,182784,4096,0,37,8,7,0,5,8,8,0,0,0,8,0,0
182785,182784,2048,1,1025,275,275,0,170,256,200,56,0,0,256,1,512
182785,182784,1024,1,513,133,132,0,82,188,127,6,0,0,133,1,512
182785,182784,4096,1,37,10,9,0,7,12,10,0,0,0,10,0,0
182912,182912,1024,0,513,142,141,0,89,183,131,11,0,0,142,1,512
182913,182912,1024,1,513,140,139,0,89,182,131,9,0,0,140,1,512
183040,183040,2048,0,1025,284,283,0,179,256,178,78,0,0,256,1,512
183040,183040,1024,0,513,141,141,0,96,183,135,6,0,0,141,1,512
183041,183040,2048,1,1025,280,280,0,174,256,202,54,0,0,256,1,512
183041,183040,1024,1,513,140,140,0,95,180,134,6,0,0,140,1,512
183168,183168,1024,0,513,145,145,0,86,182,136,9,0,0,145,1,512
183169,183168,1024,1,513,145,145,0,86,178,136,9,0,0,145,1,512
183296,183296,2048,0,1025,279,278,0,177,256,172,84,0,0,256,1,512
183296,183296,1024,0,513,140,139,0,96,185,137,3,0,0,140,1,512
183296,183296,4096,0,37,8,7,0,6,8,8,0,0,0,8,0,0
183297,183296,2048,1,1025,276,276,0,175,256,160,96,0,0,256,1,512
183297,183296,1024,1,513,140,139,0,97,181,137,3,0,0,140,1,512
183297,183296,4096,1,37,10,9,0,7,11,10,0,0,0,10,0,0
183424,183424,1024,0,513,146,145,0,82,182,137,9,0,0,146,1,512
183425,183424,1024,1,513,143,142,0,83,180,135,8,0,0,143,1,512
183552,183552,2048,0,1025,283,283,0,171,256,216,40,0,0,256,1,512
183552,183552,1024,0,513,147,146,0,95,182,138,9,0,0,147,1,512
183553,183552,2048,1,1025,280,280,0,169,256,220,36,0,0,256,1,512
183553,183552,1024,1,513,144,143,0,90,180,136,8,0,0,144,1,512
183680,183680,1024,0,513,145,144,0,87,187,139,6,0,0,145,1,512
183681,183680,1024,1,513,146,145,0,88,184,139,7,0,0,146,1,512
183808,183808,2048,0,1025,281,281,0,191,256,199,57,0,0,256,1,512
183808,183808,1024,0,513,136,136,0,82,187,126,10,0,0,136,1,512
183808,183808,4096,0,37,7,6,0,6,8,7,0,0,0,7,0,0
183809,183808,2048,1,1025,279,279,0,191,256,197,59,0,0,256,1,512
183809,183808,1024,1,513,138,138,0,83,185,127,11,0,0,138,1,512
183809,183808,4096,1,37,10,9,0,7,11,9,1,0,0,10,1,512
183936,183936,1024,0,513,140,140,0,87,188,137,3,0,0,140,1,512
183937,183936,1024,1,513,137,137,0,87,187,134,3,0,0,137,1,512
184064,184064,2048,0,1025,275,275,0,189,256,194,62,0,0,256,1,512
184064,184064,1024,0,513,140,140,0,93,184,132,8,0,0,140,1,512
184065,184064,2048,1,1025,274,274,0,183,256,191,65,0,0,256,1,512
184065,184064,1024,1,513,138,138,0,92,182,128,10,0,0,138,1,512
184192,184192,1024,0,513,138,137,0,85,184,129,9,0,0,138,1,512
184193,184192,1024,1,513,137,136,0,86,183,127,10,0,0,137,1,512
184320,184320,2048,0,1025,291,291,0,163,256,145,111,0,0,256,1,512
184320,184320,1024,0,513,138,138,0,83,183,132,6,0,0,138,1,512
184320,184320,4096,0,37,7,6,0,5,8,7,0,0,0,7,0,0
184321,184320,2048,1,1025,291,291,0,163,256,143,113,0,0,256,1,512
184321,184320,1024,1,513,138,138,0,84,184,132,6,0,0,138,1,512
184321,184320,4096,1,37,10,10,0,7,12,10,0,0,0,10,0,0
184448,184448,1024,0,513,137,137,0,96,184,129,8,0,0,137,1,512
184449,184448,1024,1,513,135,135,0,95,184,127,8,0,0,135,1,512
184576,184576,2048,0,1025,285,284,0,185,256,93,163,0,0,256,1,512
184576,184576,1024,0,513,140,140,0,77,182,130,10,0,0,140,1,512
184577,184576,2048,1,1025,280,280,0,184,256,122,134,0,0,256,1,512
184577,184576,1024,1,513,139,139,0,76,182,130,9,0,0,139,1,512
184704,184704,1024,0,513,142,142,0,95,184,133,9,0,0,142,1,512
184705,184704,1024,1,513,143,143,0,94,183,134,9,0,0,143,1,512
184832,184832,2048,0,1025,287,287,0,187,256,143,113,0,0,256,1,512
184832,184832,1024,0,513,146,146,0,92,185,141,5,0,0,146,1,512
184832,184832,4096,0,37,7,7,0,6,8,7,0,0,0,7,0,0
184833,184832,2048,1,1025,282,282,0,184,256,141,115,0,0,256,1,512
184833,184832,1024,1,513,145,145,0,94,185,140,5,0,0,145,1,512
184833,184832,4096,1,37,11,11,0,7,12,10,1,0,0,11,1,512
184960,184960,1024,0,513,142,142,0,88,185,133,9,0,0,142,1,512
184961,184960,1024,1,513,142,142,0,87,185,133,9,0,0,142,1,512
185088,185088,2048,0,1025,284,283,0,185,256,218,38,0,0,256,1,512
185088,185088,1024,0,513,139,138,0,83,185,134,5,0,0,139,1,512
185089,185088,2048,1,1025,282,281,0,182,256,214,42,0,0,256,1,512
185089,185088,1024,1,513,138,137,0,82,186,133,5,0,0,138,1,512
185216,185216,1024,0,513,137,136,0,89,185,128,9,0,0,137,1,512
185217,185216,1024,1,513,136,135,0,89,186,128,8,0,0,136,1,512
185344,185344,2048,0,1025,285,285,0,170,256,186,70,0,0,256,1,512
185344,185344,1024,0,513,137,136,0,86,188,133,4,0,0,137,1,512
185344,185344,4096,0,37,6,6,0,6,8,6,0,0,0,6,0,0
185345,185344,2048,1,1025,285,285,0,168,256,173,83,0,0,256,1,512
185345,185344,1024,1,513,137,136,0,84,188,133,4,0,0,137,1,512
185345,185344,4096,1,37,9,9,0,9,13,9,0,0,0,9,0,0
185472,185472,1024,0,513,142,141,0,85,184,132,10,0,0,142,1,512
185473,185472,1024,1,513,141,140,0,86,183,131,10,0,0,141,1,512
185600,185600,2048,0,1025,286,286,0,191,256,211,45,0,0,256,1,512
185600,185600,1024,0,513,138,137,0,84,188,132,6,0,0,138,1,512
185601,185600,2048,1,1025,285,285,0,190,256,217,39,0,0,256,1,512
185601,185600,1024,1,513,138,137,0,85,187,133,5,0,0,138,1,512
185728,185728,1024,0,513,137,137,0,92,180,132,5,0,0,137,1,512
185729,185728,1024,1,513,136,136,0,90,179,131,5,0,0,136,1,512
185856,185856,2048,0,1025,285,283,0,181,256,179,77,0,0,256,1,512
185856,185856,1024,0,513,141,140,0,87,180,132,9,0,0,141,1,512
185856,185856,4096,0,37,7,6,0,5,8,7,0,0,0,7,0,0
185857,185856,2048,1,1025,281,280,0,180,256,187,69,0,0,256,1,512
185857,185856,1024,1,513,139,138,0,85,179,130,9,0,0,139,1,512
185857,185856,4096,1,37,9,8,0,7,13,9,0,0,0,9,0,0
185984,185984,1024,0,513,140,139,0,92,180,131,9,0,0,140,1,512
185985,185984,1024,1,513,139,138,0,91,179,131,8,0,0,139,1,512
186112,186112,2048,0,1025,280,279,0,183,256,185,71,0,0,256,1,512
186112,186112,1024,0,513,143,143,0,79,181,137,6,0,0,143,1,512
186113,186112,2048,1,1025,281,280,0,180,256,150,106,0,0,256,1,512
186113,186112,1024,1,513,143,143,0,79,179,137,6,0,0,143,1,512
186240,186240,1024,0,513,145,144,0,94,180,137,8,0,0,145,1,512
186241,186240,1024,1,513,143,142,0,95,177,136,7,0,0,143,1,512
186368,186368,2048,0,1025,280,279,0,175,256,172,84,0,0,256,1,512
186368,186368,1024,0,513,144,143,0,98,184,138,6,0,0,144,1,512
186368,186368,4096,0,37,8,7,0,6,7,7,1,0,0,8,1,512
186369,186368,2048,1,1025,275,274,0,174,256,206,50,0,0,256,1,512
186369,186368,1024,1,513,143,142,0,98,181,137,6,0,0,143,1,512
186369,186368,4096,1,37,9,8,0,6,12,8,1,0,0,9,1,512
186496,186496,1024,0,513,134,134,0,91,185,131,3,0,0,134,1,512
186497,186496,1024,1,513,132,132,0,90,182,130,2,0,0,132,1,512
186624,186624,2048,0,1025,280,279,0,172,256,160,96,0,0,256,1,512
186624,186624,1024,0,513,135,135,0,75,182,124,11,0,0,135,1,512
186625,186624,2048,1,1025,278,277,0,169,256,153,103,0,0,256,1,512
186625,186624,1024,1,513,137,137,0,76,179,124,13,0,0,137,1,512
186752,186752,1024,0,513,136,136,0,83,185,128,8,0,0,136,1,512
186753,186752,1024,1,513,135,135,0,84,184,128,7,0,0,135,1,512
186880,186880,2048,0,1025,278,278,0,164,256,211,45,0,0,256,1,512
186880,186880,1024,0,513,137,137,0,88,184,128,9,0,0,137,1,512
186880,186880,4096,0,37,7,6,0,6,8,7,0,0,0,7,0,0
186881,186880,2048,1,1025,277,277,0,164,256,211,45,0,0,256,1,512
186881,186880,1024,1,513,136,136,0,86,182,127,9,0,0,136,1,512
186881,186880,4096,1,37,9,9,0,7,13,9,0,0,0,9,0,0
187008,187008,1024,0,513,143,143,0,85,181,132,11,0,0,143,1,512
187009,187008,1024,1,513,142,142,0,85,180,130,12,0,0,142,1,512
187136,187136,2048,0,1025,285,285,0,179,256,96,160,0,0,256,1,512
187136,187136,1024,0,513,140,140,0,80,186,131,9,0,0,140,1,512
187137,187136,2048,1,1025,286,286,0,180,256,88,168,0,0,256,1,512
187137,187136,1024,1,513,139,139,0,79,187,130,9,0,0,139,1,512
187264,187264,1024,0,513,138,138,0,88,191,133,5,0,0,138,1,512
187265,187264,1024,1,513,136,136,0,89,192,132,4,0,0,136,1,512
187392,187392,2048,0,1025,279,279,0,178,256,167,89,0,0,256,1,512
187392,187392,1024,0,513,145,144,0,88,189,135,10,0,0,145,1,512
187392,187392,4096,0,37,7,7,0,5,8,7,0,0,0,7,0,0
187393,187392,2048,1,1025,278,278,0,177,256,170,86,0,0,256,1,512
187393,187392,1024,1,513,143,142,0,83,189,133,10,0,0,143,1,512
187393,187392,4096,1,37,8,8,0,7,11,8,0,0,0,8,0,0
187520,187520,1024,0,513,150,149,0,92,190,138,12,0,0,150,1,512
187521,187520,1024,1,513,149,148,0,89,189,136,13,0,0,149,1,512
187648,187648,2048,0,1025,288,288,0,189,256,202,54,0,0,256,1,512
187648,187648,1024,0,513,144,143,0,92,192,140,4,0,0,144,1,512
187649,187648,2048,1,1025,287,287,0,188,256,217,39,0,0,256,1,512
187649,187648,1024,1,513,142,141,0,90,192,139,3,0,0,142,1,512
187776,187776,1024,0,513,138,137,0,90,190,134,4,0,0,138,1,512
187777,187776,1024,1,513,138,137,0,90,188,134,4,0,0,138,1,512
187904,187904,2048,0,1025,294,294,0,167,256,207,49,0,0,256,1,512
187904,187904,1024,0,513,141,140,0,86,189,134,7,0,0,141,1,512
187904,187904,4096,0,37,7,7,0,6,8,7,0,0,0,7,0,0
187905,187904,2048,1,1025,291,291,0,165,256,204,52,0,0,256,1,512
187905,187904,1024,1,513,140,139,0,87,187,133,7,0,0,140,1,512
187905,187904,4096,1,37,10,10,0,6,11,8,2,0,0,10,1,512
188032,188032,1024,0,513,138,138,0,94,187,132,6,0,0,138,1,512
188033,188032,1024,1,513,136,136,0,91,185,130,6,0,0,136,1,512
188160,188160,2048,0,1025,283,282,0,194,256,190,66,0,0,256,1,512
188160,188160,1024,0,513,146,146,0,90,185,141,5,0,0,146,1,512
188161,188160,2048,1,1025,282,281,0,193,256,184,72,0,0,256,1,512
188161,188160,1024,1,513,143,143,0,87,183,138,5,0,0,143,1,512
188288,188288,1024,0,513,145,145,0,94,185,139,6,0,0,145,1,512
188289,188288,1024,1,513,143,143,0,92,185,138,5,0,0,143,1,512
188416,188416,2048,0,1025,277,276,0,179,256,146,110,0,0,256,1,512
188416,188416,1024,0,513,142,142,0,99,186,137,5,0,0,142,1,512
188416,188416,4096,0,37,7,6,0,6,8,7,0,0,0,7,0,0
188417,188416,2048,1,1025,276,275,0,177,256,152,104,0,0,256,1,512
188417,188416,1024,1,513,142,142,0,99,184,136,6,0,0,142,1,512
188417,188416,4096,1,37,9,8,0,7,13,9,0,0,0,9,0,0
188544,188544,1024,0,513,133,133,0,93,184,127,6,0,0,133,1,512
188545,188544,1024,1,513,132,132,0,92,183,127,5,0,0,132,1,512
188672,188672,2048,0,1025,279,279,0,172,256,204,52,0,0,256,1,512
188672,188672,1024,0,513,143,143,0,88,182,134,9,0,0,143,1,512
188673,188672,2048,1,1025,277,277,0,172,256,212,44,0,0,256,1,512
188673,188672,1024,1,513,143,143,0,89,181,135,8,0,0,143,1,512
188800,188800,1024,0,513,149,149,0,92,186,143,6,0,0,149,1,512
188801,188800,1024,1,513,147,147,0,91,185,141,6,0,0,147,1,512
188928,188928,2048,0,1025,278,278,0,174,256,164,92,0,0,256,1,512
188928,188928,1024,0,513,139,139,0,91,187,130,9,0,0,139,1,512
188928,188928,4096,0,37,8,7,0,5,8,8,0,0,0,8,0,0
188929,188928,2048,1,1025,278,278,0,171,256,156,100,0,0,256,1,512
188929,188928,1024,1,513,140,140,0,90,185,131,9,0,0,140,1,512
188929,188928,4096,1,37,11,10,0,8,13,11,0,0,0,11,0,0
189056,189056,1024,0,513,133,133,0,88,186,131,2,0,0,133,1,512
189057,189056,1024,1,513,135,135,0,92,185,133,2,0,0,135,1,512
189184,189184,2048,0,1025,286,286,0,184,256,143,113,0,0,256,1,512
189184,189184,1024,0,513,138,138,0,88,183,132,6,0,0,138,1,512
189185,189184,2048,1,1025,286,286,0,184,256,141,115,0,0,256,1,512
189185,189184,1024,1,513,137,137,0,87,182,131,6,0,0,137,1,512
189312,189312,1024,0,513,140,140,0,89,185,132,8,0,0,140,1,512
189313,189312,1024,1,513,139,139,0,88,184,131,8,0,0,139,1,512
189440,189440,2048,0,1025,272,272,0,176,256,192,64,0,0,256,1,512
189440,189440,1024,0,513,142,141,0,98,181,135,7,0,0,142,1,512
189440,189440,4096,0,37,8,7,0,7,8,8,0,0,0,8,0,0
189441,189440,2048,1,1025,271,271,0,174,256,196,60,0,0,256,1,512
189441,189440,1024,1,513,140,139,0,96,183,134,6,0,0,140,1,512
189441,189440,4096,1,37,9,9,0,8,12,9,0,0,0,9,0,0
189568,189568,1024,0,513,141,140,0,83,184,131,10,0,0,141,1,512
189569,189568,1024,1,513,142,141,0,83,185,132,10,0,0,142,1,512
189696,189696,2048,0,1025,283,283,0,168,256,107,149,0,0,256,1,512
189696,189696,1024,0,513,136,135,0,91,185,129,7,0,0,136,1,512
189697,189696,2048,1,1025,280,280,0,165,256,138,118,0,0,256,1,512
189697,189696,1024,1,513,138,137,0,93,186,131,7,0,0,138,1,512
189824,189824,1024,0,513,144,143,0,83,185,135,9,0,0,144,1,512
189825,189824,1024,1,513,142,141,0,83,186,134,8,0,0,142,1,512
189952,189952,2048,0,1025,280,280,0,189,256,168,88,0,0,256,1,512
189952,189952,1024,0,513,154,153,0,104,186,145,9,0,0,154,1,512
189952,189952,4096,0,37,7,6,0,5,8,7,0,0,0,7,0,0
189953,189952,2048,1,1025,280,280,0,186,256,130,126,0,0,256,1,512
189953,189952,1024,1,513,150,149,0,103,185,141,9,0,0,150,1,512
189953,189952,4096,1,37,9,8,0,7,12,9,0,0,0,9,0,0
190080,190080,1024,0,513,142,141,0,93,186,136,6,0,0,142,1,512
190081,190080,1024,1,513,143,142,0,92,186,137,6,0,0,143,1,512
190208,190208,2048,0,1025,275,274,0,165,256,210,46,0,0,256,1,512
190208,190208,1024,0,513,148,147,0,98,186,139,9,0,0,148,1,512
190209,190208,2048,1,1025,275,274,0,164,256,208,48,0,0,256,1,512
190209,190208,1024,1,513,148,147,0,100,185,139,9,0,0,148,1,512
190336,190336,1024,0,513,143,142,0,86,186,135,8,0,0,143,1,512
190337,190336,1024,1,513,141,140,0,85,184,135,6,0,0,141,1,512
190464,190464,2048,0,1025,284,282,0,167,256,159,97,0,0,256,1,512
190464,190464,1024,0,513,141,140,0,101,190,132,9,0,0,141,1,512
190464,190464,4096,0,37,8,7,0,6,8,8,0,0,0,8,0,0
190465,190464,2048,1,1025,280,279,0,166,256,180,76,0,0,256,1,512
190465,190464,1024,1,513,139,138,0,99,186,130,9,0,0,139,1,512
190465,190464,4096,1,37,10,10,0,6,12,9,1,0,0,10,1,512
190592,190592,1024,0,513,135,135,0,86,190,130,5,0,0,135,1,512
190593,190592,1024,1,513,134,134,0,84,187,129,5,0,0,134,1,512
190720,190720,2048,0,1025,267,266,0,175,256,176,80,0,0,256,1,512
190720,190720,1024,0,513,143,143,0,85,189,134,9,0,0,143,1,512
190721,190720,2048,1,1025,265,264,0,174,256,190,66,0,0,256,1,512
190721,190720,1024,1,513,143,143,0,85,186,133,10,0,0,143,1,512
190848,190848,1024,0,513,139,139,0,92,186,132,7,0,0,139,1,512
190849,190848,1024,1,513,140,140,0,93,184,133,7,0,0,140,1,512
190976,190976,2048,0,1025,278,278,0,162,256,196,60,0,0,256,1,512
190976,190976,1024,0,513,146,145,0,91,182,136,10,0,0,146,1,512
190976,190976,4096,0,37,6,6,0,6,8,6,0,0,0,6,0,0
190977,190976,2048,1,1025,274,274,0,159,256,220,36,0,0,256,1,512
190977,190976,1024,1,513,143,142,0,87,181,134,9,0,0,143,1,512
190977,190976,4096,1,37,10,10,0,6,13,9,1,0,0,10,1,512
191104,191104,1024,0,513,139,138,0,73,181,131,8,0,0,139,1,512
191105,191104,1024,1,513,138,137,0,73,180,130,8,0,0,138,1,512
191232,191232,2048,0,1025,278,278,0,182,256,90,166,0,0,256,1,512
191232,191232,1024,0,513,147,146,0,92,187,135,12,0,0,147,1,512
191233,191232,2048,1,1025,276,276,0,183,256,71,185,0,0,256,1,512
191233,191232,1024,1,513,145,144,0,92,186,133,12,0,0,145,1,512
191360,191360,1024,0,513,146,145,0,91,194,143,3,0,0,146,1,512
191361,191360,1024,1,513,144,143,0,88,193,142,2,0,0,144,1,512
191488,191488,2048,0,1025,279,279,0,173,256,212,44,0,0,256,1,512
191488,191488,1024,0,513,141,140,0,90,192,130,11,0,0,141,1,512
191488,191488,4096,0,37,6,6,0,5,8,6,0,0,0,6,0,0
191489,191488,2048,1,1025,278,278,0,171,256,215,41,0,0,256,1,512
191489,191488,1024,1,513,143,142,0,92,189,131,12,0,0,143,1,512
191489,191488,4096,1,37,9,9,0,6,13,9,0,0,0,9,0,0
191616,191616,1024,0,513,145,144,0,91,194,138,7,0,0,145,1,512
191617,191616,1024,1,513,145,144,0,93,192,138,7,0,0,145,1,512
191744,191744,2048,0,1025,286,285,0,177,256,216,40,0,0,256,1,512
191744,191744,1024,0,513,141,141,0,93,193,134,7,0,0,141,1,512
191745,191744,2048,1,1025,284,283,0,177,256,218,38,0,0,256,1,512
191745,191744,1024,1,513,139,139,0,92,191,132,7,0,0,139,1,512
191872,191872,1024,0,513,151,151,0,92,191,141,10,0,0,151,1,512
191873,191872,1024,1,513,149,149,0,89,189,139,10,0,0,149,1,512
192000,192000,2048,0,1025,287,286,0,175,256,184,72,0,0,256,1,512
192000,192000,1024,0,513,141,141,0,88,194,135,6,0,0,141,1,512
192000,192000,4096,0,37,8,7,0,5,8,7,1,0,0,8,1,512
