sample,frame_stamp,frame_size,channel,bins,peaks,phase,logarithmic,phase_reuse,predicted,matched,births,first_steps,fallback_steps,selected,snapshots,snapshot_reads,current_args,previous_args
128,128,1024,0,513,25,0,24,0,0,0,25,0,0,25,1,512,0,0
129,128,1024,1,513,25,0,24,0,0,0,25,0,0,25,1,512,0,0
256,256,2048,0,1025,47,0,46,0,0,0,47,0,0,47,1,512,0,0
256,256,1024,0,513,47,46,0,0,25,13,34,0,0,47,1,512,46,46
257,256,2048,1,1025,47,0,46,0,0,0,47,0,0,47,1,512,0,0
257,256,1024,1,513,47,46,0,0,25,13,34,0,0,47,1,512,46,46
384,384,1024,0,513,73,73,0,20,59,49,24,0,0,73,1,512,73,53
385,384,1024,1,513,72,71,0,19,59,47,25,0,0,72,1,512,71,52
512,512,2048,0,1025,98,97,0,0,47,33,65,0,0,98,1,512,97,97
512,512,1024,0,513,98,97,0,42,83,74,24,0,0,98,1,512,97,55
512,512,4096,0,37,1,0,1,0,0,0,1,0,0,1,1,512,0,0
513,512,2048,1,1025,100,99,0,0,47,32,68,0,0,100,1,512,99,99
513,512,1024,1,513,96,95,0,40,84,72,24,0,0,96,1,512,95,55
513,512,4096,1,37,2,0,2,0,0,0,2,0,0,2,1,512,0,0
640,640,1024,0,513,123,123,0,69,107,96,27,0,0,123,1,512,123,54
641,640,1024,1,513,125,125,0,67,108,97,28,0,0,125,1,512,125,58
768,768,2048,0,1025,146,145,0,37,112,98,48,0,0,146,1,512,145,108
768,768,1024,0,513,137,137,0,90,130,121,16,0,0,137,1,512,137,47
769,768,2048,1,1025,146,145,0,41,115,101,45,0,0,146,1,512,145,104
769,768,1024,1,513,139,139,0,89,133,124,15,0,0,139,1,512,139,50
896,896,1024,0,513,142,142,0,86,144,120,22,0,0,142,1,512,142,56
897,896,1024,1,513,141,141,0,90,146,123,18,0,0,141,1,512,141,51
1024,1024,2048,0,1025,186,185,0,98,160,146,40,0,0,186,1,512,185,87
1024,1024,1024,0,513,136,135,0,83,166,124,12,0,0,136,1,512,135,52
1024,1024,4096,0,37,2,2,0,0,1,1,1,0,0,2,1,512,2,2
1025,1024,2048,1,1025,186,185,0,98,160,146,40,0,0,186,1,512,185,87
1025,1024,1024,1,513,136,135,0,83,164,123,13,0,0,136,1,512,135,52
1025,1024,4096,1,37,2,2,0,0,2,1,1,0,0,2,1,512,2,2
1152,1152,1024,0,513,150,149,0,86,178,139,11,0,0,150,1,512,149,63
1153,1152,1024,1,513,149,148,0,87,177,139,10,0,0,149,1,512,148,61
1280,1280,2048,0,1025,229,228,0,129,200,186,43,0,0,229,1,512,228,99
1280,1280,1024,0,513,144,144,0,95,188,136,8,0,0,144,1,512,144,49
1281,1280,2048,1,1025,233,232,0,128,200,188,45,0,0,233,1,512,232,104
1281,1280,1024,1,513,143,143,0,93,186,134,9,0,0,143,1,512,143,50
1408,1408,1024,0,513,146,146,0,96,189,136,10,0,0,146,1,512,146,50
1409,1408,1024,1,513,146,146,0,96,188,136,10,0,0,146,1,512,146,50
1536,1536,2048,0,1025,278,278,0,179,238,188,68,0,0,256,1,512,278,99
1536,1536,1024,0,513,137,137,0,87,191,131,6,0,0,137,1,512,137,50
1536,1536,4096,0,37,3,3,0,1,2,2,1,0,0,3,1,512,3,2
1537,1536,2048,1,1025,279,278,0,180,242,188,68,0,0,256,1,512,278,98
1537,1536,1024,1,513,136,136,0,88,191,131,5,0,0,136,1,512,136,48
1537,1536,4096,1,37,2,2,0,2,3,2,0,0,0,2,0,0,2,0
1664,1664,1024,0,513,135,134,0,89,188,130,5,0,0,135,1,512,134,45
1665,1664,1024,1,513,135,134,0,90,186,130,5,0,0,135,1,512,134,44
1792,1792,2048,0,1025,290,290,0,181,256,163,93,0,0,256,1,512,290,109
1792,1792,1024,0,513,139,138,0,80,182,132,7,0,0,139,1,512,138,58
1793,1792,2048,1,1025,288,288,0,181,256,164,92,0,0,256,1,512,288,107
1793,1792,1024,1,513,139,138,0,80,180,131,8,0,0,139,1,512,138,58
1920,1920,1024,0,513,147,146,0,85,183,138,9,0,0,147,1,512,146,61
1921,1920,1024,1,513,147,146,0,84,183,138,9,0,0,147,1,512,146,62
2048,2048,2048,0,1025,292,292,0,175,256,139,117,0,0,256,1,512,292,117
2048,2048,1024,0,513,146,145,0,97,184,139,7,0,0,146,1,512,145,48
2048,2048,4096,0,37,3,3,0,3,3,3,0,0,0,3,0,0,3,0
2049,2048,2048,1,1025,291,291,0,178,256,144,112,0,0,256,1,512,291,113
2049,2048,1024,1,513,147,146,0,96,185,140,7,0,0,147,1,512,146,50
2049,2048,4096,1,37,2,2,0,1,3,2,0,0,0,2,0,0,2,1
2176,2176,1024,0,513,143,142,0,99,188,138,5,0,0,143,1,512,142,43
2177,2176,1024,1,513,141,140,0,97,190,137,4,0,0,141,1,512,140,43
2304,2304,2048,0,1025,288,287,0,169,256,142,114,0,0,256,1,512,287,118
2304,2304,1024,0,513,135,134,0,84,181,127,8,0,0,135,1,512,134,50
2305,2304,2048,1,1025,287,286,0,169,256,127,129,0,0,256,1,512,286,117
2305,2304,1024,1,513,133,132,0,83,182,126,7,0,0,133,1,512,132,49
2432,2432,1024,0,513,141,140,0,79,183,132,9,0,0,141,1,512,140,61
2433,2432,1024,1,513,140,139,0,79,183,131,9,0,0,140,1,512,139,60
2560,2560,2048,0,1025,283,282,0,188,256,107,149,0,0,256,1,512,282,94
2560,2560,1024,0,513,132,131,0,78,182,123,9,0,0,132,1,512,131,53
2560,2560,4096,0,37,4,4,0,2,3,3,1,0,0,4,1,512,4,2
2561,2560,2048,1,1025,281,280,0,189,256,113,143,0,0,256,1,512,280,91
2561,2560,1024,1,513,135,134,0,82,182,126,9,0,0,135,1,512,134,52
2561,2560,4096,1,37,3,3,0,2,3,3,0,0,0,3,0,0,3,1
2688,2688,1024,0,513,138,138,0,83,185,130,8,0,0,138,1,512,138,55
2689,2688,1024,1,513,138,138,0,86,184,130,8,0,0,138,1,512,138,52
2816,2816,2048,0,1025,283,282,0,182,256,104,152,0,0,256,1,512,282,100
2816,2816,1024,0,513,139,139,0,89,183,130,9,0,0,139,1,512,139,50
2817,2816,2048,1,1025,281,280,0,180,256,101,155,0,0,256,1,512,280,100
2817,2816,1024,1,513,140,140,0,88,182,130,10,0,0,140,1,512,140,52
2944,2944,1024,0,513,137,137,0,89,186,132,5,0,0,137,1,512,137,48
2945,2944,1024,1,513,137,137,0,90,186,132,5,0,0,137,1,512,137,47
3072,3072,2048,0,1025,286,285,0,172,256,121,135,0,0,256,1,512,285,113
3072,3072,1024,0,513,136,135,0,83,178,126,10,0,0,136,1,512,135,52
3072,3072,4096,0,37,4,4,0,3,4,4,0,0,0,4,0,0,4,1
3073,3072,2048,1,1025,285,284,0,172,256,132,124,0,0,256,1,512,284,112
3073,3072,1024,1,513,137,136,0,82,179,127,10,0,0,137,1,512,136,54
3073,3072,4096,1,37,4,4,0,3,3,3,1,0,0,4,1,512,4,1
3200,3200,1024,0,513,131,131,0,82,184,124,7,0,0,131,1,512,131,49
3201,3200,1024,1,513,130,130,0,84,185,124,6,0,0,130,1,512,130,46
3328,3328,2048,0,1025,283,283,0,185,256,83,173,0,0,256,1,512,283,98
3328,3328,1024,0,513,137,137,0,80,181,129,8,0,0,137,1,512,137,57
3329,3328,2048,1,1025,282,282,0,184,256,101,155,0,0,256,1,512,282,98
3329,3328,1024,1,513,137,137,0,81,181,129,8,0,0,137,1,512,137,56
3456,3456,1024,0,513,139,139,0,87,183,131,8,0,0,139,1,512,139,52
3457,3456,1024,1,513,139,139,0,86,182,131,8,0,0,139,1,512,139,53
3584,3584,2048,0,1025,274,274,0,185,256,81,175,0,0,256,1,512,274,89
3584,3584,1024,0,513,138,138,0,88,184,126,12,0,0,138,1,512,138,50
3584,3584,4096,0,37,7,6,0,4,4,4,3,0,0,7,1,512,6,2
3585,3584,2048,1,1025,273,273,0,186,256,85,171,0,0,256,1,512,273,87
3585,3584,1024,1,513,138,138,0,90,183,125,13,0,0,138,1,512,138,48
3585,3584,4096,1,37,5,4,0,3,4,3,2,0,0,5,1,512,4,1
3712,3712,1024,0,513,146,145,0,93,181,133,13,0,0,146,1,512,145,52
3713,3712,1024,1,513,145,144,0,93,181,132,13,0,0,145,1,512,144,51
3840,3840,2048,0,1025,277,277,0,159,256,110,146,0,0,256,1,512,277,118
3840,3840,1024,0,513,138,137,0,85,185,131,7,0,0,138,1,512,137,52
3841,3840,2048,1,1025,276,276,0,159,256,123,133,0,0,256,1,512,276,117
3841,3840,1024,1,513,139,138,0,85,185,132,7,0,0,139,1,512,138,53
3968,3968,1024,0,513,139,139,0,91,186,132,7,0,0,139,1,512,139,48
3969,3968,1024,1,513,140,140,0,91,186,132,8,0,0,140,1,512,140,49
4096,4096,2048,0,1025,292,292,0,181,256,137,119,0,0,256,1,512,292,111
4096,4096,1024,0,513,142,142,0,87,183,136,6,0,0,142,1,512,142,55
4096,4096,4096,0,37,9,9,0,6,7,6,3,0,0,9,1,512,9,3
4097,4096,2048,1,1025,292,292,0,180,256,140,116,0,0,256,1,512,292,112
4097,4096,1024,1,513,143,143,0,86,185,136,7,0,0,143,1,512,143,57
4097,4096,4096,1,37,9,9,0,4,6,5,4,0,0,9,1,512,9,5
4224,4224,1024,0,513,141,141,0,94,186,135,6,0,0,141,1,512,141,47
4225,4224,1024,1,513,141,141,0,96,188,136,5,0,0,141,1,512,141,45
4352,4352,2048,0,1025,286,286,0,180,256,87,169,0,0,256,1,512,286,106
4352,4352,1024,0,513,145,145,0,89,187,141,4,0,0,145,1,512,145,56
4353,4352,2048,1,1025,285,285,0,182,256,89,167,0,0,256,1,512,285,103
4353,4352,1024,1,513,144,144,0,90,188,140,4,0,0,144,1,512,144,54
4480,4480,1024,0,513,141,140,0,96,183,131,10,0,0,141,1,512,140,44
4481,4480,1024,1,513,141,140,0,94,184,132,9,0,0,141,1,512,140,46
4608,4608,2048,0,1025,270,270,0,169,256,122,134,0,0,256,1,512,270,101
4608,4608,1024,0,513,156,155,0,96,188,147,9,0,0,156,1,512,155,59
4608,4608,4096,0,37,9,8,0,5,10,8,1,0,0,9,1,512,8,3
4609,4608,2048,1,1025,271,271,0,168,256,89,167,0,0,256,1,512,271,103
4609,4608,1024,1,513,156,155,0,97,187,146,10,0,0,156,1,512,155,58
4609,4608,4096,1,37,6,6,0,5,10,6,0,0,0,6,0,0,6,1
4736,4736,1024,0,513,151,150,0,108,189,146,5,0,0,151,1,512,150,42
4737,4736,1024,1,513,149,148,0,103,189,145,4,0,0,149,1,512,148,45
4864,4864,2048,0,1025,267,267,0,163,256,173,83,0,0,256,1,512,267,104
4864,4864,1024,0,513,139,138,0,88,186,131,8,0,0,139,1,512,138,50
4865,4864,2048,1,1025,267,267,0,167,256,178,78,0,0,256,1,512,267,100
4865,4864,1024,1,513,136,135,0,83,185,128,8,0,0,136,1,512,135,52
4992,4992,1024,0,513,140,139,0,87,190,133,7,0,0,140,1,512,139,52
4993,4992,1024,1,513,139,138,0,85,189,133,6,0,0,139,1,512,138,53
5120,5120,2048,0,1025,281,280,0,164,256,95,161,0,0,256,1,512,280,116
5120,5120,1024,0,513,142,141,0,94,190,134,8,0,0,142,1,512,141,47
5120,5120,4096,0,37,8,7,0,6,11,8,0,0,0,8,0,0,7,1
5121,5120,2048,1,1025,280,279,0,166,256,102,154,0,0,256,1,512,279,113
5121,5120,1024,1,513,143,142,0,94,188,135,8,0,0,143,1,512,142,48
5121,5120,4096,1,37,9,8,0,2,10,7,2,0,0,9,1,512,8,6
5248,5248,1024,0,513,139,138,0,91,189,133,6,0,0,139,1,512,138,47
5249,5248,1024,1,513,141,140,0,88,187,135,6,0,0,141,1,512,140,52
5376,5376,2048,0,1025,276,275,0,172,256,215,41,0,0,256,1,512,275,103
5376,5376,1024,0,513,149,148,0,91,186,138,11,0,0,149,1,512,148,57
5377,5376,2048,1,1025,276,275,0,169,256,213,43,0,0,256,1,512,275,106
5377,5376,1024,1,513,150,149,0,93,184,138,12,0,0,150,1,512,149,56
5504,5504,1024,0,513,140,139,0,90,186,134,6,0,0,140,1,512,139,49
5505,5504,1024,1,513,141,140,0,95,187,136,5,0,0,141,1,512,140,45
5632,5632,2048,0,1025,281,280,0,178,256,119,137,0,0,256,1,512,280,102
5632,5632,1024,0,513,141,140,0,84,185,135,6,0,0,141,1,512,140,56
5632,5632,4096,0,37,8,8,0,6,11,8,0,0,0,8,0,0,8,2
5633,5632,2048,1,1025,279,278,0,177,256,126,130,0,0,256,1,512,278,101
5633,5632,1024,1,513,142,141,0,81,186,136,6,0,0,142,1,512,141,60
5633,5632,4096,1,37,10,9,0,7,11,9,1,0,0,10,1,512,9,2
5760,5760,1024,0,513,140,139,0,81,183,132,8,0,0,140,1,512,139,58
5761,5760,1024,1,513,140,139,0,83,184,132,8,0,0,140,1,512,139,56
5888,5888,2048,0,1025,286,285,0,177,256,177,79,0,0,256,1,512,285,108
5888,5888,1024,0,513,138,137,0,79,189,132,6,0,0,138,1,512,137,58
5889,5888,2048,1,1025,284,283,0,176,256,167,89,0,0,256,1,512,283,107
5889,5888,1024,1,513,139,138,0,81,190,134,5,0,0,139,1,512,138,57
6016,6016,1024,0,513,133,133,0,86,182,130,3,0,0,133,1,512,133,47
6017,6016,1024,1,513,133,133,0,88,183,130,3,0,0,133,1,512,133,45
6144,6144,2048,0,1025,293,292,0,189,256,194,62,0,0,256,1,512,292,103
6144,6144,1024,0,513,141,141,0,84,180,133,8,0,0,141,1,512,141,57
6144,6144,4096,0,37,10,10,0,6,11,9,1,0,0,10,1,512,10,4
6145,6144,2048,1,1025,289,288,0,189,256,217,39,0,0,256,1,512,288,99
6145,6144,1024,1,513,139,139,0,84,182,132,7,0,0,139,1,512,139,55
6145,6144,4096,1,37,7,7,0,4,12,7,0,0,0,7,0,0,7,3
6272,6272,1024,0,513,140,140,0,90,180,133,7,0,0,140,1,512,140,50
6273,6272,1024,1,513,140,140,0,89,180,134,6,0,0,140,1,512,140,51
6400,6400,2048,0,1025,272,271,0,189,256,129,127,0,0,256,1,512,271,82
6400,6400,1024,0,513,147,147,0,93,181,139,8,0,0,147,1,512,147,54
6401,6400,2048,1,1025,271,270,0,186,256,94,162,0,0,256,1,512,270,84
6401,6400,1024,1,513,147,147,0,93,180,138,9,0,0,147,1,512,147,54
6528,6528,1024,0,513,143,143,0,93,182,137,6,0,0,143,1,512,143,50
6529,6528,1024,1,513,144,144,0,94,181,138,6,0,0,144,1,512,144,50
6656,6656,2048,0,1025,285,285,0,169,256,119,137,0,0,256,1,512,285,116
6656,6656,1024,0,513,148,148,0,84,180,135,13,0,0,148,1,512,148,64
6656,6656,4096,0,37,9,9,0,6,12,9,0,0,0,9,0,0,9,3
6657,6656,2048,1,1025,284,284,0,170,256,97,159,0,0,256,1,512,284,114
6657,6656,1024,1,513,148,148,0,87,181,136,12,0,0,148,1,512,148,61
6657,6656,4096,1,37,8,8,0,6,11,8,0,0,0,8,0,0,8,2
6784,6784,1024,0,513,150,150,0,101,185,144,6,0,0,150,1,512,150,49
6785,6784,1024,1,513,150,150,0,101,185,144,6,0,0,150,1,512,150,49
6912,6912,2048,0,1025,283,282,0,182,256,207,49,0,0,256,1,512,282,100
6912,6912,1024,0,513,145,145,0,82,188,139,6,0,0,145,1,512,145,63
6913,6912,2048,1,1025,283,282,0,183,256,181,75,0,0,256,1,512,282,99
6913,6912,1024,1,513,144,144,0,82,188,139,5,0,0,144,1,512,144,62
7040,7040,1024,0,513,142,142,0,96,189,136,6,0,0,142,1,512,142,46
7041,7040,1024,1,513,139,139,0,94,188,134,5,0,0,139,1,512,139,45
7168,7168,2048,0,1025,288,287,0,179,256,220,36,0,0,256,1,512,287,108
7168,7168,1024,0,513,140,140,0,90,187,133,7,0,0,140,1,512,140,50
7168,7168,4096,0,37,9,8,0,7,12,9,0,0,0,9,0,0,8,1
7169,7168,2048,1,1025,289,288,0,181,256,220,36,0,0,256,1,512,288,107
7169,7168,1024,1,513,140,140,0,89,186,133,7,0,0,140,1,512,140,51
7169,7168,4096,1,37,7,6,0,4,11,7,0,0,0,7,0,0,6,2
7296,7296,1024,0,513,136,136,0,87,188,132,4,0,0,136,1,512,136,49
7297,7296,1024,1,513,138,138,0,90,187,133,5,0,0,138,1,512,138,48
7424,7424,2048,0,1025,283,283,0,173,256,169,87,0,0,256,1,512,283,110
7424,7424,1024,0,513,137,137,0,84,180,129,8,0,0,137,1,512,137,53
7425,7424,2048,1,1025,282,282,0,174,256,176,80,0,0,256,1,512,282,108
7425,7424,1024,1,513,137,137,0,83,179,130,7,0,0,137,1,512,137,54
7552,7552,1024,0,513,138,137,0,77,182,127,11,0,0,138,1,512,137,60
7553,7552,1024,1,513,140,139,0,78,180,129,11,0,0,140,1,512,139,61
7680,7680,2048,0,1025,280,279,0,171,256,214,42,0,0,256,1,512,279,108
7680,7680,1024,0,513,147,146,0,87,186,140,7,0,0,147,1,512,146,59
7680,7680,4096,0,37,11,10,0,6,12,11,0,0,0,11,0,0,10,4
7681,7680,2048,1,1025,279,278,0,171,256,201,55,0,0,256,1,512,278,107
7681,7680,1024,1,513,146,145,0,88,186,139,7,0,0,146,1,512,145,57
7681,7680,4096,1,37,7,6,0,4,11,7,0,0,0,7,0,0,6,2
7808,7808,1024,0,513,144,144,0,95,183,137,7,0,0,144,1,512,144,49
7809,7808,1024,1,513,145,145,0,94,184,139,6,0,0,145,1,512,145,51
7936,7936,2048,0,1025,283,282,0,178,256,175,81,0,0,256,1,512,282,104
7936,7936,1024,0,513,136,136,0,80,186,126,10,0,0,136,1,512,136,56
7937,7936,2048,1,1025,281,280,0,178,256,170,86,0,0,256,1,512,280,102
7937,7936,1024,1,513,132,132,0,81,186,124,8,0,0,132,1,512,132,51
8064,8064,1024,0,513,146,146,0,87,189,133,13,0,0,146,1,512,146,59
8065,8064,1024,1,513,146,146,0,86,186,132,14,0,0,146,1,512,146,60
8192,8192,2048,0,1025,282,282,0,179,256,211,45,0,0,256,1,512,282,103
8192,8192,1024,0,513,132,132,0,88,196,129,3,0,0,132,1,512,132,44
8192,8192,4096,0,37,10,10,0,6,12,9,1,0,0,10,1,512,10,4
8193,8192,2048,1,1025,281,281,0,175,256,209,47,0,0,256,1,512,281,106
8193,8192,1024,1,513,132,132,0,88,194,130,2,0,0,132,1,512,132,44
8193,8192,4096,1,37,9,8,0,5,10,8,1,0,0,9,1,512,8,3
8320,8320,1024,0,513,131,131,0,75,189,125,6,0,0,131,1,512,131,56
8321,8320,1024,1,513,129,129,0,76,186,124,5,0,0,129,1,512,129,53
8448,8448,2048,0,1025,274,273,0,175,256,183,73,0,0,256,1,512,273,98
8448,8448,1024,0,513,134,134,0,85,181,127,7,0,0,134,1,512,134,49
8449,8448,2048,1,1025,274,273,0,177,256,182,74,0,0,256,1,512,273,96
8449,8448,1024,1,513,133,133,0,85,176,125,8,0,0,133,1,512,133,48
8576,8576,1024,0,513,138,138,0,81,183,135,3,0,0,138,1,512,138,57
8577,8576,1024,1,513,138,138,0,83,180,135,3,0,0,138,1,512,138,55
8704,8704,2048,0,1025,277,276,0,169,256,158,98,0,0,256,1,512,276,107
8704,8704,1024,0,513,138,138,0,86,177,132,6,0,0,138,1,512,138,52
8704,8704,4096,0,37,9,8,0,8,13,9,0,0,0,9,0,0,8,0
8705,8704,2048,1,1025,275,274,0,170,256,177,79,0,0,256,1,512,274,104
8705,8704,1024,1,513,138,138,0,84,175,132,6,0,0,138,1,512,138,54
8705,8704,4096,1,37,7,6,0,6,11,7,0,0,0,7,0,0,6,0
8832,8832,1024,0,513,129,129,0,82,175,127,2,0,0,129,1,512,129,47
8833,8832,1024,1,513,130,130,0,80,174,128,2,0,0,130,1,512,130,50
8960,8960,2048,0,1025,278,277,0,160,256,132,124,0,0,256,1,512,277,117
8960,8960,1024,0,513,130,130,0,84,172,124,6,0,0,130,1,512,130,46
8961,8960,2048,1,1025,276,275,0,158,256,96,160,0,0,256,1,512,275,117
8961,8960,1024,1,513,133,133,0,84,172,127,6,0,0,133,1,512,133,49
9088,9088,1024,0,513,138,138,0,82,175,129,9,0,0,138,1,512,138,56
9089,9088,1024,1,513,138,138,0,86,175,130,8,0,0,138,1,512,138,52
9216,9216,2048,0,1025,277,276,0,169,256,191,65,0,0,256,1,512,276,107
9216,9216,1024,0,513,132,132,0,89,176,126,6,0,0,132,1,512,132,43
9216,9216,4096,0,37,10,9,0,6,13,8,2,0,0,10,1,512,9,3
9217,9216,2048,1,1025,279,278,0,169,256,165,91,0,0,256,1,512,278,109
9217,9216,1024,1,513,129,129,0,87,176,123,6,0,0,129,1,512,129,42
9217,9216,4096,1,37,7,6,0,3,10,7,0,0,0,7,0,0,6,3
9344,9344,1024,0,513,138,138,0,82,172,128,10,0,0,138,1,512,138,56
9345,9344,1024,1,513,138,138,0,82,171,127,11,0,0,138,1,512,138,56
9472,9472,2048,0,1025,279,278,0,189,256,153,103,0,0,256,1,512,278,89
9472,9472,1024,0,513,142,142,0,93,177,135,7,0,0,142,1,512,142,49
9473,9472,2048,1,1025,278,277,0,189,256,138,118,0,0,256,1,512,277,88
9473,9472,1024,1,513,142,142,0,94,178,135,7,0,0,142,1,512,142,48
9600,9600,1024,0,513,145,145,0,96,180,140,5,0,0,145,1,512,145,49
9601,9600,1024,1,513,146,146,0,98,179,141,5,0,0,146,1,512,146,48
9728,9728,2048,0,1025,273,273,0,178,256,110,146,0,0,256,1,512,273,95
9728,9728,1024,0,513,141,141,0,104,179,135,6,0,0,141,1,512,141,37
9728,9728,4096,0,37,9,9,0,6,15,9,0,0,0,9,0,0,9,3
9729,9728,2048,1,1025,271,271,0,178,256,136,120,0,0,256,1,512,271,93
9729,9728,1024,1,513,141,141,0,107,179,135,6,0,0,141,1,512,141,34
9729,9728,4096,1,37,7,6,0,2,9,7,0,0,0,7,0,0,6,4
9856,9856,1024,0,513,142,142,0,92,179,139,3,0,0,142,1,512,142,50
9857,9856,1024,1,513,143,143,0,91,179,140,3,0,0,143,1,512,143,52
9984,9984,2048,0,1025,287,286,0,173,256,213,43,0,0,256,1,512,286,113
9984,9984,1024,0,513,143,143,0,84,177,133,10,0,0,143,1,512,143,59
9985,9984,2048,1,1025,287,286,0,173,256,213,43,0,0,256,1,512,286,113
9985,9984,1024,1,513,142,142,0,81,177,132,10,0,0,142,1,512,142,61
10112,10112,1024,0,513,141,140,0,82,181,132,9,0,0,141,1,512,140,58
10113,10112,1024,1,513,139,138,0,83,181,130,9,0,0,139,1,512,138,55
10240,10240,2048,0,1025,282,281,0,179,256,163,93,0,0,256,1,512,281,102
10240,10240,1024,0,513,142,141,0,95,187,136,6,0,0,142,1,512,141,46
10240,10240,4096,0,37,10,9,0,7,14,10,0,0,0,10,0,0,9,2
10241,10240,2048,1,1025,281,280,0,181,256,135,121,0,0,256,1,512,280,99
10241,10240,1024,1,513,139,138,0,93,187,133,6,0,0,139,1,512,138,45
10241,10240,4096,1,37,8,8,0,4,9,7,1,0,0,8,1,512,8,4
10368,10368,1024,0,513,140,139,0,87,190,131,9,0,0,140,1,512,139,52
10369,10368,1024,1,513,140,139,0,84,190,131,9,0,0,140,1,512,139,55
10496,10496,2048,0,1025,279,278,0,174,256,84,172,0,0,256,1,512,278,104
10496,10496,1024,0,513,140,139,0,89,188,132,8,0,0,140,1,512,139,50
10497,10496,2048,1,1025,276,275,0,174,256,124,132,0,0,256,1,512,275,101
10497,10496,1024,1,513,139,138,0,89,187,131,8,0,0,139,1,512,138,49
10624,10624,1024,0,513,146,145,0,77,185,137,9,0,0,146,1,512,145,68
10625,10624,1024,1,513,145,144,0,78,183,137,8,0,0,145,1,512,144,66
10752,10752,2048,0,1025,278,277,0,168,256,166,90,0,0,256,1,512,277,109
10752,10752,1024,0,513,142,141,0,88,187,137,5,0,0,142,1,512,141,53
10752,10752,4096,0,37,9,8,0,5,14,9,0,0,0,9,0,0,8,3
10753,10752,2048,1,1025,279,278,0,168,256,126,130,0,0,256,1,512,278,110
10753,10752,1024,1,513,143,142,0,87,184,137,6,0,0,143,1,512,142,55
10753,10752,4096,1,37,7,7,0,6,9,7,0,0,0,7,0,0,7,1
10880,10880,1024,0,513,140,139,0,85,188,130,10,0,0,140,1,512,139,54
10881,10880,1024,1,513,141,140,0,86,185,129,12,0,0,141,1,512,140,54
11008,11008,2048,0,1025,276,275,0,174,256,209,47,0,0,256,1,512,275,101
11008,11008,1024,0,513,146,145,0,81,192,139,7,0,0,146,1,512,145,64
11009,11008,2048,1,1025,276,275,0,175,256,216,40,0,0,256,1,512,275,100
11009,11008,1024,1,513,147,146,0,83,191,140,7,0,0,147,1,512,146,63
11136,11136,1024,0,513,141,141,0,96,193,137,4,0,0,141,1,512,141,45
11137,11136,1024,1,513,142,142,0,95,194,138,4,0,0,142,1,512,142,47
11264,11264,2048,0,1025,286,285,0,181,256,197,59,0,0,256,1,512,285,104
11264,11264,1024,0,513,142,141,0,86,192,137,5,0,0,142,1,512,141,55
11264,11264,4096,0,37,10,10,0,5,14,9,1,0,0,10,1,512,10,5
11265,11264,2048,1,1025,285,284,0,183,256,208,48,0,0,256,1,512,284,101
11265,11264,1024,1,513,143,142,0,87,193,137,6,0,0,143,1,512,142,55
11265,11264,4096,1,37,8,8,0,5,9,7,1,0,0,8,1,512,8,3
11392,11392,1024,0,513,141,141,0,91,190,134,7,0,0,141,1,512,141,50
11393,11392,1024,1,513,140,140,0,92,191,133,7,0,0,140,1,512,140,48
11520,11520,2048,0,1025,293,292,0,188,256,212,44,0,0,256,1,512,292,104
11520,11520,1024,0,513,141,141,0,86,191,135,6,0,0,141,1,512,141,55
11521,11520,2048,1,1025,294,293,0,188,256,192,64,0,0,256,1,512,293,105
11521,11520,1024,1,513,139,139,0,86,192,133,6,0,0,139,1,512,139,53
11648,11648,1024,0,513,144,144,0,92,190,137,7,0,0,144,1,512,144,52
11649,11648,1024,1,513,143,143,0,90,191,136,7,0,0,143,1,512,143,53
11776,11776,2048,0,1025,294,294,0,194,256,205,51,0,0,256,1,512,294,100
11776,11776,1024,0,513,141,141,0,90,190,136,5,0,0,141,1,512,141,51
11776,11776,4096,0,37,9,9,0,6,13,9,0,0,0,9,0,0,9,3
11777,11776,2048,1,1025,293,293,0,194,256,216,40,0,0,256,1,512,293,99
11777,11776,1024,1,513,140,140,0,88,191,135,5,0,0,140,1,512,140,52
11777,11776,4096,1,37,8,8,0,4,10,8,0,0,0,8,0,0,8,4
11904,11904,1024,0,513,140,140,0,90,186,133,7,0,0,140,1,512,140,50
11905,11904,1024,1,513,143,143,0,93,186,137,6,0,0,143,1,512,143,50
12032,12032,2048,0,1025,283,283,0,174,256,219,37,0,0,256,1,512,283,109
12032,12032,1024,0,513,145,145,0,83,184,136,9,0,0,145,1,512,145,62
12033,12032,2048,1,1025,282,282,0,173,256,217,39,0,0,256,1,512,282,109
12033,12032,1024,1,513,146,146,0,84,182,136,10,0,0,146,1,512,146,62
12160,12160,1024,0,513,141,140,0,93,187,134,7,0,0,141,1,512,140,47
12161,12160,1024,1,513,142,141,0,93,186,134,8,0,0,142,1,512,141,48
12288,12288,2048,0,1025,269,269,0,181,256,216,40,0,0,256,1,512,269,88
12288,12288,1024,0,513,136,136,0,87,187,133,3,0,0,136,1,512,136,49
12288,12288,4096,0,37,8,8,0,8,13,8,0,0,0,8,0,0,8,0
12289,12288,2048,1,1025,270,270,0,181,256,207,49,0,0,256,1,512,270,89
12289,12288,1024,1,513,137,137,0,88,188,134,3,0,0,137,1,512,137,49
12289,12288,4096,1,37,6,6,0,4,10,6,0,0,0,6,0,0,6,2
12416,12416,1024,0,513,132,132,0,87,180,126,6,0,0,132,1,512,132,45
12417,12416,1024,1,513,134,134,0,90,182,128,6,0,0,134,1,512,134,44
12544,12544,2048,0,1025,279,279,0,163,256,187,69,0,0,256,1,512,279,116
12544,12544,1024,0,513,131,131,0,88,181,124,7,0,0,131,1,512,131,43
12545,12544,2048,1,1025,279,279,0,164,256,186,70,0,0,256,1,512,279,115
12545,12544,1024,1,513,131,131,0,90,182,125,6,0,0,131,1,512,131,41
12672,12672,1024,0,513,137,137,0,84,178,128,9,0,0,137,1,512,137,53
12673,12672,1024,1,513,137,137,0,84,179,129,8,0,0,137,1,512,137,53
12800,12800,2048,0,1025,283,283,0,182,256,192,64,0,0,256,1,512,283,101
12800,12800,1024,0,513,133,133,0,97,179,127,6,0,0,133,1,512,133,36
12800,12800,4096,0,37,9,9,0,5,11,8,1,0,0,9,1,512,9,4
12801,12800,2048,1,1025,284,284,0,183,256,185,71,0,0,256,1,512,284,101
12801,12800,1024,1,513,133,133,0,97,180,128,5,0,0,133,1,512,133,36
12801,12800,4096,1,37,7,7,0,5,10,7,0,0,0,7,0,0,7,2
12928,12928,1024,0,513,143,143,0,80,178,128,15,0,0,143,1,512,143,63
12929,12928,1024,1,513,143,143,0,81,177,128,15,0,0,143,1,512,143,62
13056,13056,2048,0,1025,276,276,0,180,256,53,203,0,0,256,1,512,276,96
13056,13056,1024,0,513,141,141,0,81,184,133,8,0,0,141,1,512,141,60
13057,13056,2048,1,1025,275,275,0,183,256,52,204,0,0,256,1,512,275,92
13057,13056,1024,1,513,144,144,0,84,183,137,7,0,0,144,1,512,144,60
13184,13184,1024,0,513,142,142,0,95,188,132,10,0,0,142,1,512,142,47
13185,13184,1024,1,513,143,143,0,96,186,133,10,0,0,143,1,512,143,47
13312,13312,2048,0,1025,274,273,0,180,256,174,82,0,0,256,1,512,273,93
13312,13312,1024,0,513,143,143,0,92,192,135,8,0,0,143,1,512,143,51
13312,13312,4096,0,37,8,8,0,7,11,8,0,0,0,8,0,0,8,1
13313,13312,2048,1,1025,271,270,0,180,256,180,76,0,0,256,1,512,270,90
13313,13312,1024,1,513,142,142,0,93,191,135,7,0,0,142,1,512,142,49
13313,13312,4096,1,37,7,7,0,5,9,7,0,0,0,7,0,0,7,2
13440,13440,1024,0,513,141,140,0,98,189,135,6,0,0,141,1,512,140,42
13441,13440,1024,1,513,140,139,0,98,188,134,6,0,0,140,1,512,139,41
13568,13568,2048,0,1025,291,290,0,158,256,220,36,0,0,256,1,512,290,132
13568,13568,1024,0,513,137,136,0,94,189,136,1,0,0,137,1,512,136,42
13569,13568,2048,1,1025,289,288,0,158,256,222,34,0,0,256,1,512,288,130
13569,13568,1024,1,513,136,135,0,93,189,134,2,0,0,136,1,512,135,42
13696,13696,1024,0,513,141,140,0,88,178,131,10,0,0,141,1,512,140,52
13697,13696,1024,1,513,140,139,0,91,179,133,7,0,0,140,1,512,139,48
13824,13824,2048,0,1025,287,286,0,190,256,186,70,0,0,256,1,512,286,96
13824,13824,1024,0,513,145,144,0,103,181,135,10,0,0,145,1,512,144,41
13824,13824,4096,0,37,11,10,0,6,11,9,2,0,0,11,1,512,10,4
13825,13824,2048,1,1025,286,285,0,191,256,186,70,0,0,256,1,512,285,94
13825,13824,1024,1,513,146,145,0,103,177,134,12,0,0,146,1,512,145,42
13825,13824,4096,1,37,8,7,0,3,9,7,1,0,0,8,1,512,7,4
13952,13952,1024,0,513,135,135,0,84,183,132,3,0,0,135,1,512,135,51
13953,13952,1024,1,513,134,134,0,85,182,131,3,0,0,134,1,512,134,49
14080,14080,2048,0,1025,276,275,0,179,256,183,73,0,0,256,1,512,275,96
14080,14080,1024,0,513,134,134,0,76,179,127,7,0,0,134,1,512,134,58
14081,14080,2048,1,1025,276,275,0,180,256,179,77,0,0,256,1,512,275,95
14081,14080,1024,1,513,133,133,0,76,178,126,7,0,0,133,1,512,133,57
14208,14208,1024,0,513,143,143,0,97,181,135,8,0,0,143,1,512,143,46
14209,14208,1024,1,513,142,142,0,98,180,135,7,0,0,142,1,512,142,44
14336,14336,2048,0,1025,283,283,0,161,256,76,180,0,0,256,1,512,283,122
14336,14336,1024,0,513,137,137,0,78,183,133,4,0,0,137,1,512,137,59
14336,14336,4096,0,37,10,10,0,7,13,8,2,0,0,10,1,512,10,3
14337,14336,2048,1,1025,279,279,0,161,256,130,126,0,0,256,1,512,279,118
14337,14336,1024,1,513,138,138,0,81,181,133,5,0,0,138,1,512,138,57
14337,14336,4096,1,37,7,6,0,4,10,6,1,0,0,7,1,512,6,2
14464,14464,1024,0,513,140,140,0,88,177,128,12,0,0,140,1,512,140,52
14465,14464,1024,1,513,139,139,0,89,177,129,10,0,0,139,1,512,139,50
14592,14592,2048,0,1025,276,276,0,182,256,177,79,0,0,256,1,512,276,94
14592,14592,1024,0,513,150,149,0,97,179,140,10,0,0,150,1,512,149,52
14593,14592,2048,1,1025,275,275,0,180,256,117,139,0,0,256,1,512,275,95
14593,14592,1024,1,513,149,148,0,94,177,139,10,0,0,149,1,512,148,54
14720,14720,1024,0,513,145,144,0,91,186,137,8,0,0,145,1,512,144,53
14721,14720,1024,1,513,145,144,0,92,184,137,8,0,0,145,1,512,144,52
14848,14848,2048,0,1025,276,276,0,166,256,204,52,0,0,256,1,512,276,110
14848,14848,1024,0,513,146,146,0,89,188,140,6,0,0,146,1,512,146,57
14848,14848,4096,0,37,12,12,0,8,15,12,0,0,0,12,0,0,12,4
14849,14848,2048,1,1025,275,275,0,167,256,205,51,0,0,256,1,512,275,108
14849,14848,1024,1,513,145,145,0,92,186,140,5,0,0,145,1,512,145,53
14849,14848,4096,1,37,8,8,0,5,11,8,0,0,0,8,0,0,8,3
14976,14976,1024,0,513,144,143,0,90,187,138,6,0,0,144,1,512,143,53
14977,14976,1024,1,513,143,142,0,89,186,137,6,0,0,143,1,512,142,53
15104,15104,2048,0,1025,278,277,0,177,256,198,58,0,0,256,1,512,277,100
15104,15104,1024,0,513,139,138,0,91,191,133,6,0,0,139,1,512,138,47
15105,15104,2048,1,1025,279,278,0,178,256,197,59,0,0,256,1,512,278,100
15105,15104,1024,1,513,140,139,0,91,190,134,6,0,0,140,1,512,139,48
15232,15232,1024,0,513,141,140,0,86,190,137,4,0,0,141,1,512,140,54
15233,15232,1024,1,513,139,138,0,88,190,137,2,0,0,139,1,512,138,50
15360,15360,2048,0,1025,279,278,0,172,256,186,70,0,0,256,1,512,278,106
15360,15360,1024,0,513,145,144,0,95,183,138,7,0,0,145,1,512,144,49
15360,15360,4096,0,37,8,8,0,7,15,8,0,0,0,8,0,0,8,1
15361,15360,2048,1,1025,278,277,0,174,256,185,71,0,0,256,1,512,277,103
15361,15360,1024,1,513,145,144,0,93,182,138,7,0,0,145,1,512,144,51
15361,15360,4096,1,37,9,8,0,5,10,9,0,0,0,9,0,0,8,3
15488,15488,1024,0,513,141,141,0,101,182,137,4,0,0,141,1,512,141,40
15489,15488,1024,1,513,141,141,0,102,182,138,3,0,0,141,1,512,141,39
15616,15616,2048,0,1025,282,281,0,172,256,205,51,0,0,256,1,512,281,109
15616,15616,1024,0,513,143,142,0,86,177,136,7,0,0,143,1,512,142,56
15617,15616,2048,1,1025,281,280,0,170,256,208,48,0,0,256,1,512,280,110
15617,15616,1024,1,513,144,143,0,84,176,136,8,0,0,144,1,512,143,59
15744,15744,1024,0,513,139,139,0,79,179,130,9,0,0,139,1,512,139,60
15745,15744,1024,1,513,138,138,0,81,179,129,9,0,0,138,1,512,138,57
15872,15872,2048,0,1025,293,292,0,182,256,184,72,0,0,256,1,512,292,110
15872,15872,1024,0,513,126,126,0,77,184,123,3,0,0,126,1,512,126,49
15872,15872,4096,0,37,9,8,0,4,15,9,0,0,0,9,0,0,8,4
15873,15872,2048,1,1025,294,293,0,183,256,169,87,0,0,256,1,512,293,110
15873,15872,1024,1,513,127,127,0,74,184,124,3,0,0,127,1,512,127,53
15873,15872,4096,1,37,6,5,0,5,10,6,0,0,0,6,0,0,5,0
16000,16000,1024,0,513,143,143,0,76,181,134,9,0,0,143,1,512,143,67
16001,16000,1024,1,513,143,143,0,79,182,136,7,0,0,143,1,512,143,64
16128,16128,2048,0,1025,280,280,0,199,256,157,99,0,0,256,1,512,280,81
16128,16128,1024,0,513,147,147,0,98,184,135,12,0,0,147,1,512,147,49
16129,16128,2048,1,1025,281,281,0,200,256,119,137,0,0,256,1,512,281,81
16129,16128,1024,1,513,146,146,0,102,183,134,12,0,0,146,1,512,146,44
16256,16256,1024,0,513,136,135,0,86,191,128,8,0,0,136,1,512,135,49
16257,16256,1024,1,513,137,136,0,86,190,128,9,0,0,137,1,512,136,50
16384,16384,2048,0,1025,295,295,0,176,256,152,104,0,0,256,1,512,295,119
16384,16384,1024,0,513,142,141,0,81,188,131,11,0,0,142,1,512,141,60
16384,16384,4096,0,37,9,8,0,8,13,9,0,0,0,9,0,0,8,0
16385,16384,2048,1,1025,293,293,0,175,256,185,71,0,0,256,1,512,293,118
16385,16384,1024,1,513,141,140,0,83,187,131,10,0,0,141,1,512,140,57
16385,16384,4096,1,37,6,5,0,4,9,6,0,0,0,6,0,0,5,1
16512,16512,1024,0,513,145,144,0,88,194,138,7,0,0,145,1,512,144,56
16513,16512,1024,1,513,144,143,0,86,193,136,8,0,0,144,1,512,143,57
16640,16640,2048,0,1025,288,288,0,189,256,194,62,0,0,256,1,512,288,99
16640,16640,1024,0,513,138,137,0,74,197,132,6,0,0,138,1,512,137,63
16641,16640,2048,1,1025,287,287,0,190,256,184,72,0,0,256,1,512,287,97
16641,16640,1024,1,513,140,139,0,74,197,134,6,0,0,140,1,512,139,65
16768,16768,1024,0,513,142,141,0,78,188,134,8,0,0,142,1,512,141,63
16769,16768,1024,1,513,140,139,0,82,189,133,7,0,0,140,1,512,139,57
16896,16896,2048,0,1025,295,295,0,178,256,154,102,0,0,256,1,512,295,117
16896,16896,1024,0,513,140,140,0,90,188,132,8,0,0,140,1,512,140,50
16896,16896,4096,0,37,9,8,0,5,13,8,1,0,0,9,1,512,8,3
16897,16896,2048,1,1025,293,293,0,176,256,191,65,0,0,256,1,512,293,117
16897,16896,1024,1,513,140,140,0,89,188,133,7,0,0,140,1,512,140,51
16897,16896,4096,1,37,8,7,0,4,9,7,1,0,0,8,1,512,7,3
17024,17024,1024,0,513,137,137,0,91,187,129,8,0,0,137,1,512,137,46
17025,17024,1024,1,513,137,137,0,91,186,130,7,0,0,137,1,512,137,46
17152,17152,2048,0,1025,285,285,0,187,256,177,79,0,0,256,1,512,285,98
17152,17152,1024,0,513,145,145,0,85,185,138,7,0,0,145,1,512,145,60
17153,17152,2048,1,1025,283,283,0,185,256,173,83,0,0,256,1,512,283,98
17153,17152,1024,1,513,144,144,0,88,182,137,7,0,0,144,1,512,144,56
17280,17280,1024,0,513,148,147,0,99,187,136,12,0,0,148,1,512,147,48
17281,17280,1024,1,513,145,144,0,95,184,132,13,0,0,145,1,512,144,49
17408,17408,2048,0,1025,280,280,0,179,256,216,40,0,0,256,1,512,280,101
17408,17408,1024,0,513,142,142,0,90,191,134,8,0,0,142,1,512,142,52
17408,17408,4096,0,37,11,10,0,7,11,9,2,0,0,11,1,512,10,3
17409,17408,2048,1,1025,279,279,0,177,256,212,44,0,0,256,1,512,279,102
17409,17408,1024,1,513,142,142,0,86,190,133,9,0,0,142,1,512,142,56
17409,17408,4096,1,37,9,8,0,5,10,9,0,0,0,9,0,0,8,3
17536,17536,1024,0,513,141,141,0,83,191,135,6,0,0,141,1,512,141,58
17537,17536,1024,1,513,142,142,0,83,191,136,6,0,0,142,1,512,142,59
17664,17664,2048,0,1025,281,281,0,162,256,205,51,0,0,256,1,512,281,119
17664,17664,1024,0,513,140,140,0,92,189,132,8,0,0,140,1,512,140,48
17665,17664,2048,1,1025,281,281,0,164,256,215,41,0,0,256,1,512,281,117
17665,17664,1024,1,513,140,140,0,95,190,132,8,0,0,140,1,512,140,45
17792,17792,1024,0,513,144,144,0,87,190,133,11,0,0,144,1,512,144,57
17793,17792,1024,1,513,145,145,0,88,191,134,11,0,0,145,1,512,145,57
17920,17920,2048,0,1025,275,275,0,174,256,190,66,0,0,256,1,512,275,101
17920,17920,1024,0,513,141,141,0,84,191,132,9,0,0,141,1,512,141,57
17920,17920,4096,0,37,10,9,0,6,13,10,0,0,0,10,0,0,9,3
17921,17920,2048,1,1025,274,274,0,171,256,187,69,0,0,256,1,512,274,103
17921,17920,1024,1,513,143,143,0,85,193,134,9,0,0,143,1,512,143,58
17921,17920,4096,1,37,7,7,0,4,10,7,0,0,0,7,0,0,7,3
18048,18048,1024,0,513,144,143,0,88,194,135,9,0,0,144,1,512,143,55
18049,18048,1024,1,513,145,144,0,90,196,138,7,0,0,145,1,512,144,54
18176,18176,2048,0,1025,286,285,0,161,256,113,143,0,0,256,1,512,285,124
18176,18176,1024,0,513,136,136,0,93,189,129,7,0,0,136,1,512,136,43
18177,18176,2048,1,1025,284,283,0,161,256,133,123,0,0,256,1,512,283,122
18177,18176,1024,1,513,137,137,0,93,189,130,7,0,0,137,1,512,137,44
18304,18304,1024,0,513,139,139,0,84,189,131,8,0,0,139,1,512,139,55
18305,18304,1024,1,513,138,138,0,84,190,131,7,0,0,138,1,512,138,54
18432,18432,2048,0,1025,287,286,0,191,256,177,79,0,0,256,1,512,286,95
18432,18432,1024,0,513,139,138,0,88,185,134,5,0,0,139,1,512,138,50
18432,18432,4096,0,37,9,9,0,5,13,8,1,0,0,9,1,512,9,4
18433,18432,2048,1,1025,286,285,0,192,256,149,107,0,0,256,1,512,285,93
18433,18432,1024,1,513,138,137,0,86,185,133,5,0,0,138,1,512,137,51
18433,18432,4096,1,37,6,6,0,6,10,6,0,0,0,6,0,0,6,0
18560,18560,1024,0,513,145,144,0,89,185,135,10,0,0,145,1,512,144,55
18561,18560,1024,1,513,145,144,0,89,186,136,9,0,0,145,1,512,144,55
18688,18688,2048,0,1025,280,279,0,185,256,217,39,0,0,256,1,512,279,94
18688,18688,1024,0,513,140,140,0,90,183,134,6,0,0,140,1,512,140,50
18689,18688,2048,1,1025,280,279,0,188,256,202,54,0,0,256,1,512,279,91
18689,18688,1024,1,513,139,139,0,89,183,133,6,0,0,139,1,512,139,50
18816,18816,1024,0,513,139,139,0,88,182,133,6,0,0,139,1,512,139,51
18817,18816,1024,1,513,141,141,0,89,182,136,5,0,0,141,1,512,141,52
18944,18944,2048,0,1025,292,291,0,184,256,193,63,0,0,256,1,512,291,107
18944,18944,1024,0,513,139,139,0,97,184,132,7,0,0,139,1,512,139,42
18944,18944,4096,0,37,9,8,0,6,14,9,0,0,0,9,0,0,8,2
18945,18944,2048,1,1025,291,290,0,184,256,203,53,0,0,256,1,512,290,106
18945,18944,1024,1,513,139,139,0,98,183,131,8,0,0,139,1,512,139,41
18945,18944,4096,1,37,6,6,0,3,10,6,0,0,0,6,0,0,6,3
19072,19072,1024,0,513,145,145,0,90,181,135,10,0,0,145,1,512,145,55
19073,19072,1024,1,513,146,146,0,90,180,136,10,0,0,146,1,512,146,56
19200,19200,2048,0,1025,275,274,0,177,256,203,53,0,0,256,1,512,274,97
19200,19200,1024,0,513,142,142,0,91,185,137,5,0,0,142,1,512,142,51
19201,19200,2048,1,1025,274,273,0,174,256,208,48,0,0,256,1,512,273,99
19201,19200,1024,1,513,144,144,0,94,185,139,5,0,0,144,1,512,144,50
19328,19328,1024,0,513,141,141,0,78,182,132,9,0,0,141,1,512,141,63
19329,19328,1024,1,513,141,141,0,77,183,133,8,0,0,141,1,512,141,64
19456,19456,2048,0,1025,287,286,0,164,256,167,89,0,0,256,1,512,286,122
19456,19456,1024,0,513,146,146,0,91,188,139,7,0,0,146,1,512,146,55
19456,19456,4096,0,37,12,11,0,5,13,12,0,0,0,12,0,0,11,6
19457,19456,2048,1,1025,287,286,0,167,256,162,94,0,0,256,1,512,286,119
19457,19456,1024,1,513,147,147,0,94,188,138,9,0,0,147,1,512,147,53
19457,19456,4096,1,37,8,8,0,4,10,7,1,0,0,8,1,512,8,4
19584,19584,1024,0,513,140,140,0,85,186,133,7,0,0,140,1,512,140,55
19585,19584,1024,1,513,141,141,0,86,188,135,6,0,0,141,1,512,141,55
19712,19712,2048,0,1025,272,272,0,174,256,198,58,0,0,256,1,512,272,98
19712,19712,1024,0,513,146,146,0,94,187,138,8,0,0,146,1,512,146,52
19713,19712,2048,1,1025,272,272,0,176,256,199,57,0,0,256,1,512,272,96
19713,19712,1024,1,513,146,146,0,97,188,138,8,0,0,146,1,512,146,49
19840,19840,1024,0,513,141,141,0,100,187,137,4,0,0,141,1,512,141,41
19841,19840,1024,1,513,141,141,0,99,188,137,4,0,0,141,1,512,141,42
19968,19968,2048,0,1025,268,268,0,175,256,212,44,0,0,256,1,512,268,93
19968,19968,1024,0,513,147,147,0,94,184,139,8,0,0,147,1,512,147,53
19968,19968,4096,0,37,9,9,0,5,13,9,0,0,0,9,0,0,9,4
19969,19968,2048,1,1025,268,268,0,177,256,213,43,0,0,256,1,512,268,91
19969,19968,1024,1,513,146,146,0,95,185,138,8,0,0,146,1,512,146,51
19969,19968,4096,1,37,8,7,0,6,9,7,1,0,0,8,1,512,7,1
20096,20096,1024,0,513,140,140,0,92,184,134,6,0,0,140,1,512,140,48
20097,20096,1024,1,513,140,140,0,91,185,134,6,0,0,140,1,512,140,49
20224,20224,2048,0,1025,284,284,0,178,256,180,76,0,0,256,1,512,284,106
20224,20224,1024,0,513,142,142,0,85,183,132,10,0,0,142,1,512,142,57
20225,20224,2048,1,1025,285,285,0,177,256,165,91,0,0,256,1,512,285,108
20225,20224,1024,1,513,141,141,0,85,183,132,9,0,0,141,1,512,141,56
20352,20352,1024,0,513,137,137,0,88,187,133,4,0,0,137,1,512,137,49
20353,20352,1024,1,513,138,138,0,89,186,134,4,0,0,138,1,512,138,49
20480,20480,2048,0,1025,285,285,0,191,256,204,52,0,0,256,1,512,285,94
20480,20480,1024,0,513,138,138,0,82,183,128,10,0,0,138,1,512,138,56
20480,20480,4096,0,37,10,10,0,6,13,9,1,0,0,10,1,512,10,4
20481,20480,2048,1,1025,283,283,0,192,256,218,38,0,0,256,1,512,283,91
20481,20480,1024,1,513,137,137,0,80,182,128,9,0,0,137,1,512,137,57
20481,20480,4096,1,37,8,7,0,4,10,7,1,0,0,8,1,512,7,3
20608,20608,1024,0,513,140,140,0,94,185,136,4,0,0,140,1,512,140,46
20609,20608,1024,1,513,140,140,0,94,184,136,4,0,0,140,1,512,140,46
20736,20736,2048,0,1025,288,288,0,174,256,189,67,0,0,256,1,512,288,114
20736,20736,1024,0,513,137,137,0,81,183,128,9,0,0,137,1,512,137,56
20737,20736,2048,1,1025,288,288,0,176,256,182,74,0,0,256,1,512,288,112
20737,20736,1024,1,513,137,137,0,82,182,129,8,0,0,137,1,512,137,55
20864,20864,1024,0,513,135,135,0,89,184,125,10,0,0,135,1,512,135,46
20865,20864,1024,1,513,135,135,0,89,184,126,9,0,0,135,1,512,135,46
20992,20992,2048,0,1025,285,285,0,177,256,182,74,0,0,256,1,512,285,108
20992,20992,1024,0,513,139,139,0,97,183,131,8,0,0,139,1,512,139,42
20992,20992,4096,0,37,11,10,0,7,14,11,0,0,0,11,0,0,10,3
20993,20992,2048,1,1025,285,285,0,180,256,184,72,0,0,256,1,512,285,105
20993,20992,1024,1,513,139,139,0,98,182,131,8,0,0,139,1,512,139,41
20993,20992,4096,1,37,8,7,0,5,11,8,0,0,0,8,0,0,7,2
21120,21120,1024,0,513,145,145,0,90,187,136,9,0,0,145,1,512,145,55
21121,21120,1024,1,513,145,145,0,89,186,136,9,0,0,145,1,512,145,56
21248,21248,2048,0,1025,275,275,0,182,256,154,102,0,0,256,1,512,275,93
21248,21248,1024,0,513,148,147,0,91,188,143,5,0,0,148,1,512,147,56
21249,21248,2048,1,1025,275,275,0,182,256,153,103,0,0,256,1,512,275,93
21249,21248,1024,1,513,149,148,0,93,187,144,5,0,0,149,1,512,148,55
21376,21376,1024,0,513,142,142,0,89,184,134,8,0,0,142,1,512,142,53
21377,21376,1024,1,513,144,144,0,91,183,136,8,0,0,144,1,512,144,53
21504,21504,2048,0,1025,276,276,0,176,256,190,66,0,0,256,1,512,276,100
21504,21504,1024,0,513,146,146,0,86,186,139,7,0,0,146,1,512,146,60
21504,21504,4096,0,37,10,9,0,7,14,10,0,0,0,10,0,0,9,2
21505,21504,2048,1,1025,275,275,0,174,256,204,52,0,0,256,1,512,275,101
21505,21504,1024,1,513,148,148,0,88,186,142,6,0,0,148,1,512,148,60
21505,21504,4096,1,37,7,6,0,3,11,7,0,0,0,7,0,0,6,3
21632,21632,1024,0,513,143,143,0,83,190,135,8,0,0,143,1,512,143,60
21633,21632,1024,1,513,143,143,0,88,190,135,8,0,0,143,1,512,143,55
21760,21760,2048,0,1025,284,284,0,171,256,181,75,0,0,256,1,512,284,113
21760,21760,1024,0,513,149,148,0,94,193,145,4,0,0,149,1,512,148,54
21761,21760,2048,1,1025,283,283,0,170,256,193,63,0,0,256,1,512,283,113
21761,21760,1024,1,513,150,149,0,96,193,146,4,0,0,150,1,512,149,53
21888,21888,1024,0,513,147,146,0,99,188,139,8,0,0,147,1,512,146,47
21889,21888,1024,1,513,145,144,0,98,187,138,7,0,0,145,1,512,144,46
22016,22016,2048,0,1025,292,292,0,176,256,147,109,0,0,256,1,512,292,116
22016,22016,1024,0,513,146,145,0,92,188,141,5,0,0,146,1,512,145,53
22016,22016,4096,0,37,7,6,0,6,13,7,0,0,0,7,0,0,6,0
22017,22016,2048,1,1025,291,291,0,176,256,154,102,0,0,256,1,512,291,115
22017,22016,1024,1,513,143,142,0,92,186,138,5,0,0,143,1,512,142,50
22017,22016,4096,1,37,7,6,0,4,11,7,0,0,0,7,0,0,6,2
22144,22144,1024,0,513,146,145,0,88,187,135,11,0,0,146,1,512,145,57
22145,22144,1024,1,513,146,145,0,86,185,136,10,0,0,146,1,512,145,59
22272,22272,2048,0,1025,287,287,0,185,256,176,80,0,0,256,1,512,287,102
22272,22272,1024,0,513,136,136,0,87,191,132,4,0,0,136,1,512,136,49
22273,22272,2048,1,1025,285,285,0,186,256,197,59,0,0,256,1,512,285,99
22273,22272,1024,1,513,136,136,0,89,189,132,4,0,0,136,1,512,136,47
22400,22400,1024,0,513,138,138,0,96,187,127,11,0,0,138,1,512,138,42
22401,22400,1024,1,513,141,141,0,95,185,129,12,0,0,141,1,512,141,46
22528,22528,2048,0,1025,275,275,0,176,256,160,96,0,0,256,1,512,275,99
22528,22528,1024,0,513,134,134,0,80,191,126,8,0,0,134,1,512,134,54
22528,22528,4096,0,37,10,9,0,5,12,10,0,0,0,10,0,0,9,4
22529,22528,2048,1,1025,274,274,0,180,256,146,110,0,0,256,1,512,274,94
22529,22528,1024,1,513,135,135,0,82,190,127,8,0,0,135,1,512,135,53
22529,22528,4096,1,37,7,6,0,4,9,7,0,0,0,7,0,0,6,2
22656,22656,1024,0,513,142,142,0,83,188,135,7,0,0,142,1,512,142,59
22657,22656,1024,1,513,143,143,0,81,188,135,8,0,0,143,1,512,143,62
22784,22784,2048,0,1025,289,288,0,175,256,182,74,0,0,256,1,512,288,113
22784,22784,1024,0,513,140,140,0,85,188,135,5,0,0,140,1,512,140,55
22785,22784,2048,1,1025,287,286,0,175,256,198,58,0,0,256,1,512,286,111
22785,22784,1024,1,513,142,142,0,87,189,137,5,0,0,142,1,512,142,55
22912,22912,1024,0,513,133,133,0,91,186,126,7,0,0,133,1,512,133,42
22913,22912,1024,1,513,134,134,0,92,186,127,7,0,0,134,1,512,134,42
23040,23040,2048,0,1025,291,290,0,188,256,186,70,0,0,256,1,512,290,102
23040,23040,1024,0,513,142,142,0,75,185,131,11,0,0,142,1,512,142,67
23040,23040,4096,0,37,7,7,0,5,12,7,0,0,0,7,0,0,7,2
23041,23040,2048,1,1025,290,289,0,189,256,172,84,0,0,256,1,512,289,100
23041,23040,1024,1,513,142,142,0,78,185,131,11,0,0,142,1,512,142,64
23041,23040,4096,1,37,8,8,0,6,9,7,1,0,0,8,1,512,8,2
23168,23168,1024,0,513,132,132,0,93,192,127,5,0,0,132,1,512,132,39
23169,23168,1024,1,513,132,132,0,92,192,127,5,0,0,132,1,512,132,40
23296,23296,2048,0,1025,281,280,0,177,256,177,79,0,0,256,1,512,280,103
23296,23296,1024,0,513,137,137,0,93,189,130,7,0,0,137,1,512,137,44
23297,23296,2048,1,1025,282,281,0,178,256,173,83,0,0,256,1,512,281,103
23297,23296,1024,1,513,140,140,0,93,190,133,7,0,0,140,1,512,140,47
23424,23424,1024,0,513,138,138,0,78,181,131,7,0,0,138,1,512,138,60
23425,23424,1024,1,513,138,138,0,80,182,131,7,0,0,138,1,512,138,58
23552,23552,2048,0,1025,280,280,0,172,256,191,65,0,0,256,1,512,280,108
23552,23552,1024,0,513,137,137,0,83,178,130,7,0,0,137,1,512,137,54
23552,23552,4096,0,37,10,9,0,7,11,9,1,0,0,10,1,512,9,2
23553,23552,2048,1,1025,279,279,0,172,256,201,55,0,0,256,1,512,279,107
23553,23552,1024,1,513,137,137,0,84,179,130,7,0,0,137,1,512,137,53
23553,23552,4096,1,37,9,8,0,3,10,8,1,0,0,9,1,512,8,5
23680,23680,1024,0,513,150,150,0,87,177,139,11,0,0,150,1,512,150,63
23681,23680,1024,1,513,149,149,0,89,178,139,10,0,0,149,1,512,149,60
23808,23808,2048,0,1025,279,279,0,168,256,198,58,0,0,256,1,512,279,111
23808,23808,1024,0,513,146,146,0,95,185,133,13,0,0,146,1,512,146,51
23809,23808,2048,1,1025,280,280,0,170,256,185,71,0,0,256,1,512,280,110
23809,23808,1024,1,513,146,146,0,92,185,133,13,0,0,146,1,512,146,54
23936,23936,1024,0,513,138,138,0,85,194,133,5,0,0,138,1,512,138,53
23937,23936,1024,1,513,140,140,0,88,194,134,6,0,0,140,1,512,140,52
24064,24064,2048,0,1025,275,275,0,185,256,185,71,0,0,256,1,512,275,90
24064,24064,1024,0,513,143,143,0,82,193,140,3,0,0,143,1,512,143,61
24064,24064,4096,0,37,9,9,0,6,12,9,0,0,0,9,0,0,9,3
24065,24064,2048,1,1025,275,275,0,184,256,198,58,0,0,256,1,512,275,91
24065,24064,1024,1,513,143,143,0,80,193,140,3,0,0,143,1,512,143,63
24065,24064,4096,1,37,10,9,0,5,11,9,1,0,0,10,1,512,9,4
24192,24192,1024,0,513,149,149,0,95,190,142,7,0,0,149,1,512,149,54
24193,24192,1024,1,513,146,146,0,92,189,139,7,0,0,146,1,512,146,54
24320,24320,2048,0,1025,282,282,0,171,256,200,56,0,0,256,1,512,282,111
24320,24320,1024,0,513,137,137,0,89,187,132,5,0,0,137,1,512,137,48
24321,24320,2048,1,1025,281,281,0,171,256,218,38,0,0,256,1,512,281,110
24321,24320,1024,1,513,139,139,0,88,186,132,7,0,0,139,1,512,139,51
24448,24448,1024,0,513,148,148,0,85,183,136,12,0,0,148,1,512,148,63
24449,24448,1024,1,513,147,147,0,85,184,136,11,0,0,147,1,512,147,62
24576,24576,2048,0,1025,289,289,0,168,256,186,70,0,0,256,1,512,289,121
24576,24576,1024,0,513,141,141,0,92,189,137,4,0,0,141,1,512,141,49
24576,24576,4096,0,37,10,9,0,5,12,9,1,0,0,10,1,512,9,4
24577,24576,2048,1,1025,288,288,0,167,256,179,77,0,0,256,1,512,288,121
24577,24576,1024,1,513,141,141,0,91,189,137,4,0,0,141,1,512,141,50
24577,24576,4096,1,37,7,6,0,4,11,7,0,0,0,7,0,0,6,2
24704,24704,1024,0,513,140,139,0,95,188,133,7,0,0,140,1,512,139,44
24705,24704,1024,1,513,141,140,0,100,187,134,7,0,0,141,1,512,140,40
24832,24832,2048,0,1025,284,283,0,174,256,162,94,0,0,256,1,512,283,109
24832,24832,1024,0,513,141,140,0,82,189,132,9,0,0,141,1,512,140,58
24833,24832,2048,1,1025,285,284,0,173,256,139,117,0,0,256,1,512,284,111
24833,24832,1024,1,513,140,139,0,82,188,132,8,0,0,140,1,512,139,57
24960,24960,1024,0,513,140,140,0,94,191,132,8,0,0,140,1,512,140,46
24961,24960,1024,1,513,141,141,0,95,189,133,8,0,0,141,1,512,141,46
25088,25088,2048,0,1025,281,280,0,171,256,205,51,0,0,256,1,512,280,109
25088,25088,1024,0,513,142,142,0,88,193,133,9,0,0,142,1,512,142,54
25088,25088,4096,0,37,8,7,0,5,13,8,0,0,0,8,0,0,7,2
25089,25088,2048,1,1025,280,279,0,167,256,214,42,0,0,256,1,512,279,112
25089,25088,1024,1,513,142,142,0,87,190,132,10,0,0,142,1,512,142,55
25089,25088,4096,1,37,7,6,0,6,11,7,0,0,0,7,0,0,6,0
25216,25216,1024,0,513,141,141,0,93,194,134,7,0,0,141,1,512,141,48
25217,25216,1024,1,513,141,141,0,95,193,134,7,0,0,141,1,512,141,46
25344,25344,2048,0,1025,278,278,0,171,256,115,141,0,0,256,1,512,278,107
25344,25344,1024,0,513,145,144,0,86,192,139,6,0,0,145,1,512,144,58
25345,25344,2048,1,1025,277,276,0,171,256,147,109,0,0,256,1,512,276,105
25345,25344,1024,1,513,146,145,0,84,191,139,7,0,0,146,1,512,145,61
25472,25472,1024,0,513,147,146,0,84,186,136,11,0,0,147,1,512,146,62
25473,25472,1024,1,513,147,146,0,86,187,135,12,0,0,147,1,512,146,60
25600,25600,2048,0,1025,263,263,0,161,256,124,132,0,0,256,1,512,263,102
25600,25600,1024,0,513,144,143,0,96,190,142,2,0,0,144,1,512,143,47
25600,25600,4096,0,37,8,8,0,6,13,8,0,0,0,8,0,0,8,2
25601,25600,2048,1,1025,263,263,0,161,256,111,145,0,0,256,1,512,263,102
25601,25600,1024,1,513,145,144,0,97,192,143,2,0,0,145,1,512,144,47
25601,25600,4096,1,37,8,8,0,4,11,8,0,0,0,8,0,0,8,4
25728,25728,1024,0,513,143,142,0,90,187,135,8,0,0,143,1,512,142,52
25729,25728,1024,1,513,141,140,0,89,190,133,8,0,0,141,1,512,140,51
25856,25856,2048,0,1025,282,282,0,172,256,128,128,0,0,256,1,512,282,110
25856,25856,1024,0,513,143,142,0,86,191,134,9,0,0,143,1,512,142,56
25857,25856,2048,1,1025,282,282,0,174,256,125,131,0,0,256,1,512,282,108
25857,25856,1024,1,513,144,143,0,85,193,136,8,0,0,144,1,512,143,58
25984,25984,1024,0,513,143,142,0,86,194,136,7,0,0,143,1,512,142,56
25985,25984,1024,1,513,144,143,0,88,195,138,6,0,0,144,1,512,143,55
26112,26112,2048,0,1025,293,292,0,191,256,198,58,0,0,256,1,512,292,101
26112,26112,1024,0,513,137,136,0,91,195,130,7,0,0,137,1,512,136,45
26112,26112,4096,0,37,10,10,0,5,12,10,0,0,0,10,0,0,10,5
26113,26112,2048,1,1025,290,289,0,189,256,212,44,0,0,256,1,512,289,100
26113,26112,1024,1,513,137,136,0,90,195,131,6,0,0,137,1,512,136,46
26113,26112,4096,1,37,8,8,0,6,11,8,0,0,0,8,0,0,8,2
26240,26240,1024,0,513,135,134,0,79,189,125,10,0,0,135,1,512,134,55
26241,26240,1024,1,513,135,134,0,78,189,125,10,0,0,135,1,512,134,56
26368,26368,2048,0,1025,283,282,0,178,256,183,73,0,0,256,1,512,282,104
26368,26368,1024,0,513,139,138,0,69,186,125,14,0,0,139,1,512,138,69
26369,26368,2048,1,1025,283,282,0,177,256,179,77,0,0,256,1,512,282,105
26369,26368,1024,1,513,139,138,0,68,187,125,14,0,0,139,1,512,138,70
26496,26496,1024,0,513,142,141,0,82,189,133,9,0,0,142,1,512,141,59
26497,26496,1024,1,513,141,140,0,82,190,134,7,0,0,141,1,512,140,58
26624,26624,2048,0,1025,288,287,0,172,256,178,78,0,0,256,1,512,287,115
26624,26624,1024,0,513,139,138,0,79,189,133,6,0,0,139,1,512,138,59
26624,26624,4096,0,37,10,9,0,5,11,10,0,0,0,10,0,0,9,4
26625,26624,2048,1,1025,286,285,0,174,256,189,67,0,0,256,1,512,285,111
26625,26624,1024,1,513,136,135,0,75,186,128,8,0,0,136,1,512,135,60
26625,26624,4096,1,37,6,6,0,6,9,6,0,0,0,6,0,0,6,0
26752,26752,1024,0,513,135,134,0,92,187,130,5,0,0,135,1,512,134,42
26753,26752,1024,1,513,134,133,0,92,188,130,4,0,0,134,1,512,133,41
26880,26880,2048,0,1025,285,284,0,176,256,183,73,0,0,256,1,512,284,108
26880,26880,1024,0,513,146,146,0,84,188,137,9,0,0,146,1,512,146,62
26881,26880,2048,1,1025,284,283,0,174,256,184,72,0,0,256,1,512,283,109
26881,26880,1024,1,513,145,145,0,82,188,135,10,0,0,145,1,512,145,63
27008,27008,1024,0,513,149,149,0,101,184,140,9,0,0,149,1,512,149,48
27009,27008,1024,1,513,151,151,0,103,185,142,9,0,0,151,1,512,151,48
27136,27136,2048,0,1025,289,288,0,194,256,202,54,0,0,256,1,512,288,94
27136,27136,1024,0,513,137,137,0,88,186,132,5,0,0,137,1,512,137,49
27136,27136,4096,0,37,9,8,0,8,11,9,0,0,0,9,0,0,8,0
27137,27136,2048,1,1025,286,285,0,193,256,205,51,0,0,256,1,512,285,92
27137,27136,1024,1,513,136,136,0,87,185,131,5,0,0,136,1,512,136,49
27137,27136,4096,1,37,7,6,0,4,9,6,1,0,0,7,1,512,6,2
27264,27264,1024,0,513,147,147,0,91,188,142,5,0,0,147,1,512,147,56
27265,27264,1024,1,513,148,148,0,91,187,144,4,0,0,148,1,512,148,57
27392,27392,2048,0,1025,280,280,0,181,256,188,68,0,0,256,1,512,280,99
27392,27392,1024,0,513,143,142,0,84,186,134,9,0,0,143,1,512,142,58
27393,27392,2048,1,1025,278,278,0,177,256,189,67,0,0,256,1,512,278,101
27393,27392,1024,1,513,144,143,0,84,185,133,11,0,0,144,1,512,143,59
27520,27520,1024,0,513,137,136,0,85,191,131,6,0,0,137,1,512,136,51
27521,27520,1024,1,513,140,139,0,88,194,135,5,0,0,140,1,512,139,51
27648,27648,2048,0,1025,279,279,0,174,256,144,112,0,0,256,1,512,279,105
27648,27648,1024,0,513,143,142,0,81,191,136,7,0,0,143,1,512,142,61
27648,27648,4096,0,37,9,8,0,8,11,8,1,0,0,9,1,512,8,0
27649,27648,2048,1,1025,278,278,0,176,256,137,119,0,0,256,1,512,278,102
27649,27648,1024,1,513,143,142,0,83,192,136,7,0,0,143,1,512,142,59
27649,27648,4096,1,37,7,6,0,5,10,7,0,0,0,7,0,0,6,1
27776,27776,1024,0,513,144,143,0,101,192,137,7,0,0,144,1,512,143,42
27777,27776,1024,1,513,146,145,0,103,193,139,7,0,0,146,1,512,145,42
27904,27904,2048,0,1025,284,284,0,185,256,205,51,0,0,256,1,512,284,99
27904,27904,1024,0,513,141,140,0,89,191,139,2,0,0,141,1,512,140,51
27905,27904,2048,1,1025,286,286,0,186,256,187,69,0,0,256,1,512,286,100
27905,27904,1024,1,513,141,140,0,91,192,138,3,0,0,141,1,512,140,49
28032,28032,1024,0,513,147,146,0,86,187,138,9,0,0,147,1,512,146,60
28033,28032,1024,1,513,145,144,0,85,189,136,9,0,0,145,1,512,144,59
28160,28160,2048,0,1025,288,287,0,189,256,213,43,0,0,256,1,512,287,98
28160,28160,1024,0,513,141,141,0,95,189,138,3,0,0,141,1,512,141,46
28160,28160,4096,0,37,10,9,0,7,12,9,1,0,0,10,1,512,9,2
28161,28160,2048,1,1025,288,287,0,190,256,207,49,0,0,256,1,512,287,97
28161,28160,1024,1,513,142,142,0,93,191,139,3,0,0,142,1,512,142,49
28161,28160,4096,1,37,7,6,0,5,10,6,1,0,0,7,1,512,6,1
28288,28288,1024,0,513,140,140,0,86,185,135,5,0,0,140,1,512,140,54
28289,28288,1024,1,513,139,139,0,89,187,135,4,0,0,139,1,512,139,50
28416,28416,2048,0,1025,294,293,0,185,256,123,133,0,0,256,1,512,293,108
28416,28416,1024,0,513,140,140,0,89,182,132,8,0,0,140,1,512,140,51
28417,28416,2048,1,1025,292,291,0,183,256,157,99,0,0,256,1,512,291,108
28417,28416,1024,1,513,143,143,0,87,183,135,8,0,0,143,1,512,143,56
28544,28544,1024,0,513,142,141,0,82,186,137,5,0,0,142,1,512,141,59
28545,28544,1024,1,513,141,140,0,81,187,136,5,0,0,141,1,512,140,59
28672,28672,2048,0,1025,286,286,0,180,256,191,65,0,0,256,1,512,286,106
28672,28672,1024,0,513,131,131,0,88,186,123,8,0,0,131,1,512,131,43
28672,28672,4096,0,37,10,9,0,6,13,10,0,0,0,10,0,0,9,3
28673,28672,2048,1,1025,287,287,0,182,256,161,95,0,0,256,1,512,287,105
28673,28672,1024,1,513,132,132,0,86,187,124,8,0,0,132,1,512,132,46
28673,28672,4096,1,37,8,7,0,5,9,8,0,0,0,8,0,0,7,2
28800,28800,1024,0,513,134,134,0,88,189,127,7,0,0,134,1,512,134,46
28801,28800,1024,1,513,135,135,0,88,191,129,6,0,0,135,1,512,135,47
28928,28928,2048,0,1025,281,281,0,178,256,209,47,0,0,256,1,512,281,103
28928,28928,1024,0,513,140,140,0,79,186,129,11,0,0,140,1,512,140,61
28929,28928,2048,1,1025,279,279,0,179,256,218,38,0,0,256,1,512,279,100
28929,28928,1024,1,513,141,141,0,80,189,132,9,0,0,141,1,512,141,61
29056,29056,1024,0,513,139,139,0,95,187,131,8,0,0,139,1,512,139,44
29057,29056,1024,1,513,140,140,0,94,187,132,8,0,0,140,1,512,140,46
29184,29184,2048,0,1025,286,286,0,185,256,221,35,0,0,256,1,512,286,101
29184,29184,1024,0,513,142,141,0,88,185,136,6,0,0,142,1,512,141,53
29184,29184,4096,0,37,10,10,0,8,13,10,0,0,0,10,0,0,10,2
29185,29184,2048,1,1025,285,285,0,183,256,200,56,0,0,256,1,512,285,102
29185,29184,1024,1,513,141,140,0,87,185,136,5,0,0,141,1,512,140,53
29185,29184,4096,1,37,7,6,0,4,8,7,0,0,0,7,0,0,6,2
29312,29312,1024,0,513,142,141,0,95,179,133,9,0,0,142,1,512,141,46
29313,29312,1024,1,513,142,141,0,94,178,133,9,0,0,142,1,512,141,47
29440,29440,2048,0,1025,278,278,0,187,256,188,68,0,0,256,1,512,278,91
29440,29440,1024,0,513,147,147,0,94,179,139,8,0,0,147,1,512,147,53
29441,29440,2048,1,1025,276,276,0,187,256,198,58,0,0,256,1,512,276,89
29441,29440,1024,1,513,147,147,0,96,179,139,8,0,0,147,1,512,147,51
29568,29568,1024,0,513,137,137,0,82,181,132,5,0,0,137,1,512,137,55
29569,29568,1024,1,513,137,137,0,81,181,132,5,0,0,137,1,512,137,56
29696,29696,2048,0,1025,285,285,0,176,256,152,104,0,0,256,1,512,285,109
29696,29696,1024,0,513,146,146,0,84,184,135,11,0,0,146,1,512,146,62
29696,29696,4096,0,37,9,9,0,6,12,9,0,0,0,9,0,0,9,3
29697,29696,2048,1,1025,284,284,0,173,256,160,96,0,0,256,1,512,284,111
29697,29696,1024,1,513,147,147,0,85,184,136,11,0,0,147,1,512,147,62
29697,29696,4096,1,37,8,7,0,3,8,7,1,0,0,8,1,512,7,4
29824,29824,1024,0,513,140,140,0,93,188,132,8,0,0,140,1,512,140,47
29825,29824,1024,1,513,140,140,0,91,188,132,8,0,0,140,1,512,140,49
29952,29952,2048,0,1025,284,283,0,192,256,217,39,0,0,256,1,512,283,91
29952,29952,1024,0,513,139,139,0,91,192,132,7,0,0,139,1,512,139,48
29953,29952,2048,1,1025,283,282,0,194,256,215,41,0,0,256,1,512,282,88
29953,29952,1024,1,513,139,139,0,92,192,132,7,0,0,139,1,512,139,47
30080,30080,1024,0,513,132,131,0,79,190,127,5,0,0,132,1,512,131,52
30081,30080,1024,1,513,131,130,0,79,190,126,5,0,0,131,1,512,130,51
30208,30208,2048,0,1025,292,291,0,173,256,194,62,0,0,256,1,512,291,118
30208,30208,1024,0,513,144,144,0,81,186,132,12,0,0,144,1,512,144,63
30208,30208,4096,0,37,10,9,0,7,12,10,0,0,0,10,0,0,9,2
30209,30208,2048,1,1025,291,290,0,174,256,194,62,0,0,256,1,512,290,116
30209,30208,1024,1,513,144,144,0,81,186,132,12,0,0,144,1,512,144,63
30209,30208,4096,1,37,7,7,0,4,9,7,0,0,0,7,0,0,7,3
30336,30336,1024,0,513,148,148,0,94,187,140,8,0,0,148,1,512,148,54
30337,30336,1024,1,513,147,147,0,96,188,140,7,0,0,147,1,512,147,51
30464,30464,2048,0,1025,275,275,0,168,256,182,74,0,0,256,1,512,275,107
30464,30464,1024,0,513,137,137,0,95,183,131,6,0,0,137,1,512,137,42
30465,30464,2048,1,1025,275,275,0,168,256,178,78,0,0,256,1,512,275,107
30465,30464,1024,1,513,138,138,0,95,182,132,6,0,0,138,1,512,138,43
30592,30592,1024,0,513,141,140,0,76,183,126,15,0,0,141,1,512,140,64
30593,30592,1024,1,513,141,140,0,77,182,127,14,0,0,141,1,512,140,63
30720,30720,2048,0,1025,275,275,0,176,256,169,87,0,0,256,1,512,275,99
30720,30720,1024,0,513,133,132,0,84,194,126,7,0,0,133,1,512,132,48
30720,30720,4096,0,37,9,8,0,8,11,9,0,0,0,9,0,0,8,0
30721,30720,2048,1,1025,275,275,0,178,256,175,81,0,0,256,1,512,275,97
30721,30720,1024,1,513,135,134,0,86,192,128,7,0,0,135,1,512,134,48
30721,30720,4096,1,37,7,6,0,5,9,7,0,0,0,7,0,0,6,1
30848,30848,1024,0,513,139,138,0,79,193,132,7,0,0,139,1,512,138,59
30849,30848,1024,1,513,139,138,0,79,191,132,7,0,0,139,1,512,138,59
30976,30976,2048,0,1025,294,294,0,189,256,215,41,0,0,256,1,512,294,105
30976,30976,1024,0,513,140,139,0,85,189,131,9,0,0,140,1,512,139,54
30977,30976,2048,1,1025,294,294,0,188,256,216,40,0,0,256,1,512,294,106
30977,30976,1024,1,513,141,140,0,88,188,131,10,0,0,141,1,512,140,52
31104,31104,1024,0,513,146,145,0,90,190,143,3,0,0,146,1,512,145,55
31105,31104,1024,1,513,147,146,0,91,190,144,3,0,0,147,1,512,146,55
31232,31232,2048,0,1025,283,283,0,197,256,181,75,0,0,256,1,512,283,86
31232,31232,1024,0,513,137,136,0,84,185,133,4,0,0,137,1,512,136,52
31232,31232,4096,0,37,9,9,0,6,11,8,1,0,0,9,1,512,9,3
31233,31232,2048,1,1025,283,283,0,197,256,180,76,0,0,256,1,512,283,86
31233,31232,1024,1,513,137,136,0,82,185,134,3,0,0,137,1,512,136,54
31233,31232,4096,1,37,9,8,0,3,9,8,1,0,0,9,1,512,8,5
31360,31360,1024,0,513,134,134,0,76,183,124,10,0,0,134,1,512,134,58
31361,31360,1024,1,513,132,132,0,76,182,122,10,0,0,132,1,512,132,56
31488,31488,2048,0,1025,277,276,0,176,256,177,79,0,0,256,1,512,276,100
31488,31488,1024,0,513,138,138,0,91,184,129,9,0,0,138,1,512,138,47
31489,31488,2048,1,1025,276,275,0,174,256,196,60,0,0,256,1,512,275,101
31489,31488,1024,1,513,138,138,0,91,182,129,9,0,0,138,1,512,138,47
31616,31616,1024,0,513,146,146,0,90,189,137,9,0,0,146,1,512,146,56
31617,31616,1024,1,513,145,145,0,92,189,136,9,0,0,145,1,512,145,53
31744,31744,2048,0,1025,290,290,0,190,256,157,99,0,0,256,1,512,290,100
31744,31744,1024,0,513,142,142,0,88,188,131,11,0,0,142,1,512,142,54
31744,31744,4096,0,37,8,8,0,6,12,8,0,0,0,8,0,0,8,2
31745,31744,2048,1,1025,291,291,0,190,256,148,108,0,0,256,1,512,291,101
31745,31744,1024,1,513,144,144,0,89,187,132,12,0,0,144,1,512,144,55
31745,31744,4096,1,37,8,7,0,6,10,7,1,0,0,8,1,512,7,1
31872,31872,1024,0,513,138,137,0,88,187,134,4,0,0,138,1,512,137,49
31873,31872,1024,1,513,139,138,0,89,187,134,5,0,0,139,1,512,138,49
32000,32000,2048,0,1025,279,279,0,175,256,196,60,0,0,256,1,512,279,104
32000,32000,1024,0,513,144,143,0,90,184,135,9,0,0,144,1,512,143,53
32001,32000,2048,1,1025,277,277,0,174,256,221,35,0,0,256,1,512,277,103
32001,32000,1024,1,513,145,144,0,90,185,137,8,0,0,145,1,512,144,54
32128,32128,1024,0,513,142,141,0,99,184,135,7,0,0,142,1,512,141,42
32129,32128,1024,1,513,143,142,0,102,185,136,7,0,0,143,1,512,142,40
32256,32256,2048,0,1025,274,274,0,175,256,159,97,0,0,256,1,512,274,99
32256,32256,1024,0,513,139,139,0,94,187,130,9,0,0,139,1,512,139,45
32256,32256,4096,0,37,9,8,0,4,12,9,0,0,0,9,0,0,8,4
32257,32256,2048,1,1025,274,274,0,175,256,140,116,0,0,256,1,512,274,99
32257,32256,1024,1,513,139,139,0,95,188,131,8,0,0,139,1,512,139,44
32257,32256,4096,1,37,9,8,0,5,11,8,1,0,0,9,1,512,8,3
32384,32384,1024,0,513,135,135,0,87,185,125,10,0,0,135,1,512,135,48
32385,32384,1024,1,513,135,135,0,85,184,125,10,0,0,135,1,512,135,50
32512,32512,2048,0,1025,281,280,0,162,256,189,67,0,0,256,1,512,280,118
32512,32512,1024,0,513,141,141,0,81,187,134,7,0,0,141,1,512,141,60
32513,32512,2048,1,1025,280,279,0,164,256,197,59,0,0,256,1,512,279,115
32513,32512,1024,1,513,141,141,0,82,187,134,7,0,0,141,1,512,141,59
32640,32640,1024,0,513,141,141,0,92,186,135,6,0,0,141,1,512,141,49
32641,32640,1024,1,513,142,142,0,94,186,136,6,0,0,142,1,512,142,48
32768,32768,2048,0,1025,289,289,0,186,256,73,183,0,0,256,1,512,289,103
32768,32768,1024,0,513,147,146,0,90,186,139,8,0,0,147,1,512,146,56
32768,32768,4096,0,37,9,9,0,6,11,8,1,0,0,9,1,512,9,3
32769,32768,2048,1,1025,287,287,0,186,256,82,174,0,0,256,1,512,287,101
32769,32768,1024,1,513,148,147,0,92,185,140,8,0,0,148,1,512,147,55
32769,32768,4096,1,37,7,6,0,6,12,7,0,0,0,7,0,0,6,0
32896,32896,1024,0,513,144,143,0,81,187,137,7,0,0,144,1,512,143,62
32897,32896,1024,1,513,143,142,0,83,186,136,7,0,0,143,1,512,142,59
33024,33024,2048,0,1025,269,269,0,172,256,170,86,0,0,256,1,512,269,97
33024,33024,1024,0,513,146,145,0,92,186,137,9,0,0,146,1,512,145,53
33025,33024,2048,1,1025,267,267,0,172,256,190,66,0,0,256,1,512,267,95
33025,33024,1024,1,513,145,144,0,91,186,136,9,0,0,145,1,512,144,53
33152,33152,1024,0,513,134,134,0,91,190,131,3,0,0,134,1,512,134,43
33153,33152,1024,1,513,133,133,0,90,190,131,2,0,0,133,1,512,133,43
33280,33280,2048,0,1025,278,278,0,166,256,201,55,0,0,256,1,512,278,112
33280,33280,1024,0,513,138,138,0,84,186,132,6,0,0,138,1,512,138,54
33280,33280,4096,0,37,9,9,0,5,11,9,0,0,0,9,0,0,9,4
33281,33280,2048,1,1025,275,275,0,165,256,199,57,0,0,256,1,512,275,110
33281,33280,1024,1,513,139,139,0,82,186,133,6,0,0,139,1,512,139,57
33281,33280,4096,1,37,6,6,0,3,12,6,0,0,0,6,0,0,6,3
33408,33408,1024,0,513,146,146,0,86,182,131,15,0,0,146,1,512,146,60
33409,33408,1024,1,513,147,147,0,85,181,132,15,0,0,147,1,512,147,62
33536,33536,2048,0,1025,281,281,0,177,256,207,49,0,0,256,1,512,281,104
33536,33536,1024,0,513,142,142,0,101,190,137,5,0,0,142,1,512,142,41
33537,33536,2048,1,1025,279,279,0,178,256,212,44,0,0,256,1,512,279,101
33537,33536,1024,1,513,141,141,0,100,190,137,4,0,0,141,1,512,141,41
33664,33664,1024,0,513,149,148,0,97,185,142,7,0,0,149,1,512,148,51
33665,33664,1024,1,513,148,147,0,98,184,141,7,0,0,148,1,512,147,49
33792,33792,2048,0,1025,275,275,0,161,256,155,101,0,0,256,1,512,275,114
33792,33792,1024,0,513,144,144,0,85,185,134,10,0,0,144,1,512,144,59
33792,33792,4096,0,37,10,10,0,7,11,9,1,0,0,10,1,512,10,3
33793,33792,2048,1,1025,275,275,0,161,256,137,119,0,0,256,1,512,275,114
33793,33792,1024,1,513,143,143,0,85,184,133,10,0,0,143,1,512,143,58
33793,33792,4096,1,37,7,7,0,4,11,7,0,0,0,7,0,0,7,3
33920,33920,1024,0,513,147,146,0,93,186,139,8,0,0,147,1,512,146,53
33921,33920,1024,1,513,145,144,0,95,185,138,7,0,0,145,1,512,144,49
34048,34048,2048,0,1025,268,268,0,159,256,177,79,0,0,256,1,512,268,109
34048,34048,1024,0,513,143,142,0,91,189,137,6,0,0,143,1,512,142,51
34049,34048,2048,1,1025,267,267,0,161,256,174,82,0,0,256,1,512,267,106
34049,34048,1024,1,513,144,143,0,88,188,138,6,0,0,144,1,512,143,55
34176,34176,1024,0,513,137,136,0,81,187,129,8,0,0,137,1,512,136,55
34177,34176,1024,1,513,138,137,0,84,186,130,8,0,0,138,1,512,137,53
34304,34304,2048,0,1025,291,291,0,174,256,215,41,0,0,256,1,512,291,117
34304,34304,1024,0,513,140,139,0,91,188,130,10,0,0,140,1,512,139,48
34304,34304,4096,0,37,9,9,0,7,12,9,0,0,0,9,0,0,9,2
34305,34304,2048,1,1025,291,291,0,172,256,210,46,0,0,256,1,512,291,119
34305,34304,1024,1,513,140,139,0,90,186,130,10,0,0,140,1,512,139,49
34305,34304,4096,1,37,9,8,0,6,10,8,1,0,0,9,1,512,8,2
34432,34432,1024,0,513,139,138,0,85,192,135,4,0,0,139,1,512,138,53
34433,34432,1024,1,513,138,137,0,84,190,134,4,0,0,138,1,512,137,53
34560,34560,2048,0,1025,287,286,0,191,256,206,50,0,0,256,1,512,286,95
34560,34560,1024,0,513,141,141,0,83,183,131,10,0,0,141,1,512,141,58
34561,34560,2048,1,1025,287,286,0,191,256,203,53,0,0,256,1,512,286,95
34561,34560,1024,1,513,142,142,0,83,183,133,9,0,0,142,1,512,142,59
34688,34688,1024,0,513,141,141,0,92,187,134,7,0,0,141,1,512,141,49
34689,34688,1024,1,513,140,140,0,93,188,135,5,0,0,140,1,512,140,47
34816,34816,2048,0,1025,292,292,0,180,256,101,155,0,0,256,1,512,292,112
34816,34816,1024,0,513,143,143,0,99,187,137,6,0,0,143,1,512,143,44
34816,34816,4096,0,37,9,8,0,6,12,8,1,0,0,9,1,512,8,2
34817,34816,2048,1,1025,291,291,0,183,256,84,172,0,0,256,1,512,291,108
34817,34816,1024,1,513,142,142,0,97,186,136,6,0,0,142,1,512,142,45
34817,34816,4096,1,37,6,5,0,4,10,6,0,0,0,6,0,0,5,1
34944,34944,1024,0,513,149,148,0,99,186,145,4,0,0,149,1,512,148,49
34945,34944,1024,1,513,147,146,0,96,185,143,4,0,0,147,1,512,146,50
35072,35072,2048,0,1025,287,287,0,187,256,181,75,0,0,256,1,512,287,100
35072,35072,1024,0,513,147,147,0,94,182,139,8,0,0,147,1,512,147,53
35073,35072,2048,1,1025,287,287,0,187,256,171,85,0,0,256,1,512,287,100
35073,35072,1024,1,513,146,146,0,95,181,138,8,0,0,146,1,512,146,51
35200,35200,1024,0,513,140,140,0,89,181,136,4,0,0,140,1,512,140,51
35201,35200,1024,1,513,142,142,0,91,180,138,4,0,0,142,1,512,142,51
35328,35328,2048,0,1025,275,275,0,181,256,211,45,0,0,256,1,512,275,94
35328,35328,1024,0,513,141,141,0,89,180,131,10,0,0,141,1,512,141,52
35328,35328,4096,0,37,8,8,0,5,13,8,0,0,0,8,0,0,8,3
35329,35328,2048,1,1025,275,275,0,183,256,216,40,0,0,256,1,512,275,92
35329,35328,1024,1,513,142,142,0,92,179,132,10,0,0,142,1,512,142,50
35329,35328,4096,1,37,6,5,0,3,9,5,1,0,0,6,1,512,5,2
35456,35456,1024,0,513,135,135,0,83,184,127,8,0,0,135,1,512,135,52
35457,35456,1024,1,513,138,138,0,83,184,130,8,0,0,138,1,512,138,55
35584,35584,2048,0,1025,275,274,0,161,256,189,67,0,0,256,1,512,274,113
35584,35584,1024,0,513,138,138,0,80,186,136,2,0,0,138,1,512,138,58
35585,35584,2048,1,1025,275,274,0,159,256,192,64,0,0,256,1,512,274,115
35585,35584,1024,1,513,139,139,0,82,186,136,3,0,0,139,1,512,139,57
35712,35712,1024,0,513,138,138,0,86,182,131,7,0,0,138,1,512,138,52
35713,35712,1024,1,513,141,141,0,87,183,134,7,0,0,141,1,512,141,54
35840,35840,2048,0,1025,286,285,0,172,256,155,101,0,0,256,1,512,285,113
35840,35840,1024,0,513,135,135,0,87,183,127,8,0,0,135,1,512,135,48
35840,35840,4096,0,37,9,8,0,5,13,9,0,0,0,9,0,0,8,3
35841,35840,2048,1,1025,285,284,0,172,256,168,88,0,0,256,1,512,284,112
35841,35840,1024,1,513,133,133,0,89,185,127,6,0,0,133,1,512,133,44
35841,35840,4096,1,37,6,5,0,3,10,6,0,0,0,6,0,0,5,2
35968,35968,1024,0,513,138,138,0,93,184,134,4,0,0,138,1,512,138,45
35969,35968,1024,1,513,137,137,0,93,187,134,3,0,0,137,1,512,137,44
36096,36096,2048,0,1025,287,287,0,176,256,216,40,0,0,256,1,512,287,111
36096,36096,1024,0,513,134,134,0,90,183,132,2,0,0,134,1,512,134,44
36097,36096,2048,1,1025,286,286,0,171,256,216,40,0,0,256,1,512,286,115
36097,36096,1024,1,513,133,133,0,87,185,131,2,0,0,133,1,512,133,46
36224,36224,1024,0,513,140,140,0,92,178,135,5,0,0,140,1,512,140,48
36225,36224,1024,1,513,140,140,0,93,180,135,5,0,0,140,1,512,140,47
36352,36352,2048,0,1025,286,286,0,174,256,192,64,0,0,256,1,512,286,112
36352,36352,1024,0,513,141,140,0,89,174,133,8,0,0,141,1,512,140,51
36352,36352,4096,0,37,10,9,0,6,12,10,0,0,0,10,0,0,9,3
36353,36352,2048,1,1025,285,285,0,173,256,191,65,0,0,256,1,512,285,112
36353,36352,1024,1,513,141,140,0,92,175,135,6,0,0,141,1,512,140,48
36353,36352,4096,1,37,7,7,0,3,10,7,0,0,0,7,0,0,7,4
36480,36480,1024,0,513,139,138,0,89,180,134,5,0,0,139,1,512,138,49
36481,36480,1024,1,513,139,138,0,90,178,134,5,0,0,139,1,512,138,48
36608,36608,2048,0,1025,278,278,0,182,256,157,99,0,0,256,1,512,278,96
36608,36608,1024,0,513,136,136,0,80,174,126,10,0,0,136,1,512,136,56
36609,36608,2048,1,1025,277,277,0,182,256,159,97,0,0,256,1,512,277,95
36609,36608,1024,1,513,136,136,0,80,172,125,11,0,0,136,1,512,136,56
36736,36736,1024,0,513,132,132,0,82,179,126,6,0,0,132,1,512,132,50
36737,36736,1024,1,513,134,134,0,85,179,128,6,0,0,134,1,512,134,49
36864,36864,2048,0,1025,287,287,0,188,256,221,35,0,0,256,1,512,287,99
36864,36864,1024,0,513,130,130,0,84,179,120,10,0,0,130,1,512,130,46
36864,36864,4096,0,37,9,9,0,5,11,8,1,0,0,9,1,512,9,4
36865,36864,2048,1,1025,286,286,0,186,256,220,36,0,0,256,1,512,286,100
36865,36864,1024,1,513,131,131,0,88,179,122,9,0,0,131,1,512,131,43
36865,36864,4096,1,37,8,8,0,6,8,6,2,0,0,8,1,512,8,2
36992,36992,1024,0,513,140,139,0,74,181,133,7,0,0,140,1,512,139,65
36993,36992,1024,1,513,139,138,0,73,180,133,6,0,0,139,1,512,138,65
37120,37120,2048,0,1025,292,292,0,188,256,155,101,0,0,256,1,512,292,104
37120,37120,1024,0,513,144,143,0,84,183,138,6,0,0,144,1,512,143,59
37121,37120,2048,1,1025,291,291,0,184,256,165,91,0,0,256,1,512,291,107
37121,37120,1024,1,513,143,142,0,84,181,138,5,0,0,143,1,512,142,58
37248,37248,1024,0,513,142,142,0,88,180,132,10,0,0,142,1,512,142,54
37249,37248,1024,1,513,144,144,0,89,178,134,10,0,0,144,1,512,144,55
37376,37376,2048,0,1025,286,286,0,195,256,130,126,0,0,256,1,512,286,91
37376,37376,1024,0,513,141,141,0,89,183,136,5,0,0,141,1,512,141,52
37376,37376,4096,0,37,8,8,0,6,12,8,0,0,0,8,0,0,8,2
37377,37376,2048,1,1025,286,286,0,194,256,122,134,0,0,256,1,512,286,92
37377,37376,1024,1,513,140,140,0,89,180,134,6,0,0,140,1,512,140,51
37377,37376,4096,1,37,8,8,0,5,10,8,0,0,0,8,0,0,8,3
37504,37504,1024,0,513,143,143,0,90,182,131,12,0,0,143,1,512,143,53
37505,37504,1024,1,513,143,143,0,88,181,131,12,0,0,143,1,512,143,55
37632,37632,2048,0,1025,279,279,0,184,256,168,88,0,0,256,1,512,279,95
37632,37632,1024,0,513,146,146,0,89,184,134,12,0,0,146,1,512,146,57
37633,37632,2048,1,1025,278,278,0,186,256,207,49,0,0,256,1,512,278,92
37633,37632,1024,1,513,148,148,0,90,184,137,11,0,0,148,1,512,148,58
37760,37760,1024,0,513,139,139,0,83,188,131,8,0,0,139,1,512,139,56
37761,37760,1024,1,513,138,138,0,82,188,130,8,0,0,138,1,512,138,56
37888,37888,2048,0,1025,289,289,0,180,256,223,33,0,0,256,1,512,289,109
37888,37888,1024,0,513,141,141,0,94,190,135,6,0,0,141,1,512,141,47
37888,37888,4096,0,37,10,10,0,6,12,9,1,0,0,10,1,512,10,4
37889,37888,2048,1,1025,288,288,0,179,256,220,36,0,0,256,1,512,288,109
37889,37888,1024,1,513,140,140,0,91,190,134,6,0,0,140,1,512,140,49
37889,37888,4096,1,37,7,6,0,4,10,7,0,0,0,7,0,0,6,2
38016,38016,1024,0,513,143,143,0,86,191,136,7,0,0,143,1,512,143,57
38017,38016,1024,1,513,145,145,0,86,191,138,7,0,0,145,1,512,145,59
38144,38144,2048,0,1025,281,281,0,181,256,187,69,0,0,256,1,512,281,100
38144,38144,1024,0,513,145,144,0,85,188,137,8,0,0,145,1,512,144,59
38145,38144,2048,1,1025,281,281,0,180,256,183,73,0,0,256,1,512,281,101
38145,38144,1024,1,513,145,144,0,86,187,136,9,0,0,145,1,512,144,58
38272,38272,1024,0,513,141,140,0,84,184,133,8,0,0,141,1,512,140,56
38273,38272,1024,1,513,142,141,0,84,185,135,7,0,0,142,1,512,141,57
38400,38400,2048,0,1025,285,285,0,183,256,149,107,0,0,256,1,512,285,102
38400,38400,1024,0,513,140,139,0,88,186,131,9,0,0,140,1,512,139,51
38400,38400,4096,0,37,10,9,0,6,13,8,2,0,0,10,1,512,9,3
38401,38400,2048,1,1025,285,285,0,184,256,154,102,0,0,256,1,512,285,101
38401,38400,1024,1,513,140,139,0,90,186,131,9,0,0,140,1,512,139,49
38401,38400,4096,1,37,7,7,0,2,10,6,1,0,0,7,1,512,7,5
38528,38528,1024,0,513,174,173,0,68,190,148,26,0,0,174,1,512,173,105
38529,38528,1024,1,513,152,151,0,75,190,137,15,0,0,152,1,512,151,76
38656,38656,2048,0,1025,328,328,0,163,256,61,195,0,0,256,1,512,328,165
38656,38656,1024,0,513,152,151,0,118,211,145,7,0,0,152,1,512,151,33
38657,38656,2048,1,1025,288,287,0,162,256,61,195,0,0,256,1,512,287,125
38657,38656,1024,1,513,147,147,0,100,198,139,8,0,0,147,1,512,147,47
38784,38784,1024,0,513,123,123,0,101,212,123,0,0,0,123,0,0,123,22
38785,38784,1024,1,513,127,127,0,95,197,124,3,0,0,127,1,512,127,32
38912,38912,2048,0,1025,322,321,0,240,256,174,82,0,0,256,1,512,321,81
38912,38912,1024,0,513,99,99,0,63,205,99,0,0,0,99,0,0,99,36
38912,38912,4096,0,37,8,7,0,3,13,7,1,0,0,8,1,512,7,4
38913,38912,2048,1,1025,307,307,0,214,256,183,73,0,0,256,1,512,307,93
38913,38912,1024,1,513,111,111,0,79,194,108,3,0,0,111,1,512,111,32
38913,38912,4096,1,37,4,3,0,3,11,4,0,0,0,4,0,0,3,0
39040,39040,1024,0,513,132,132,0,67,192,128,4,0,0,132,1,512,132,65
39041,39040,1024,1,513,133,133,0,64,185,129,4,0,0,133,1,512,133,69
39168,39168,2048,0,1025,259,259,0,218,256,223,33,0,0,256,1,512,259,41
39168,39168,1024,0,513,154,154,0,103,175,145,9,0,0,154,1,512,154,51
39169,39168,2048,1,1025,274,274,0,203,256,214,42,0,0,256,1,512,274,71
39169,39168,1024,1,513,153,152,0,101,173,143,10,0,0,153,1,512,152,51
39296,39296,1024,0,513,171,170,0,126,175,153,18,0,0,171,1,512,170,44
39297,39296,1024,1,513,149,148,0,85,169,139,10,0,0,149,1,512,148,63
39424,39424,2048,0,1025,204,204,0,125,256,191,13,0,0,204,1,512,204,79
39424,39424,1024,0,513,139,138,0,63,185,126,13,0,0,139,1,512,138,75
39424,39424,4096,0,37,4,4,0,4,14,4,0,0,0,4,0,0,4,0
39425,39424,2048,1,1025,226,226,0,133,256,204,22,0,0,226,1,512,226,93
39425,39424,1024,1,513,138,137,0,75,174,125,13,0,0,138,1,512,137,62
39425,39424,4096,1,37,5,4,0,2,10,3,2,0,0,5,1,512,4,2
39552,39552,1024,0,513,133,132,0,85,191,122,11,0,0,133,1,512,132,47
39553,39552,1024,1,513,133,132,0,85,183,129,4,0,0,133,1,512,132,47
39680,39680,2048,0,1025,255,255,0,142,256,200,55,0,0,255,1,512,255,113
39680,39680,1024,0,513,141,140,0,95,201,136,5,0,0,141,1,512,140,45
39681,39680,2048,1,1025,254,254,0,144,256,205,49,0,0,254,1,512,254,110
39681,39680,1024,1,513,141,140,0,94,187,133,8,0,0,141,1,512,140,46
39808,39808,1024,0,513,144,144,0,90,205,137,7,0,0,144,1,512,144,54
39809,39808,1024,1,513,145,145,0,93,189,132,13,0,0,145,1,512,145,52
39936,39936,2048,0,1025,318,317,0,195,256,117,139,0,0,256,1,512,317,122
39936,39936,1024,0,513,132,132,0,90,197,129,3,0,0,132,1,512,132,42
39936,39936,4096,0,37,4,4,0,3,14,4,0,0,0,4,0,0,4,1
39937,39936,2048,1,1025,300,299,0,185,256,179,77,0,0,256,1,512,299,114
39937,39936,1024,1,513,133,133,0,91,191,129,4,0,0,133,1,512,133,42
39937,39936,4096,1,37,4,4,0,3,11,3,1,0,0,4,1,512,4,1
40064,40064,1024,0,513,139,139,0,82,186,132,7,0,0,139,1,512,139,57
40065,40064,1024,1,513,139,139,0,82,184,131,8,0,0,139,1,512,139,57
40192,40192,2048,0,1025,321,321,0,245,256,146,110,0,0,256,1,512,321,76
40192,40192,1024,0,513,139,139,0,93,189,134,5,0,0,139,1,512,139,46
40193,40192,2048,1,1025,285,284,0,190,256,182,74,0,0,256,1,512,284,94
40193,40192,1024,1,513,137,137,0,95,187,133,4,0,0,137,1,512,137,42
40320,40320,1024,0,513,139,138,0,86,184,135,4,0,0,139,1,512,138,52
40321,40320,1024,1,513,139,138,0,87,182,135,4,0,0,139,1,512,138,51
40448,40448,2048,0,1025,272,272,0,146,256,202,54,0,0,256,1,512,272,126
40448,40448,1024,0,513,141,140,0,90,180,132,9,0,0,141,1,512,140,50
40448,40448,4096,0,37,4,4,0,1,12,4,0,0,0,4,0,0,4,3
40449,40448,2048,1,1025,272,272,0,160,256,196,60,0,0,256,1,512,272,112
40449,40448,1024,1,513,141,140,0,90,178,133,8,0,0,141,1,512,140,50
40449,40448,4096,1,37,4,4,0,2,10,4,0,0,0,4,0,0,4,2
40576,40576,1024,0,513,140,139,0,91,184,132,8,0,0,140,1,512,139,48
40577,40576,1024,1,513,140,139,0,91,181,131,9,0,0,140,1,512,139,48
40704,40704,2048,0,1025,272,272,0,171,256,179,77,0,0,256,1,512,272,101
40704,40704,1024,0,513,144,144,0,82,183,138,6,0,0,144,1,512,144,62
40705,40704,2048,1,1025,271,271,0,169,256,174,82,0,0,256,1,512,271,102
40705,40704,1024,1,513,144,144,0,85,182,139,5,0,0,144,1,512,144,59
40832,40832,1024,0,513,149,149,0,88,182,137,12,0,0,149,1,512,149,61
40833,40832,1024,1,513,150,150,0,89,181,138,12,0,0,150,1,512,150,61
40960,40960,2048,0,1025,273,273,0,177,256,165,91,0,0,256,1,512,273,96
40960,40960,1024,0,513,146,146,0,88,191,138,8,0,0,146,1,512,146,58
40960,40960,4096,0,37,4,4,0,3,8,4,0,0,0,4,0,0,4,1
40961,40960,2048,1,1025,272,272,0,175,256,154,102,0,0,256,1,512,272,97
40961,40960,1024,1,513,147,147,0,91,190,139,8,0,0,147,1,512,147,56
40961,40960,4096,1,37,5,5,0,4,7,4,1,0,0,5,1,512,5,1
41088,41088,1024,0,513,136,136,0,90,190,130,6,0,0,136,1,512,136,46
41089,41088,1024,1,513,134,134,0,91,188,128,6,0,0,134,1,512,134,43
41216,41216,2048,0,1025,284,282,0,180,256,142,114,0,0,256,1,512,282,102
41216,41216,1024,0,513,138,138,0,87,191,131,7,0,0,138,1,512,138,51
41217,41216,2048,1,1025,282,281,0,179,256,137,119,0,0,256,1,512,281,102
41217,41216,1024,1,513,140,140,0,87,189,135,5,0,0,140,1,512,140,53
41344,41344,1024,0,513,142,142,0,82,190,134,8,0,0,142,1,512,142,60
41345,41344,1024,1,513,142,142,0,84,186,134,8,0,0,142,1,512,142,58
41472,41472,2048,0,1025,283,283,0,184,256,126,130,0,0,256,1,512,283,99
41472,41472,1024,0,513,134,134,0,80,186,129,5,0,0,134,1,512,134,54
41472,41472,4096,0,37,4,4,0,2,4,3,1,0,0,4,1,512,4,2
41473,41472,2048,1,1025,281,281,0,183,256,121,135,0,0,256,1,512,281,98
41473,41472,1024,1,513,135,135,0,81,182,130,5,0,0,135,1,512,135,54
41473,41472,4096,1,37,6,6,0,4,7,6,0,0,0,6,0,0,6,2
41600,41600,1024,0,513,137,136,0,100,181,131,6,0,0,137,1,512,136,36
41601,41600,1024,1,513,137,136,0,102,178,131,6,0,0,137,1,512,136,34
41728,41728,2048,0,1025,277,277,0,182,256,166,90,0,0,256,1,512,277,95
41728,41728,1024,0,513,139,138,0,84,179,130,9,0,0,139,1,512,138,54
41729,41728,2048,1,1025,276,276,0,180,256,166,90,0,0,256,1,512,276,96
41729,41728,1024,1,513,140,139,0,84,179,132,8,0,0,140,1,512,139,55
41856,41856,1024,0,513,138,137,0,77,181,130,8,0,0,138,1,512,137,60
41857,41856,1024,1,513,139,138,0,81,181,131,8,0,0,139,1,512,138,57
41984,41984,2048,0,1025,279,278,0,181,256,221,35,0,0,256,1,512,278,97
41984,41984,1024,0,513,131,130,0,87,175,124,7,0,0,131,1,512,130,43
41984,41984,4096,0,37,7,7,0,4,5,4,3,0,0,7,1,512,7,3
41985,41984,2048,1,1025,278,277,0,179,256,222,34,0,0,256,1,512,277,98
41985,41984,1024,1,513,130,129,0,87,175,123,7,0,0,130,1,512,129,42
41985,41984,4096,1,37,5,5,0,3,6,4,1,0,0,5,1,512,5,2
42112,42112,1024,0,513,140,139,0,93,177,129,11,0,0,140,1,512,139,46
42113,42112,1024,1,513,139,138,0,95,176,129,10,0,0,139,1,512,138,43
42240,42240,2048,0,1025,298,297,0,185,256,186,70,0,0,256,1,512,297,112
42240,42240,1024,0,513,140,139,0,80,183,131,9,0,0,140,1,512,139,59
42241,42240,2048,1,1025,295,294,0,181,256,182,74,0,0,256,1,512,294,113
42241,42240,1024,1,513,140,139,0,81,181,132,8,0,0,140,1,512,139,58
42368,42368,1024,0,513,141,141,0,84,186,135,6,0,0,141,1,512,141,57
42369,42368,1024,1,513,142,142,0,84,183,136,6,0,0,142,1,512,142,58
42496,42496,2048,0,1025,288,287,0,191,256,180,76,0,0,256,1,512,287,96
42496,42496,1024,0,513,140,139,0,89,184,133,7,0,0,140,1,512,139,50
42496,42496,4096,0,37,7,6,0,4,8,5,2,0,0,7,1,512,6,2
42497,42496,2048,1,1025,286,285,0,187,256,196,60,0,0,256,1,512,285,98
42497,42496,1024,1,513,142,141,0,92,181,135,7,0,0,142,1,512,141,49
42497,42496,4096,1,37,8,7,0,4,7,4,4,0,0,8,1,512,7,3
42624,42624,1024,0,513,134,133,0,82,189,129,5,0,0,134,1,512,133,51
42625,42624,1024,1,513,135,134,0,85,187,130,5,0,0,135,1,512,134,49
42752,42752,2048,0,1025,293,292,0,184,256,147,109,0,0,256,1,512,292,108
42752,42752,1024,0,513,137,137,0,81,183,128,9,0,0,137,1,512,137,56
42753,42752,2048,1,1025,290,289,0,183,256,185,71,0,0,256,1,512,289,106
42753,42752,1024,1,513,137,137,0,84,183,128,9,0,0,137,1,512,137,53
42880,42880,1024,0,513,134,134,0,77,185,129,5,0,0,134,1,512,134,57
42881,42880,1024,1,513,134,134,0,75,186,129,5,0,0,134,1,512,134,59
43008,43008,2048,0,1025,284,283,0,189,256,209,47,0,0,256,1,512,283,94
43008,43008,1024,0,513,139,139,0,80,182,131,8,0,0,139,1,512,139,59
43008,43008,4096,0,37,9,9,0,6,10,9,0,0,0,9,0,0,9,3
43009,43008,2048,1,1025,282,281,0,188,256,187,69,0,0,256,1,512,281,93
43009,43008,1024,1,513,139,139,0,81,183,132,7,0,0,139,1,512,139,58
43009,43008,4096,1,37,7,7,0,5,11,6,1,0,0,7,1,512,7,2
43136,43136,1024,0,513,140,140,0,84,183,133,7,0,0,140,1,512,140,56
43137,43136,1024,1,513,141,141,0,87,182,134,7,0,0,141,1,512,141,54
43264,43264,2048,0,1025,291,289,0,179,256,184,72,0,0,256,1,512,289,110
43264,43264,1024,0,513,145,145,0,91,182,138,7,0,0,145,1,512,145,54
43265,43264,2048,1,1025,289,288,0,176,256,172,84,0,0,256,1,512,288,112
43265,43264,1024,1,513,146,146,0,92,180,137,9,0,0,146,1,512,146,54
43392,43392,1024,0,513,137,137,0,84,182,128,9,0,0,137,1,512,137,53
43393,43392,1024,1,513,139,139,0,85,182,130,9,0,0,139,1,512,139,54
43520,43520,2048,0,1025,283,282,0,174,256,204,52,0,0,256,1,512,282,108
43520,43520,1024,0,513,137,137,0,79,183,132,5,0,0,137,1,512,137,58
43520,43520,4096,0,37,8,7,0,6,10,7,1,0,0,8,1,512,7,1
43521,43520,2048,1,1025,286,285,0,176,256,142,114,0,0,256,1,512,285,109
43521,43520,1024,1,513,136,136,0,80,184,131,5,0,0,136,1,512,136,56
43521,43520,4096,1,37,7,7,0,5,12,7,0,0,0,7,0,0,7,2
43648,43648,1024,0,513,146,146,0,84,181,136,10,0,0,146,1,512,146,62
43649,43648,1024,1,513,145,145,0,84,182,136,9,0,0,145,1,512,145,61
43776,43776,2048,0,1025,293,292,0,176,256,107,149,0,0,256,1,512,292,116
43776,43776,1024,0,513,141,141,0,86,187,137,4,0,0,141,1,512,141,55
43777,43776,2048,1,1025,292,291,0,177,256,88,168,0,0,256,1,512,291,114
43777,43776,1024,1,513,141,141,0,85,187,136,5,0,0,141,1,512,141,56
43904,43904,1024,0,513,136,136,0,89,184,129,7,0,0,136,1,512,136,47
43905,43904,1024,1,513,136,136,0,90,185,130,6,0,0,136,1,512,136,46
44032,44032,2048,0,1025,291,290,0,178,256,182,74,0,0,256,1,512,290,112
44032,44032,1024,0,513,136,136,0,88,182,128,8,0,0,136,1,512,136,48
44032,44032,4096,0,37,8,7,0,5,11,8,0,0,0,8,0,0,7,2
44033,44032,2048,1,1025,289,287,0,177,256,184,72,0,0,256,1,512,287,110
44033,44032,1024,1,513,137,137,0,92,182,129,8,0,0,137,1,512,137,45
44033,44032,4096,1,37,9,8,0,6,11,8,1,0,0,9,1,512,8,2
44160,44160,1024,0,513,144,144,0,93,182,135,9,0,0,144,1,512,144,51
44161,44160,1024,1,513,145,145,0,93,182,136,9,0,0,145,1,512,145,52
44288,44288,2048,0,1025,271,271,0,177,256,205,51,0,0,256,1,512,271,94
44288,44288,1024,0,513,142,142,0,93,186,137,5,0,0,142,1,512,142,49
44289,44288,2048,1,1025,269,269,0,173,256,214,42,0,0,256,1,512,269,96
44289,44288,1024,1,513,143,143,0,94,186,138,5,0,0,143,1,512,143,49
44416,44416,1024,0,513,145,145,0,84,182,135,10,0,0,145,1,512,145,61
44417,44416,1024,1,513,143,143,0,86,182,135,8,0,0,143,1,512,143,57
44544,44544,2048,0,1025,284,283,0,169,256,139,117,0,0,256,1,512,283,114
44544,44544,1024,0,513,145,145,0,88,185,140,5,0,0,145,1,512,145,57
44544,44544,4096,0,37,9,8,0,4,11,8,1,0,0,9,1,512,8,4
44545,44544,2048,1,1025,282,282,0,168,256,143,113,0,0,256,1,512,282,114
44545,44544,1024,1,513,145,145,0,87,184,140,5,0,0,145,1,512,145,58
44545,44544,4096,1,37,8,8,0,6,12,8,0,0,0,8,0,0,8,2
44672,44672,1024,0,513,141,141,0,98,187,135,6,0,0,141,1,512,141,43
44673,44672,1024,1,513,140,140,0,97,186,134,6,0,0,140,1,512,140,43
44800,44800,2048,0,1025,281,281,0,186,256,123,133,0,0,256,1,512,281,95
44800,44800,1024,0,513,137,136,0,92,186,129,8,0,0,137,1,512,136,44
44801,44800,2048,1,1025,280,280,0,184,256,159,97,0,0,256,1,512,280,96
44801,44800,1024,1,513,140,139,0,96,185,132,8,0,0,140,1,512,139,43
44928,44928,1024,0,513,141,140,0,86,184,133,8,0,0,141,1,512,140,54
44929,44928,1024,1,513,143,142,0,87,183,135,8,0,0,143,1,512,142,55
45056,45056,2048,0,1025,282,282,0,187,256,129,127,0,0,256,1,512,282,95
45056,45056,1024,0,513,147,147,0,86,185,137,10,0,0,147,1,512,147,61
45056,45056,4096,0,37,8,7,0,5,11,8,0,0,0,8,0,0,7,2
45057,45056,2048,1,1025,283,283,0,188,256,114,142,0,0,256,1,512,283,95
45057,45056,1024,1,513,148,148,0,88,186,138,10,0,0,148,1,512,148,60
45057,45056,4096,1,37,9,8,0,5,11,9,0,0,0,9,0,0,8,3
45184,45184,1024,0,513,147,147,0,87,187,139,8,0,0,147,1,512,147,60
45185,45184,1024,1,513,147,147,0,91,188,140,7,0,0,147,1,512,147,56
45312,45312,2048,0,1025,281,281,0,178,256,216,40,0,0,256,1,512,281,103
45312,45312,1024,0,513,142,142,0,95,186,135,7,0,0,142,1,512,142,47
45313,45312,2048,1,1025,279,279,0,176,256,219,37,0,0,256,1,512,279,103
45313,45312,1024,1,513,143,143,0,96,187,136,7,0,0,143,1,512,143,47
45440,45440,1024,0,513,138,138,0,85,187,130,8,0,0,138,1,512,138,53
45441,45440,1024,1,513,138,138,0,89,188,131,7,0,0,138,1,512,138,49
45568,45568,2048,0,1025,293,293,0,178,256,203,53,0,0,256,1,512,293,115
45568,45568,1024,0,513,137,136,0,93,187,134,3,0,0,137,1,512,136,43
45568,45568,4096,0,37,8,8,0,5,10,7,1,0,0,8,1,512,8,3
45569,45568,2048,1,1025,289,289,0,175,256,208,48,0,0,256,1,512,289,114
45569,45568,1024,1,513,136,135,0,91,186,133,3,0,0,136,1,512,135,44
45569,45568,4096,1,37,6,5,0,5,11,6,0,0,0,6,0,0,5,0
45696,45696,1024,0,513,138,137,0,82,184,132,6,0,0,138,1,512,137,55
45697,45696,1024,1,513,138,137,0,84,184,132,6,0,0,138,1,512,137,53
45824,45824,2048,0,1025,282,282,0,184,256,219,37,0,0,256,1,512,282,98
45824,45824,1024,0,513,139,138,0,88,179,129,10,0,0,139,1,512,138,50
45825,45824,2048,1,1025,281,281,0,182,256,212,44,0,0,256,1,512,281,99
45825,45824,1024,1,513,140,139,0,91,180,130,10,0,0,140,1,512,139,48
45952,45952,1024,0,513,134,133,0,86,180,128,6,0,0,134,1,512,133,47
45953,45952,1024,1,513,136,135,0,87,180,131,5,0,0,136,1,512,135,48
46080,46080,2048,0,1025,293,292,0,177,256,208,48,0,0,256,1,512,292,115
46080,46080,1024,0,513,140,139,0,92,181,133,7,0,0,140,1,512,139,47
46080,46080,4096,0,37,8,8,0,7,11,8,0,0,0,8,0,0,8,1
46081,46080,2048,1,1025,293,292,0,178,256,205,51,0,0,256,1,512,292,114
46081,46080,1024,1,513,141,140,0,92,180,134,7,0,0,141,1,512,140,48
46081,46080,4096,1,37,8,7,0,4,10,8,0,0,0,8,0,0,7,3
46208,46208,1024,0,513,142,141,0,78,179,134,8,0,0,142,1,512,141,63
46209,46208,1024,1,513,142,141,0,79,180,134,8,0,0,142,1,512,141,62
46336,46336,2048,0,1025,274,272,0,181,256,138,118,0,0,256,1,512,272,91
46336,46336,1024,0,513,136,135,0,82,182,129,7,0,0,136,1,512,135,53
46337,46336,2048,1,1025,273,272,0,180,256,130,126,0,0,256,1,512,272,92
46337,46336,1024,1,513,134,133,0,83,184,128,6,0,0,134,1,512,133,50
46464,46464,1024,0,513,140,139,0,78,179,134,6,0,0,140,1,512,139,61
46465,46464,1024,1,513,141,140,0,80,180,135,6,0,0,141,1,512,140,60
46592,46592,2048,0,1025,281,280,0,174,256,62,194,0,0,256,1,512,280,106
46592,46592,1024,0,513,137,136,0,85,181,126,11,0,0,137,1,512,136,51
46592,46592,4096,0,37,9,8,0,7,11,9,0,0,0,9,0,0,8,1
46593,46592,2048,1,1025,283,282,0,172,256,66,190,0,0,256,1,512,282,110
46593,46592,1024,1,513,137,136,0,85,182,126,11,0,0,137,1,512,136,51
46593,46592,4096,1,37,9,8,0,6,10,9,0,0,0,9,0,0,8,2
46720,46720,1024,0,513,137,136,0,89,189,134,3,0,0,137,1,512,136,47
46721,46720,1024,1,513,139,138,0,90,188,136,3,0,0,139,1,512,138,48
46848,46848,2048,0,1025,286,285,0,187,256,223,33,0,0,256,1,512,285,98
46848,46848,1024,0,513,140,139,0,75,183,130,10,0,0,140,1,512,139,64
46849,46848,2048,1,1025,283,282,0,188,256,227,29,0,0,256,1,512,282,94
46849,46848,1024,1,513,142,141,0,76,182,132,10,0,0,142,1,512,141,65
46976,46976,1024,0,513,139,139,0,93,187,135,4,0,0,139,1,512,139,46
46977,46976,1024,1,513,141,141,0,96,187,137,4,0,0,141,1,512,141,45
47104,47104,2048,0,1025,277,276,0,200,256,215,41,0,0,256,1,512,276,76
47104,47104,1024,0,513,145,145,0,88,178,136,9,0,0,145,1,512,145,57
47104,47104,4096,0,37,7,6,0,5,10,7,0,0,0,7,0,0,6,1
47105,47104,2048,1,1025,276,275,0,198,256,205,51,0,0,256,1,512,275,77
47105,47104,1024,1,513,144,144,0,92,181,138,6,0,0,144,1,512,144,52
47105,47104,4096,1,37,7,6,0,5,10,7,0,0,0,7,0,0,6,1
47232,47232,1024,0,513,138,138,0,77,181,128,10,0,0,138,1,512,138,61
47233,47232,1024,1,513,140,140,0,78,180,129,11,0,0,140,1,512,140,62
47360,47360,2048,0,1025,287,286,0,177,256,184,72,0,0,256,1,512,286,109
47360,47360,1024,0,513,142,142,0,92,186,133,9,0,0,142,1,512,142,50
47361,47360,2048,1,1025,286,285,0,177,256,188,68,0,0,256,1,512,285,108
47361,47360,1024,1,513,143,143,0,93,186,135,8,0,0,143,1,512,143,50
47488,47488,1024,0,513,137,136,0,78,187,129,8,0,0,137,1,512,136,58
47489,47488,1024,1,513,137,136,0,82,186,128,9,0,0,137,1,512,136,54
47616,47616,2048,0,1025,283,282,0,194,256,150,106,0,0,256,1,512,282,88
47616,47616,1024,0,513,144,144,0,85,192,131,13,0,0,144,1,512,144,59
47616,47616,4096,0,37,8,7,0,5,9,8,0,0,0,8,0,0,7,2
47617,47616,2048,1,1025,278,278,0,191,256,179,77,0,0,256,1,512,278,87
47617,47616,1024,1,513,145,145,0,87,192,133,12,0,0,145,1,512,145,58
47617,47616,4096,1,37,6,5,0,4,9,6,0,0,0,6,0,0,5,1
47744,47744,1024,0,513,143,142,0,94,194,138,5,0,0,143,1,512,142,48
47745,47744,1024,1,513,144,143,0,94,194,139,5,0,0,144,1,512,143,49
47872,47872,2048,0,1025,286,286,0,168,256,217,39,0,0,256,1,512,286,118
47872,47872,1024,0,513,139,139,0,84,189,132,7,0,0,139,1,512,139,55
47873,47872,2048,1,1025,286,286,0,164,256,183,73,0,0,256,1,512,286,122
47873,47872,1024,1,513,138,138,0,86,189,132,6,0,0,138,1,512,138,52
48000,48000,1024,0,513,142,142,0,81,181,134,8,0,0,142,1,512,142,61
48001,48000,1024,1,513,139,139,0,80,180,131,8,0,0,139,1,512,139,59
48128,48128,2048,0,1025,287,286,0,178,256,190,66,0,0,256,1,512,286,108
48128,48128,1024,0,513,133,133,0,92,185,130,3,0,0,133,1,512,133,41
48128,48128,4096,0,37,10,10,0,6,9,7,3,0,0,10,1,512,10,4
48129,48128,2048,1,1025,287,286,0,176,256,172,84,0,0,256,1,512,286,110
48129,48128,1024,1,513,134,134,0,91,184,131,3,0,0,134,1,512,134,43
48129,48128,4096,1,37,7,6,0,4,9,7,0,0,0,7,0,0,6,2
48256,48256,1024,0,513,130,130,0,78,181,123,7,0,0,130,1,512,130,52
48257,48256,1024,1,513,129,129,0,80,180,122,7,0,0,129,1,512,129,49
48384,48384,2048,0,1025,290,290,0,184,256,192,64,0,0,256,1,512,290,106
48384,48384,1024,0,513,130,130,0,80,179,123,7,0,0,130,1,512,130,50
48385,48384,2048,1,1025,286,286,0,181,256,216,40,0,0,256,1,512,286,105
48385,48384,1024,1,513,131,131,0,80,178,124,7,0,0,131,1,512,131,51
48512,48512,1024,0,513,136,136,0,68,177,127,9,0,0,136,1,512,136,68
48513,48512,1024,1,513,138,138,0,72,175,129,9,0,0,138,1,512,138,66
48640,48640,2048,0,1025,290,290,0,178,256,202,54,0,0,256,1,512,290,112
48640,48640,1024,0,513,132,132,0,81,177,123,9,0,0,132,1,512,132,51
48640,48640,4096,0,37,8,8,0,4,12,8,0,0,0,8,0,0,8,4
48641,48640,2048,1,1025,289,289,0,175,256,165,91,0,0,256,1,512,289,114
48641,48640,1024,1,513,133,133,0,84,175,124,9,0,0,133,1,512,133,49
48641,48640,4096,1,37,9,8,0,5,9,8,1,0,0,9,1,512,8,3
48768,48768,1024,0,513,140,140,0,94,177,132,8,0,0,140,1,512,140,46
48769,48768,1024,1,513,140,140,0,92,176,133,7,0,0,140,1,512,140,48
48896,48896,2048,0,1025,282,282,0,189,256,201,55,0,0,256,1,512,282,93
48896,48896,1024,0,513,141,140,0,81,179,131,10,0,0,141,1,512,140,59
48897,48896,2048,1,1025,281,281,0,189,256,202,54,0,0,256,1,512,281,92
48897,48896,1024,1,513,140,139,0,83,177,130,10,0,0,140,1,512,139,56
49024,49024,1024,0,513,146,145,0,94,182,138,8,0,0,146,1,512,145,51
49025,49024,1024,1,513,144,143,0,94,181,136,8,0,0,144,1,512,143,49
49152,49152,2048,0,1025,278,278,0,169,256,182,74,0,0,256,1,512,278,109
49152,49152,1024,0,513,140,139,0,91,185,132,8,0,0,140,1,512,139,48
49152,49152,4096,0,37,7,7,0,5,12,7,0,0,0,7,0,0,7,2
49153,49152,2048,1,1025,278,278,0,167,256,155,101,0,0,256,1,512,278,111
49153,49152,1024,1,513,139,138,0,91,184,131,8,0,0,139,1,512,138,47
49153,49152,4096,1,37,9,9,0,6,10,9,0,0,0,9,0,0,9,3
49280,49280,1024,0,513,135,134,0,83,187,130,5,0,0,135,1,512,134,51
49281,49280,1024,1,513,135,134,0,85,185,130,5,0,0,135,1,512,134,49
49408,49408,2048,0,1025,273,273,0,166,256,121,135,0,0,256,1,512,273,107
49408,49408,1024,0,513,139,138,0,76,183,133,6,0,0,139,1,512,138,62
49409,49408,2048,1,1025,270,270,0,164,256,124,132,0,0,256,1,512,270,106
49409,49408,1024,1,513,140,139,0,76,181,134,6,0,0,140,1,512,139,63
49536,49536,1024,0,513,144,143,0,90,183,133,11,0,0,144,1,512,143,53
49537,49536,1024,1,513,146,145,0,92,182,135,11,0,0,146,1,512,145,53
49664,49664,2048,0,1025,282,280,0,168,256,178,78,0,0,256,1,512,280,112
49664,49664,1024,0,513,140,139,0,97,186,136,4,0,0,140,1,512,139,42
49664,49664,4096,0,37,7,6,0,6,12,7,0,0,0,7,0,0,6,0
49665,49664,2048,1,1025,281,280,0,164,256,172,84,0,0,256,1,512,280,116
49665,49664,1024,1,513,138,137,0,100,186,135,3,0,0,138,1,512,137,37
49665,49664,4096,1,37,6,5,0,4,10,6,0,0,0,6,0,0,5,1
49792,49792,1024,0,513,135,135,0,80,183,129,6,0,0,135,1,512,135,55
49793,49792,1024,1,513,134,134,0,81,182,128,6,0,0,134,1,512,134,53
49920,49920,2048,0,1025,276,275,0,169,256,116,140,0,0,256,1,512,275,106
49920,49920,1024,0,513,139,139,0,85,184,127,12,0,0,139,1,512,139,54
49921,49920,2048,1,1025,275,274,0,168,256,107,149,0,0,256,1,512,274,106
49921,49920,1024,1,513,137,137,0,86,183,126,11,0,0,137,1,512,137,51
50048,50048,1024,0,513,142,142,0,91,188,132,10,0,0,142,1,512,142,51
50049,50048,1024,1,513,145,145,0,93,187,135,10,0,0,145,1,512,145,52
50176,50176,2048,0,1025,265,265,0,161,256,180,76,0,0,256,1,512,265,104
50176,50176,1024,0,513,139,138,0,84,190,134,5,0,0,139,1,512,138,54
50176,50176,4096,0,37,6,6,0,6,12,6,0,0,0,6,0,0,6,0
50177,50176,2048,1,1025,264,264,0,158,256,192,64,0,0,256,1,512,264,106
50177,50176,1024,1,513,140,139,0,85,189,135,5,0,0,140,1,512,139,54
50177,50176,4096,1,37,8,8,0,4,10,8,0,0,0,8,0,0,8,4
50304,50304,1024,0,513,139,138,0,82,185,132,7,0,0,139,1,512,138,56
50305,50304,1024,1,513,141,140,0,84,185,133,8,0,0,141,1,512,140,56
50432,50432,2048,0,1025,276,276,0,166,256,213,43,0,0,256,1,512,276,110
50432,50432,1024,0,513,139,138,0,89,185,132,7,0,0,139,1,512,138,49
50433,50432,2048,1,1025,274,274,0,166,256,215,41,0,0,256,1,512,274,108
50433,50432,1024,1,513,140,139,0,91,186,133,7,0,0,140,1,512,139,48
50560,50560,1024,0,513,137,136,0,96,181,131,6,0,0,137,1,512,136,40
50561,50560,1024,1,513,136,135,0,99,184,132,4,0,0,136,1,512,135,36
50688,50688,2048,0,1025,278,278,0,172,256,183,73,0,0,256,1,512,278,106
50688,50688,1024,0,513,134,133,0,77,182,126,8,0,0,134,1,512,133,56
50688,50688,4096,0,37,7,7,0,5,9,7,0,0,0,7,0,0,7,2
50689,50688,2048,1,1025,279,279,0,174,256,170,86,0,0,256,1,512,279,105
50689,50688,1024,1,513,134,133,0,77,182,126,8,0,0,134,1,512,133,56
50689,50688,4096,1,37,7,7,0,6,10,7,0,0,0,7,0,0,7,1
50816,50816,1024,0,513,141,140,0,82,185,129,12,0,0,141,1,512,140,58
50817,50816,1024,1,513,140,139,0,82,185,128,12,0,0,140,1,512,139,57
50944,50944,2048,0,1025,279,278,0,168,256,169,87,0,0,256,1,512,278,110
50944,50944,1024,0,513,144,143,0,94,182,137,7,0,0,144,1,512,143,49
50945,50944,2048,1,1025,278,277,0,166,256,172,84,0,0,256,1,512,277,111
50945,50944,1024,1,513,147,146,0,97,181,139,8,0,0,147,1,512,146,49
51072,51072,1024,0,513,142,141,0,77,185,135,7,0,0,142,1,512,141,64
51073,51072,1024,1,513,142,141,0,78,185,134,8,0,0,142,1,512,141,63
51200,51200,2048,0,1025,289,288,0,180,256,220,36,0,0,256,1,512,288,108
51200,51200,1024,0,513,139,138,0,89,183,134,5,0,0,139,1,512,138,49
51200,51200,4096,0,37,8,7,0,7,8,8,0,0,0,8,0,0,7,0
51201,51200,2048,1,1025,289,288,0,178,256,212,44,0,0,256,1,512,288,110
51201,51200,1024,1,513,141,140,0,91,183,135,6,0,0,141,1,512,140,49
51201,51200,4096,1,37,7,6,0,6,10,7,0,0,0,7,0,0,6,0
51328,51328,1024,0,513,142,141,0,88,183,135,7,0,0,142,1,512,141,53
51329,51328,1024,1,513,142,141,0,89,184,136,6,0,0,142,1,512,141,52
51456,51456,2048,0,1025,294,293,0,203,256,193,63,0,0,256,1,512,293,90
51456,51456,1024,0,513,137,136,0,95,185,131,6,0,0,137,1,512,136,41
51457,51456,2048,1,1025,294,293,0,200,256,189,67,0,0,256,1,512,293,93
51457,51456,1024,1,513,138,137,0,98,186,133,5,0,0,138,1,512,137,39
51584,51584,1024,0,513,144,143,0,86,179,132,12,0,0,144,1,512,143,57
51585,51584,1024,1,513,145,144,0,86,179,133,12,0,0,145,1,512,144,58
51712,51712,2048,0,1025,276,275,0,174,256,156,100,0,0,256,1,512,275,101
51712,51712,1024,0,513,146,146,0,90,185,140,6,0,0,146,1,512,146,56
51712,51712,4096,0,37,10,9,0,4,8,8,2,0,0,10,1,512,9,5
51713,51712,2048,1,1025,275,274,0,173,256,163,93,0,0,256,1,512,274,101
51713,51712,1024,1,513,145,145,0,91,185,140,5,0,0,145,1,512,145,54
51713,51712,4096,1,37,9,9,0,5,10,8,1,0,0,9,1,512,9,4
51840,51840,1024,0,513,131,131,0,87,188,126,5,0,0,131,1,512,131,44
51841,51840,1024,1,513,132,132,0,85,187,127,5,0,0,132,1,512,132,47
51968,51968,2048,0,1025,285,284,0,187,256,208,48,0,0,256,1,512,284,97
51968,51968,1024,0,513,147,147,0,85,186,132,15,0,0,147,1,512,147,62
51969,51968,2048,1,1025,284,283,0,182,256,207,49,0,0,256,1,512,283,101
51969,51968,1024,1,513,148,148,0,87,187,135,13,0,0,148,1,512,148,61
52096,52096,1024,0,513,152,152,0,102,196,144,8,0,0,152,1,512,152,50
52097,52096,1024,1,513,152,152,0,105,195,143,9,0,0,152,1,512,152,47
52224,52224,2048,0,1025,277,276,0,181,256,213,43,0,0,256,1,512,276,95
52224,52224,1024,0,513,133,133,0,90,196,132,1,0,0,133,1,512,133,43
52224,52224,4096,0,37,8,7,0,4,10,8,0,0,0,8,0,0,7,3
52225,52224,2048,1,1025,277,277,0,179,256,208,48,0,0,256,1,512,277,98
52225,52224,1024,1,513,133,133,0,90,196,132,1,0,0,133,1,512,133,43
52225,52224,4096,1,37,8,7,0,6,11,8,0,0,0,8,0,0,7,1
52352,52352,1024,0,513,134,134,0,69,184,125,9,0,0,134,1,512,134,65
52353,52352,1024,1,513,135,135,0,72,184,126,9,0,0,135,1,512,135,63
52480,52480,2048,0,1025,272,272,0,165,256,209,47,0,0,256,1,512,272,107
52480,52480,1024,0,513,139,139,0,84,186,130,9,0,0,139,1,512,139,55
52481,52480,2048,1,1025,274,273,0,165,256,185,71,0,0,256,1,512,273,108
52481,52480,1024,1,513,140,140,0,86,186,131,9,0,0,140,1,512,140,54
52608,52608,1024,0,513,141,140,0,88,192,136,5,0,0,141,1,512,140,52
52609,52608,1024,1,513,140,139,0,88,193,135,5,0,0,140,1,512,139,51
52736,52736,2048,0,1025,290,290,0,185,256,187,69,0,0,256,1,512,290,105
52736,52736,1024,0,513,135,134,0,84,189,127,8,0,0,135,1,512,134,50
52736,52736,4096,0,37,7,7,0,5,10,7,0,0,0,7,0,0,7,2
52737,52736,2048,1,1025,289,289,0,184,256,191,65,0,0,256,1,512,289,105
52737,52736,1024,1,513,135,134,0,85,189,126,9,0,0,135,1,512,134,49
52737,52736,4096,1,37,8,8,0,5,11,8,0,0,0,8,0,0,8,3
52864,52864,1024,0,513,148,147,0,84,190,138,10,0,0,148,1,512,147,63
52865,52864,1024,1,513,148,147,0,84,191,138,10,0,0,148,1,512,147,63
52992,52992,2048,0,1025,291,291,0,198,256,147,109,0,0,256,1,512,291,93
52992,52992,1024,0,513,148,147,0,98,189,143,5,0,0,148,1,512,147,49
52993,52992,2048,1,1025,289,289,0,196,256,156,100,0,0,256,1,512,289,93
52993,52992,1024,1,513,148,147,0,99,190,143,5,0,0,148,1,512,147,48
53120,53120,1024,0,513,141,140,0,100,185,137,4,0,0,141,1,512,140,40
53121,53120,1024,1,513,142,141,0,100,185,138,4,0,0,142,1,512,141,41
53248,53248,2048,0,1025,289,287,0,168,256,184,72,0,0,256,1,512,287,119
53248,53248,1024,0,513,129,129,0,88,183,126,3,0,0,129,1,512,129,41
53248,53248,4096,0,37,8,8,0,6,10,8,0,0,0,8,0,0,8,2
53249,53248,2048,1,1025,286,285,0,169,256,197,59,0,0,256,1,512,285,116
53249,53248,1024,1,513,129,129,0,93,184,127,2,0,0,129,1,512,129,36
53249,53248,4096,1,37,8,7,0,4,10,8,0,0,0,8,0,0,7,3
53376,53376,1024,0,513,138,138,0,91,179,130,8,0,0,138,1,512,138,47
53377,53376,1024,1,513,137,137,0,89,179,129,8,0,0,137,1,512,137,48
53504,53504,2048,0,1025,271,271,0,179,256,196,60,0,0,256,1,512,271,92
53504,53504,1024,0,513,144,144,0,84,180,136,8,0,0,144,1,512,144,60
53505,53504,2048,1,1025,270,270,0,177,256,185,71,0,0,256,1,512,270,93
53505,53504,1024,1,513,144,144,0,86,180,137,7,0,0,144,1,512,144,58
53632,53632,1024,0,513,148,147,0,98,178,141,7,0,0,148,1,512,147,49
53633,53632,1024,1,513,148,147,0,100,177,141,7,0,0,148,1,512,147,47
53760,53760,2048,0,1025,280,280,0,187,256,202,54,0,0,256,1,512,280,93
53760,53760,1024,0,513,136,135,0,92,177,130,6,0,0,136,1,512,135,43
53760,53760,4096,0,37,9,9,0,6,10,9,0,0,0,9,0,0,9,3
53761,53760,2048,1,1025,276,276,0,185,256,224,32,0,0,256,1,512,276,91
53761,53760,1024,1,513,138,137,0,92,176,133,5,0,0,138,1,512,137,45
53761,53760,4096,1,37,7,7,0,6,10,7,0,0,0,7,0,0,7,1
53888,53888,1024,0,513,142,141,0,92,183,135,7,0,0,142,1,512,141,49
53889,53888,1024,1,513,144,143,0,93,180,134,10,0,0,144,1,512,143,50
54016,54016,2048,0,1025,285,285,0,190,256,110,146,0,0,256,1,512,285,95
54016,54016,1024,0,513,140,139,0,88,184,128,12,0,0,140,1,512,139,51
54017,54016,2048,1,1025,284,284,0,188,256,110,146,0,0,256,1,512,284,96
54017,54016,1024,1,513,139,138,0,89,184,130,9,0,0,139,1,512,138,49
54144,54144,1024,0,513,145,144,0,84,192,135,10,0,0,145,1,512,144,60
54145,54144,1024,1,513,144,143,0,83,190,135,9,0,0,144,1,512,143,60
54272,54272,2048,0,1025,292,291,0,187,256,219,37,0,0,256,1,512,291,104
54272,54272,1024,0,513,147,146,0,91,190,143,4,0,0,147,1,512,146,55
54272,54272,4096,0,37,8,8,0,4,10,7,1,0,0,8,1,512,8,4
54273,54272,2048,1,1025,291,290,0,187,256,214,42,0,0,256,1,512,290,103
54273,54272,1024,1,513,147,146,0,90,189,143,4,0,0,147,1,512,146,56
54273,54272,4096,1,37,7,7,0,6,10,7,0,0,0,7,0,0,7,1
54400,54400,1024,0,513,147,146,0,89,189,138,9,0,0,147,1,512,146,57
54401,54400,1024,1,513,145,144,0,87,187,136,9,0,0,145,1,512,144,57
54528,54528,2048,0,1025,283,282,0,182,256,172,84,0,0,256,1,512,282,100
54528,54528,1024,0,513,143,142,0,89,190,136,7,0,0,143,1,512,142,53
54529,54528,2048,1,1025,280,279,0,182,256,176,80,0,0,256,1,512,279,97
54529,54528,1024,1,513,145,144,0,89,188,136,9,0,0,145,1,512,144,55
54656,54656,1024,0,513,138,138,0,84,190,132,6,0,0,138,1,512,138,54
54657,54656,1024,1,513,140,140,0,86,190,134,6,0,0,140,1,512,140,54
54784,54784,2048,0,1025,285,284,0,173,256,213,43,0,0,256,1,512,284,111
54784,54784,1024,0,513,138,138,0,88,190,131,7,0,0,138,1,512,138,50
54784,54784,4096,0,37,7,7,0,6,11,7,0,0,0,7,0,0,7,1
54785,54784,2048,1,1025,283,282,0,170,256,211,45,0,0,256,1,512,282,112
54785,54784,1024,1,513,140,140,0,90,190,133,7,0,0,140,1,512,140,50
54785,54784,4096,1,37,6,5,0,4,10,5,1,0,0,6,1,512,5,1
54912,54912,1024,0,513,140,140,0,90,190,134,6,0,0,140,1,512,140,50
54913,54912,1024,1,513,139,139,0,93,191,134,5,0,0,139,1,512,139,46
55040,55040,2048,0,1025,292,290,0,181,256,152,104,0,0,256,1,512,290,109
55040,55040,1024,0,513,135,135,0,90,187,130,5,0,0,135,1,512,135,45
55041,55040,2048,1,1025,290,288,0,180,256,164,92,0,0,256,1,512,288,108
55041,55040,1024,1,513,134,134,0,88,186,128,6,0,0,134,1,512,134,46
55168,55168,1024,0,513,129,129,0,85,180,126,3,0,0,129,1,512,129,44
55169,55168,1024,1,513,129,129,0,87,180,126,3,0,0,129,1,512,129,42
55296,55296,2048,0,1025,273,272,0,201,256,217,39,0,0,256,1,512,272,71
55296,55296,1024,0,513,138,138,0,85,174,125,13,0,0,138,1,512,138,53
55296,55296,4096,0,37,7,6,0,5,11,7,0,0,0,7,0,0,6,1
55297,55296,2048,1,1025,272,271,0,198,256,184,72,0,0,256,1,512,271,73
55297,55296,1024,1,513,140,140,0,87,174,127,13,0,0,140,1,512,140,53
55297,55296,4096,1,37,8,8,0,5,10,7,1,0,0,8,1,512,8,3
55424,55424,1024,0,513,138,138,0,83,177,125,13,0,0,138,1,512,138,55
55425,55424,1024,1,513,137,137,0,85,178,126,11,0,0,137,1,512,137,52
55552,55552,2048,0,1025,281,281,0,165,256,159,97,0,0,256,1,512,281,116
55552,55552,1024,0,513,134,134,0,94,178,131,3,0,0,134,1,512,134,40
55553,55552,2048,1,1025,281,281,0,163,256,143,113,0,0,256,1,512,281,118
55553,55552,1024,1,513,136,136,0,93,177,133,3,0,0,136,1,512,136,43
55680,55680,1024,0,513,133,133,0,77,176,125,8,0,0,133,1,512,133,56
55681,55680,1024,1,513,133,133,0,77,175,125,8,0,0,133,1,512,133,56
55808,55808,2048,0,1025,283,283,0,173,256,172,84,0,0,256,1,512,283,110
55808,55808,1024,0,513,140,140,0,82,179,129,11,0,0,140,1,512,140,58
55808,55808,4096,0,37,7,6,0,5,10,7,0,0,0,7,0,0,6,1
55809,55808,2048,1,1025,283,282,0,172,256,162,94,0,0,256,1,512,282,110
55809,55808,1024,1,513,140,140,0,84,179,130,10,0,0,140,1,512,140,56
55809,55808,4096,1,37,6,6,0,6,10,6,0,0,0,6,0,0,6,0
55936,55936,1024,0,513,141,141,0,95,184,130,11,0,0,141,1,512,141,46
55937,55936,1024,1,513,140,140,0,96,184,130,10,0,0,140,1,512,140,44
56064,56064,2048,0,1025,285,285,0,180,256,149,107,0,0,256,1,512,285,105
56064,56064,1024,0,513,143,143,0,86,187,139,4,0,0,143,1,512,143,57
56065,56064,2048,1,1025,284,284,0,179,256,148,108,0,0,256,1,512,284,105
56065,56064,1024,1,513,140,140,0,82,186,136,4,0,0,140,1,512,140,58
56192,56192,1024,0,513,140,139,0,86,183,134,6,0,0,140,1,512,139,53
56193,56192,1024,1,513,139,138,0,88,181,134,5,0,0,139,1,512,138,50
56320,56320,2048,0,1025,285,285,0,171,256,201,55,0,0,256,1,512,285,114
56320,56320,1024,0,513,143,142,0,102,181,136,7,0,0,143,1,512,142,40
56320,56320,4096,0,37,7,7,0,6,9,7,0,0,0,7,0,0,7,1
56321,56320,2048,1,1025,282,282,0,170,256,216,40,0,0,256,1,512,282,112
56321,56320,1024,1,513,142,141,0,100,178,136,6,0,0,142,1,512,141,41
56321,56320,4096,1,37,6,6,0,4,10,6,0,0,0,6,0,0,6,2
56448,56448,1024,0,513,143,142,0,90,180,135,8,0,0,143,1,512,142,52
56449,56448,1024,1,513,143,142,0,88,176,134,9,0,0,143,1,512,142,54
56576,56576,2048,0,1025,286,285,0,185,256,184,72,0,0,256,1,512,285,100
56576,56576,1024,0,513,139,138,0,90,184,132,7,0,0,139,1,512,138,48
56577,56576,2048,1,1025,284,284,0,184,256,184,72,0,0,256,1,512,284,100
56577,56576,1024,1,513,140,139,0,90,182,133,7,0,0,140,1,512,139,49
56704,56704,1024,0,513,140,139,0,82,182,131,9,0,0,140,1,512,139,57
56705,56704,1024,1,513,138,137,0,84,182,131,7,0,0,138,1,512,137,53
56832,56832,2048,0,1025,282,282,0,177,256,187,69,0,0,256,1,512,282,105
56832,56832,1024,0,513,141,140,0,85,185,134,7,0,0,141,1,512,140,55
56832,56832,4096,0,37,8,8,0,7,9,7,1,0,0,8,1,512,8,1
56833,56832,2048,1,1025,283,283,0,177,256,172,84,0,0,256,1,512,283,106
56833,56832,1024,1,513,142,141,0,86,184,135,7,0,0,142,1,512,141,55
56833,56832,4096,1,37,6,6,0,4,10,6,0,0,0,6,0,0,6,2
56960,56960,1024,0,513,133,132,0,77,185,127,6,0,0,133,1,512,132,55
56961,56960,1024,1,513,137,136,0,80,184,131,6,0,0,137,1,512,136,56
57088,57088,2048,0,1025,278,277,0,175,256,218,38,0,0,256,1,512,277,102
57088,57088,1024,0,513,144,143,0,88,185,137,7,0,0,144,1,512,143,55
57089,57088,2048,1,1025,277,276,0,173,256,221,35,0,0,256,1,512,276,103
57089,57088,1024,1,513,145,144,0,93,184,138,7,0,0,145,1,512,144,51
57216,57216,1024,0,513,149,148,0,95,185,141,8,0,0,149,1,512,148,53
57217,57216,1024,1,513,151,150,0,97,185,145,6,0,0,151,1,512,150,53
57344,57344,2048,0,1025,283,282,0,184,256,209,47,0,0,256,1,512,282,98
57344,57344,1024,0,513,145,144,0,105,183,138,7,0,0,145,1,512,144,39
57344,57344,4096,0,37,9,8,0,6,9,7,2,0,0,9,1,512,8,2
57345,57344,2048,1,1025,281,280,0,183,256,209,47,0,0,256,1,512,280,97
57345,57344,1024,1,513,147,146,0,106,183,140,7,0,0,147,1,512,146,40
57345,57344,4096,1,37,8,8,0,5,10,8,0,0,0,8,0,0,8,3
57472,57472,1024,0,513,136,135,0,81,182,128,8,0,0,136,1,512,135,54
57473,57472,1024,1,513,137,136,0,82,183,129,8,0,0,137,1,512,136,54
57600,57600,2048,0,1025,280,279,0,185,256,173,83,0,0,256,1,512,279,94
57600,57600,1024,0,513,140,140,0,90,187,133,7,0,0,140,1,512,140,50
57601,57600,2048,1,1025,277,276,0,181,256,178,78,0,0,256,1,512,276,95
57601,57600,1024,1,513,140,140,0,91,188,133,7,0,0,140,1,512,140,49
57728,57728,1024,0,513,142,142,0,86,188,138,4,0,0,142,1,512,142,56
57729,57728,1024,1,513,140,140,0,86,190,136,4,0,0,140,1,512,140,54
57856,57856,2048,0,1025,280,279,0,183,256,200,56,0,0,256,1,512,279,96
57856,57856,1024,0,513,137,137,0,86,184,129,8,0,0,137,1,512,137,51
57856,57856,4096,0,37,9,8,0,7,11,9,0,0,0,9,0,0,8,1
57857,57856,2048,1,1025,279,278,0,182,256,197,59,0,0,256,1,512,278,96
57857,57856,1024,1,513,135,135,0,86,187,129,6,0,0,135,1,512,135,49
57857,57856,4096,1,37,8,7,0,5,10,7,1,0,0,8,1,512,7,2
57984,57984,1024,0,513,137,137,0,85,183,128,9,0,0,137,1,512,137,52
57985,57984,1024,1,513,137,137,0,86,184,130,7,0,0,137,1,512,137,51
58112,58112,2048,0,1025,275,274,0,158,256,157,99,0,0,256,1,512,274,116
58112,58112,1024,0,513,141,141,0,86,186,132,9,0,0,141,1,512,141,55
58113,58112,2048,1,1025,273,272,0,159,256,168,88,0,0,256,1,512,272,113
58113,58112,1024,1,513,141,141,0,87,185,132,9,0,0,141,1,512,141,54
58240,58240,1024,0,513,137,136,0,83,192,132,5,0,0,137,1,512,136,53
58241,58240,1024,1,513,140,139,0,84,191,135,5,0,0,140,1,512,139,55
58368,58368,2048,0,1025,282,281,0,171,256,143,113,0,0,256,1,512,281,110
58368,58368,1024,0,513,138,137,0,82,187,129,9,0,0,138,1,512,137,55
58368,58368,4096,0,37,10,9,0,6,11,8,2,0,0,10,1,512,9,3
58369,58368,2048,1,1025,278,278,0,168,256,171,85,0,0,256,1,512,278,110
58369,58368,1024,1,513,139,138,0,85,186,131,8,0,0,139,1,512,138,53
58369,58368,4096,1,37,8,8,0,6,11,7,1,0,0,8,1,512,8,2
58496,58496,1024,0,513,143,142,0,88,185,133,10,0,0,143,1,512,142,54
58497,58496,1024,1,513,142,141,0,89,185,132,10,0,0,142,1,512,141,52
58624,58624,2048,0,1025,301,301,0,179,256,215,41,0,0,256,1,512,301,122
58624,58624,1024,0,513,134,133,0,80,185,126,8,0,0,134,1,512,133,53
58625,58624,2048,1,1025,301,301,0,176,256,175,81,0,0,256,1,512,301,125
58625,58624,1024,1,513,134,133,0,80,185,126,8,0,0,134,1,512,133,53
58752,58752,1024,0,513,141,141,0,84,185,133,8,0,0,141,1,512,141,57
58753,58752,1024,1,513,139,139,0,85,184,131,8,0,0,139,1,512,139,54
58880,58880,2048,0,1025,283,283,0,184,256,201,55,0,0,256,1,512,283,99
58880,58880,1024,0,513,144,144,0,101,184,135,9,0,0,144,1,512,144,43
58880,58880,4096,0,37,8,8,0,5,13,8,0,0,0,8,0,0,8,3
58881,58880,2048,1,1025,283,283,0,185,256,195,61,0,0,256,1,512,283,98
58881,58880,1024,1,513,145,145,0,101,184,137,8,0,0,145,1,512,145,44
58881,58880,4096,1,37,9,8,0,7,12,8,1,0,0,9,1,512,8,1
59008,59008,1024,0,513,141,141,0,100,188,134,7,0,0,141,1,512,141,41
59009,59008,1024,1,513,142,142,0,101,187,135,7,0,0,142,1,512,142,41
59136,59136,2048,0,1025,273,273,0,168,256,193,63,0,0,256,1,512,273,105
59136,59136,1024,0,513,135,135,0,83,182,128,7,0,0,135,1,512,135,52
59137,59136,2048,1,1025,273,273,0,166,256,191,65,0,0,256,1,512,273,107
59137,59136,1024,1,513,136,136,0,84,181,129,7,0,0,136,1,512,136,52
59264,59264,1024,0,513,140,140,0,92,180,128,12,0,0,140,1,512,140,48
59265,59264,1024,1,513,139,139,0,94,179,128,11,0,0,139,1,512,139,45
59392,59392,2048,0,1025,288,288,0,172,256,158,98,0,0,256,1,512,288,116
59392,59392,1024,0,513,141,141,0,89,189,135,6,0,0,141,1,512,141,52
59392,59392,4096,0,37,8,8,0,5,12,8,0,0,0,8,0,0,8,3
59393,59392,2048,1,1025,287,287,0,171,256,175,81,0,0,256,1,512,287,116
59393,59392,1024,1,513,141,141,0,90,187,136,5,0,0,141,1,512,141,51
59393,59392,4096,1,37,8,8,0,5,13,8,0,0,0,8,0,0,8,3
59520,59520,1024,0,513,148,148,0,94,188,137,11,0,0,148,1,512,148,54
59521,59520,1024,1,513,148,148,0,95,186,137,11,0,0,148,1,512,148,53
59648,59648,2048,0,1025,277,277,0,182,256,207,49,0,0,256,1,512,277,95
59648,59648,1024,0,513,139,138,0,88,185,132,7,0,0,139,1,512,138,50
59649,59648,2048,1,1025,276,276,0,181,256,207,49,0,0,256,1,512,276,95
59649,59648,1024,1,513,140,139,0,92,184,133,7,0,0,140,1,512,139,47
59776,59776,1024,0,513,143,142,0,88,185,133,10,0,0,143,1,512,142,54
59777,59776,1024,1,513,143,142,0,87,184,133,10,0,0,143,1,512,142,55
59904,59904,2048,0,1025,269,269,0,164,256,204,52,0,0,256,1,512,269,105
59904,59904,1024,0,513,144,143,0,90,188,135,9,0,0,144,1,512,143,53
59904,59904,4096,0,37,7,7,0,7,12,7,0,0,0,7,0,0,7,0
59905,59904,2048,1,1025,269,269,0,162,256,202,54,0,0,256,1,512,269,107
59905,59904,1024,1,513,145,144,0,92,187,136,9,0,0,145,1,512,144,52
59905,59904,4096,1,37,8,8,0,8,13,8,0,0,0,8,0,0,8,0
60032,60032,1024,0,513,136,135,0,81,190,129,7,0,0,136,1,512,135,54
60033,60032,1024,1,513,138,137,0,82,189,131,7,0,0,138,1,512,137,55
60160,60160,2048,0,1025,274,274,0,179,256,208,48,0,0,256,1,512,274,95
60160,60160,1024,0,513,143,142,0,88,186,135,8,0,0,143,1,512,142,54
60161,60160,2048,1,1025,275,275,0,178,256,200,56,0,0,256,1,512,275,97
60161,60160,1024,1,513,143,142,0,91,187,135,8,0,0,143,1,512,142,51
60288,60288,1024,0,513,131,131,0,91,185,128,3,0,0,131,1,512,131,40
60289,60288,1024,1,513,131,131,0,91,186,128,3,0,0,131,1,512,131,40
60416,60416,2048,0,1025,281,280,0,190,256,215,41,0,0,256,1,512,280,90
60416,60416,1024,0,513,134,134,0,87,181,126,8,0,0,134,1,512,134,47
60416,60416,4096,0,37,8,8,0,6,11,7,1,0,0,8,1,512,8,2
60417,60416,2048,1,1025,281,280,0,188,256,217,39,0,0,256,1,512,280,92
60417,60416,1024,1,513,133,133,0,85,182,125,8,0,0,133,1,512,133,48
60417,60416,4096,1,37,7,6,0,5,12,7,0,0,0,7,0,0,6,1
60544,60544,1024,0,513,147,147,0,90,176,134,13,0,0,147,1,512,147,57
60545,60544,1024,1,513,147,147,0,93,177,135,12,0,0,147,1,512,147,54
60672,60672,2048,0,1025,284,283,0,170,256,168,88,0,0,256,1,512,283,113
60672,60672,1024,0,513,140,140,0,92,185,135,5,0,0,140,1,512,140,48
60673,60672,2048,1,1025,282,281,0,169,256,189,67,0,0,256,1,512,281,112
60673,60672,1024,1,513,141,141,0,94,185,135,6,0,0,141,1,512,141,47
60800,60800,1024,0,513,148,148,0,94,182,138,10,0,0,148,1,512,148,54
60801,60800,1024,1,513,149,149,0,97,183,139,10,0,0,149,1,512,149,52
60928,60928,2048,0,1025,275,274,0,175,256,159,97,0,0,256,1,512,274,99
60928,60928,1024,0,513,138,138,0,88,185,132,6,0,0,138,1,512,138,50
60928,60928,4096,0,37,7,7,0,5,10,7,0,0,0,7,0,0,7,2
60929,60928,2048,1,1025,274,273,0,172,256,148,108,0,0,256,1,512,273,101
60929,60928,1024,1,513,139,139,0,91,185,133,6,0,0,139,1,512,139,48
60929,60928,4096,1,37,7,7,0,5,12,7,0,0,0,7,0,0,7,2
61056,61056,1024,0,513,141,141,0,93,186,134,7,0,0,141,1,512,141,48
61057,61056,1024,1,513,141,141,0,93,186,135,6,0,0,141,1,512,141,48
61184,61184,2048,0,1025,275,274,0,191,256,136,120,0,0,256,1,512,274,83
61184,61184,1024,0,513,142,142,0,84,181,132,10,0,0,142,1,512,142,58
61185,61184,2048,1,1025,275,274,0,192,256,117,139,0,0,256,1,512,274,82
61185,61184,1024,1,513,144,144,0,86,181,134,10,0,0,144,1,512,144,58
61312,61312,1024,0,513,144,144,0,92,186,135,9,0,0,144,1,512,144,52
61313,61312,1024,1,513,145,145,0,92,186,136,9,0,0,145,1,512,145,53
61440,61440,2048,0,1025,277,276,0,173,256,99,157,0,0,256,1,512,276,103
61440,61440,1024,0,513,139,139,0,89,184,133,6,0,0,139,1,512,139,50
61440,61440,4096,0,37,6,6,0,6,10,6,0,0,0,6,0,0,6,0
61441,61440,2048,1,1025,275,274,0,172,256,110,146,0,0,256,1,512,274,102
61441,61440,1024,1,513,138,138,0,90,184,133,5,0,0,138,1,512,138,48
61441,61440,4096,1,37,6,6,0,5,12,6,0,0,0,6,0,0,6,1
61568,61568,1024,0,513,147,147,0,91,181,137,10,0,0,147,1,512,147,56
61569,61568,1024,1,513,147,147,0,93,180,137,10,0,0,147,1,512,147,54
61696,61696,2048,0,1025,279,278,0,162,256,216,40,0,0,256,1,512,278,116
61696,61696,1024,0,513,139,138,0,94,182,135,4,0,0,139,1,512,138,44
61697,61696,2048,1,1025,278,277,0,162,256,222,34,0,0,256,1,512,277,115
61697,61696,1024,1,513,140,139,0,98,181,135,5,0,0,140,1,512,139,41
61824,61824,1024,0,513,138,137,0,95,179,131,7,0,0,138,1,512,137,42
61825,61824,1024,1,513,138,137,0,94,179,132,6,0,0,138,1,512,137,43
61952,61952,2048,0,1025,289,287,0,178,256,166,90,0,0,256,1,512,287,109
61952,61952,1024,0,513,141,141,0,81,181,136,5,0,0,141,1,512,141,60
61952,61952,4096,0,37,8,8,0,5,10,8,0,0,0,8,0,0,8,3
61953,61952,2048,1,1025,290,289,0,178,256,150,106,0,0,256,1,512,289,111
61953,61952,1024,1,513,142,142,0,82,181,136,6,0,0,142,1,512,142,60
61953,61952,4096,1,37,8,7,0,5,10,8,0,0,0,8,0,0,7,2
62080,62080,1024,0,513,137,137,0,88,181,130,7,0,0,137,1,512,137,49
62081,62080,1024,1,513,137,137,0,89,182,131,6,0,0,137,1,512,137,48
62208,62208,2048,0,1025,286,286,0,185,256,188,68,0,0,256,1,512,286,101
62208,62208,1024,0,513,138,138,0,80,182,132,6,0,0,138,1,512,138,58
62209,62208,2048,1,1025,285,285,0,185,256,202,54,0,0,256,1,512,285,100
62209,62208,1024,1,513,141,141,0,82,182,135,6,0,0,141,1,512,141,59
62336,62336,1024,0,513,143,143,0,87,186,131,12,0,0,143,1,512,143,56
62337,62336,1024,1,513,144,144,0,88,185,131,13,0,0,144,1,512,144,56
62464,62464,2048,0,1025,286,285,0,173,256,181,75,0,0,256,1,512,285,112
62464,62464,1024,0,513,142,142,0,76,189,133,9,0,0,142,1,512,142,66
62464,62464,4096,0,37,7,7,0,6,10,7,0,0,0,7,0,0,7,1
62465,62464,2048,1,1025,285,284,0,171,256,176,80,0,0,256,1,512,284,113
62465,62464,1024,1,513,143,143,0,78,190,134,9,0,0,143,1,512,143,65
62465,62464,4096,1,37,6,6,0,4,9,6,0,0,0,6,0,0,6,2
62592,62592,1024,0,513,140,140,0,85,188,130,10,0,0,140,1,512,140,55
62593,62592,1024,1,513,141,141,0,86,189,131,10,0,0,141,1,512,141,55
62720,62720,2048,0,1025,291,290,0,179,256,208,48,0,0,256,1,512,290,111
62720,62720,1024,0,513,149,149,0,99,191,142,7,0,0,149,1,512,149,50
62721,62720,2048,1,1025,290,289,0,178,256,214,42,0,0,256,1,512,289,111
62721,62720,1024,1,513,148,148,0,102,193,142,6,0,0,148,1,512,148,46
62848,62848,1024,0,513,147,147,0,96,189,137,10,0,0,147,1,512,147,51
62849,62848,1024,1,513,146,146,0,94,190,137,9,0,0,146,1,512,146,52
62976,62976,2048,0,1025,278,277,0,194,256,183,73,0,0,256,1,512,277,83
62976,62976,1024,0,513,140,140,0,98,190,136,4,0,0,140,1,512,140,42
62976,62976,4096,0,37,7,7,0,7,10,7,0,0,0,7,0,0,7,0
62977,62976,2048,1,1025,278,277,0,192,256,178,78,0,0,256,1,512,277,85
62977,62976,1024,1,513,141,141,0,98,189,137,4,0,0,141,1,512,141,43
62977,62976,4096,1,37,8,8,0,6,9,7,1,0,0,8,1,512,8,2
63104,63104,1024,0,513,135,135,0,84,188,128,7,0,0,135,1,512,135,51
63105,63104,1024,1,513,135,135,0,86,187,129,6,0,0,135,1,512,135,49
63232,63232,2048,0,1025,283,283,0,185,256,209,47,0,0,256,1,512,283,98
63232,63232,1024,0,513,144,144,0,86,189,137,7,0,0,144,1,512,144,58
63233,63232,2048,1,1025,282,282,0,183,256,208,48,0,0,256,1,512,282,99
63233,63232,1024,1,513,144,144,0,90,187,138,6,0,0,144,1,512,144,54
63360,63360,1024,0,513,136,136,0,84,190,130,6,0,0,136,1,512,136,52
63361,63360,1024,1,513,137,137,0,84,188,131,6,0,0,137,1,512,137,53
63488,63488,2048,0,1025,284,283,0,182,256,213,43,0,0,256,1,512,283,101
63488,63488,1024,0,513,136,136,0,76,187,129,7,0,0,136,1,512,136,60
63488,63488,4096,0,37,8,8,0,5,9,8,0,0,0,8,0,0,8,3
63489,63488,2048,1,1025,284,283,0,182,256,210,46,0,0,256,1,512,283,101
63489,63488,1024,1,513,135,135,0,75,186,128,7,0,0,135,1,512,135,60
63489,63488,4096,1,37,6,6,0,6,9,6,0,0,0,6,0,0,6,0
63616,63616,1024,0,513,142,141,0,91,185,134,8,0,0,142,1,512,141,50
63617,63616,1024,1,513,141,140,0,92,184,134,7,0,0,141,1,512,140,48
63744,63744,2048,0,1025,280,279,0,172,256,187,69,0,0,256,1,512,279,107
63744,63744,1024,0,513,135,134,0,89,185,132,3,0,0,135,1,512,134,45
63745,63744,2048,1,1025,277,276,0,170,256,187,69,0,0,256,1,512,276,106
63745,63744,1024,1,513,135,134,0,90,183,129,6,0,0,135,1,512,134,44
63872,63872,1024,0,513,139,138,0,79,179,131,8,0,0,139,1,512,138,59
63873,63872,1024,1,513,141,140,0,79,179,133,8,0,0,141,1,512,140,61
64000,64000,2048,0,1025,286,286,0,176,256,141,115,0,0,256,1,512,286,110
64000,64000,1024,0,513,134,133,0,86,180,126,8,0,0,134,1,512,133,47
64000,64000,4096,0,37,8,8,0,7,9,7,1,0,0,8,1,512,8,1
64001,64000,2048,1,1025,285,285,0,174,256,139,117,0,0,256,1,512,285,111
64001,64000,1024,1,513,135,134,0,87,180,128,7,0,0,135,1,512,134,47
64001,64000,4096,1,37,8,7,0,5,9,8,0,0,0,8,0,0,7,2
64128,64128,1024,0,513,148,147,0,91,182,137,11,0,0,148,1,512,147,56
64129,64128,1024,1,513,147,146,0,92,181,137,10,0,0,147,1,512,146,54
64256,64256,2048,0,1025,283,282,0,173,256,179,77,0,0,256,1,512,282,109
64256,64256,1024,0,513,146,146,0,86,183,136,10,0,0,146,1,512,146,60
64257,64256,2048,1,1025,282,281,0,171,256,179,77,0,0,256,1,512,281,110
64257,64256,1024,1,513,146,146,0,85,181,135,11,0,0,146,1,512,146,61
64384,64384,1024,0,513,139,139,0,84,188,129,10,0,0,139,1,512,139,55
64385,64384,1024,1,513,141,141,0,87,187,132,9,0,0,141,1,512,141,54
64512,64512,2048,0,1025,275,274,0,178,256,119,137,0,0,256,1,512,274,96
64512,64512,1024,0,513,146,146,0,90,191,137,9,0,0,146,1,512,146,56
64512,64512,4096,0,37,7,7,0,5,9,7,0,0,0,7,0,0,7,2
64513,64512,2048,1,1025,274,273,0,177,256,114,142,0,0,256,1,512,273,96
64513,64512,1024,1,513,146,146,0,93,190,138,8,0,0,146,1,512,146,53
64513,64512,4096,1,37,7,7,0,5,9,7,0,0,0,7,0,0,7,2
64640,64640,1024,0,513,143,142,0,100,194,141,2,0,0,143,1,512,142,42
64641,64640,1024,1,513,142,141,0,100,192,140,2,0,0,142,1,512,141,41
64768,64768,2048,0,1025,284,284,0,171,256,218,38,0,0,256,1,512,284,113
64768,64768,1024,0,513,136,135,0,85,185,128,8,0,0,136,1,512,135,50
64769,64768,2048,1,1025,285,285,0,171,256,199,57,0,0,256,1,512,285,114
64769,64768,1024,1,513,135,134,0,84,183,127,8,0,0,135,1,512,134,50
64896,64896,1024,0,513,139,139,0,85,183,132,7,0,0,139,1,512,139,54
64897,64896,1024,1,513,139,139,0,88,182,132,7,0,0,139,1,512,139,51
65024,65024,2048,0,1025,282,282,0,173,256,152,104,0,0,256,1,512,282,109
65024,65024,1024,0,513,144,144,0,96,179,136,8,0,0,144,1,512,144,48
65024,65024,4096,0,37,9,9,0,5,9,8,1,0,0,9,1,512,9,4
65025,65024,2048,1,1025,281,281,0,175,256,181,75,0,0,256,1,512,281,106
65025,65024,1024,1,513,143,143,0,95,179,136,7,0,0,143,1,512,143,48
65025,65024,4096,1,37,7,7,0,6,9,7,0,0,0,7,0,0,7,1
65152,65152,1024,0,513,139,139,0,92,182,133,6,0,0,139,1,512,139,47
65153,65152,1024,1,513,139,139,0,93,181,134,5,0,0,139,1,512,139,46
65280,65280,2048,0,1025,289,289,0,188,256,216,40,0,0,256,1,512,289,101
65280,65280,1024,0,513,138,138,0,78,180,127,11,0,0,138,1,512,138,60
65281,65280,2048,1,1025,286,286,0,184,256,218,38,0,0,256,1,512,286,102
65281,65280,1024,1,513,139,139,0,79,177,129,10,0,0,139,1,512,139,60
65408,65408,1024,0,513,141,140,0,90,182,132,9,0,0,141,1,512,140,50
65409,65408,1024,1,513,140,139,0,90,179,132,8,0,0,140,1,512,139,49
65536,65536,2048,0,1025,286,286,0,181,256,168,88,0,0,256,1,512,286,105
65536,65536,1024,0,513,146,146,0,83,186,139,7,0,0,146,1,512,146,63
65536,65536,4096,0,37,9,9,0,4,10,7,2,0,0,9,1,512,9,5
65537,65536,2048,1,1025,284,284,0,178,256,171,85,0,0,256,1,512,284,106
65537,65536,1024,1,513,146,146,0,83,182,138,8,0,0,146,1,512,146,63
65537,65536,4096,1,37,8,7,0,5,9,7,1,0,0,8,1,512,7,2
65664,65664,1024,0,513,135,135,0,89,184,132,3,0,0,135,1,512,135,46
65665,65664,1024,1,513,136,136,0,89,182,133,3,0,0,136,1,512,136,47
65792,65792,2048,0,1025,284,284,0,174,256,182,74,0,0,256,1,512,284,110
65792,65792,1024,0,513,137,137,0,77,180,129,8,0,0,137,1,512,137,60
65793,65792,2048,1,1025,283,283,0,172,256,178,78,0,0,256,1,512,283,111
65793,65792,1024,1,513,138,138,0,78,178,130,8,0,0,138,1,512,138,60
65920,65920,1024,0,513,136,136,0,82,182,126,10,0,0,136,1,512,136,54
65921,65920,1024,1,513,137,137,0,83,181,126,11,0,0,137,1,512,137,54
66048,66048,2048,0,1025,292,292,0,176,256,202,54,0,0,256,1,512,292,116
66048,66048,1024,0,513,143,143,0,84,187,134,9,0,0,143,1,512,143,59
66048,66048,4096,0,37,8,8,0,4,12,7,1,0,0,8,1,512,8,4
66049,66048,2048,1,1025,291,291,0,173,256,167,89,0,0,256,1,512,291,118
66049,66048,1024,1,513,146,146,0,87,187,137,9,0,0,146,1,512,146,59
66049,66048,4096,1,37,6,6,0,5,10,6,0,0,0,6,0,0,6,1
66176,66176,1024,0,513,139,139,0,87,185,131,8,0,0,139,1,512,139,52
66177,66176,1024,1,513,140,140,0,91,187,134,6,0,0,140,1,512,140,49
66304,66304,2048,0,1025,289,288,0,197,256,215,41,0,0,256,1,512,288,91
66304,66304,1024,0,513,139,139,0,100,184,131,8,0,0,139,1,512,139,39
66305,66304,2048,1,1025,291,290,0,197,256,197,59,0,0,256,1,512,290,93
66305,66304,1024,1,513,139,139,0,101,183,131,8,0,0,139,1,512,139,38
66432,66432,1024,0,513,135,135,0,83,187,128,7,0,0,135,1,512,135,52
66433,66432,1024,1,513,136,136,0,85,186,128,8,0,0,136,1,512,136,51
66560,66560,2048,0,1025,284,284,0,188,256,204,52,0,0,256,1,512,284,96
66560,66560,1024,0,513,148,148,0,90,187,141,7,0,0,148,1,512,148,58
66560,66560,4096,0,37,7,7,0,4,13,7,0,0,0,7,0,0,7,3
66561,66560,2048,1,1025,285,285,0,187,256,208,48,0,0,256,1,512,285,98
66561,66560,1024,1,513,146,146,0,90,187,139,7,0,0,146,1,512,146,56
66561,66560,4096,1,37,8,8,0,5,9,7,1,0,0,8,1,512,8,3
66688,66688,1024,0,513,141,141,0,85,186,133,8,0,0,141,1,512,141,56
66689,66688,1024,1,513,143,143,0,87,186,134,9,0,0,143,1,512,143,56
66816,66816,2048,0,1025,272,272,0,177,256,126,130,0,0,256,1,512,272,95
66816,66816,1024,0,513,134,134,0,85,187,130,4,0,0,134,1,512,134,49
66817,66816,2048,1,1025,271,271,0,177,256,129,127,0,0,256,1,512,271,94
66817,66816,1024,1,513,136,136,0,88,188,132,4,0,0,136,1,512,136,48
66944,66944,1024,0,513,146,146,0,84,182,135,11,0,0,146,1,512,146,62
66945,66944,1024,1,513,146,146,0,86,182,135,11,0,0,146,1,512,146,60
67072,67072,2048,0,1025,284,283,0,158,256,209,47,0,0,256,1,512,283,125
67072,67072,1024,0,513,144,143,0,101,189,136,8,0,0,144,1,512,143,42
67072,67072,4096,0,37,7,7,0,6,13,7,0,0,0,7,0,0,7,1
67073,67072,2048,1,1025,282,282,0,154,256,211,45,0,0,256,1,512,282,128
67073,67072,1024,1,513,145,144,0,103,189,136,9,0,0,145,1,512,144,41
67073,67072,4096,1,37,6,6,0,5,10,5,1,0,0,6,1,512,6,1
67200,67200,1024,0,513,144,144,0,88,184,136,8,0,0,144,1,512,144,56
67201,67200,1024,1,513,145,145,0,91,186,138,7,0,0,145,1,512,145,54
67328,67328,2048,0,1025,288,287,0,185,256,193,63,0,0,256,1,512,287,102
67328,67328,1024,0,513,141,141,0,91,187,133,8,0,0,141,1,512,141,50
67329,67328,2048,1,1025,287,287,0,187,256,189,67,0,0,256,1,512,287,100
67329,67328,1024,1,513,138,138,0,91,189,131,7,0,0,138,1,512,138,47
67456,67456,1024,0,513,140,140,0,87,191,136,4,0,0,140,1,512,140,53
67457,67456,1024,1,513,140,140,0,84,192,136,4,0,0,140,1,512,140,56
67584,67584,2048,0,1025,294,294,0,190,256,177,79,0,0,256,1,512,294,104
67584,67584,1024,0,513,136,136,0,84,187,130,6,0,0,136,1,512,136,52
67584,67584,4096,0,37,7,7,0,6,13,7,0,0,0,7,0,0,7,1
67585,67584,2048,1,1025,291,291,0,188,256,189,67,0,0,256,1,512,291,103
67585,67584,1024,1,513,137,137,0,87,188,131,6,0,0,137,1,512,137,50
67585,67584,4096,1,37,6,5,0,5,10,6,0,0,0,6,0,0,5,0
67712,67712,1024,0,513,138,138,0,94,184,132,6,0,0,138,1,512,138,44
67713,67712,1024,1,513,139,139,0,95,184,133,6,0,0,139,1,512,139,44
67840,67840,2048,0,1025,287,286,0,182,256,222,34,0,0,256,1,512,286,104
67840,67840,1024,0,513,140,140,0,77,182,130,10,0,0,140,1,512,140,63
67841,67840,2048,1,1025,286,285,0,181,256,204,52,0,0,256,1,512,285,104
67841,67840,1024,1,513,140,140,0,80,181,130,10,0,0,140,1,512,140,60
67968,67968,1024,0,513,134,134,0,81,182,128,6,0,0,134,1,512,134,53
67969,67968,1024,1,513,135,135,0,84,182,129,6,0,0,135,1,512,135,51
68096,68096,2048,0,1025,285,284,0,184,256,127,129,0,0,256,1,512,284,100
68096,68096,1024,0,513,135,135,0,76,178,124,11,0,0,135,1,512,135,59
68096,68096,4096,0,37,7,7,0,6,12,7,0,0,0,7,0,0,7,1
68097,68096,2048,1,1025,285,284,0,183,256,109,147,0,0,256,1,512,284,101
68097,68096,1024,1,513,134,134,0,75,178,123,11,0,0,134,1,512,134,59
68097,68096,4096,1,37,8,8,0,4,10,7,1,0,0,8,1,512,8,4
68224,68224,1024,0,513,142,142,0,82,185,135,7,0,0,142,1,512,142,60
68225,68224,1024,1,513,142,142,0,81,184,134,8,0,0,142,1,512,142,61
68352,68352,2048,0,1025,287,287,0,178,256,181,75,0,0,256,1,512,287,109
68352,68352,1024,0,513,135,135,0,80,184,128,7,0,0,135,1,512,135,55
68353,68352,2048,1,1025,285,285,0,176,256,191,65,0,0,256,1,512,285,109
68353,68352,1024,1,513,136,136,0,84,184,130,6,0,0,136,1,512,136,52
68480,68480,1024,0,513,145,145,0,93,185,136,9,0,0,145,1,512,145,52
68481,68480,1024,1,513,144,144,0,95,184,136,8,0,0,144,1,512,144,49
68608,68608,2048,0,1025,278,277,0,178,256,165,91,0,0,256,1,512,277,99
68608,68608,1024,0,513,145,144,0,92,188,137,8,0,0,145,1,512,144,52
68608,68608,4096,0,37,9,9,0,7,9,8,1,0,0,9,1,512,9,2
68609,68608,2048,1,1025,276,276,0,177,256,169,87,0,0,256,1,512,276,99
68609,68608,1024,1,513,145,144,0,91,186,137,8,0,0,145,1,512,144,53
68609,68608,4096,1,37,9,8,0,5,11,8,1,0,0,9,1,512,8,3
68736,68736,1024,0,513,141,140,0,99,189,132,9,0,0,141,1,512,140,41
68737,68736,1024,1,513,142,141,0,99,187,133,9,0,0,142,1,512,141,42
68864,68864,2048,0,1025,297,297,0,194,256,215,41,0,0,256,1,512,297,103
68864,68864,1024,0,513,139,139,0,86,186,133,6,0,0,139,1,512,139,53
68865,68864,2048,1,1025,296,296,0,192,256,207,49,0,0,256,1,512,296,104
68865,68864,1024,1,513,138,138,0,89,185,132,6,0,0,138,1,512,138,49
68992,68992,1024,0,513,139,139,0,86,186,131,8,0,0,139,1,512,139,53
68993,68992,1024,1,513,137,137,0,85,185,129,8,0,0,137,1,512,137,52
69120,69120,2048,0,1025,289,289,0,197,256,198,58,0,0,256,1,512,289,92
69120,69120,1024,0,513,147,147,0,90,185,139,8,0,0,147,1,512,147,57
69120,69120,4096,0,37,8,8,0,6,10,7,1,0,0,8,1,512,8,2
69121,69120,2048,1,1025,288,288,0,197,256,210,46,0,0,256,1,512,288,91
69121,69120,1024,1,513,148,148,0,89,185,140,8,0,0,148,1,512,148,59
69121,69120,4096,1,37,8,8,0,8,12,8,0,0,0,8,0,0,8,0
69248,69248,1024,0,513,148,148,0,94,185,136,12,0,0,148,1,512,148,54
69249,69248,1024,1,513,148,148,0,97,185,136,12,0,0,148,1,512,148,51
69376,69376,2048,0,1025,284,284,0,180,256,201,55,0,0,256,1,512,284,104
69376,69376,1024,0,513,138,137,0,90,189,136,2,0,0,138,1,512,137,47
69377,69376,2048,1,1025,283,283,0,176,256,195,61,0,0,256,1,512,283,107
69377,69376,1024,1,513,139,138,0,90,189,137,2,0,0,139,1,512,138,48
69504,69504,1024,0,513,148,147,0,86,185,138,10,0,0,148,1,512,147,61
69505,69504,1024,1,513,148,147,0,86,185,139,9,0,0,148,1,512,147,61
69632,69632,2048,0,1025,287,287,0,181,256,213,43,0,0,256,1,512,287,106
69632,69632,1024,0,513,141,141,0,78,187,136,5,0,0,141,1,512,141,63
69632,69632,4096,0,37,9,9,0,5,11,9,0,0,0,9,0,0,9,4
69633,69632,2048,1,1025,288,288,0,182,256,214,42,0,0,256,1,512,288,106
69633,69632,1024,1,513,142,142,0,80,186,138,4,0,0,142,1,512,142,62
69633,69632,4096,1,37,7,7,0,4,11,7,0,0,0,7,0,0,7,3
69760,69760,1024,0,513,142,142,0,83,183,133,9,0,0,142,1,512,142,59
69761,69760,1024,1,513,142,142,0,86,182,133,9,0,0,142,1,512,142,56
69888,69888,2048,0,1025,289,289,0,191,256,200,56,0,0,256,1,512,289,98
69888,69888,1024,0,513,149,149,0,89,186,138,11,0,0,149,1,512,149,60
69889,69888,2048,1,1025,290,290,0,191,256,191,65,0,0,256,1,512,290,99
69889,69888,1024,1,513,149,149,0,87,185,137,12,0,0,149,1,512,149,62
70016,70016,1024,0,513,142,142,0,91,192,135,7,0,0,142,1,512,142,51
70017,70016,1024,1,513,141,141,0,90,192,135,6,0,0,141,1,512,141,51
70144,70144,2048,0,1025,285,285,0,184,256,213,43,0,0,256,1,512,285,101
70144,70144,1024,0,513,143,143,0,82,191,130,13,0,0,143,1,512,143,61
70144,70144,4096,0,37,7,6,0,3,11,7,0,0,0,7,0,0,6,3
70145,70144,2048,1,1025,285,285,0,184,256,217,39,0,0,256,1,512,285,101
70145,70144,1024,1,513,143,143,0,84,191,130,13,0,0,143,1,512,143,59
70145,70144,4096,1,37,6,5,0,5,11,6,0,0,0,6,0,0,5,0
70272,70272,1024,0,513,144,144,0,84,195,136,8,0,0,144,1,512,144,60
70273,70272,1024,1,513,143,143,0,84,195,136,7,0,0,143,1,512,143,59
70400,70400,2048,0,1025,281,280,0,183,256,186,70,0,0,256,1,512,280,97
70400,70400,1024,0,513,138,137,0,87,198,135,3,0,0,138,1,512,137,50
70401,70400,2048,1,1025,281,280,0,182,256,191,65,0,0,256,1,512,280,98
70401,70400,1024,1,513,139,138,0,85,196,135,4,0,0,139,1,512,138,53
70528,70528,1024,0,513,145,144,0,95,191,137,8,0,0,145,1,512,144,49
70529,70528,1024,1,513,147,146,0,95,190,140,7,0,0,147,1,512,146,51
70656,70656,2048,0,1025,290,288,0,173,256,168,88,0,0,256,1,512,288,115
70656,70656,1024,0,513,144,143,0,88,188,140,4,0,0,144,1,512,143,55
70656,70656,4096,0,37,9,8,0,4,11,9,0,0,0,9,0,0,8,4
70657,70656,2048,1,1025,288,287,0,173,256,183,73,0,0,256,1,512,287,114
70657,70656,1024,1,513,144,143,0,92,188,141,3,0,0,144,1,512,143,51
70657,70656,4096,1,37,8,7,0,4,10,8,0,0,0,8,0,0,7,3
70784,70784,1024,0,513,145,145,0,85,187,136,9,0,0,145,1,512,145,60
70785,70784,1024,1,513,144,144,0,84,186,136,8,0,0,144,1,512,144,60
70912,70912,2048,0,1025,276,275,0,181,256,194,62,0,0,256,1,512,275,94
70912,70912,1024,0,513,143,143,0,97,191,135,8,0,0,143,1,512,143,46
70913,70912,2048,1,1025,278,277,0,181,256,137,119,0,0,256,1,512,277,96
70913,70912,1024,1,513,144,144,0,96,189,135,9,0,0,144,1,512,144,48
71040,71040,1024,0,513,134,134,0,80,196,131,3,0,0,134,1,512,134,54
71041,71040,1024,1,513,134,134,0,83,195,131,3,0,0,134,1,512,134,51
71168,71168,2048,0,1025,278,277,0,170,256,118,138,0,0,256,1,512,277,107
71168,71168,1024,0,513,146,146,0,87,183,136,10,0,0,146,1,512,146,59
71168,71168,4096,0,37,8,7,0,4,11,8,0,0,0,8,0,0,7,3
71169,71168,2048,1,1025,276,275,0,169,256,143,113,0,0,256,1,512,275,106
71169,71168,1024,1,513,148,148,0,87,182,138,10,0,0,148,1,512,148,61
71169,71168,4096,1,37,5,5,0,5,9,5,0,0,0,5,0,0,5,0
71296,71296,1024,0,513,147,147,0,97,183,139,8,0,0,147,1,512,147,50
71297,71296,1024,1,513,148,148,0,98,182,140,8,0,0,148,1,512,148,50
71424,71424,2048,0,1025,285,284,0,180,256,101,155,0,0,256,1,512,284,104
71424,71424,1024,0,513,141,140,0,93,181,137,4,0,0,141,1,512,140,47
71425,71424,2048,1,1025,283,282,0,177,256,130,126,0,0,256,1,512,282,105
71425,71424,1024,1,513,143,142,0,94,182,139,4,0,0,143,1,512,142,48
71552,71552,1024,0,513,139,138,0,88,177,129,10,0,0,139,1,512,138,50
71553,71552,1024,1,513,139,138,0,89,178,129,10,0,0,139,1,512,138,49
71680,71680,2048,0,1025,288,287,0,179,256,215,41,0,0,256,1,512,287,108
71680,71680,1024,0,513,144,143,0,84,180,133,11,0,0,144,1,512,143,59
71680,71680,4096,0,37,6,5,0,4,11,6,0,0,0,6,0,0,5,1
71681,71680,2048,1,1025,289,288,0,178,256,208,48,0,0,256,1,512,288,110
71681,71680,1024,1,513,144,143,0,85,182,133,11,0,0,144,1,512,143,58
71681,71680,4096,1,37,8,8,0,5,9,7,1,0,0,8,1,512,8,3
71808,71808,1024,0,513,138,138,0,92,186,132,6,0,0,138,1,512,138,46
71809,71808,1024,1,513,140,140,0,94,187,133,7,0,0,140,1,512,140,46
71936,71936,2048,0,1025,288,287,0,173,256,200,56,0,0,256,1,512,287,114
71936,71936,1024,0,513,139,139,0,91,185,133,6,0,0,139,1,512,139,48
71937,71936,2048,1,1025,290,289,0,176,256,201,55,0,0,256,1,512,289,113
71937,71936,1024,1,513,141,141,0,94,187,135,6,0,0,141,1,512,141,47
72064,72064,1024,0,513,133,133,0,94,183,129,4,0,0,133,1,512,133,39
72065,72064,1024,1,513,133,133,0,95,184,129,4,0,0,133,1,512,133,38
72192,72192,2048,0,1025,288,287,0,175,256,88,168,0,0,256,1,512,287,112
72192,72192,1024,0,513,130,130,0,75,178,123,7,0,0,130,1,512,130,55
72192,72192,4096,0,37,8,7,0,3,11,8,0,0,0,8,0,0,7,4
72193,72192,2048,1,1025,282,282,0,173,256,140,116,0,0,256,1,512,282,109
72193,72192,1024,1,513,130,130,0,74,178,123,7,0,0,130,1,512,130,56
72193,72192,4096,1,37,9,8,0,5,10,9,0,0,0,9,0,0,8,3
72320,72320,1024,0,513,141,140,0,83,176,133,8,0,0,141,1,512,140,57
72321,72320,1024,1,513,141,140,0,84,176,134,7,0,0,141,1,512,140,56
72448,72448,2048,0,1025,286,286,0,188,256,220,36,0,0,256,1,512,286,98
72448,72448,1024,0,513,138,137,0,85,175,133,5,0,0,138,1,512,137,52
72449,72448,2048,1,1025,285,285,0,187,256,206,50,0,0,256,1,512,285,98
72449,72448,1024,1,513,138,137,0,85,175,133,5,0,0,138,1,512,137,52
72576,72576,1024,0,513,141,140,0,88,176,131,10,0,0,141,1,512,140,52
72577,72576,1024,1,513,140,139,0,89,175,130,10,0,0,140,1,512,139,50
72704,72704,2048,0,1025,282,281,0,182,256,218,38,0,0,256,1,512,281,99
72704,72704,1024,0,513,144,143,0,82,174,135,9,0,0,144,1,512,143,61
72704,72704,4096,0,37,7,6,0,5,10,7,0,0,0,7,0,0,6,1
72705,72704,2048,1,1025,281,281,0,179,256,222,34,0,0,256,1,512,281,102
72705,72704,1024,1,513,142,141,0,84,173,132,10,0,0,142,1,512,141,57
72705,72704,4096,1,37,8,8,0,6,10,8,0,0,0,8,0,0,8,2
72832,72832,1024,0,513,153,153,0,95,179,137,16,0,0,153,1,512,153,58
72833,72832,1024,1,513,153,153,0,95,179,139,14,0,0,153,1,512,153,58
72960,72960,2048,0,1025,292,292,0,182,256,191,65,0,0,256,1,512,292,110
72960,72960,1024,0,513,144,144,0,97,192,140,4,0,0,144,1,512,144,47
72961,72960,2048,1,1025,291,291,0,182,256,200,56,0,0,256,1,512,291,109
72961,72960,1024,1,513,145,145,0,98,190,141,4,0,0,145,1,512,145,47
73088,73088,1024,0,513,140,140,0,96,188,135,5,0,0,140,1,512,140,44
73089,73088,1024,1,513,140,140,0,98,185,134,6,0,0,140,1,512,140,42
73216,73216,2048,0,1025,287,287,0,188,256,139,117,0,0,256,1,512,287,99
73216,73216,1024,0,513,133,132,0,91,185,124,9,0,0,133,1,512,132,41
73216,73216,4096,0,37,7,7,0,5,9,6,1,0,0,7,1,512,7,2
73217,73216,2048,1,1025,286,286,0,186,256,95,161,0,0,256,1,512,286,100
73217,73216,1024,1,513,132,131,0,91,184,123,9,0,0,132,1,512,131,40
73217,73216,4096,1,37,8,7,0,5,10,8,0,0,0,8,0,0,7,2
73344,73344,1024,0,513,137,137,0,79,185,130,7,0,0,137,1,512,137,58
73345,73344,1024,1,513,136,136,0,79,184,129,7,0,0,136,1,512,136,57
73472,73472,2048,0,1025,288,288,0,187,256,192,64,0,0,256,1,512,288,101
73472,73472,1024,0,513,143,143,0,88,181,134,9,0,0,143,1,512,143,55
73473,73472,2048,1,1025,286,286,0,185,256,198,58,0,0,256,1,512,286,101
73473,73472,1024,1,513,142,142,0,87,180,133,9,0,0,142,1,512,142,55
73600,73600,1024,0,513,137,137,0,80,185,130,7,0,0,137,1,512,137,57
73601,73600,1024,1,513,138,138,0,80,183,130,8,0,0,138,1,512,138,58
73728,73728,2048,0,1025,284,284,0,184,256,219,37,0,0,256,1,512,284,100
73728,73728,1024,0,513,142,142,0,87,182,131,11,0,0,142,1,512,142,55
73728,73728,4096,0,37,10,10,0,5,9,9,1,0,0,10,1,512,10,5
73729,73728,2048,1,1025,282,282,0,184,256,215,41,0,0,256,1,512,282,98
73729,73728,1024,1,513,144,144,0,86,181,131,13,0,0,144,1,512,144,58
73729,73728,4096,1,37,7,6,0,5,10,7,0,0,0,7,0,0,6,1
73856,73856,1024,0,513,134,133,0,88,188,129,5,0,0,134,1,512,133,45
73857,73856,1024,1,513,136,135,0,89,190,131,5,0,0,136,1,512,135,46
73984,73984,2048,0,1025,282,281,0,182,256,206,50,0,0,256,1,512,281,99
73984,73984,1024,0,513,138,137,0,85,184,129,9,0,0,138,1,512,137,52
73985,73984,2048,1,1025,284,283,0,183,256,194,62,0,0,256,1,512,283,100
73985,73984,1024,1,513,139,138,0,85,186,131,8,0,0,139,1,512,138,53
74112,74112,1024,0,513,133,132,0,79,179,127,6,0,0,133,1,512,132,53
74113,74112,1024,1,513,134,133,0,81,182,129,5,0,0,134,1,512,133,52
74240,74240,2048,0,1025,280,280,0,182,256,132,124,0,0,256,1,512,280,98
74240,74240,1024,0,513,136,135,0,95,180,131,5,0,0,136,1,512,135,40
74240,74240,4096,0,37,8,7,0,5,10,7,1,0,0,8,1,512,7,2
74241,74240,2048,1,1025,280,280,0,181,256,116,140,0,0,256,1,512,280,99
74241,74240,1024,1,513,137,136,0,95,182,132,5,0,0,137,1,512,136,41
74241,74240,4096,1,37,7,6,0,5,10,7,0,0,0,7,0,0,6,1
74368,74368,1024,0,513,153,152,0,93,176,138,15,0,0,153,1,512,152,59
74369,74368,1024,1,513,153,152,0,96,178,138,15,0,0,153,1,512,152,56
74496,74496,2048,0,1025,287,287,0,181,256,209,47,0,0,256,1,512,287,106
74496,74496,1024,0,513,146,146,0,97,183,136,10,0,0,146,1,512,146,49
74497,74496,2048,1,1025,286,286,0,180,256,217,39,0,0,256,1,512,286,106
74497,74496,1024,1,513,145,145,0,98,184,136,9,0,0,145,1,512,145,47
74624,74624,1024,0,513,138,138,0,82,187,130,8,0,0,138,1,512,138,56
74625,74624,1024,1,513,139,139,0,84,187,131,8,0,0,139,1,512,139,55
74752,74752,2048,0,1025,286,285,0,186,256,191,65,0,0,256,1,512,285,99
74752,74752,1024,0,513,134,134,0,83,192,128,6,0,0,134,1,512,134,51
74752,74752,4096,0,37,10,9,0,5,11,9,1,0,0,10,1,512,9,4
74753,74752,2048,1,1025,284,283,0,187,256,198,58,0,0,256,1,512,283,96
74753,74752,1024,1,513,134,134,0,83,191,128,6,0,0,134,1,512,134,51
74753,74752,4096,1,37,8,8,0,6,10,8,0,0,0,8,0,0,8,2
74880,74880,1024,0,513,140,140,0,88,191,134,6,0,0,140,1,512,140,52
74881,74880,1024,1,513,141,141,0,89,190,135,6,0,0,141,1,512,141,52
75008,75008,2048,0,1025,290,289,0,163,256,146,110,0,0,256,1,512,289,126
75008,75008,1024,0,513,142,142,0,80,185,134,8,0,0,142,1,512,142,62
75009,75008,2048,1,1025,288,287,0,162,256,175,81,0,0,256,1,512,287,125
75009,75008,1024,1,513,141,141,0,82,184,133,8,0,0,141,1,512,141,59
75136,75136,1024,0,513,144,143,0,92,183,134,10,0,0,144,1,512,143,51
75137,75136,1024,1,513,143,142,0,91,182,133,10,0,0,143,1,512,142,51
75264,75264,2048,0,1025,285,284,0,174,256,105,151,0,0,256,1,512,284,110
75264,75264,1024,0,513,145,144,0,93,186,137,8,0,0,145,1,512,144,51
75264,75264,4096,0,37,9,8,0,6,12,9,0,0,0,9,0,0,8,2
75265,75264,2048,1,1025,282,281,0,172,256,109,147,0,0,256,1,512,281,109
75265,75264,1024,1,513,143,142,0,92,185,136,7,0,0,143,1,512,142,50
75265,75264,4096,1,37,7,6,0,6,10,7,0,0,0,7,0,0,6,0
75392,75392,1024,0,513,133,132,0,76,187,128,5,0,0,133,1,512,132,56
75393,75392,1024,1,513,134,133,0,79,186,129,5,0,0,134,1,512,133,54
75520,75520,2048,0,1025,283,282,0,178,256,204,52,0,0,256,1,512,282,104
75520,75520,1024,0,513,144,143,0,89,188,137,7,0,0,144,1,512,143,54
75521,75520,2048,1,1025,282,281,0,177,256,195,61,0,0,256,1,512,281,104
75521,75520,1024,1,513,145,144,0,91,187,137,8,0,0,145,1,512,144,53
75648,75648,1024,0,513,142,141,0,90,189,134,8,0,0,142,1,512,141,51
75649,75648,1024,1,513,143,142,0,90,188,135,8,0,0,143,1,512,142,52
75776,75776,2048,0,1025,291,290,0,175,256,196,60,0,0,256,1,512,290,115
75776,75776,1024,0,513,136,135,0,88,189,130,6,0,0,136,1,512,135,47
75776,75776,4096,0,37,7,7,0,6,12,7,0,0,0,7,0,0,7,1
75777,75776,2048,1,1025,291,290,0,177,256,183,73,0,0,256,1,512,290,113
75777,75776,1024,1,513,135,134,0,88,187,130,5,0,0,135,1,512,134,46
75777,75776,4096,1,37,6,6,0,5,9,6,0,0,0,6,0,0,6,1
75904,75904,1024,0,513,140,139,0,88,184,133,7,0,0,140,1,512,139,51
75905,75904,1024,1,513,141,140,0,88,182,134,7,0,0,141,1,512,140,52
76032,76032,2048,0,1025,278,277,0,165,256,207,49,0,0,256,1,512,277,112
76032,76032,1024,0,513,145,144,0,87,186,136,9,0,0,145,1,512,144,57
76033,76032,2048,1,1025,277,276,0,163,256,209,47,0,0,256,1,512,276,113
76033,76032,1024,1,513,145,144,0,87,185,136,9,0,0,145,1,512,144,57
76160,76160,1024,0,513,133,133,0,91,186,126,7,0,0,133,1,512,133,42
76161,76160,1024,1,513,132,132,0,92,185,125,7,0,0,132,1,512,132,40
76288,76288,2048,0,1025,274,273,0,177,256,153,103,0,0,256,1,512,273,96
76288,76288,1024,0,513,132,132,0,82,182,126,6,0,0,132,1,512,132,50
76288,76288,4096,0,37,8,7,0,6,12,8,0,0,0,8,0,0,7,1
76289,76288,2048,1,1025,274,273,0,177,256,148,108,0,0,256,1,512,273,96
76289,76288,1024,1,513,132,132,0,84,181,126,6,0,0,132,1,512,132,48
76289,76288,4096,1,37,8,8,0,4,9,7,1,0,0,8,1,512,8,4
76416,76416,1024,0,513,131,130,0,78,181,123,8,0,0,131,1,512,130,52
76417,76416,1024,1,513,133,132,0,80,181,126,7,0,0,133,1,512,132,52
76544,76544,2048,0,1025,278,278,0,170,256,203,53,0,0,256,1,512,278,108
76544,76544,1024,0,513,136,135,0,75,183,130,6,0,0,136,1,512,135,60
76545,76544,2048,1,1025,277,277,0,170,256,209,47,0,0,256,1,512,277,107
76545,76544,1024,1,513,137,136,0,77,181,130,7,0,0,137,1,512,136,59
76672,76672,1024,0,513,144,144,0,90,179,136,8,0,0,144,1,512,144,54
76673,76672,1024,1,513,144,144,0,92,179,137,7,0,0,144,1,512,144,52
76800,76800,2048,0,1025,303,303,0,186,256,208,48,0,0,256,1,512,303,117
76800,76800,1024,0,513,137,137,0,80,178,131,6,0,0,137,1,512,137,57
76800,76800,4096,0,37,9,8,0,7,11,9,0,0,0,9,0,0,8,1
76801,76800,2048,1,1025,302,302,0,183,256,210,46,0,0,256,1,512,302,119
76801,76800,1024,1,513,136,136,0,79,178,130,6,0,0,136,1,512,136,57
76801,76800,4096,1,37,8,7,0,6,10,8,0,0,0,8,0,0,7,1
76928,76928,1024,0,513,141,141,0,101,180,133,8,0,0,141,1,512,141,40
76929,76928,1024,1,513,140,140,0,101,181,134,6,0,0,140,1,512,140,39
77056,77056,2048,0,1025,286,286,0,193,256,150,106,0,0,256,1,512,286,93
77056,77056,1024,0,513,138,138,0,88,184,134,4,0,0,138,1,512,138,50
77057,77056,2048,1,1025,284,284,0,194,256,163,93,0,0,256,1,512,284,90
77057,77056,1024,1,513,137,137,0,88,182,133,4,0,0,137,1,512,137,49
77184,77184,1024,0,513,144,144,0,91,182,135,9,0,0,144,1,512,144,53
77185,77184,1024,1,513,143,143,0,92,181,133,10,0,0,143,1,512,143,51
77312,77312,2048,0,1025,285,284,0,176,256,218,38,0,0,256,1,512,284,108
77312,77312,1024,0,513,146,146,0,100,183,140,6,0,0,146,1,512,146,46
77312,77312,4096,0,37,7,7,0,7,10,7,0,0,0,7,0,0,7,0
77313,77312,2048,1,1025,284,283,0,176,256,217,39,0,0,256,1,512,283,107
77313,77312,1024,1,513,147,147,0,100,184,142,5,0,0,147,1,512,147,47
77313,77312,4096,1,37,8,7,0,5,9,7,1,0,0,8,1,512,7,2
77440,77440,1024,0,513,137,137,0,85,179,131,6,0,0,137,1,512,137,52
77441,77440,1024,1,513,138,138,0,86,179,132,6,0,0,138,1,512,138,52
77568,77568,2048,0,1025,278,277,0,190,256,124,132,0,0,256,1,512,277,87
77568,77568,1024,0,513,143,143,0,79,181,134,9,0,0,143,1,512,143,64
77569,77568,2048,1,1025,277,276,0,185,256,134,122,0,0,256,1,512,276,91
77569,77568,1024,1,513,142,142,0,79,180,133,9,0,0,142,1,512,142,63
77696,77696,1024,0,513,138,138,0,95,188,133,5,0,0,138,1,512,138,43
77697,77696,1024,1,513,138,138,0,98,187,134,4,0,0,138,1,512,138,40
77824,77824,2048,0,1025,281,281,0,177,256,202,54,0,0,256,1,512,281,104
77824,77824,1024,0,513,144,144,0,86,188,139,5,0,0,144,1,512,144,58
77824,77824,4096,0,37,9,8,0,6,9,8,1,0,0,9,1,512,8,2
77825,77824,2048,1,1025,281,281,0,177,256,200,56,0,0,256,1,512,281,104
77825,77824,1024,1,513,143,143,0,85,186,138,5,0,0,143,1,512,143,58
77825,77824,4096,1,37,7,7,0,5,10,7,0,0,0,7,0,0,7,2
77952,77952,1024,0,513,139,139,0,95,182,131,8,0,0,139,1,512,139,44
77953,77952,1024,1,513,142,142,0,97,180,132,10,0,0,142,1,512,142,45
78080,78080,2048,0,1025,292,292,0,177,256,204,52,0,0,256,1,512,292,115
78080,78080,1024,0,513,134,134,0,84,185,130,4,0,0,134,1,512,134,50
78081,78080,2048,1,1025,290,290,0,174,256,204,52,0,0,256,1,512,290,116
78081,78080,1024,1,513,133,133,0,85,187,130,3,0,0,133,1,512,133,48
78208,78208,1024,0,513,142,141,0,80,182,133,9,0,0,142,1,512,141,61
78209,78208,1024,1,513,143,142,0,82,183,133,10,0,0,143,1,512,142,60
78336,78336,2048,0,1025,291,291,0,186,256,194,62,0,0,256,1,512,291,105
78336,78336,1024,0,513,137,136,0,83,185,127,10,0,0,137,1,512,136,53
78336,78336,4096,0,37,8,8,0,6,10,7,1,0,0,8,1,512,8,2
78337,78336,2048,1,1025,291,291,0,185,256,192,64,0,0,256,1,512,291,106
78337,78336,1024,1,513,138,137,0,85,187,128,10,0,0,138,1,512,137,52
78337,78336,4096,1,37,7,7,0,6,10,7,0,0,0,7,0,0,7,1
78464,78464,1024,0,513,141,140,0,84,186,137,4,0,0,141,1,512,140,56
78465,78464,1024,1,513,141,140,0,89,189,138,3,0,0,141,1,512,140,51
78592,78592,2048,0,1025,295,295,0,198,256,153,103,0,0,256,1,512,295,97
78592,78592,1024,0,513,140,140,0,82,184,131,9,0,0,140,1,512,140,58
78593,78592,2048,1,1025,294,294,0,195,256,139,117,0,0,256,1,512,294,99
78593,78592,1024,1,513,139,139,0,81,186,131,8,0,0,139,1,512,139,58
78720,78720,1024,0,513,135,135,0,83,189,131,4,0,0,135,1,512,135,52
78721,78720,1024,1,513,135,135,0,83,190,131,4,0,0,135,1,512,135,52
78848,78848,2048,0,1025,279,279,0,176,256,200,56,0,0,256,1,512,279,103
78848,78848,1024,0,513,137,137,0,82,184,124,13,0,0,137,1,512,137,55
78848,78848,4096,0,37,9,9,0,5,11,8,1,0,0,9,1,512,9,4
78849,78848,2048,1,1025,279,279,0,176,256,199,57,0,0,256,1,512,279,103
78849,78848,1024,1,513,139,139,0,84,185,126,13,0,0,139,1,512,139,55
78849,78848,4096,1,37,7,7,0,4,10,7,0,0,0,7,0,0,7,3
78976,78976,1024,0,513,140,139,0,91,191,132,8,0,0,140,1,512,139,48
78977,78976,1024,1,513,142,141,0,93,191,134,8,0,0,142,1,512,141,48
79104,79104,2048,0,1025,280,279,0,175,256,140,116,0,0,256,1,512,279,104
79104,79104,1024,0,513,139,138,0,96,188,135,4,0,0,139,1,512,138,42
79105,79104,2048,1,1025,279,279,0,175,256,140,116,0,0,256,1,512,279,104
79105,79104,1024,1,513,140,139,0,95,187,136,4,0,0,140,1,512,139,44
79232,79232,1024,0,513,142,141,0,85,183,131,11,0,0,142,1,512,141,56
79233,79232,1024,1,513,143,142,0,84,183,133,10,0,0,143,1,512,142,58
79360,79360,2048,0,1025,284,284,0,178,256,221,35,0,0,256,1,512,284,106
79360,79360,1024,0,513,140,140,0,85,181,132,8,0,0,140,1,512,140,55
79360,79360,4096,0,37,10,9,0,6,12,10,0,0,0,10,0,0,9,3
79361,79360,2048,1,1025,282,282,0,176,256,217,39,0,0,256,1,512,282,106
79361,79360,1024,1,513,141,141,0,88,183,133,8,0,0,141,1,512,141,53
79361,79360,4096,1,37,8,7,0,6,10,8,0,0,0,8,0,0,7,1
79488,79488,1024,0,513,145,145,0,103,183,139,6,0,0,145,1,512,145,42
79489,79488,1024,1,513,145,145,0,104,184,139,6,0,0,145,1,512,145,41
79616,79616,2048,0,1025,273,273,0,167,256,215,41,0,0,256,1,512,273,106
79616,79616,1024,0,513,144,144,0,88,181,136,8,0,0,144,1,512,144,56
79617,79616,2048,1,1025,273,273,0,166,256,208,48,0,0,256,1,512,273,107
79617,79616,1024,1,513,144,144,0,89,183,137,7,0,0,144,1,512,144,55
79744,79744,1024,0,513,146,146,0,87,185,140,6,0,0,146,1,512,146,59
79745,79744,1024,1,513,147,147,0,88,186,141,6,0,0,147,1,512,147,59
79872,79872,2048,0,1025,276,276,0,182,256,158,98,0,0,256,1,512,276,94
79872,79872,1024,0,513,135,135,0,91,184,130,5,0,0,135,1,512,135,44
79872,79872,4096,0,37,8,7,0,6,12,8,0,0,0,8,0,0,7,1
79873,79872,2048,1,1025,275,275,0,182,256,165,91,0,0,256,1,512,275,93
79873,79872,1024,1,513,136,136,0,91,184,131,5,0,0,136,1,512,136,45
79873,79872,4096,1,37,8,8,0,4,10,7,1,0,0,8,1,512,8,4
80000,80000,1024,0,513,134,134,0,86,184,129,5,0,0,134,1,512,134,48
80001,80000,1024,1,513,136,136,0,87,184,131,5,0,0,136,1,512,136,49
80128,80128,2048,0,1025,293,293,0,175,256,216,40,0,0,256,1,512,293,118
80128,80128,1024,0,513,140,140,0,89,183,132,8,0,0,140,1,512,140,51
80129,80128,2048,1,1025,292,292,0,173,256,203,53,0,0,256,1,512,292,119
80129,80128,1024,1,513,141,141,0,91,183,133,8,0,0,141,1,512,141,50
80256,80256,1024,0,513,145,144,0,93,186,136,9,0,0,145,1,512,144,51
80257,80256,1024,1,513,145,144,0,94,186,135,10,0,0,145,1,512,144,50
80384,80384,2048,0,1025,289,288,0,189,256,188,68,0,0,256,1,512,288,99
80384,80384,1024,0,513,146,145,0,92,183,138,8,0,0,146,1,512,145,53
80384,80384,4096,0,37,8,7,0,5,12,8,0,0,0,8,0,0,7,2
80385,80384,2048,1,1025,288,287,0,186,256,189,67,0,0,256,1,512,287,101
80385,80384,1024,1,513,145,144,0,92,185,138,7,0,0,145,1,512,144,52
80385,80384,4096,1,37,7,6,0,6,11,7,0,0,0,7,0,0,6,0
80512,80512,1024,0,513,144,144,0,98,183,134,10,0,0,144,1,512,144,46
80513,80512,1024,1,513,143,143,0,98,184,133,10,0,0,143,1,512,143,45
80640,80640,2048,0,1025,270,269,0,180,256,221,35,0,0,256,1,512,269,89
80640,80640,1024,0,513,143,143,0,92,182,137,6,0,0,143,1,512,143,51
80641,80640,2048,1,1025,269,268,0,176,256,213,43,0,0,256,1,512,268,92
80641,80640,1024,1,513,143,143,0,92,183,137,6,0,0,143,1,512,143,51
80768,80768,1024,0,513,142,142,0,93,183,136,6,0,0,142,1,512,142,49
80769,80768,1024,1,513,143,143,0,93,183,138,5,0,0,143,1,512,143,50
80896,80896,2048,0,1025,285,285,0,171,256,161,95,0,0,256,1,512,285,114
80896,80896,1024,0,513,142,141,0,90,184,136,6,0,0,142,1,512,141,51
80896,80896,4096,0,37,8,8,0,5,12,8,0,0,0,8,0,0,8,3
80897,80896,2048,1,1025,283,283,0,168,256,169,87,0,0,256,1,512,283,115
80897,80896,1024,1,513,144,143,0,95,182,138,6,0,0,144,1,512,143,48
80897,80896,4096,1,37,7,7,0,5,10,7,0,0,0,7,0,0,7,2
81024,81024,1024,0,513,146,146,0,90,186,137,9,0,0,146,1,512,146,56
81025,81024,1024,1,513,146,146,0,91,184,137,9,0,0,146,1,512,146,55
81152,81152,2048,0,1025,290,290,0,182,256,213,43,0,0,256,1,512,290,108
81152,81152,1024,0,513,143,143,0,87,185,136,7,0,0,143,1,512,143,56
81153,81152,2048,1,1025,288,288,0,181,256,194,62,0,0,256,1,512,288,107
81153,81152,1024,1,513,144,144,0,88,183,137,7,0,0,144,1,512,144,56
81280,81280,1024,0,513,137,137,0,85,187,128,9,0,0,137,1,512,137,52
81281,81280,1024,1,513,135,135,0,85,186,126,9,0,0,135,1,512,135,50
81408,81408,2048,0,1025,280,280,0,179,256,199,57,0,0,256,1,512,280,101
81408,81408,1024,0,513,142,142,0,82,186,138,4,0,0,142,1,512,142,60
81408,81408,4096,0,37,7,7,0,6,12,7,0,0,0,7,0,0,7,1
81409,81408,2048,1,1025,278,278,0,177,256,193,63,0,0,256,1,512,278,101
81409,81408,1024,1,513,140,140,0,80,185,137,3,0,0,140,1,512,140,60
81409,81408,4096,1,37,8,8,0,4,10,7,1,0,0,8,1,512,8,4
81536,81536,1024,0,513,141,140,0,85,179,131,10,0,0,141,1,512,140,55
81537,81536,1024,1,513,142,141,0,87,178,132,10,0,0,142,1,512,141,54
81664,81664,2048,0,1025,287,287,0,173,256,141,115,0,0,256,1,512,287,114
81664,81664,1024,0,513,136,136,0,84,181,131,5,0,0,136,1,512,136,52
81665,81664,2048,1,1025,287,287,0,170,256,115,141,0,0,256,1,512,287,117
81665,81664,1024,1,513,135,135,0,84,180,130,5,0,0,135,1,512,135,51
81792,81792,1024,0,513,144,144,0,91,177,133,11,0,0,144,1,512,144,53
81793,81792,1024,1,513,143,143,0,90,177,133,10,0,0,143,1,512,143,53
81920,81920,2048,0,1025,289,288,0,190,256,149,107,0,0,256,1,512,288,98
81920,81920,1024,0,513,136,136,0,87,186,131,5,0,0,136,1,512,136,49
81920,81920,4096,0,37,5,5,0,5,9,5,0,0,0,5,0,0,5,0
81921,81920,2048,1,1025,288,287,0,189,256,142,114,0,0,256,1,512,287,98
81921,81920,1024,1,513,137,137,0,87,184,131,6,0,0,137,1,512,137,50
81921,81920,4096,1,37,7,6,0,6,10,6,1,0,0,7,1,512,6,0
82048,82048,1024,0,513,141,141,0,95,186,132,9,0,0,141,1,512,141,46
82049,82048,1024,1,513,140,140,0,95,185,131,9,0,0,140,1,512,140,45
82176,82176,2048,0,1025,290,289,0,195,256,79,177,0,0,256,1,512,289,94
82176,82176,1024,0,513,148,148,0,90,179,138,10,0,0,148,1,512,148,58
82177,82176,2048,1,1025,288,287,0,192,256,115,141,0,0,256,1,512,287,95
82177,82176,1024,1,513,147,147,0,90,178,138,9,0,0,147,1,512,147,57
82304,82304,1024,0,513,146,146,0,96,185,138,8,0,0,146,1,512,146,50
82305,82304,1024,1,513,147,147,0,99,182,138,9,0,0,147,1,512,147,48
82432,82432,2048,0,1025,284,284,0,179,256,180,76,0,0,256,1,512,284,105
82432,82432,1024,0,513,143,143,0,85,182,137,6,0,0,143,1,512,143,58
82432,82432,4096,0,37,7,7,0,5,9,6,1,0,0,7,1,512,7,2
82433,82432,2048,1,1025,284,284,0,177,256,148,108,0,0,256,1,512,284,107
82433,82432,1024,1,513,145,145,0,89,180,138,7,0,0,145,1,512,145,56
82433,82432,4096,1,37,7,7,0,5,11,7,0,0,0,7,0,0,7,2
82560,82560,1024,0,513,143,143,0,101,181,136,7,0,0,143,1,512,143,42
82561,82560,1024,1,513,144,144,0,103,180,136,8,0,0,144,1,512,144,41
82688,82688,2048,0,1025,269,268,0,174,256,71,185,0,0,256,1,512,268,94
82688,82688,1024,0,513,144,143,0,98,186,137,7,0,0,144,1,512,143,45
82689,82688,2048,1,1025,266,266,0,172,256,84,172,0,0,256,1,512,266,94
82689,82688,1024,1,513,143,142,0,99,186,138,5,0,0,143,1,512,142,43
82816,82816,1024,0,513,149,149,0,93,183,138,11,0,0,149,1,512,149,56
82817,82816,1024,1,513,148,148,0,93,181,137,11,0,0,148,1,512,148,55
82944,82944,2048,0,1025,264,264,0,152,256,224,32,0,0,256,1,512,264,112
82944,82944,1024,0,513,143,143,0,104,185,136,7,0,0,143,1,512,143,39
82944,82944,4096,0,37,10,10,0,5,9,8,2,0,0,10,1,512,10,5
82945,82944,2048,1,1025,263,263,0,150,256,217,39,0,0,256,1,512,263,113
82945,82944,1024,1,513,143,143,0,103,184,136,7,0,0,143,1,512,143,40
82945,82944,4096,1,37,8,7,0,5,11,8,0,0,0,8,0,0,7,2
83072,83072,1024,0,513,146,145,0,86,187,138,8,0,0,146,1,512,145,59
83073,83072,1024,1,513,146,145,0,85,187,138,8,0,0,146,1,512,145,60
83200,83200,2048,0,1025,280,280,0,184,256,211,45,0,0,256,1,512,280,96
83200,83200,1024,0,513,137,136,0,87,187,131,6,0,0,137,1,512,136,49
83201,83200,2048,1,1025,277,277,0,182,256,221,35,0,0,256,1,512,277,95
83201,83200,1024,1,513,138,137,0,91,187,132,6,0,0,138,1,512,137,46
83328,83328,1024,0,513,147,146,0,94,183,138,9,0,0,147,1,512,146,52
83329,83328,1024,1,513,147,146,0,94,182,138,9,0,0,147,1,512,146,52
83456,83456,2048,0,1025,277,277,0,170,256,183,73,0,0,256,1,512,277,107
83456,83456,1024,0,513,141,140,0,91,185,134,7,0,0,141,1,512,140,49
83456,83456,4096,0,37,9,8,0,6,10,8,1,0,0,9,1,512,8,2
83457,83456,2048,1,1025,277,277,0,168,256,179,77,0,0,256,1,512,277,109
83457,83456,1024,1,513,141,140,0,90,185,135,6,0,0,141,1,512,140,50
83457,83456,4096,1,37,8,8,0,5,10,8,0,0,0,8,0,0,8,3
83584,83584,1024,0,513,144,143,0,86,184,136,8,0,0,144,1,512,143,57
83585,83584,1024,1,513,145,144,0,87,182,135,10,0,0,145,1,512,144,57
83712,83712,2048,0,1025,272,272,0,179,256,213,43,0,0,256,1,512,272,93
83712,83712,1024,0,513,141,141,0,85,180,130,11,0,0,141,1,512,141,56
83713,83712,2048,1,1025,271,271,0,175,256,219,37,0,0,256,1,512,271,96
83713,83712,1024,1,513,138,138,0,85,182,129,9,0,0,138,1,512,138,53
83840,83840,1024,0,513,135,135,0,90,190,128,7,0,0,135,1,512,135,45
83841,83840,1024,1,513,135,135,0,88,190,128,7,0,0,135,1,512,135,47
83968,83968,2048,0,1025,281,281,0,172,256,202,54,0,0,256,1,512,281,109
83968,83968,1024,0,513,142,142,0,83,187,132,10,0,0,142,1,512,142,59
83968,83968,4096,0,37,9,8,0,6,11,8,1,0,0,9,1,512,8,2
83969,83968,2048,1,1025,282,282,0,173,256,184,72,0,0,256,1,512,282,109
83969,83968,1024,1,513,143,143,0,84,187,133,10,0,0,143,1,512,143,59
83969,83968,4096,1,37,6,6,0,4,9,5,1,0,0,6,1,512,6,2
84096,84096,1024,0,513,152,152,0,91,189,142,10,0,0,152,1,512,152,61
84097,84096,1024,1,513,150,150,0,91,188,141,9,0,0,150,1,512,150,59
84224,84224,2048,0,1025,287,286,0,178,256,138,118,0,0,256,1,512,286,108
84224,84224,1024,0,513,144,144,0,97,193,139,5,0,0,144,1,512,144,47
84225,84224,2048,1,1025,284,284,0,175,256,153,103,0,0,256,1,512,284,109
84225,84224,1024,1,513,144,144,0,98,191,139,5,0,0,144,1,512,144,46
84352,84352,1024,0,513,137,137,0,86,191,128,9,0,0,137,1,512,137,51
84353,84352,1024,1,513,139,139,0,85,189,129,10,0,0,139,1,512,139,54
84480,84480,2048,0,1025,283,283,0,193,256,154,102,0,0,256,1,512,283,90
84480,84480,1024,0,513,145,145,0,86,194,142,3,0,0,145,1,512,145,59
84480,84480,4096,0,37,8,8,0,5,12,7,1,0,0,8,1,512,8,3
84481,84480,2048,1,1025,280,280,0,190,256,166,90,0,0,256,1,512,280,90
84481,84480,1024,1,513,144,144,0,86,193,142,2,0,0,144,1,512,144,58
84481,84480,4096,1,37,8,7,0,5,10,8,0,0,0,8,0,0,7,2
84608,84608,1024,0,513,151,151,0,95,187,140,11,0,0,151,1,512,151,56
84609,84608,1024,1,513,149,149,0,94,184,138,11,0,0,149,1,512,149,55
84736,84736,2048,0,1025,270,269,0,172,256,210,46,0,0,256,1,512,269,97
84736,84736,1024,0,513,133,133,0,95,193,129,4,0,0,133,1,512,133,38
84737,84736,2048,1,1025,271,271,0,171,256,183,73,0,0,256,1,512,271,100
84737,84736,1024,1,513,132,132,0,91,190,128,4,0,0,132,1,512,132,41
84864,84864,1024,0,513,135,135,0,87,186,131,4,0,0,135,1,512,135,48
84865,84864,1024,1,513,134,134,0,86,184,130,4,0,0,134,1,512,134,48
84992,84992,2048,0,1025,266,266,0,161,256,190,66,0,0,256,1,512,266,105
84992,84992,1024,0,513,141,141,0,75,186,132,9,0,0,141,1,512,141,66
84992,84992,4096,0,37,7,6,0,6,13,7,0,0,0,7,0,0,6,0
84993,84992,2048,1,1025,264,264,0,163,256,210,46,0,0,256,1,512,264,101
84993,84992,1024,1,513,141,141,0,76,184,132,9,0,0,141,1,512,141,65
84993,84992,4096,1,37,7,7,0,6,10,7,0,0,0,7,0,0,7,1
85120,85120,1024,0,513,139,139,0,85,184,133,6,0,0,139,1,512,139,54
85121,85120,1024,1,513,141,141,0,87,182,135,6,0,0,141,1,512,141,54
85248,85248,2048,0,1025,282,282,0,171,256,128,128,0,0,256,1,512,282,111
85248,85248,1024,0,513,134,134,0,78,183,127,7,0,0,134,1,512,134,56
85249,85248,2048,1,1025,282,282,0,170,256,106,150,0,0,256,1,512,282,112
85249,85248,1024,1,513,133,133,0,80,181,126,7,0,0,133,1,512,133,53
85376,85376,1024,0,513,138,138,0,85,185,129,9,0,0,138,1,512,138,53
85377,85376,1024,1,513,138,138,0,84,184,129,9,0,0,138,1,512,138,54
85504,85504,2048,0,1025,292,292,0,189,256,180,76,0,0,256,1,512,292,103
85504,85504,1024,0,513,138,137,0,87,186,128,10,0,0,138,1,512,137,50
85504,85504,4096,0,37,7,6,0,5,12,7,0,0,0,7,0,0,6,1
85505,85504,2048,1,1025,291,291,0,189,256,185,71,0,0,256,1,512,291,102
85505,85504,1024,1,513,137,136,0,89,186,129,8,0,0,137,1,512,136,47
85505,85504,4096,1,37,8,7,0,4,10,8,0,0,0,8,0,0,7,3
85632,85632,1024,0,513,142,141,0,84,184,131,11,0,0,142,1,512,141,57
85633,85632,1024,1,513,142,141,0,82,183,131,11,0,0,142,1,512,141,59
85760,85760,2048,0,1025,290,290,0,203,256,215,41,0,0,256,1,512,290,87
85760,85760,1024,0,513,143,142,0,95,188,139,4,0,0,143,1,512,142,47
85761,85760,2048,1,1025,289,289,0,201,256,213,43,0,0,256,1,512,289,88
85761,85760,1024,1,513,143,142,0,95,187,139,4,0,0,143,1,512,142,47
85888,85888,1024,0,513,136,135,0,87,181,130,6,0,0,136,1,512,135,48
85889,85888,1024,1,513,137,136,0,90,180,131,6,0,0,137,1,512,136,46
86016,86016,2048,0,1025,275,275,0,165,256,208,48,0,0,256,1,512,275,110
86016,86016,1024,0,513,139,138,0,89,181,133,6,0,0,139,1,512,138,49
86016,86016,4096,0,37,9,8,0,6,12,9,0,0,0,9,0,0,8,2
86017,86016,2048,1,1025,274,274,0,166,256,206,50,0,0,256,1,512,274,108
86017,86016,1024,1,513,138,137,0,89,181,133,5,0,0,138,1,512,137,48
86017,86016,4096,1,37,7,6,0,4,9,7,0,0,0,7,0,0,6,2
86144,86144,1024,0,513,138,137,0,91,177,129,9,0,0,138,1,512,137,46
86145,86144,1024,1,513,139,138,0,91,176,129,10,0,0,139,1,512,138,47
86272,86272,2048,0,1025,279,278,0,181,256,191,65,0,0,256,1,512,278,97
86272,86272,1024,0,513,145,144,0,89,182,140,5,0,0,145,1,512,144,55
86273,86272,2048,1,1025,277,276,0,179,256,195,61,0,0,256,1,512,276,97
86273,86272,1024,1,513,145,144,0,91,182,142,3,0,0,145,1,512,144,53
86400,86400,1024,0,513,140,140,0,96,176,133,7,0,0,140,1,512,140,44
86401,86400,1024,1,513,140,140,0,97,173,133,7,0,0,140,1,512,140,43
86528,86528,2048,0,1025,285,284,0,163,256,124,132,0,0,256,1,512,284,121
86528,86528,1024,0,513,163,162,0,93,177,142,21,0,0,163,1,512,162,69
86528,86528,4096,0,37,8,8,0,6,9,6,2,0,0,8,1,512,8,2
86529,86528,2048,1,1025,287,285,0,171,256,109,147,0,0,256,1,512,285,114
86529,86528,1024,1,513,150,149,0,94,175,136,14,0,0,150,1,512,149,55
86529,86528,4096,1,37,7,6,0,4,9,6,1,0,0,7,1,512,6,2
86656,86656,1024,0,513,161,160,0,114,192,151,10,0,0,161,1,512,160,46
86657,86656,1024,1,513,148,148,0,103,182,142,6,0,0,148,1,512,148,45
86784,86784,2048,0,1025,300,299,0,170,256,59,197,0,0,256,1,512,299,129
86784,86784,1024,0,513,131,131,0,96,199,127,4,0,0,131,1,512,131,35
86785,86784,2048,1,1025,282,281,0,178,256,125,131,0,0,256,1,512,281,103
86785,86784,1024,1,513,129,129,0,95,185,126,3,0,0,129,1,512,129,34
86912,86912,1024,0,513,114,114,0,74,197,112,2,0,0,114,1,512,114,40
86913,86912,1024,1,513,116,115,0,82,182,115,1,0,0,116,1,512,115,33
87040,87040,2048,0,1025,286,285,0,199,256,223,33,0,0,256,1,512,285,86
87040,87040,1024,0,513,122,121,0,66,191,115,7,0,0,122,1,512,121,55
87040,87040,4096,0,37,6,6,0,5,11,6,0,0,0,6,0,0,6,1
87041,87040,2048,1,1025,270,269,0,183,256,186,70,0,0,256,1,512,269,86
87041,87040,1024,1,513,132,131,0,72,176,124,8,0,0,132,1,512,131,59
87041,87040,4096,1,37,6,5,0,4,10,6,0,0,0,6,0,0,5,1
87168,87168,1024,0,513,156,155,0,94,184,145,11,0,0,156,1,512,155,61
87169,87168,1024,1,513,159,159,0,105,170,142,17,0,0,159,1,512,159,54
87296,87296,2048,0,1025,245,245,0,175,256,219,26,0,0,245,1,512,245,70
87296,87296,1024,0,513,163,163,0,115,181,144,19,0,0,163,1,512,163,48
87297,87296,2048,1,1025,240,240,0,158,256,217,23,0,0,240,1,512,240,82
87297,87296,1024,1,513,148,148,0,102,180,137,11,0,0,148,1,512,148,46
87424,87424,1024,0,513,134,134,0,83,189,127,7,0,0,134,1,512,134,51
87425,87424,1024,1,513,135,135,0,75,185,125,10,0,0,135,1,512,135,60
87552,87552,2048,0,1025,239,239,0,144,256,214,25,0,0,239,1,512,239,95
87552,87552,1024,0,513,144,144,0,90,193,137,7,0,0,144,1,512,144,54
87552,87552,4096,0,37,5,5,0,4,11,5,0,0,0,5,0,0,5,1
87553,87552,2048,1,1025,255,255,0,158,256,207,48,0,0,255,1,512,255,97
87553,87552,1024,1,513,146,146,0,92,189,134,12,0,0,146,1,512,146,54
87553,87552,4096,1,37,7,7,0,4,9,6,1,0,0,7,1,512,7,3
87680,87680,1024,0,513,142,142,0,101,198,140,2,0,0,142,1,512,142,41
87681,87680,1024,1,513,141,141,0,102,197,139,2,0,0,141,1,512,141,39
87808,87808,2048,0,1025,283,283,0,165,256,187,69,0,0,256,1,512,283,118
87808,87808,1024,0,513,142,142,0,95,193,136,6,0,0,142,1,512,142,47
87809,87808,2048,1,1025,278,278,0,169,256,188,68,0,0,256,1,512,278,109
87809,87808,1024,1,513,141,141,0,95,188,133,8,0,0,141,1,512,141,46
87936,87936,1024,0,513,146,146,0,86,181,134,12,0,0,146,1,512,146,60
87937,87936,1024,1,513,146,146,0,84,184,134,12,0,0,146,1,512,146,62
88064,88064,2048,0,1025,301,301,0,210,256,172,84,0,0,256,1,512,301,91
88064,88064,1024,0,513,136,136,0,83,185,130,6,0,0,136,1,512,136,53
88064,88064,4096,0,37,6,6,0,3,11,5,1,0,0,6,1,512,6,3
88065,88064,2048,1,1025,297,296,0,185,256,150,106,0,0,256,1,512,296,111
88065,88064,1024,1,513,137,137,0,86,185,130,7,0,0,137,1,512,137,51
88065,88064,4096,1,37,6,6,0,5,10,6,0,0,0,6,0,0,6,1
88192,88192,1024,0,513,145,145,0,80,187,130,15,0,0,145,1,512,145,65
88193,88192,1024,1,513,145,145,0,83,189,130,15,0,0,145,1,512,145,62
88320,88320,2048,0,1025,289,288,0,177,256,195,61,0,0,256,1,512,288,111
88320,88320,1024,0,513,141,141,0,96,198,137,4,0,0,141,1,512,141,45
88321,88320,2048,1,1025,288,287,0,177,256,207,49,0,0,256,1,512,287,110
88321,88320,1024,1,513,142,142,0,97,200,137,5,0,0,142,1,512,142,45
88448,88448,1024,0,513,146,145,0,89,190,134,12,0,0,146,1,512,145,56
88449,88448,1024,1,513,145,144,0,90,192,133,12,0,0,145,1,512,144,54
88576,88576,2048,0,1025,293,292,0,180,256,169,87,0,0,256,1,512,292,112
88576,88576,1024,0,513,142,141,0,85,192,134,8,0,0,142,1,512,141,56
88576,88576,4096,0,37,7,7,0,5,10,6,1,0,0,7,1,512,7,2
88577,88576,2048,1,1025,293,292,0,186,256,172,84,0,0,256,1,512,292,106
88577,88576,1024,1,513,143,142,0,87,194,135,8,0,0,143,1,512,142,55
88577,88576,4096,1,37,5,5,0,5,10,5,0,0,0,5,0,0,5,0
88704,88704,1024,0,513,137,136,0,97,190,130,7,0,0,137,1,512,136,39
88705,88704,1024,1,513,136,135,0,96,191,130,6,0,0,136,1,512,135,39
88832,88832,2048,0,1025,272,271,0,175,256,170,86,0,0,256,1,512,271,96
88832,88832,1024,0,513,146,146,0,92,186,139,7,0,0,146,1,512,146,54
88833,88832,2048,1,1025,271,270,0,173,256,219,37,0,0,256,1,512,270,97
88833,88832,1024,1,513,146,146,0,94,186,138,8,0,0,146,1,512,146,52
88960,88960,1024,0,513,146,146,0,94,186,140,6,0,0,146,1,512,146,52
88961,88960,1024,1,513,144,144,0,94,185,137,7,0,0,144,1,512,144,50
89088,89088,2048,0,1025,282,282,0,175,256,148,108,0,0,256,1,512,282,107
89088,89088,1024,0,513,140,139,0,85,183,132,8,0,0,140,1,512,139,54
89088,89088,4096,0,37,5,5,0,2,8,5,0,0,0,5,0,0,5,3
89089,89088,2048,1,1025,282,282,0,174,256,168,88,0,0,256,1,512,282,108
89089,89088,1024,1,513,139,138,0,87,182,131,8,0,0,139,1,512,138,51
89089,89088,4096,1,37,6,6,0,4,9,6,0,0,0,6,0,0,6,2
89216,89216,1024,0,513,139,138,0,80,186,132,7,0,0,139,1,512,138,58
89217,89216,1024,1,513,140,139,0,79,185,132,8,0,0,140,1,512,139,60
89344,89344,2048,0,1025,280,280,0,185,256,165,91,0,0,256,1,512,280,95
89344,89344,1024,0,513,138,138,0,91,188,130,8,0,0,138,1,512,138,47
89345,89344,2048,1,1025,276,276,0,182,256,188,68,0,0,256,1,512,276,94
89345,89344,1024,1,513,139,139,0,92,189,131,8,0,0,139,1,512,139,47
89472,89472,1024,0,513,140,140,0,88,186,134,6,0,0,140,1,512,140,52
89473,89472,1024,1,513,141,141,0,92,185,135,6,0,0,141,1,512,141,49
89600,89600,2048,0,1025,280,280,0,172,256,148,108,0,0,256,1,512,280,108
89600,89600,1024,0,513,138,138,0,99,183,133,5,0,0,138,1,512,138,39
89600,89600,4096,0,37,5,5,0,3,8,5,0,0,0,5,0,0,5,2
89601,89600,2048,1,1025,278,278,0,170,256,161,95,0,0,256,1,512,278,108
89601,89600,1024,1,513,139,139,0,101,183,133,6,0,0,139,1,512,139,38
89601,89600,4096,1,37,7,7,0,5,7,7,0,0,0,7,0,0,7,2
89728,89728,1024,0,513,140,140,0,90,183,133,7,0,0,140,1,512,140,50
89729,89728,1024,1,513,139,139,0,90,184,133,6,0,0,139,1,512,139,49
89856,89856,2048,0,1025,278,278,0,180,256,184,72,0,0,256,1,512,278,98
89856,89856,1024,0,513,140,140,0,80,180,131,9,0,0,140,1,512,140,60
89857,89856,2048,1,1025,275,275,0,177,256,196,60,0,0,256,1,512,275,98
89857,89856,1024,1,513,139,139,0,82,180,130,9,0,0,139,1,512,139,57
89984,89984,1024,0,513,140,140,0,89,182,131,9,0,0,140,1,512,140,51
89985,89984,1024,1,513,141,141,0,91,181,132,9,0,0,141,1,512,141,50
90112,90112,2048,0,1025,275,274,0,180,256,141,115,0,0,256,1,512,274,94
90112,90112,1024,0,513,142,141,0,98,187,134,8,0,0,142,1,512,141,43
90112,90112,4096,0,37,9,9,0,3,7,5,4,0,0,9,1,512,9,6
90113,90112,2048,1,1025,273,272,0,180,256,175,81,0,0,256,1,512,272,92
90113,90112,1024,1,513,143,142,0,99,186,135,8,0,0,143,1,512,142,43
90113,90112,4096,1,37,4,4,0,3,7,4,0,0,0,4,0,0,4,1
90240,90240,1024,0,513,143,142,0,79,188,133,10,0,0,143,1,512,142,63
90241,90240,1024,1,513,143,142,0,79,187,132,11,0,0,143,1,512,142,63
90368,90368,2048,0,1025,288,287,0,180,256,177,79,0,0,256,1,512,287,107
90368,90368,1024,0,513,144,143,0,88,193,134,10,0,0,144,1,512,143,55
90369,90368,2048,1,1025,287,286,0,175,256,152,104,0,0,256,1,512,286,111
90369,90368,1024,1,513,143,142,0,87,192,133,10,0,0,143,1,512,142,55
90496,90496,1024,0,513,138,138,0,98,194,137,1,0,0,138,1,512,138,40
90497,90496,1024,1,513,137,137,0,99,194,136,1,0,0,137,1,512,137,38
90624,90624,2048,0,1025,282,282,0,174,256,161,95,0,0,256,1,512,282,108
90624,90624,1024,0,513,143,143,0,88,189,136,7,0,0,143,1,512,143,55
90624,90624,4096,0,37,9,9,0,5,11,8,1,0,0,9,1,512,9,4
90625,90624,2048,1,1025,281,281,0,174,256,203,53,0,0,256,1,512,281,107
90625,90624,1024,1,513,143,143,0,88,190,135,8,0,0,143,1,512,143,55
90625,90624,4096,1,37,7,7,0,4,7,6,1,0,0,7,1,512,7,3
90752,90752,1024,0,513,140,140,0,83,185,136,4,0,0,140,1,512,140,57
90753,90752,1024,1,513,140,140,0,81,187,135,5,0,0,140,1,512,140,59
90880,90880,2048,0,1025,292,292,0,185,256,103,153,0,0,256,1,512,292,107
90880,90880,1024,0,513,148,147,0,80,182,136,12,0,0,148,1,512,147,67
90881,90880,2048,1,1025,290,290,0,182,256,148,108,0,0,256,1,512,290,108
90881,90880,1024,1,513,145,144,0,81,184,134,11,0,0,145,1,512,144,63
91008,91008,1024,0,513,142,141,0,99,184,134,8,0,0,142,1,512,141,42
91009,91008,1024,1,513,141,140,0,97,185,133,8,0,0,141,1,512,140,43
91136,91136,2048,0,1025,280,280,0,187,256,217,39,0,0,256,1,512,280,93
91136,91136,1024,0,513,141,141,0,92,189,135,6,0,0,141,1,512,141,49
91136,91136,4096,0,37,7,7,0,4,12,7,0,0,0,7,0,0,7,3
91137,91136,2048,1,1025,278,278,0,186,256,218,38,0,0,256,1,512,278,92
91137,91136,1024,1,513,142,142,0,92,190,135,7,0,0,142,1,512,142,50
91137,91136,4096,1,37,5,5,0,5,8,5,0,0,0,5,0,0,5,0
91264,91264,1024,0,513,137,137,0,86,188,133,4,0,0,137,1,512,137,51
91265,91264,1024,1,513,137,137,0,88,189,133,4,0,0,137,1,512,137,49
91392,91392,2048,0,1025,276,276,0,173,256,179,77,0,0,256,1,512,276,103
91392,91392,1024,0,513,142,141,0,92,183,133,9,0,0,142,1,512,141,49
91393,91392,2048,1,1025,275,275,0,173,256,185,71,0,0,256,1,512,275,102
91393,91392,1024,1,513,143,142,0,92,183,134,9,0,0,143,1,512,142,50
91520,91520,1024,0,513,144,143,0,85,182,130,14,0,0,144,1,512,143,58
91521,91520,1024,1,513,145,144,0,86,182,131,14,0,0,145,1,512,144,58
91648,91648,2048,0,1025,282,282,0,174,256,146,110,0,0,256,1,512,282,108
91648,91648,1024,0,513,144,144,0,93,187,134,10,0,0,144,1,512,144,51
91648,91648,4096,0,37,8,7,0,4,12,8,0,0,0,8,0,0,7,3
91649,91648,2048,1,1025,281,281,0,170,256,156,100,0,0,256,1,512,281,111
91649,91648,1024,1,513,143,143,0,96,188,135,8,0,0,143,1,512,143,47
91649,91648,4096,1,37,6,5,0,5,8,5,1,0,0,6,1,512,5,0
91776,91776,1024,0,513,146,146,0,91,191,139,7,0,0,146,1,512,146,55
91777,91776,1024,1,513,144,144,0,90,191,139,5,0,0,144,1,512,144,54
91904,91904,2048,0,1025,282,282,0,184,256,193,63,0,0,256,1,512,282,98
91904,91904,1024,0,513,142,142,0,90,195,135,7,0,0,142,1,512,142,52
91905,91904,2048,1,1025,281,281,0,185,256,199,57,0,0,256,1,512,281,96
91905,91904,1024,1,513,144,144,0,90,192,136,8,0,0,144,1,512,144,54
92032,92032,1024,0,513,137,137,0,88,193,132,5,0,0,137,1,512,137,49
92033,92032,1024,1,513,138,138,0,89,191,133,5,0,0,138,1,512,138,49
92160,92160,2048,0,1025,286,286,0,179,256,173,83,0,0,256,1,512,286,107
92160,92160,1024,0,513,147,146,0,81,185,139,8,0,0,147,1,512,146,65
92160,92160,4096,0,37,10,10,0,6,12,10,0,0,0,10,0,0,10,4
92161,92160,2048,1,1025,285,285,0,180,256,178,78,0,0,256,1,512,285,105
92161,92160,1024,1,513,147,146,0,80,183,138,9,0,0,147,1,512,146,66
92161,92160,4096,1,37,6,5,0,5,8,6,0,0,0,6,0,0,5,0
92288,92288,1024,0,513,151,150,0,98,187,139,12,0,0,151,1,512,150,52
92289,92288,1024,1,513,151,150,0,99,186,139,12,0,0,151,1,512,150,51
92416,92416,2048,0,1025,291,291,0,175,256,90,166,0,0,256,1,512,291,116
92416,92416,1024,0,513,140,139,0,97,193,137,3,0,0,140,1,512,139,42
92417,92416,2048,1,1025,289,289,0,172,256,100,156,0,0,256,1,512,289,117
92417,92416,1024,1,513,139,138,0,98,194,137,2,0,0,139,1,512,138,40
92544,92544,1024,0,513,131,130,0,82,191,126,5,0,0,131,1,512,130,48
92545,92544,1024,1,513,130,129,0,84,190,125,5,0,0,130,1,512,129,45
92672,92672,2048,0,1025,286,285,0,178,256,95,161,0,0,256,1,512,285,107
92672,92672,1024,0,513,148,148,0,80,187,137,11,0,0,148,1,512,148,68
92672,92672,4096,0,37,8,7,0,4,12,8,0,0,0,8,0,0,7,3
92673,92672,2048,1,1025,282,281,0,174,256,193,63,0,0,256,1,512,281,107
92673,92672,1024,1,513,148,148,0,81,185,137,11,0,0,148,1,512,148,67
92673,92672,4096,1,37,7,7,0,5,8,6,1,0,0,7,1,512,7,2
92800,92800,1024,0,513,152,152,0,90,193,143,9,0,0,152,1,512,152,62
92801,92800,1024,1,513,151,151,0,90,191,142,9,0,0,151,1,512,151,61
92928,92928,2048,0,1025,288,287,0,175,256,213,43,0,0,256,1,512,287,112
92928,92928,1024,0,513,139,139,0,84,197,133,6,0,0,139,1,512,139,55
92929,92928,2048,1,1025,287,286,0,174,256,189,67,0,0,256,1,512,286,112
92929,92928,1024,1,513,140,140,0,85,194,133,7,0,0,140,1,512,140,55
93056,93056,1024,0,513,142,142,0,91,193,133,9,0,0,142,1,512,142,51
93057,93056,1024,1,513,141,141,0,93,192,133,8,0,0,141,1,512,141,48
93184,93184,2048,0,1025,293,292,0,180,256,193,63,0,0,256,1,512,292,112
93184,93184,1024,0,513,140,139,0,87,198,135,5,0,0,140,1,512,139,52
93184,93184,4096,0,37,6,6,0,4,10,6,0,0,0,6,0,0,6,2
93185,93184,2048,1,1025,291,291,0,179,256,188,68,0,0,256,1,512,291,112
93185,93184,1024,1,513,141,140,0,88,196,135,6,0,0,141,1,512,140,52
93185,93184,4096,1,37,7,7,0,6,8,7,0,0,0,7,0,0,7,1
93312,93312,1024,0,513,144,144,0,87,194,137,7,0,0,144,1,512,144,57
93313,93312,1024,1,513,145,145,0,87,193,138,7,0,0,145,1,512,145,58
93440,93440,2048,0,1025,283,283,0,186,256,216,40,0,0,256,1,512,283,97
93440,93440,1024,0,513,141,141,0,91,190,136,5,0,0,141,1,512,141,50
93441,93440,2048,1,1025,282,282,0,185,256,205,51,0,0,256,1,512,282,97
93441,93440,1024,1,513,141,141,0,91,189,136,5,0,0,141,1,512,141,50
93568,93568,1024,0,513,142,142,0,83,187,135,7,0,0,142,1,512,142,59
93569,93568,1024,1,513,140,140,0,85,186,133,7,0,0,140,1,512,140,55
93696,93696,2048,0,1025,275,275,0,161,256,200,56,0,0,256,1,512,275,114
93696,93696,1024,0,513,140,140,0,81,187,129,11,0,0,140,1,512,140,59
93696,93696,4096,0,37,7,7,0,6,10,6,1,0,0,7,1,512,7,1
93697,93696,2048,1,1025,274,274,0,162,256,196,60,0,0,256,1,512,274,112
93697,93696,1024,1,513,138,138,0,82,187,129,9,0,0,138,1,512,138,56
93697,93696,4096,1,37,6,6,0,6,8,6,0,0,0,6,0,0,6,0
93824,93824,1024,0,513,141,140,0,87,192,137,4,0,0,141,1,512,140,53
93825,93824,1024,1,513,141,140,0,88,190,136,5,0,0,141,1,512,140,52
93952,93952,2048,0,1025,283,283,0,167,256,192,64,0,0,256,1,512,283,116
93952,93952,1024,0,513,133,132,0,82,189,129,4,0,0,133,1,512,132,50
93953,93952,2048,1,1025,281,281,0,166,256,193,63,0,0,256,1,512,281,115
93953,93952,1024,1,513,133,132,0,82,187,128,5,0,0,133,1,512,132,50
94080,94080,1024,0,513,141,140,0,90,186,132,9,0,0,141,1,512,140,50
94081,94080,1024,1,513,144,143,0,90,185,133,11,0,0,144,1,512,143,53
94208,94208,2048,0,1025,284,283,0,168,256,75,181,0,0,256,1,512,283,115
94208,94208,1024,0,513,137,136,0,88,189,128,9,0,0,137,1,512,136,48
94208,94208,4096,0,37,8,8,0,5,11,7,1,0,0,8,1,512,8,3
94209,94208,2048,1,1025,280,280,0,165,256,96,160,0,0,256,1,512,280,115
94209,94208,1024,1,513,136,135,0,92,190,128,8,0,0,136,1,512,135,43
94209,94208,4096,1,37,5,5,0,5,8,5,0,0,0,5,0,0,5,0
94336,94336,1024,0,513,135,135,0,83,184,128,7,0,0,135,1,512,135,52
94337,94336,1024,1,513,135,135,0,83,184,128,7,0,0,135,1,512,135,52
94464,94464,2048,0,1025,267,267,0,178,256,212,44,0,0,256,1,512,267,89
94464,94464,1024,0,513,133,133,0,94,182,123,10,0,0,133,1,512,133,39
94465,94464,2048,1,1025,267,267,0,176,256,173,83,0,0,256,1,512,267,91
94465,94464,1024,1,513,131,131,0,94,182,121,10,0,0,131,1,512,131,37
94592,94592,1024,0,513,135,135,0,78,184,128,7,0,0,135,1,512,135,57
94593,94592,1024,1,513,135,135,0,79,184,127,8,0,0,135,1,512,135,56
94720,94720,2048,0,1025,279,279,0,172,256,88,168,0,0,256,1,512,279,107
94720,94720,1024,0,513,142,142,0,88,181,135,7,0,0,142,1,512,142,54
94720,94720,4096,0,37,6,6,0,5,10,6,0,0,0,6,0,0,6,1
94721,94720,2048,1,1025,274,274,0,170,256,116,140,0,0,256,1,512,274,104
94721,94720,1024,1,513,141,141,0,86,181,134,7,0,0,141,1,512,141,55
94721,94720,4096,1,37,6,6,0,4,8,6,0,0,0,6,0,0,6,2
94848,94848,1024,0,513,146,146,0,95,184,136,10,0,0,146,1,512,146,51
94849,94848,1024,1,513,146,146,0,93,183,136,10,0,0,146,1,512,146,53
94976,94976,2048,0,1025,281,281,0,168,256,211,45,0,0,256,1,512,281,113
94976,94976,1024,0,513,140,140,0,85,184,132,8,0,0,140,1,512,140,55
94977,94976,2048,1,1025,278,278,0,164,256,207,49,0,0,256,1,512,278,114
94977,94976,1024,1,513,139,139,0,85,183,130,9,0,0,139,1,512,139,54
95104,95104,1024,0,513,140,140,0,88,188,134,6,0,0,140,1,512,140,52
95105,95104,1024,1,513,141,141,0,88,188,134,7,0,0,141,1,512,141,53
95232,95232,2048,0,1025,285,285,0,165,256,184,72,0,0,256,1,512,285,120
95232,95232,1024,0,513,141,141,0,93,185,134,7,0,0,141,1,512,141,48
95232,95232,4096,0,37,7,7,0,4,9,6,1,0,0,7,1,512,7,3
95233,95232,2048,1,1025,284,284,0,161,256,179,77,0,0,256,1,512,284,123
95233,95232,1024,1,513,142,142,0,95,185,136,6,0,0,142,1,512,142,47
95233,95232,4096,1,37,6,6,0,4,8,6,0,0,0,6,0,0,6,2
95360,95360,1024,0,513,136,135,0,82,184,129,7,0,0,136,1,512,135,53
95361,95360,1024,1,513,137,136,0,83,183,130,7,0,0,137,1,512,136,53
95488,95488,2048,0,1025,277,277,0,187,256,192,64,0,0,256,1,512,277,90
95488,95488,1024,0,513,138,137,0,89,185,133,5,0,0,138,1,512,137,48
95489,95488,2048,1,1025,275,275,0,186,256,202,54,0,0,256,1,512,275,89
95489,95488,1024,1,513,137,136,0,89,184,132,5,0,0,137,1,512,136,47
95616,95616,1024,0,513,148,147,0,94,176,138,10,0,0,148,1,512,147,53
95617,95616,1024,1,513,146,145,0,93,176,137,9,0,0,146,1,512,145,52
95744,95744,2048,0,1025,284,284,0,177,256,172,84,0,0,256,1,512,284,107
95744,95744,1024,0,513,129,128,0,84,180,126,3,0,0,129,1,512,128,44
95744,95744,4096,0,37,7,7,0,6,9,7,0,0,0,7,0,0,7,1
95745,95744,2048,1,1025,282,282,0,174,256,173,83,0,0,256,1,512,282,108
95745,95744,1024,1,513,128,127,0,84,179,125,3,0,0,128,1,512,127,43
95745,95744,4096,1,37,6,6,0,5,8,6,0,0,0,6,0,0,6,1
95872,95872,1024,0,513,136,135,0,83,178,126,10,0,0,136,1,512,135,52
95873,95872,1024,1,513,137,136,0,84,176,127,10,0,0,137,1,512,136,52
96000,96000,2048,0,1025,271,270,0,166,256,221,35,0,0,256,1,512,270,104
96000,96000,1024,0,513,146,145,0,93,183,138,8,0,0,146,1,512,145,52
96001,96000,2048,1,1025,269,268,0,166,256,222,34,0,0,256,1,512,268,102
96001,96000,1024,1,513,146,145,0,93,180,137,9,0,0,146,1,512,145,52
96128,96128,1024,0,513,146,146,0,89,189,140,6,0,0,146,1,512,146,57
96129,96128,1024,1,513,145,145,0,90,187,139,6,0,0,145,1,512,145,55
96256,96256,2048,0,1025,277,277,0,179,256,210,46,0,0,256,1,512,277,98
96256,96256,1024,0,513,134,134,0,89,184,126,8,0,0,134,1,512,134,45
96256,96256,4096,0,37,8,8,0,6,9,8,0,0,0,8,0,0,8,2
96257,96256,2048,1,1025,276,276,0,176,256,210,46,0,0,256,1,512,276,100
96257,96256,1024,1,513,135,135,0,87,182,125,10,0,0,135,1,512,135,48
96257,96256,4096,1,37,5,5,0,5,7,5,0,0,0,5,0,0,5,0
96384,96384,1024,0,513,127,127,0,75,184,122,5,0,0,127,1,512,127,52
96385,96384,1024,1,513,127,127,0,77,184,122,5,0,0,127,1,512,127,50
96512,96512,2048,0,1025,284,284,0,172,256,137,119,0,0,256,1,512,284,112
96512,96512,1024,0,513,138,138,0,76,180,131,7,0,0,138,1,512,138,62
96513,96512,2048,1,1025,284,284,0,168,256,138,118,0,0,256,1,512,284,116
96513,96512,1024,1,513,134,134,0,77,181,128,6,0,0,134,1,512,134,57
96640,96640,1024,0,513,145,145,0,89,179,136,9,0,0,145,1,512,145,56
96641,96640,1024,1,513,144,144,0,85,179,135,9,0,0,144,1,512,144,59
96768,96768,2048,0,1025,290,290,0,168,256,163,93,0,0,256,1,512,290,122
96768,96768,1024,0,513,145,144,0,86,179,136,9,0,0,145,1,512,144,58
96768,96768,4096,0,37,9,8,0,5,9,7,2,0,0,9,1,512,8,3
96769,96768,2048,1,1025,288,288,0,168,256,170,86,0,0,256,1,512,288,120
96769,96768,1024,1,513,144,143,0,85,179,135,9,0,0,144,1,512,143,58
96769,96768,4096,1,37,8,7,0,4,7,7,1,0,0,8,1,512,7,3
96896,96896,1024,0,513,132,131,0,85,180,128,4,0,0,132,1,512,131,46
96897,96896,1024,1,513,130,129,0,84,179,126,4,0,0,130,1,512,129,45
97024,97024,2048,0,1025,280,280,0,177,256,212,44,0,0,256,1,512,280,103
97024,97024,1024,0,513,148,147,0,89,179,134,14,0,0,148,1,512,147,58
97025,97024,2048,1,1025,278,278,0,173,256,219,37,0,0,256,1,512,278,105
97025,97024,1024,1,513,147,146,0,89,177,134,13,0,0,147,1,512,146,57
97152,97152,1024,0,513,148,147,0,99,187,143,5,0,0,148,1,512,147,48
97153,97152,1024,1,513,147,146,0,99,185,141,6,0,0,147,1,512,146,47
97280,97280,2048,0,1025,278,278,0,187,256,165,91,0,0,256,1,512,278,91
97280,97280,1024,0,513,141,140,0,93,187,136,5,0,0,141,1,512,140,47
97280,97280,4096,0,37,8,8,0,6,11,8,0,0,0,8,0,0,8,2
97281,97280,2048,1,1025,276,276,0,185,256,177,79,0,0,256,1,512,276,91
97281,97280,1024,1,513,144,143,0,96,185,139,5,0,0,144,1,512,143,47
97281,97280,4096,1,37,5,5,0,4,8,5,0,0,0,5,0,0,5,1
97408,97408,1024,0,513,145,144,0,93,180,136,9,0,0,145,1,512,144,51
97409,97408,1024,1,513,148,147,0,97,179,137,11,0,0,148,1,512,147,50
97536,97536,2048,0,1025,278,276,0,167,256,151,105,0,0,256,1,512,276,109
97536,97536,1024,0,513,138,137,0,97,186,131,7,0,0,138,1,512,137,40
97537,97536,2048,1,1025,275,274,0,164,256,188,68,0,0,256,1,512,274,110
97537,97536,1024,1,513,136,135,0,100,187,130,6,0,0,136,1,512,135,35
97664,97664,1024,0,513,136,135,0,81,185,131,5,0,0,136,1,512,135,54
97665,97664,1024,1,513,135,134,0,81,185,130,5,0,0,135,1,512,134,53
97792,97792,2048,0,1025,286,285,0,174,256,177,79,0,0,256,1,512,285,111
97792,97792,1024,0,513,135,134,0,80,184,131,4,0,0,135,1,512,134,54
97792,97792,4096,0,37,9,9,0,6,11,8,1,0,0,9,1,512,9,3
97793,97792,2048,1,1025,284,283,0,172,256,166,90,0,0,256,1,512,283,111
97793,97792,1024,1,513,136,135,0,80,183,131,5,0,0,136,1,512,135,55
97793,97792,4096,1,37,5,5,0,4,8,5,0,0,0,5,0,0,5,1
97920,97920,1024,0,513,131,130,0,82,185,127,4,0,0,131,1,512,130,48
97921,97920,1024,1,513,132,131,0,85,184,128,4,0,0,132,1,512,131,46
98048,98048,2048,0,1025,269,268,0,182,256,94,162,0,0,256,1,512,268,86
98048,98048,1024,0,513,132,132,0,72,179,124,8,0,0,132,1,512,132,60
98049,98048,2048,1,1025,268,267,0,176,256,79,177,0,0,256,1,512,267,91
98049,98048,1024,1,513,133,133,0,75,178,125,8,0,0,133,1,512,133,58
98176,98176,1024,0,513,129,129,0,82,180,119,10,0,0,129,1,512,129,47
98177,98176,1024,1,513,132,132,0,83,179,120,12,0,0,132,1,512,132,49
98304,98304,2048,0,1025,275,275,0,170,256,164,92,0,0,256,1,512,275,105
98304,98304,1024,0,513,136,136,0,77,181,127,9,0,0,136,1,512,136,59
98304,98304,4096,0,37,6,6,0,3,12,6,0,0,0,6,0,0,6,3
98305,98304,2048,1,1025,274,274,0,170,256,164,92,0,0,256,1,512,274,104
98305,98304,1024,1,513,134,134,0,77,182,127,7,0,0,134,1,512,134,57
98305,98304,4096,1,37,5,5,0,5,8,5,0,0,0,5,0,0,5,0
98432,98432,1024,0,513,145,144,0,76,182,131,14,0,0,145,1,512,144,68
98433,98432,1024,1,513,145,144,0,78,181,131,14,0,0,145,1,512,144,66
98560,98560,2048,0,1025,293,293,0,182,256,191,65,0,0,256,1,512,293,111
98560,98560,1024,0,513,145,144,0,98,188,139,6,0,0,145,1,512,144,46
98561,98560,2048,1,1025,291,291,0,180,256,191,65,0,0,256,1,512,291,111
98561,98560,1024,1,513,146,145,0,99,187,140,6,0,0,146,1,512,145,46
98688,98688,1024,0,513,136,135,0,84,186,131,5,0,0,136,1,512,135,51
98689,98688,1024,1,513,136,135,0,85,185,130,6,0,0,136,1,512,135,50
98816,98816,2048,0,1025,278,278,0,179,256,212,44,0,0,256,1,512,278,99
98816,98816,1024,0,513,143,142,0,81,187,138,5,0,0,143,1,512,142,61
98816,98816,4096,0,37,8,7,0,4,11,8,0,0,0,8,0,0,7,3
98817,98816,2048,1,1025,276,276,0,179,256,217,39,0,0,256,1,512,276,97
98817,98816,1024,1,513,141,140,0,83,186,137,4,0,0,141,1,512,140,57
98817,98816,4096,1,37,6,6,0,5,8,5,1,0,0,6,1,512,6,1
98944,98944,1024,0,513,136,135,0,85,187,133,3,0,0,136,1,512,135,50
98945,98944,1024,1,513,135,134,0,85,185,132,3,0,0,135,1,512,134,49
99072,99072,2048,0,1025,280,280,0,201,256,208,48,0,0,256,1,512,280,79
99072,99072,1024,0,513,142,142,0,84,183,137,5,0,0,142,1,512,142,58
99073,99072,2048,1,1025,280,280,0,198,256,202,54,0,0,256,1,512,280,82
99073,99072,1024,1,513,142,142,0,85,181,137,5,0,0,142,1,512,142,57
99200,99200,1024,0,513,134,134,0,86,184,123,11,0,0,134,1,512,134,48
99201,99200,1024,1,513,134,134,0,86,182,122,12,0,0,134,1,512,134,48
99328,99328,2048,0,1025,284,284,0,183,256,186,70,0,0,256,1,512,284,101
99328,99328,1024,0,513,143,143,0,87,188,136,7,0,0,143,1,512,143,56
99328,99328,4096,0,37,10,10,0,6,11,8,2,0,0,10,1,512,10,4
99329,99328,2048,1,1025,283,282,0,183,256,197,59,0,0,256,1,512,282,99
99329,99328,1024,1,513,144,144,0,87,187,137,7,0,0,144,1,512,144,57
99329,99328,4096,1,37,6,6,0,5,6,5,1,0,0,6,1,512,6,1
99456,99456,1024,0,513,140,140,0,94,190,135,5,0,0,140,1,512,140,46
99457,99456,1024,1,513,138,138,0,95,189,133,5,0,0,138,1,512,138,43
99584,99584,2048,0,1025,285,284,0,165,256,130,126,0,0,256,1,512,284,119
99584,99584,1024,0,513,140,140,0,89,186,134,6,0,0,140,1,512,140,51
99585,99584,2048,1,1025,282,282,0,163,256,174,82,0,0,256,1,512,282,119
99585,99584,1024,1,513,139,139,0,87,186,134,5,0,0,139,1,512,139,52
99712,99712,1024,0,513,146,146,0,80,183,139,7,0,0,146,1,512,146,66
99713,99712,1024,1,513,146,146,0,77,182,139,7,0,0,146,1,512,146,69
99840,99840,2048,0,1025,281,281,0,193,256,161,95,0,0,256,1,512,281,88
99840,99840,1024,0,513,143,143,0,90,188,139,4,0,0,143,1,512,143,53
99840,99840,4096,0,37,8,8,0,5,13,7,1,0,0,8,1,512,8,3
99841,99840,2048,1,1025,278,278,0,190,256,155,101,0,0,256,1,512,278,88
99841,99840,1024,1,513,143,143,0,92,186,139,4,0,0,143,1,512,143,51
99841,99840,4096,1,37,6,6,0,5,7,5,1,0,0,6,1,512,6,1
99968,99968,1024,0,513,139,138,0,96,185,130,9,0,0,139,1,512,138,42
99969,99968,1024,1,513,140,139,0,97,183,131,9,0,0,140,1,512,139,42
100096,100096,2048,0,1025,282,280,0,170,256,106,150,0,0,256,1,512,280,110
100096,100096,1024,0,513,145,145,0,82,186,133,12,0,0,145,1,512,145,63
100097,100096,2048,1,1025,278,277,0,167,256,124,132,0,0,256,1,512,277,110
100097,100096,1024,1,513,146,146,0,85,184,133,13,0,0,146,1,512,146,61
100224,100224,1024,0,513,141,141,0,89,194,134,7,0,0,141,1,512,141,52
100225,100224,1024,1,513,143,143,0,91,193,136,7,0,0,143,1,512,143,52
100352,100352,2048,0,1025,284,284,0,190,256,226,30,0,0,256,1,512,284,94
100352,100352,1024,0,513,141,141,0,96,188,134,7,0,0,141,1,512,141,45
100352,100352,4096,0,37,7,6,0,5,14,7,0,0,0,7,0,0,6,1
100353,100352,2048,1,1025,279,279,0,187,256,222,34,0,0,256,1,512,279,92
100353,100352,1024,1,513,140,140,0,99,187,133,7,0,0,140,1,512,140,41
100353,100352,4096,1,37,6,6,0,5,8,6,0,0,0,6,0,0,6,1
100480,100480,1024,0,513,133,133,0,84,189,128,5,0,0,133,1,512,133,49
100481,100480,1024,1,513,133,133,0,84,188,128,5,0,0,133,1,512,133,49
100608,100608,2048,0,1025,288,288,0,180,256,194,62,0,0,256,1,512,288,108
100608,100608,1024,0,513,135,135,0,84,186,127,8,0,0,135,1,512,135,51
100609,100608,2048,1,1025,286,286,0,175,256,187,69,0,0,256,1,512,286,111
100609,100608,1024,1,513,136,136,0,84,186,128,8,0,0,136,1,512,136,52
100736,100736,1024,0,513,143,143,0,83,186,137,6,0,0,143,1,512,143,60
100737,100736,1024,1,513,143,143,0,84,186,137,6,0,0,143,1,512,143,59
100864,100864,2048,0,1025,297,297,0,178,256,163,93,0,0,256,1,512,297,119
100864,100864,1024,0,513,137,137,0,93,184,134,3,0,0,137,1,512,137,44
100864,100864,4096,0,37,7,7,0,4,13,7,0,0,0,7,0,0,7,3
100865,100864,2048,1,1025,295,295,0,174,256,156,100,0,0,256,1,512,295,121
100865,100864,1024,1,513,137,137,0,95,184,134,3,0,0,137,1,512,137,42
100865,100864,4096,1,37,5,5,0,5,8,5,0,0,0,5,0,0,5,0
100992,100992,1024,0,513,136,135,0,81,176,125,11,0,0,136,1,512,135,54
100993,100992,1024,1,513,136,135,0,83,176,126,10,0,0,136,1,512,135,52
101120,101120,2048,0,1025,286,286,0,195,256,129,127,0,0,256,1,512,286,91
101120,101120,1024,0,513,135,134,0,84,180,125,10,0,0,135,1,512,134,50
101121,101120,2048,1,1025,287,287,0,196,256,63,193,0,0,256,1,512,287,91
101121,101120,1024,1,513,137,136,0,86,179,127,10,0,0,137,1,512,136,50
101248,101248,1024,0,513,140,140,0,94,182,128,12,0,0,140,1,512,140,46
101249,101248,1024,1,513,140,140,0,93,181,128,12,0,0,140,1,512,140,47
101376,101376,2048,0,1025,280,280,0,165,256,222,34,0,0,256,1,512,280,115
101376,101376,1024,0,513,142,142,0,92,186,138,4,0,0,142,1,512,142,50
101376,101376,4096,0,37,7,6,0,4,13,7,0,0,0,7,0,0,6,2
101377,101376,2048,1,1025,279,279,0,162,256,219,37,0,0,256,1,512,279,117
101377,101376,1024,1,513,143,143,0,91,185,139,4,0,0,143,1,512,143,52
101377,101376,4096,1,37,7,7,0,5,7,6,1,0,0,7,1,512,7,2
101504,101504,1024,0,513,143,143,0,102,178,136,7,0,0,143,1,512,143,41
101505,101504,1024,1,513,141,141,0,103,178,136,5,0,0,141,1,512,141,38
101632,101632,2048,0,1025,282,281,0,175,256,208,48,0,0,256,1,512,281,106
101632,101632,1024,0,513,136,136,0,87,180,130,6,0,0,136,1,512,136,49
101633,101632,2048,1,1025,281,280,0,175,256,210,46,0,0,256,1,512,280,105
101633,101632,1024,1,513,136,136,0,86,178,129,7,0,0,136,1,512,136,50
101760,101760,1024,0,513,144,144,0,87,176,133,11,0,0,144,1,512,144,57
101761,101760,1024,1,513,147,147,0,91,176,135,12,0,0,147,1,512,147,56
101888,101888,2048,0,1025,282,281,0,175,256,192,64,0,0,256,1,512,281,106
101888,101888,1024,0,513,144,143,0,85,185,137,7,0,0,144,1,512,143,58
101888,101888,4096,0,37,8,7,0,4,10,8,0,0,0,8,0,0,7,3
101889,101888,2048,1,1025,280,279,0,176,256,195,61,0,0,256,1,512,279,103
101889,101888,1024,1,513,145,144,0,88,186,139,6,0,0,145,1,512,144,56
101889,101888,4096,1,37,6,6,0,5,7,6,0,0,0,6,0,0,6,1
102016,102016,1024,0,513,144,144,0,95,185,137,7,0,0,144,1,512,144,49
102017,102016,1024,1,513,144,144,0,97,185,137,7,0,0,144,1,512,144,47
102144,102144,2048,0,1025,278,278,0,170,256,150,106,0,0,256,1,512,278,108
102144,102144,1024,0,513,147,147,0,91,187,138,9,0,0,147,1,512,147,56
102145,102144,2048,1,1025,276,276,0,169,256,170,86,0,0,256,1,512,276,107
102145,102144,1024,1,513,148,148,0,91,187,138,10,0,0,148,1,512,148,57
102272,102272,1024,0,513,143,143,0,96,191,138,5,0,0,143,1,512,143,47
102273,102272,1024,1,513,142,142,0,97,193,138,4,0,0,142,1,512,142,45
102400,102400,2048,0,1025,272,272,0,182,256,229,27,0,0,256,1,512,272,90
102400,102400,1024,0,513,138,138,0,88,187,130,8,0,0,138,1,512,138,50
102400,102400,4096,0,37,9,8,0,6,10,7,2,0,0,9,1,512,8,2
102401,102400,2048,1,1025,269,269,0,180,256,230,26,0,0,256,1,512,269,89
102401,102400,1024,1,513,138,138,0,88,187,130,8,0,0,138,1,512,138,50
102401,102400,4096,1,37,7,7,0,5,7,6,1,0,0,7,1,512,7,2
102528,102528,1024,0,513,142,142,0,86,190,134,8,0,0,142,1,512,142,56
102529,102528,1024,1,513,141,141,0,86,191,132,9,0,0,141,1,512,141,55
102656,102656,2048,0,1025,284,284,0,176,256,170,86,0,0,256,1,512,284,108
102656,102656,1024,0,513,143,143,0,86,184,135,8,0,0,143,1,512,143,57
102657,102656,2048,1,1025,281,281,0,172,256,152,104,0,0,256,1,512,281,109
102657,102656,1024,1,513,140,140,0,84,186,133,7,0,0,140,1,512,140,56
102784,102784,1024,0,513,147,147,0,103,183,139,8,0,0,147,1,512,147,44
102785,102784,1024,1,513,146,146,0,103,183,138,8,0,0,146,1,512,146,43
102912,102912,2048,0,1025,289,289,0,181,256,147,109,0,0,256,1,512,289,108
102912,102912,1024,0,513,140,140,0,88,183,127,13,0,0,140,1,512,140,52
102912,102912,4096,0,37,8,7,0,5,12,7,1,0,0,8,1,512,7,2
102913,102912,2048,1,1025,287,287,0,178,256,137,119,0,0,256,1,512,287,109
102913,102912,1024,1,513,138,138,0,88,182,127,11,0,0,138,1,512,138,50
102913,102912,4096,1,37,6,6,0,4,8,6,0,0,0,6,0,0,6,2
103040,103040,1024,0,513,139,139,0,88,187,135,4,0,0,139,1,512,139,51
103041,103040,1024,1,513,139,139,0,89,184,134,5,0,0,139,1,512,139,50
103168,103168,2048,0,1025,275,275,0,176,256,224,32,0,0,256,1,512,275,99
103168,103168,1024,0,513,138,138,0,85,182,131,7,0,0,138,1,512,138,53
103169,103168,2048,1,1025,272,272,0,175,256,228,28,0,0,256,1,512,272,97
103169,103168,1024,1,513,138,138,0,86,180,131,7,0,0,138,1,512,138,52
103296,103296,1024,0,513,142,141,0,85,181,132,10,0,0,142,1,512,141,56
103297,103296,1024,1,513,142,141,0,86,180,133,9,0,0,142,1,512,141,55
103424,103424,2048,0,1025,278,277,0,179,256,207,49,0,0,256,1,512,277,98
103424,103424,1024,0,513,137,137,0,70,183,130,7,0,0,137,1,512,137,67
103424,103424,4096,0,37,8,8,0,6,12,7,1,0,0,8,1,512,8,2
103425,103424,2048,1,1025,277,277,0,178,256,186,70,0,0,256,1,512,277,99
103425,103424,1024,1,513,137,137,0,71,180,130,7,0,0,137,1,512,137,66
103425,103424,4096,1,37,6,6,0,4,8,6,0,0,0,6,0,0,6,2
103552,103552,1024,0,513,138,138,0,99,185,132,6,0,0,138,1,512,138,39
103553,103552,1024,1,513,137,137,0,98,183,131,6,0,0,137,1,512,137,39
103680,103680,2048,0,1025,278,278,0,187,256,140,116,0,0,256,1,512,278,91
103680,103680,1024,0,513,144,144,0,89,181,135,9,0,0,144,1,512,144,55
103681,103680,2048,1,1025,279,278,0,187,256,111,145,0,0,256,1,512,278,91
103681,103680,1024,1,513,144,144,0,89,180,136,8,0,0,144,1,512,144,55
103808,103808,1024,0,513,143,143,0,92,183,136,7,0,0,143,1,512,143,51
103809,103808,1024,1,513,143,143,0,92,182,136,7,0,0,143,1,512,143,51
103936,103936,2048,0,1025,278,278,0,182,256,180,76,0,0,256,1,512,278,96
103936,103936,1024,0,513,141,140,0,95,184,138,3,0,0,141,1,512,140,45
103936,103936,4096,0,37,9,9,0,3,12,9,0,0,0,9,0,0,9,6
103937,103936,2048,1,1025,276,276,0,180,256,213,43,0,0,256,1,512,276,96
103937,103936,1024,1,513,141,140,0,96,183,137,4,0,0,141,1,512,140,44
103937,103936,4096,1,37,6,6,0,4,8,6,0,0,0,6,0,0,6,2
104064,104064,1024,0,513,135,134,0,94,183,125,10,0,0,135,1,512,134,40
104065,104064,1024,1,513,137,136,0,95,183,126,11,0,0,137,1,512,136,41
104192,104192,2048,0,1025,283,283,0,157,256,148,108,0,0,256,1,512,283,126
104192,104192,1024,0,513,137,136,0,86,187,131,6,0,0,137,1,512,136,50
104193,104192,2048,1,1025,283,283,0,156,256,162,94,0,0,256,1,512,283,127
104193,104192,1024,1,513,136,135,0,85,188,131,5,0,0,136,1,512,135,50
104320,104320,1024,0,513,148,148,0,88,182,140,8,0,0,148,1,512,148,60
104321,104320,1024,1,513,148,148,0,88,182,140,8,0,0,148,1,512,148,60
104448,104448,2048,0,1025,283,283,0,187,256,81,175,0,0,256,1,512,283,96
104448,104448,1024,0,513,142,142,0,96,181,133,9,0,0,142,1,512,142,46
104448,104448,4096,0,37,8,7,0,5,12,8,0,0,0,8,0,0,7,2
104449,104448,2048,1,1025,280,280,0,183,256,122,134,0,0,256,1,512,280,97
104449,104448,1024,1,513,142,142,0,97,181,134,8,0,0,142,1,512,142,45
104449,104448,4096,1,37,6,6,0,6,7,6,0,0,0,6,0,0,6,0
104576,104576,1024,0,513,136,136,0,94,182,132,4,0,0,136,1,512,136,42
104577,104576,1024,1,513,136,136,0,94,181,132,4,0,0,136,1,512,136,42
104704,104704,2048,0,1025,286,285,0,170,256,224,32,0,0,256,1,512,285,115
104704,104704,1024,0,513,143,143,0,91,183,139,4,0,0,143,1,512,143,52
104705,104704,2048,1,1025,284,283,0,166,256,221,35,0,0,256,1,512,283,117
104705,104704,1024,1,513,142,142,0,91,180,137,5,0,0,142,1,512,142,51
104832,104832,1024,0,513,149,149,0,92,180,139,10,0,0,149,1,512,149,57
104833,104832,1024,1,513,149,149,0,93,179,139,10,0,0,149,1,512,149,56
104960,104960,2048,0,1025,275,275,0,186,256,204,52,0,0,256,1,512,275,89
104960,104960,1024,0,513,143,143,0,98,180,137,6,0,0,143,1,512,143,45
104960,104960,4096,0,37,8,8,0,4,11,7,1,0,0,8,1,512,8,4
104961,104960,2048,1,1025,275,275,0,186,256,182,74,0,0,256,1,512,275,89
104961,104960,1024,1,513,141,141,0,99,180,135,6,0,0,141,1,512,141,42
104961,104960,4096,1,37,7,7,0,5,7,6,1,0,0,7,1,512,7,2
105088,105088,1024,0,513,141,140,0,86,181,134,7,0,0,141,1,512,140,54
105089,105088,1024,1,513,142,141,0,88,181,134,8,0,0,142,1,512,141,53
105216,105216,2048,0,1025,282,282,0,170,256,191,65,0,0,256,1,512,282,112
105216,105216,1024,0,513,142,141,0,74,183,137,5,0,0,142,1,512,141,67
105217,105216,2048,1,1025,282,282,0,167,256,190,66,0,0,256,1,512,282,115
105217,105216,1024,1,513,143,142,0,75,183,138,5,0,0,143,1,512,142,67
105344,105344,1024,0,513,150,149,0,86,183,143,7,0,0,150,1,512,149,63
105345,105344,1024,1,513,150,149,0,89,183,143,7,0,0,150,1,512,149,60
105472,105472,2048,0,1025,297,297,0,195,256,200,56,0,0,256,1,512,297,102
105472,105472,1024,0,513,152,151,0,99,187,142,10,0,0,152,1,512,151,52
105472,105472,4096,0,37,7,7,0,6,12,7,0,0,0,7,0,0,7,1
105473,105472,2048,1,1025,293,293,0,193,256,203,53,0,0,256,1,512,293,100
105473,105472,1024,1,513,148,147,0,97,187,140,8,0,0,148,1,512,147,50
105473,105472,4096,1,37,7,7,0,5,8,7,0,0,0,7,0,0,7,2
105600,105600,1024,0,513,142,141,0,99,193,139,3,0,0,142,1,512,141,42
105601,105600,1024,1,513,141,140,0,96,191,138,3,0,0,141,1,512,140,44
105728,105728,2048,0,1025,295,294,0,189,256,148,108,0,0,256,1,512,294,105
105728,105728,1024,0,513,137,137,0,83,188,131,6,0,0,137,1,512,137,54
105729,105728,2048,1,1025,294,293,0,156,256,107,149,0,0,256,1,512,293,137
105729,105728,1024,1,513,174,174,0,63,185,152,22,0,0,174,1,512,174,111
105856,105856,1024,0,513,146,145,0,84,188,132,14,0,0,146,1,512,145,61
105857,105856,1024,1,513,163,162,0,134,203,157,6,0,0,163,1,512,162,28
105984,105984,2048,0,1025,288,288,0,177,256,75,181,0,0,256,1,512,288,111
105984,105984,1024,0,513,136,134,0,101,195,130,6,0,0,136,1,512,134,33
105984,105984,4096,0,37,10,10,0,6,11,10,0,0,0,10,0,0,10,4
105985,105984,2048,1,1025,335,335,0,189,256,54,202,0,0,256,1,512,335,146
105985,105984,1024,1,513,128,126,0,108,204,128,0,0,0,128,0,0,126,18
105985,105984,4096,1,37,7,6,0,6,8,6,1,0,0,7,1,512,6,0
106112,106112,1024,0,513,130,128,0,78,192,125,5,0,0,130,1,512,128,50
106113,106112,1024,1,513,108,106,0,77,200,105,3,0,0,108,1,512,106,29
106240,106240,2048,0,1025,279,278,0,190,256,223,33,0,0,256,1,512,278,88
106240,106240,1024,0,513,132,130,0,82,185,128,4,0,0,132,1,512,130,48
106241,106240,2048,1,1025,292,291,0,253,256,221,35,0,0,256,1,512,291,38
106241,106240,1024,1,513,122,120,0,71,189,119,3,0,0,122,1,512,120,49
106368,106368,1024,0,513,140,139,0,87,177,132,8,0,0,140,1,512,139,52
106369,106368,1024,1,513,157,155,0,96,179,144,13,0,0,157,1,512,155,59
106496,106496,2048,0,1025,267,267,0,171,256,225,31,0,0,256,1,512,267,96
106496,106496,1024,0,513,147,146,0,90,176,133,14,0,0,147,1,512,146,56
106496,106496,4096,0,37,7,7,0,7,11,7,0,0,0,7,0,0,7,0
106497,106496,2048,1,1025,229,229,0,173,256,206,23,0,0,229,1,512,229,56
106497,106496,1024,1,513,168,167,0,127,180,155,13,0,0,168,1,512,167,40
106497,106496,4096,1,37,6,6,0,6,9,6,0,0,0,6,0,0,6,0
106624,106624,1024,0,513,145,144,0,92,183,139,6,0,0,145,1,512,144,52
106625,106624,1024,1,513,143,142,0,67,181,130,13,0,0,143,1,512,142,75
106752,106752,2048,0,1025,257,256,0,159,256,188,68,0,0,256,1,512,256,97
106752,106752,1024,0,513,141,140,0,89,179,134,7,0,0,141,1,512,140,51
106753,106752,2048,1,1025,225,224,0,134,256,204,21,0,0,225,1,512,224,90
106753,106752,1024,1,513,142,141,0,87,190,128,14,0,0,142,1,512,141,54
106880,106880,1024,0,513,138,138,0,85,182,131,7,0,0,138,1,512,138,53
106881,106880,1024,1,513,139,139,0,87,204,135,4,0,0,139,1,512,139,52
107008,107008,2048,0,1025,282,280,0,170,256,172,84,0,0,256,1,512,280,110
107008,107008,1024,0,513,143,142,0,87,186,135,8,0,0,143,1,512,142,55
107008,107008,4096,0,37,6,5,0,4,11,6,0,0,0,6,0,0,5,1
107009,107008,2048,1,1025,296,294,0,177,256,185,71,0,0,256,1,512,294,117
107009,107008,1024,1,513,139,138,0,83,203,130,9,0,0,139,1,512,138,55
107009,107008,4096,1,37,5,5,0,4,9,4,1,0,0,5,1,512,5,1
107136,107136,1024,0,513,143,142,0,89,191,138,5,0,0,143,1,512,142,53
107137,107136,1024,1,513,142,141,0,88,196,137,5,0,0,142,1,512,141,53
107264,107264,2048,0,1025,296,295,0,188,256,189,67,0,0,256,1,512,295,107
107264,107264,1024,0,513,142,142,0,89,186,134,8,0,0,142,1,512,142,53
107265,107264,2048,1,1025,340,339,0,249,256,160,96,0,0,256,1,512,339,90
107265,107264,1024,1,513,141,141,0,88,186,132,9,0,0,141,1,512,141,53
107392,107392,1024,0,513,142,142,0,93,186,137,5,0,0,142,1,512,142,49
107393,107392,1024,1,513,141,141,0,94,188,136,5,0,0,141,1,512,141,47
107520,107520,2048,0,1025,284,283,0,181,256,175,81,0,0,256,1,512,283,102
107520,107520,1024,0,513,137,137,0,82,186,129,8,0,0,137,1,512,137,55
107520,107520,4096,0,37,9,9,0,3,11,9,0,0,0,9,0,0,9,6
107521,107520,2048,1,1025,303,302,0,195,256,187,69,0,0,256,1,512,302,107
107521,107520,1024,1,513,136,136,0,83,187,129,7,0,0,136,1,512,136,53
107521,107520,4096,1,37,6,6,0,4,9,6,0,0,0,6,0,0,6,2
107648,107648,1024,0,513,140,139,0,89,186,135,5,0,0,140,1,512,139,50
107649,107648,1024,1,513,137,136,0,86,186,132,5,0,0,137,1,512,136,50
107776,107776,2048,0,1025,285,284,0,179,256,215,41,0,0,256,1,512,284,105
107776,107776,1024,0,513,138,138,0,94,182,133,5,0,0,138,1,512,138,44
107777,107776,2048,1,1025,282,281,0,166,256,185,71,0,0,256,1,512,281,115
107777,107776,1024,1,513,138,138,0,95,182,134,4,0,0,138,1,512,138,43
107904,107904,1024,0,513,140,140,0,78,181,132,8,0,0,140,1,512,140,62
107905,107904,1024,1,513,140,140,0,79,179,130,10,0,0,140,1,512,140,61
108032,108032,2048,0,1025,277,276,0,172,256,138,118,0,0,256,1,512,276,104
108032,108032,1024,0,513,140,140,0,88,175,131,9,0,0,140,1,512,140,52
108032,108032,4096,0,37,7,6,0,4,10,7,0,0,0,7,0,0,6,2
108033,108032,2048,1,1025,275,274,0,170,256,153,103,0,0,256,1,512,274,104
108033,108032,1024,1,513,140,140,0,85,176,131,9,0,0,140,1,512,140,55
108033,108032,4096,1,37,6,6,0,6,8,6,0,0,0,6,0,0,6,0
108160,108160,1024,0,513,144,144,0,99,179,134,10,0,0,144,1,512,144,45
108161,108160,1024,1,513,142,142,0,96,180,133,9,0,0,142,1,512,142,46
108288,108288,2048,0,1025,284,284,0,180,256,218,38,0,0,256,1,512,284,104
108288,108288,1024,0,513,133,133,0,88,185,128,5,0,0,133,1,512,133,45
108289,108288,2048,1,1025,282,282,0,178,256,201,55,0,0,256,1,512,282,104
108289,108288,1024,1,513,134,134,0,90,184,129,5,0,0,134,1,512,134,44
108416,108416,1024,0,513,137,137,0,82,184,131,6,0,0,137,1,512,137,55
108417,108416,1024,1,513,136,136,0,83,183,130,6,0,0,136,1,512,136,53
108544,108544,2048,0,1025,269,269,0,172,256,129,127,0,0,256,1,512,269,97
108544,108544,1024,0,513,142,142,0,96,181,135,7,0,0,142,1,512,142,46
108544,108544,4096,0,37,5,5,0,5,9,5,0,0,0,5,0,0,5,0
108545,108544,2048,1,1025,268,268,0,171,256,123,133,0,0,256,1,512,268,97
108545,108544,1024,1,513,139,139,0,93,180,131,8,0,0,139,1,512,139,46
108545,108544,4096,1,37,8,8,0,5,7,7,1,0,0,8,1,512,8,3
108672,108672,1024,0,513,141,141,0,89,179,132,9,0,0,141,1,512,141,52
108673,108672,1024,1,513,139,139,0,86,179,130,9,0,0,139,1,512,139,53
108800,108800,2048,0,1025,271,271,0,168,256,220,36,0,0,256,1,512,271,103
108800,108800,1024,0,513,137,137,0,83,181,131,6,0,0,137,1,512,137,54
108801,108800,2048,1,1025,269,269,0,165,256,194,62,0,0,256,1,512,269,104
108801,108800,1024,1,513,136,136,0,82,182,130,6,0,0,136,1,512,136,54
108928,108928,1024,0,513,140,140,0,82,182,128,12,0,0,140,1,512,140,58
108929,108928,1024,1,513,138,138,0,80,182,128,10,0,0,138,1,512,138,58
109056,109056,2048,0,1025,284,284,0,178,256,199,57,0,0,256,1,512,284,106
109056,109056,1024,0,513,139,139,0,92,190,130,9,0,0,139,1,512,139,47
109056,109056,4096,0,37,7,6,0,5,9,6,1,0,0,7,1,512,6,1
109057,109056,2048,1,1025,283,283,0,176,256,213,43,0,0,256,1,512,283,107
109057,109056,1024,1,513,137,137,0,89,186,127,10,0,0,137,1,512,137,48
109057,109056,4096,1,37,7,7,0,4,8,7,0,0,0,7,0,0,7,3
109184,109184,1024,0,513,140,140,0,86,191,128,12,0,0,140,1,512,140,54
109185,109184,1024,1,513,139,139,0,85,187,126,13,0,0,139,1,512,139,54
109312,109312,2048,0,1025,277,276,0,163,256,123,133,0,0,256,1,512,276,113
109312,109312,1024,0,513,144,144,0,94,195,137,7,0,0,144,1,512,144,50
109313,109312,2048,1,1025,275,274,0,162,256,99,157,0,0,256,1,512,274,112
109313,109312,1024,1,513,141,141,0,94,192,134,7,0,0,141,1,512,141,47
109440,109440,1024,0,513,141,141,0,91,191,134,7,0,0,141,1,512,141,50
109441,109440,1024,1,513,142,142,0,89,189,135,7,0,0,142,1,512,142,53
109568,109568,2048,0,1025,275,275,0,170,256,194,62,0,0,256,1,512,275,105
109568,109568,1024,0,513,147,147,0,91,190,137,10,0,0,147,1,512,147,56
109568,109568,4096,0,37,7,6,0,5,10,7,0,0,0,7,0,0,6,1
109569,109568,2048,1,1025,273,273,0,166,256,176,80,0,0,256,1,512,273,107
109569,109568,1024,1,513,145,145,0,89,188,134,11,0,0,145,1,512,145,56
109569,109568,4096,1,37,8,8,0,6,8,7,1,0,0,8,1,512,8,2
109696,109696,1024,0,513,137,137,0,88,189,131,6,0,0,137,1,512,137,49
109697,109696,1024,1,513,139,139,0,90,188,133,6,0,0,139,1,512,139,49
109824,109824,2048,0,1025,279,279,0,170,256,203,53,0,0,256,1,512,279,109
109824,109824,1024,0,513,141,141,0,80,186,131,10,0,0,141,1,512,141,61
109825,109824,2048,1,1025,278,278,0,171,256,180,76,0,0,256,1,512,278,107
109825,109824,1024,1,513,139,139,0,78,186,130,9,0,0,139,1,512,139,61
109952,109952,1024,0,513,144,144,0,84,191,135,9,0,0,144,1,512,144,60
109953,109952,1024,1,513,141,141,0,87,190,135,6,0,0,141,1,512,141,54
110080,110080,2048,0,1025,288,288,0,183,256,182,74,0,0,256,1,512,288,105
110080,110080,1024,0,513,141,140,0,95,197,134,7,0,0,141,1,512,140,45
110080,110080,4096,0,37,8,7,0,6,9,8,0,0,0,8,0,0,7,1
110081,110080,2048,1,1025,286,286,0,182,256,192,64,0,0,256,1,512,286,104
110081,110080,1024,1,513,140,139,0,94,193,133,7,0,0,140,1,512,139,45
110081,110080,4096,1,37,10,9,0,6,9,9,1,0,0,10,1,512,9,3
110208,110208,1024,0,513,137,136,0,79,190,128,9,0,0,137,1,512,136,57
110209,110208,1024,1,513,139,138,0,78,187,129,10,0,0,139,1,512,138,60
110336,110336,2048,0,1025,283,282,0,175,256,218,38,0,0,256,1,512,282,107
110336,110336,1024,0,513,139,138,0,93,187,133,6,0,0,139,1,512,138,45
110337,110336,2048,1,1025,281,281,0,174,256,219,37,0,0,256,1,512,281,107
110337,110336,1024,1,513,137,136,0,92,184,131,6,0,0,137,1,512,136,44
110464,110464,1024,0,513,143,142,0,90,186,132,11,0,0,143,1,512,142,52
110465,110464,1024,1,513,141,140,0,90,184,130,11,0,0,141,1,512,140,50
110592,110592,2048,0,1025,284,284,0,173,256,133,123,0,0,256,1,512,284,111
110592,110592,1024,0,513,144,144,0,97,192,136,8,0,0,144,1,512,144,47
110592,110592,4096,0,37,8,7,0,7,8,8,0,0,0,8,0,0,7,0
110593,110592,2048,1,1025,282,282,0,171,256,114,142,0,0,256,1,512,282,111
110593,110592,1024,1,513,141,141,0,95,190,133,8,0,0,141,1,512,141,46
110593,110592,4096,1,37,10,9,0,5,10,9,1,0,0,10,1,512,9,4
110720,110720,1024,0,513,135,135,0,82,189,129,6,0,0,135,1,512,135,53
110721,110720,1024,1,513,135,135,0,85,187,130,5,0,0,135,1,512,135,50
110848,110848,2048,0,1025,287,287,0,199,256,192,64,0,0,256,1,512,287,88
110848,110848,1024,0,513,137,137,0,89,188,131,6,0,0,137,1,512,137,48
110849,110848,2048,1,1025,285,285,0,198,256,184,72,0,0,256,1,512,285,87
110849,110848,1024,1,513,135,135,0,90,184,130,5,0,0,135,1,512,135,45
110976,110976,1024,0,513,135,134,0,81,188,130,5,0,0,135,1,512,134,53
110977,110976,1024,1,513,133,132,0,79,183,127,6,0,0,133,1,512,132,53
111104,111104,2048,0,1025,288,288,0,170,256,202,54,0,0,256,1,512,288,118
111104,111104,1024,0,513,138,138,0,87,186,130,8,0,0,138,1,512,138,51
111104,111104,4096,0,37,7,6,0,6,8,7,0,0,0,7,0,0,6,0
111105,111104,2048,1,1025,286,286,0,169,256,200,56,0,0,256,1,512,286,117
111105,111104,1024,1,513,137,137,0,86,184,129,8,0,0,137,1,512,137,51
111105,111104,4096,1,37,10,9,0,7,11,10,0,0,0,10,0,0,9,2
111232,111232,1024,0,513,137,137,0,91,183,129,8,0,0,137,1,512,137,46
111233,111232,1024,1,513,137,137,0,88,180,128,9,0,0,137,1,512,137,49
111360,111360,2048,0,1025,292,292,0,199,256,204,52,0,0,256,1,512,292,93
111360,111360,1024,0,513,134,134,0,89,182,128,6,0,0,134,1,512,134,45
111361,111360,2048,1,1025,293,293,0,201,256,191,65,0,0,256,1,512,293,92
111361,111360,1024,1,513,134,134,0,89,182,128,6,0,0,134,1,512,134,45
111488,111488,1024,0,513,141,140,0,78,180,129,12,0,0,141,1,512,140,62
111489,111488,1024,1,513,140,139,0,78,180,129,11,0,0,140,1,512,139,61
111616,111616,2048,0,1025,268,268,0,168,256,114,142,0,0,256,1,512,268,100
111616,111616,1024,0,513,135,135,0,92,184,132,3,0,0,135,1,512,135,43
111616,111616,4096,0,37,8,7,0,6,8,8,0,0,0,8,0,0,7,1
111617,111616,2048,1,1025,268,268,0,167,256,96,160,0,0,256,1,512,268,101
111617,111616,1024,1,513,132,132,0,91,184,129,3,0,0,132,1,512,132,41
111617,111616,4096,1,37,9,8,0,7,11,9,0,0,0,9,0,0,8,1
111744,111744,1024,0,513,134,134,0,86,176,126,8,0,0,134,1,512,134,48
111745,111744,1024,1,513,132,132,0,87,177,125,7,0,0,132,1,512,132,45
111872,111872,2048,0,1025,273,273,0,160,256,222,34,0,0,256,1,512,273,113
111872,111872,1024,0,513,141,141,0,76,176,130,11,0,0,141,1,512,141,65
111873,111872,2048,1,1025,274,274,0,159,256,218,38,0,0,256,1,512,274,115
111873,111872,1024,1,513,138,138,0,75,175,128,10,0,0,138,1,512,138,63
112000,112000,1024,0,513,137,137,0,94,181,129,8,0,0,137,1,512,137,43
112001,112000,1024,1,513,134,134,0,90,177,126,8,0,0,134,1,512,134,44
112128,112128,2048,0,1025,285,285,0,180,256,115,141,0,0,256,1,512,285,105
112128,112128,1024,0,513,141,140,0,90,182,132,9,0,0,141,1,512,140,50
112128,112128,4096,0,37,8,7,0,7,8,8,0,0,0,8,0,0,7,0
112129,112128,2048,1,1025,282,282,0,177,256,133,123,0,0,256,1,512,282,105
112129,112128,1024,1,513,140,139,0,88,177,131,9,0,0,140,1,512,139,51
112129,112128,4096,1,37,9,8,0,7,11,9,0,0,0,9,0,0,8,1
112256,112256,1024,0,513,143,142,0,91,184,134,9,0,0,143,1,512,142,51
112257,112256,1024,1,513,143,142,0,91,180,134,9,0,0,143,1,512,142,51
112384,112384,2048,0,1025,280,280,0,182,256,203,53,0,0,256,1,512,280,98
112384,112384,1024,0,513,138,137,0,83,183,129,9,0,0,138,1,512,137,54
112385,112384,2048,1,1025,279,279,0,178,256,168,88,0,0,256,1,512,279,101
112385,112384,1024,1,513,140,139,0,81,180,130,10,0,0,140,1,512,139,58
112512,112512,1024,0,513,135,135,0,89,183,129,6,0,0,135,1,512,135,46
112513,112512,1024,1,513,133,133,0,88,181,128,5,0,0,133,1,512,133,45
112640,112640,2048,0,1025,287,286,0,190,256,177,79,0,0,256,1,512,286,96
112640,112640,1024,0,513,133,133,0,85,185,128,5,0,0,133,1,512,133,48
112640,112640,4096,0,37,6,6,0,6,8,6,0,0,0,6,0,0,6,0
112641,112640,2048,1,1025,285,284,0,188,256,190,66,0,0,256,1,512,284,96
112641,112640,1024,1,513,131,131,0,81,182,126,5,0,0,131,1,512,131,50
112641,112640,4096,1,37,9,9,0,8,10,8,1,0,0,9,1,512,9,1
112768,112768,1024,0,513,137,137,0,79,180,129,8,0,0,137,1,512,137,58
112769,112768,1024,1,513,137,137,0,78,181,129,8,0,0,137,1,512,137,59
112896,112896,2048,0,1025,275,275,0,173,256,196,60,0,0,256,1,512,275,102
112896,112896,1024,0,513,134,134,0,80,177,122,12,0,0,134,1,512,134,54
112897,112896,2048,1,1025,274,274,0,173,256,190,66,0,0,256,1,512,274,101
112897,112896,1024,1,513,133,133,0,78,177,121,12,0,0,133,1,512,133,55
113024,113024,1024,0,513,141,140,0,91,181,130,11,0,0,141,1,512,140,49
113025,113024,1024,1,513,140,139,0,91,180,131,9,0,0,140,1,512,139,48
113152,113152,2048,0,1025,280,280,0,181,256,200,56,0,0,256,1,512,280,99
113152,113152,1024,0,513,134,133,0,81,189,128,6,0,0,134,1,512,133,52
113152,113152,4096,0,37,7,7,0,6,8,7,0,0,0,7,0,0,7,1
113153,113152,2048,1,1025,277,277,0,181,256,213,43,0,0,256,1,512,277,96
113153,113152,1024,1,513,133,132,0,82,186,127,6,0,0,133,1,512,132,50
113153,113152,4096,1,37,9,9,0,7,11,9,0,0,0,9,0,0,9,2
113280,113280,1024,0,513,137,136,0,91,187,126,11,0,0,137,1,512,136,45
113281,113280,1024,1,513,136,135,0,91,184,126,10,0,0,136,1,512,135,44
113408,113408,2048,0,1025,285,285,0,162,256,183,73,0,0,256,1,512,285,123
113408,113408,1024,0,513,145,144,0,93,189,136,9,0,0,145,1,512,144,51
113409,113408,2048,1,1025,283,283,0,161,256,173,83,0,0,256,1,512,283,122
113409,113408,1024,1,513,146,145,0,93,184,135,11,0,0,146,1,512,145,52
113536,113536,1024,0,513,140,140,0,88,191,135,5,0,0,140,1,512,140,52
113537,113536,1024,1,513,136,136,0,85,188,131,5,0,0,136,1,512,136,51
113664,113664,2048,0,1025,290,288,0,192,256,142,114,0,0,256,1,512,288,96
113664,113664,1024,0,513,138,138,0,79,183,130,8,0,0,138,1,512,138,59
113664,113664,4096,0,37,8,7,0,7,8,8,0,0,0,8,0,0,7,0
113665,113664,2048,1,1025,289,288,0,190,256,90,166,0,0,256,1,512,288,98
113665,113664,1024,1,513,138,138,0,80,182,130,8,0,0,138,1,512,138,58
113665,113664,4096,1,37,10,9,0,8,11,10,0,0,0,10,0,0,9,1
113792,113792,1024,0,513,135,135,0,88,185,129,6,0,0,135,1,512,135,47
113793,113792,1024,1,513,135,135,0,89,182,128,7,0,0,135,1,512,135,46
113920,113920,2048,0,1025,286,285,0,182,256,194,62,0,0,256,1,512,285,103
113920,113920,1024,0,513,142,141,0,87,184,133,9,0,0,142,1,512,141,54
113921,113920,2048,1,1025,286,284,0,181,256,186,70,0,0,256,1,512,284,103
113921,113920,1024,1,513,139,138,0,84,182,129,10,0,0,139,1,512,138,54
114048,114048,1024,0,513,142,141,0,87,188,139,3,0,0,142,1,512,141,54
114049,114048,1024,1,513,139,138,0,84,187,136,3,0,0,139,1,512,138,54
114176,114176,2048,0,1025,289,288,0,184,256,182,74,0,0,256,1,512,288,104
114176,114176,1024,0,513,139,138,0,89,182,130,9,0,0,139,1,512,138,49
114176,114176,4096,0,37,7,6,0,6,8,7,0,0,0,7,0,0,6,0
114177,114176,2048,1,1025,287,287,0,183,256,216,40,0,0,256,1,512,287,104
114177,114176,1024,1,513,138,137,0,90,181,129,9,0,0,138,1,512,137,47
114177,114176,4096,1,37,11,10,0,8,11,11,0,0,0,11,0,0,10,2
114304,114304,1024,0,513,135,134,0,93,180,129,6,0,0,135,1,512,134,41
114305,114304,1024,1,513,137,136,0,92,179,130,7,0,0,137,1,512,136,44
114432,114432,2048,0,1025,286,286,0,178,256,225,31,0,0,256,1,512,286,108
114432,114432,1024,0,513,144,144,0,84,181,135,9,0,0,144,1,512,144,60
114433,114432,2048,1,1025,283,283,0,178,256,216,40,0,0,256,1,512,283,105
114433,114432,1024,1,513,145,145,0,86,180,136,9,0,0,145,1,512,145,59
114560,114560,1024,0,513,139,139,0,91,180,133,6,0,0,139,1,512,139,48
114561,114560,1024,1,513,137,137,0,91,179,131,6,0,0,137,1,512,137,46
114688,114688,2048,0,1025,282,282,0,173,256,189,67,0,0,256,1,512,282,109
114688,114688,1024,0,513,135,135,0,91,183,131,4,0,0,135,1,512,135,44
114688,114688,4096,0,37,8,7,0,6,8,8,0,0,0,8,0,0,7,1
114689,114688,2048,1,1025,282,282,0,171,256,183,73,0,0,256,1,512,282,111
114689,114688,1024,1,513,134,134,0,89,182,131,3,0,0,134,1,512,134,45
114689,114688,4096,1,37,10,9,0,5,11,9,1,0,0,10,1,512,9,4
114816,114816,1024,0,513,144,144,0,88,178,136,8,0,0,144,1,512,144,56
114817,114816,1024,1,513,142,142,0,87,177,134,8,0,0,142,1,512,142,55
114944,114944,2048,0,1025,278,277,0,184,256,188,68,0,0,256,1,512,277,93
114944,114944,1024,0,513,145,144,0,93,183,137,8,0,0,145,1,512,144,51
114945,114944,2048,1,1025,277,276,0,182,256,195,61,0,0,256,1,512,276,94
114945,114944,1024,1,513,143,142,0,90,182,137,6,0,0,143,1,512,142,52
115072,115072,1024,0,513,137,137,0,89,184,132,5,0,0,137,1,512,137,48
115073,115072,1024,1,513,138,138,0,90,182,133,5,0,0,138,1,512,138,48
115200,115200,2048,0,1025,280,279,0,175,256,135,121,0,0,256,1,512,279,104
115200,115200,1024,0,513,136,136,0,84,183,129,7,0,0,136,1,512,136,52
115200,115200,4096,0,37,7,6,0,6,8,7,0,0,0,7,0,0,6,0
115201,115200,2048,1,1025,282,281,0,174,256,89,167,0,0,256,1,512,281,107
115201,115200,1024,1,513,134,134,0,83,181,126,8,0,0,134,1,512,134,51
115201,115200,4096,1,37,9,9,0,7,12,8,1,0,0,9,1,512,9,2
115328,115328,1024,0,513,141,141,0,93,185,133,8,0,0,141,1,512,141,48
115329,115328,1024,1,513,141,141,0,93,184,133,8,0,0,141,1,512,141,48
115456,115456,2048,0,1025,288,287,0,179,256,110,146,0,0,256,1,512,287,108
115456,115456,1024,0,513,145,144,0,99,187,135,10,0,0,145,1,512,144,45
115457,115456,2048,1,1025,285,284,0,179,256,176,80,0,0,256,1,512,284,105
115457,115456,1024,1,513,146,145,0,100,186,136,10,0,0,146,1,512,145,45
115584,115584,1024,0,513,142,141,0,81,186,135,7,0,0,142,1,512,141,60
115585,115584,1024,1,513,143,142,0,80,185,137,6,0,0,143,1,512,142,62
115712,115712,2048,0,1025,281,280,0,180,256,175,81,0,0,256,1,512,280,100
115712,115712,1024,0,513,142,141,0,92,184,136,6,0,0,142,1,512,141,49
115712,115712,4096,0,37,6,6,0,5,8,6,0,0,0,6,0,0,6,1
115713,115712,2048,1,1025,278,277,0,177,256,181,75,0,0,256,1,512,277,100
115713,115712,1024,1,513,141,140,0,95,183,135,6,0,0,141,1,512,140,45
115713,115712,4096,1,37,9,9,0,7,13,9,0,0,0,9,0,0,9,2
115840,115840,1024,0,513,145,144,0,94,183,137,8,0,0,145,1,512,144,50
115841,115840,1024,1,513,142,141,0,91,182,134,8,0,0,142,1,512,141,50
115968,115968,2048,0,1025,290,290,0,183,256,227,29,0,0,256,1,512,290,107
115968,115968,1024,0,513,147,147,0,85,187,138,9,0,0,147,1,512,147,62
115969,115968,2048,1,1025,288,288,0,183,256,228,28,0,0,256,1,512,288,105
115969,115968,1024,1,513,145,145,0,84,186,137,8,0,0,145,1,512,145,61
116096,116096,1024,0,513,141,141,0,89,189,137,4,0,0,141,1,512,141,52
116097,116096,1024,1,513,142,142,0,88,187,137,5,0,0,142,1,512,142,54
116224,116224,2048,0,1025,286,286,0,181,256,198,58,0,0,256,1,512,286,105
116224,116224,1024,0,513,140,140,0,94,189,133,7,0,0,140,1,512,140,46
116224,116224,4096,0,37,8,8,0,5,8,7,1,0,0,8,1,512,8,3
116225,116224,2048,1,1025,283,283,0,178,256,204,52,0,0,256,1,512,283,105
116225,116224,1024,1,513,139,139,0,96,188,132,7,0,0,139,1,512,139,43
116225,116224,4096,1,37,9,9,0,6,13,9,0,0,0,9,0,0,9,3
116352,116352,1024,0,513,143,143,0,94,192,139,4,0,0,143,1,512,143,49
116353,116352,1024,1,513,141,141,0,92,191,137,4,0,0,141,1,512,141,49
116480,116480,2048,0,1025,286,285,0,176,256,186,70,0,0,256,1,512,285,109
116480,116480,1024,0,513,150,150,0,98,190,144,6,0,0,150,1,512,150,52
116481,116480,2048,1,1025,283,282,0,173,256,163,93,0,0,256,1,512,282,109
116481,116480,1024,1,513,147,147,0,96,189,142,5,0,0,147,1,512,147,51
116608,116608,1024,0,513,138,138,0,98,182,130,8,0,0,138,1,512,138,40
116609,116608,1024,1,513,139,139,0,99,181,131,8,0,0,139,1,512,139,40
116736,116736,2048,0,1025,279,278,0,165,256,162,94,0,0,256,1,512,278,113
116736,116736,1024,0,513,140,140,0,84,179,131,9,0,0,140,1,512,140,56
116736,116736,4096,0,37,8,8,0,8,9,8,0,0,0,8,0,0,8,0
116737,116736,2048,1,1025,279,278,0,163,256,157,99,0,0,256,1,512,278,115
116737,116736,1024,1,513,138,138,0,87,177,130,8,0,0,138,1,512,138,51
116737,116736,4096,1,37,8,8,0,7,13,8,0,0,0,8,0,0,8,1
116864,116864,1024,0,513,137,137,0,92,182,133,4,0,0,137,1,512,137,45
116865,116864,1024,1,513,138,138,0,91,179,133,5,0,0,138,1,512,138,47
116992,116992,2048,0,1025,278,278,0,162,256,201,55,0,0,256,1,512,278,116
116992,116992,1024,0,513,135,135,0,91,179,123,12,0,0,135,1,512,135,44
116993,116992,2048,1,1025,277,277,0,165,256,174,82,0,0,256,1,512,277,112
116993,116992,1024,1,513,133,133,0,87,178,122,11,0,0,133,1,512,133,46
117120,117120,1024,0,513,137,137,0,87,182,126,11,0,0,137,1,512,137,50
117121,117120,1024,1,513,137,137,0,89,181,127,10,0,0,137,1,512,137,48
117248,117248,2048,0,1025,277,277,0,170,256,160,96,0,0,256,1,512,277,107
117248,117248,1024,0,513,134,133,0,88,185,128,6,0,0,134,1,512,133,45
117248,117248,4096,0,37,7,7,0,5,9,7,0,0,0,7,0,0,7,2
117249,117248,2048,1,1025,274,274,0,169,256,170,86,0,0,256,1,512,274,105
117249,117248,1024,1,513,134,133,0,88,183,129,5,0,0,134,1,512,133,45
117249,117248,4096,1,37,10,9,0,7,12,9,1,0,0,10,1,512,9,2
117376,117376,1024,0,513,137,136,0,72,184,131,6,0,0,137,1,512,136,64
117377,117376,1024,1,513,134,133,0,70,182,129,5,0,0,134,1,512,133,63
117504,117504,2048,0,1025,283,283,0,182,256,206,50,0,0,256,1,512,283,101
117504,117504,1024,0,513,137,136,0,80,181,130,7,0,0,137,1,512,136,56
117505,117504,2048,1,1025,282,282,0,181,256,194,62,0,0,256,1,512,282,101
117505,117504,1024,1,513,136,135,0,77,178,129,7,0,0,136,1,512,135,58
117632,117632,1024,0,513,140,139,0,95,183,134,6,0,0,140,1,512,139,44
117633,117632,1024,1,513,141,140,0,96,180,135,6,0,0,141,1,512,140,44
117760,117760,2048,0,1025,270,269,0,161,256,219,37,0,0,256,1,512,269,108
117760,117760,1024,0,513,143,142,0,93,178,133,10,0,0,143,1,512,142,49
117760,117760,4096,0,37,8,8,0,6,8,8,0,0,0,8,0,0,8,2
117761,117760,2048,1,1025,268,267,0,162,256,221,35,0,0,256,1,512,267,105
117761,117760,1024,1,513,143,142,0,97,177,133,10,0,0,143,1,512,142,45
117761,117760,4096,1,37,11,10,0,8,12,10,1,0,0,11,1,512,10,2
117888,117888,1024,0,513,141,140,0,88,178,129,12,0,0,141,1,512,140,52
117889,117888,1024,1,513,141,140,0,86,176,127,14,0,0,141,1,512,140,54
118016,118016,2048,0,1025,289,288,0,154,256,134,122,0,0,256,1,512,288,134
118016,118016,1024,0,513,142,141,0,102,180,135,7,0,0,142,1,512,141,39
118017,118016,2048,1,1025,287,286,0,153,256,138,118,0,0,256,1,512,286,133
118017,118016,1024,1,513,140,139,0,102,182,134,6,0,0,140,1,512,139,37
118144,118144,1024,0,513,142,141,0,78,180,131,11,0,0,142,1,512,141,63
118145,118144,1024,1,513,139,138,0,78,181,129,10,0,0,139,1,512,138,60
118272,118272,2048,0,1025,276,275,0,181,256,206,50,0,0,256,1,512,275,94
118272,118272,1024,0,513,138,138,0,92,182,127,11,0,0,138,1,512,138,46
118272,118272,4096,0,37,7,7,0,7,8,7,0,0,0,7,0,0,7,0
118273,118272,2048,1,1025,276,275,0,177,256,163,93,0,0,256,1,512,275,98
118273,118272,1024,1,513,138,138,0,89,183,128,10,0,0,138,1,512,138,49
118273,118272,4096,1,37,10,10,0,8,13,10,0,0,0,10,0,0,10,2
118400,118400,1024,0,513,139,139,0,88,185,135,4,0,0,139,1,512,139,51
118401,118400,1024,1,513,138,138,0,88,184,134,4,0,0,138,1,512,138,50
118528,118528,2048,0,1025,262,262,0,180,256,171,85,0,0,256,1,512,262,82
118528,118528,1024,0,513,142,142,0,96,186,136,6,0,0,142,1,512,142,46
118529,118528,2048,1,1025,262,262,0,179,256,144,112,0,0,256,1,512,262,83
118529,118528,1024,1,513,142,142,0,97,184,136,6,0,0,142,1,512,142,45
118656,118656,1024,0,513,149,148,0,83,183,137,12,0,0,149,1,512,148,65
118657,118656,1024,1,513,147,146,0,83,181,137,10,0,0,147,1,512,146,63
118784,118784,2048,0,1025,280,280,0,165,256,209,47,0,0,256,1,512,280,115
118784,118784,1024,0,513,140,139,0,99,186,131,9,0,0,140,1,512,139,40
118784,118784,4096,0,37,7,6,0,5,8,7,0,0,0,7,0,0,6,1
118785,118784,2048,1,1025,280,280,0,161,256,210,46,0,0,256,1,512,280,119
118785,118784,1024,1,513,138,137,0,97,183,128,10,0,0,138,1,512,137,40
118785,118784,4096,1,37,10,10,0,7,13,9,1,0,0,10,1,512,10,3
118912,118912,1024,0,513,144,143,0,89,188,136,8,0,0,144,1,512,143,54
118913,118912,1024,1,513,142,141,0,86,186,135,7,0,0,142,1,512,141,55
119040,119040,2048,0,1025,292,292,0,178,256,184,72,0,0,256,1,512,292,114
119040,119040,1024,0,513,139,138,0,94,192,136,3,0,0,139,1,512,138,44
119041,119040,2048,1,1025,291,291,0,176,256,186,70,0,0,256,1,512,291,115
119041,119040,1024,1,513,138,137,0,94,189,135,3,0,0,138,1,512,137,43
119168,119168,1024,0,513,144,144,0,89,188,139,5,0,0,144,1,512,144,55
119169,119168,1024,1,513,143,143,0,87,186,138,5,0,0,143,1,512,143,56
119296,119296,2048,0,1025,281,280,0,181,256,208,48,0,0,256,1,512,280,99
119296,119296,1024,0,513,143,143,0,92,187,131,12,0,0,143,1,512,143,51
119296,119296,4096,0,37,8,8,0,5,8,7,1,0,0,8,1,512,8,3
119297,119296,2048,1,1025,280,280,0,181,256,206,50,0,0,256,1,512,280,99
119297,119296,1024,1,513,141,141,0,91,185,129,12,0,0,141,1,512,141,50
119297,119296,4096,1,37,8,8,0,7,14,8,0,0,0,8,0,0,8,1
119424,119424,1024,0,513,148,148,0,94,191,136,12,0,0,148,1,512,148,54
119425,119424,1024,1,513,149,149,0,94,189,137,12,0,0,149,1,512,149,55
119552,119552,2048,0,1025,270,270,0,171,256,208,48,0,0,256,1,512,270,99
119552,119552,1024,0,513,142,142,0,96,194,137,5,0,0,142,1,512,142,46
119553,119552,2048,1,1025,269,269,0,168,256,212,44,0,0,256,1,512,269,101
119553,119552,1024,1,513,144,144,0,97,192,139,5,0,0,144,1,512,144,47
119680,119680,1024,0,513,145,144,0,89,191,135,10,0,0,145,1,512,144,55
119681,119680,1024,1,513,145,144,0,90,189,136,9,0,0,145,1,512,144,54
119808,119808,2048,0,1025,277,277,0,165,256,189,67,0,0,256,1,512,277,112
119808,119808,1024,0,513,147,146,0,95,193,140,7,0,0,147,1,512,146,51
119808,119808,4096,0,37,7,6,0,6,9,7,0,0,0,7,0,0,6,0
119809,119808,2048,1,1025,276,276,0,163,256,195,61,0,0,256,1,512,276,113
119809,119808,1024,1,513,147,146,0,94,191,140,7,0,0,147,1,512,146,52
119809,119808,4096,1,37,8,8,0,7,13,8,0,0,0,8,0,0,8,1
119936,119936,1024,0,513,149,149,0,96,189,139,10,0,0,149,1,512,149,53
119937,119936,1024,1,513,149,149,0,94,187,139,10,0,0,149,1,512,149,55
120064,120064,2048,0,1025,275,274,0,177,256,144,112,0,0,256,1,512,274,97
120064,120064,1024,0,513,142,142,0,100,193,138,4,0,0,142,1,512,142,42
120065,120064,2048,1,1025,271,271,0,174,256,159,97,0,0,256,1,512,271,97
120065,120064,1024,1,513,141,141,0,101,192,138,3,0,0,141,1,512,141,40
120192,120192,1024,0,513,135,135,0,81,187,129,6,0,0,135,1,512,135,54
120193,120192,1024,1,513,133,133,0,78,186,128,5,0,0,133,1,512,133,55
120320,120320,2048,0,1025,278,278,0,176,256,205,51,0,0,256,1,512,278,102
120320,120320,1024,0,513,141,141,0,88,189,133,8,0,0,141,1,512,141,53
120320,120320,4096,0,37,7,6,0,5,9,7,0,0,0,7,0,0,6,1
120321,120320,2048,1,1025,277,277,0,173,256,193,63,0,0,256,1,512,277,104
120321,120320,1024,1,513,139,139,0,89,188,132,7,0,0,139,1,512,139,50
120321,120320,4096,1,37,8,7,0,6,12,8,0,0,0,8,0,0,7,1
120448,120448,1024,0,513,148,148,0,86,192,135,13,0,0,148,1,512,148,62
120449,120448,1024,1,513,146,146,0,86,190,134,12,0,0,146,1,512,146,60
120576,120576,2048,0,1025,294,294,0,191,256,215,41,0,0,256,1,512,294,103
120576,120576,1024,0,513,143,143,0,87,196,138,5,0,0,143,1,512,143,56
120577,120576,2048,1,1025,294,294,0,188,256,215,41,0,0,256,1,512,294,106
120577,120576,1024,1,513,142,142,0,86,193,137,5,0,0,142,1,512,142,56
120704,120704,1024,0,513,136,136,0,88,191,125,11,0,0,136,1,512,136,48
120705,120704,1024,1,513,134,134,0,88,188,123,11,0,0,134,1,512,134,46
120832,120832,2048,0,1025,285,285,0,176,256,146,110,0,0,256,1,512,285,109
120832,120832,1024,0,513,138,138,0,79,196,135,3,0,0,138,1,512,138,59
120832,120832,4096,0,37,8,7,0,6,9,8,0,0,0,8,0,0,7,1
120833,120832,2048,1,1025,285,285,0,176,256,141,115,0,0,256,1,512,285,109
120833,120832,1024,1,513,138,138,0,79,193,134,4,0,0,138,1,512,138,59
120833,120832,4096,1,37,10,9,0,7,11,10,0,0,0,10,0,0,9,2
120960,120960,1024,0,513,131,131,0,92,189,127,4,0,0,131,1,512,131,39
120961,120960,1024,1,513,132,132,0,92,188,129,3,0,0,132,1,512,132,40
121088,121088,2048,0,1025,272,272,0,177,256,216,40,0,0,256,1,512,272,95
121088,121088,1024,0,513,143,143,0,86,184,136,7,0,0,143,1,512,143,57
121089,121088,2048,1,1025,272,272,0,175,256,218,38,0,0,256,1,512,272,97
121089,121088,1024,1,513,141,141,0,85,182,134,7,0,0,141,1,512,141,56
121216,121216,1024,0,513,143,143,0,95,181,135,8,0,0,143,1,512,143,48
121217,121216,1024,1,513,143,143,0,93,179,134,9,0,0,143,1,512,143,50
121344,121344,2048,0,1025,276,276,0,173,256,189,67,0,0,256,1,512,276,103
121344,121344,1024,0,513,139,139,0,95,181,130,9,0,0,139,1,512,139,44
121344,121344,4096,0,37,7,6,0,6,9,7,0,0,0,7,0,0,6,0
121345,121344,2048,1,1025,275,275,0,171,256,193,63,0,0,256,1,512,275,104
121345,121344,1024,1,513,136,136,0,93,180,128,8,0,0,136,1,512,136,43
121345,121344,4096,1,37,9,8,0,7,10,8,1,0,0,9,1,512,8,1
121472,121472,1024,0,513,138,138,0,88,181,129,9,0,0,138,1,512,138,50
121473,121472,1024,1,513,138,138,0,89,180,129,9,0,0,138,1,512,138,49
121600,121600,2048,0,1025,275,275,0,176,256,174,82,0,0,256,1,512,275,99
121600,121600,1024,0,513,143,143,0,90,187,135,8,0,0,143,1,512,143,53
121601,121600,2048,1,1025,274,274,0,175,256,175,81,0,0,256,1,512,274,99
121601,121600,1024,1,513,140,140,0,93,186,133,7,0,0,140,1,512,140,47
121728,121728,1024,0,513,142,142,0,84,184,133,9,0,0,142,1,512,142,58
121729,121728,1024,1,513,139,139,0,83,182,130,9,0,0,139,1,512,139,56
121856,121856,2048,0,1025,285,284,0,174,256,212,44,0,0,256,1,512,284,110
121856,121856,1024,0,513,142,142,0,90,182,136,6,0,0,142,1,512,142,52
121856,121856,4096,0,37,6,5,0,5,8,6,0,0,0,6,0,0,5,0
121857,121856,2048,1,1025,286,285,0,177,256,206,50,0,0,256,1,512,285,108
121857,121856,1024,1,513,138,138,0,88,178,133,5,0,0,138,1,512,138,50
121857,121856,4096,1,37,9,8,0,6,11,9,0,0,0,9,0,0,8,2
121984,121984,1024,0,513,141,141,0,89,183,134,7,0,0,141,1,512,141,52
121985,121984,1024,1,513,140,140,0,85,178,131,9,0,0,140,1,512,140,55
122112,122112,2048,0,1025,279,278,0,183,256,183,73,0,0,256,1,512,278,95
122112,122112,1024,0,513,140,140,0,94,187,133,7,0,0,140,1,512,140,46
122113,122112,2048,1,1025,279,278,0,181,256,182,74,0,0,256,1,512,278,97
122113,122112,1024,1,513,140,140,0,95,184,133,7,0,0,140,1,512,140,45
122240,122240,1024,0,513,144,143,0,103,187,139,5,0,0,144,1,512,143,40
122241,122240,1024,1,513,143,142,0,103,185,138,5,0,0,143,1,512,142,39
122368,122368,2048,0,1025,276,276,0,175,256,174,82,0,0,256,1,512,276,101
122368,122368,1024,0,513,148,147,0,72,183,136,12,0,0,148,1,512,147,75
122368,122368,4096,0,37,8,8,0,5,8,8,0,0,0,8,0,0,8,3
122369,122368,2048,1,1025,276,276,0,173,256,156,100,0,0,256,1,512,276,103
122369,122368,1024,1,513,147,146,0,71,181,135,12,0,0,147,1,512,146,75
122369,122368,4096,1,37,9,8,0,6,11,9,0,0,0,9,0,0,8,2
122496,122496,1024,0,513,136,136,0,93,188,132,4,0,0,136,1,512,136,43
122497,122496,1024,1,513,137,137,0,94,186,133,4,0,0,137,1,512,137,43
122624,122624,2048,0,1025,284,283,0,173,256,77,179,0,0,256,1,512,283,110
122624,122624,1024,0,513,142,142,0,88,183,132,10,0,0,142,1,512,142,54
122625,122624,2048,1,1025,282,282,0,170,256,78,178,0,0,256,1,512,282,112
122625,122624,1024,1,513,140,140,0,89,183,130,10,0,0,140,1,512,140,51
122752,122752,1024,0,513,140,140,0,101,189,137,3,0,0,140,1,512,140,39
122753,122752,1024,1,513,137,137,0,99,189,134,3,0,0,137,1,512,137,38
122880,122880,2048,0,1025,292,292,0,176,256,186,70,0,0,256,1,512,292,116
122880,122880,1024,0,513,134,134,0,85,186,129,5,0,0,134,1,512,134,49
122880,122880,4096,0,37,8,8,0,6,8,8,0,0,0,8,0,0,8,2
122881,122880,2048,1,1025,288,288,0,173,256,210,46,0,0,256,1,512,288,115
122881,122880,1024,1,513,135,135,0,88,187,128,7,0,0,135,1,512,135,47
122881,122880,4096,1,37,10,10,0,6,11,10,0,0,0,10,0,0,10,4
123008,123008,1024,0,513,137,137,0,86,183,132,5,0,0,137,1,512,137,51
123009,123008,1024,1,513,136,136,0,87,185,132,4,0,0,136,1,512,136,49
123136,123136,2048,0,1025,280,279,0,182,256,146,110,0,0,256,1,512,279,97
123136,123136,1024,0,513,132,132,0,80,180,126,6,0,0,132,1,512,132,52
123137,123136,2048,1,1025,276,276,0,180,256,158,98,0,0,256,1,512,276,96
123137,123136,1024,1,513,130,130,0,80,180,126,4,0,0,130,1,512,130,50
123264,123264,1024,0,513,147,147,0,84,180,136,11,0,0,147,1,512,147,63
123265,123264,1024,1,513,146,146,0,84,178,136,10,0,0,146,1,512,146,62
123392,123392,2048,0,1025,279,279,0,183,256,215,41,0,0,256,1,512,279,96
123392,123392,1024,0,513,136,136,0,90,183,130,6,0,0,136,1,512,136,46
123392,123392,4096,0,37,7,7,0,7,8,7,0,0,0,7,0,0,7,0
123393,123392,2048,1,1025,279,279,0,181,256,207,49,0,0,256,1,512,279,98
123393,123392,1024,1,513,136,136,0,88,181,129,7,0,0,136,1,512,136,48
123393,123392,4096,1,37,8,8,0,7,11,7,1,0,0,8,1,512,8,1
123520,123520,1024,0,513,138,138,0,83,183,128,10,0,0,138,1,512,138,55
123521,123520,1024,1,513,136,136,0,84,181,127,9,0,0,136,1,512,136,52
123648,123648,2048,0,1025,282,281,0,177,256,189,67,0,0,256,1,512,281,104
123648,123648,1024,0,513,138,138,0,91,186,134,4,0,0,138,1,512,138,47
123649,123648,2048,1,1025,280,279,0,174,256,200,56,0,0,256,1,512,279,105
123649,123648,1024,1,513,137,137,0,89,182,133,4,0,0,137,1,512,137,48
123776,123776,1024,0,513,143,142,0,79,185,134,9,0,0,143,1,512,142,63
123777,123776,1024,1,513,142,141,0,81,181,133,9,0,0,142,1,512,141,60
123904,123904,2048,0,1025,290,289,0,170,256,206,50,0,0,256,1,512,289,119
123904,123904,1024,0,513,143,142,0,92,188,132,11,0,0,143,1,512,142,50
123904,123904,4096,0,37,8,8,0,7,8,8,0,0,0,8,0,0,8,1
123905,123904,2048,1,1025,289,288,0,170,256,204,52,0,0,256,1,512,288,118
123905,123904,1024,1,513,142,141,0,93,184,132,10,0,0,142,1,512,141,48
123905,123904,4096,1,37,8,7,0,6,12,8,0,0,0,8,0,0,7,1
124032,124032,1024,0,513,138,137,0,83,192,133,5,0,0,138,1,512,137,54
124033,124032,1024,1,513,136,135,0,85,187,132,4,0,0,136,1,512,135,50
124160,124160,2048,0,1025,281,280,0,197,256,203,53,0,0,256,1,512,280,83
124160,124160,1024,0,513,141,140,0,88,192,136,5,0,0,141,1,512,140,52
124161,124160,2048,1,1025,280,279,0,196,256,210,46,0,0,256,1,512,279,83
124161,124160,1024,1,513,141,140,0,85,186,135,6,0,0,141,1,512,140,55
124288,124288,1024,0,513,138,138,0,91,189,133,5,0,0,138,1,512,138,47
124289,124288,1024,1,513,140,140,0,90,184,134,6,0,0,140,1,512,140,50
124416,124416,2048,0,1025,277,277,0,168,256,171,85,0,0,256,1,512,277,109
124416,124416,1024,0,513,136,136,0,92,187,131,5,0,0,136,1,512,136,44
124416,124416,4096,0,37,8,8,0,7,8,8,0,0,0,8,0,0,8,1
124417,124416,2048,1,1025,278,277,0,167,256,151,105,0,0,256,1,512,277,110
124417,124416,1024,1,513,137,137,0,94,184,132,5,0,0,137,1,512,137,43
124417,124416,4096,1,37,9,9,0,5,11,9,0,0,0,9,0,0,9,4
124544,124544,1024,0,513,141,141,0,70,182,129,12,0,0,141,1,512,141,71
124545,124544,1024,1,513,139,139,0,72,181,128,11,0,0,139,1,512,139,67
124672,124672,2048,0,1025,288,287,0,179,256,194,62,0,0,256,1,512,287,108
124672,124672,1024,0,513,138,138,0,93,186,135,3,0,0,138,1,512,138,45
124673,124672,2048,1,1025,284,284,0,177,256,217,39,0,0,256,1,512,284,107
124673,124672,1024,1,513,136,136,0,92,184,133,3,0,0,136,1,512,136,44
124800,124800,1024,0,513,142,142,0,96,181,137,5,0,0,142,1,512,142,46
124801,124800,1024,1,513,141,141,0,94,179,136,5,0,0,141,1,512,141,47
124928,124928,2048,0,1025,297,297,0,191,256,181,75,0,0,256,1,512,297,106
124928,124928,1024,0,513,140,139,0,88,180,129,11,0,0,140,1,512,139,51
124928,124928,4096,0,37,6,6,0,5,8,6,0,0,0,6,0,0,6,1
124929,124928,2048,1,1025,293,293,0,187,256,191,65,0,0,256,1,512,293,106
124929,124928,1024,1,513,140,139,0,88,178,128,12,0,0,140,1,512,139,51
124929,124928,4096,1,37,11,11,0,8,11,10,1,0,0,11,1,512,11,3
125056,125056,1024,0,513,142,141,0,82,184,135,7,0,0,142,1,512,141,59
125057,125056,1024,1,513,138,137,0,82,184,132,6,0,0,138,1,512,137,55
125184,125184,2048,0,1025,275,274,0,179,256,140,116,0,0,256,1,512,274,95
125184,125184,1024,0,513,131,130,0,87,185,126,5,0,0,131,1,512,130,43
125185,125184,2048,1,1025,273,272,0,177,256,146,110,0,0,256,1,512,272,95
125185,125184,1024,1,513,130,129,0,84,184,124,6,0,0,130,1,512,129,45
125312,125312,1024,0,513,136,135,0,83,182,130,6,0,0,136,1,512,135,52
125313,125312,1024,1,513,134,133,0,81,183,128,6,0,0,134,1,512,133,52
125440,125440,2048,0,1025,269,268,0,178,256,162,94,0,0,256,1,512,268,90
125440,125440,1024,0,513,140,139,0,83,184,131,9,0,0,140,1,512,139,56
125440,125440,4096,0,37,7,7,0,6,8,7,0,0,0,7,0,0,7,1
125441,125440,2048,1,1025,269,268,0,175,256,138,118,0,0,256,1,512,268,93
125441,125440,1024,1,513,141,140,0,82,185,133,8,0,0,141,1,512,140,58
125441,125440,4096,1,37,10,10,0,8,12,10,0,0,0,10,0,0,10,2
125568,125568,1024,0,513,136,135,0,87,186,130,6,0,0,136,1,512,135,48
125569,125568,1024,1,513,135,134,0,89,186,129,6,0,0,135,1,512,134,45
125696,125696,2048,0,1025,276,275,0,180,256,195,61,0,0,256,1,512,275,95
125696,125696,1024,0,513,137,136,0,81,182,132,5,0,0,137,1,512,136,55
125697,125696,2048,1,1025,275,274,0,177,256,210,46,0,0,256,1,512,274,97
125697,125696,1024,1,513,137,136,0,80,182,132,5,0,0,137,1,512,136,56
125824,125824,1024,0,513,135,135,0,84,180,129,6,0,0,135,1,512,135,51
125825,125824,1024,1,513,134,134,0,84,179,128,6,0,0,134,1,512,134,50
125952,125952,2048,0,1025,287,286,0,185,256,215,41,0,0,256,1,512,286,101
125952,125952,1024,0,513,139,139,0,82,180,133,6,0,0,139,1,512,139,57
125952,125952,4096,0,37,8,7,0,6,8,8,0,0,0,8,0,0,7,1
125953,125952,2048,1,1025,285,284,0,182,256,209,47,0,0,256,1,512,284,102
125953,125952,1024,1,513,139,139,0,84,180,134,5,0,0,139,1,512,139,55
125953,125952,4096,1,37,10,9,0,9,12,10,0,0,0,10,0,0,9,0
126080,126080,1024,0,513,139,139,0,95,178,133,6,0,0,139,1,512,139,44
126081,126080,1024,1,513,137,137,0,94,177,131,6,0,0,137,1,512,137,43
126208,126208,2048,0,1025,280,279,0,175,256,177,79,0,0,256,1,512,279,104
126208,126208,1024,0,513,135,135,0,89,179,133,2,0,0,135,1,512,135,46
126209,126208,2048,1,1025,280,279,0,173,256,173,83,0,0,256,1,512,279,106
126209,126208,1024,1,513,137,137,0,88,178,133,4,0,0,137,1,512,137,49
126336,126336,1024,0,513,145,145,0,85,174,131,14,0,0,145,1,512,145,60
126337,126336,1024,1,513,144,144,0,84,175,131,13,0,0,144,1,512,144,60
126464,126464,2048,0,1025,282,281,0,196,256,195,61,0,0,256,1,512,281,85
126464,126464,1024,0,513,151,151,0,81,181,141,10,0,0,151,1,512,151,70
126464,126464,4096,0,37,7,6,0,6,8,7,0,0,0,7,0,0,6,0
126465,126464,2048,1,1025,281,280,0,194,256,190,66,0,0,256,1,512,280,86
126465,126464,1024,1,513,149,149,0,81,180,139,10,0,0,149,1,512,149,68
126465,126464,4096,1,37,9,8,0,8,12,9,0,0,0,9,0,0,8,0
126592,126592,1024,0,513,136,136,0,91,184,131,5,0,0,136,1,512,136,45
126593,126592,1024,1,513,138,138,0,90,185,132,6,0,0,138,1,512,138,48
126720,126720,2048,0,1025,266,266,0,169,256,162,94,0,0,256,1,512,266,97
126720,126720,1024,0,513,133,133,0,89,185,129,4,0,0,133,1,512,133,44
126721,126720,2048,1,1025,264,264,0,169,256,172,84,0,0,256,1,512,264,95
126721,126720,1024,1,513,132,132,0,88,187,128,4,0,0,132,1,512,132,44
126848,126848,1024,0,513,143,143,0,86,184,135,8,0,0,143,1,512,143,57
126849,126848,1024,1,513,143,143,0,85,184,136,7,0,0,143,1,512,143,58
126976,126976,2048,0,1025,274,273,0,171,256,166,90,0,0,256,1,512,273,102
126976,126976,1024,0,513,141,141,0,95,183,134,7,0,0,141,1,512,141,46
126976,126976,4096,0,37,8,7,0,6,8,8,0,0,0,8,0,0,7,1
126977,126976,2048,1,1025,272,271,0,172,256,178,78,0,0,256,1,512,271,99
126977,126976,1024,1,513,139,139,0,93,182,132,7,0,0,139,1,512,139,46
126977,126976,4096,1,37,10,9,0,8,12,10,0,0,0,10,0,0,9,1
127104,127104,1024,0,513,139,139,0,91,183,130,9,0,0,139,1,512,139,48
127105,127104,1024,1,513,138,138,0,89,183,129,9,0,0,138,1,512,138,49
127232,127232,2048,0,1025,278,278,0,186,256,217,39,0,0,256,1,512,278,92
127232,127232,1024,0,513,143,143,0,82,188,133,10,0,0,143,1,512,143,61
127233,127232,2048,1,1025,276,276,0,185,256,200,56,0,0,256,1,512,276,91
127233,127232,1024,1,513,141,141,0,81,186,132,9,0,0,141,1,512,141,60
127360,127360,1024,0,513,145,144,0,91,193,138,7,0,0,145,1,512,144,53
127361,127360,1024,1,513,144,143,0,92,190,137,7,0,0,144,1,512,143,51
127488,127488,2048,0,1025,280,280,0,174,256,157,99,0,0,256,1,512,280,106
127488,127488,1024,0,513,138,138,0,78,189,135,3,0,0,138,1,512,138,60
127488,127488,4096,0,37,7,6,0,6,8,7,0,0,0,7,0,0,6,0
127489,127488,2048,1,1025,279,279,0,175,256,140,116,0,0,256,1,512,279,104
127489,127488,1024,1,513,135,135,0,78,186,132,3,0,0,135,1,512,135,57
127489,127488,4096,1,37,8,7,0,6,11,8,0,0,0,8,0,0,7,1
127616,127616,1024,0,513,136,136,0,90,185,131,5,0,0,136,1,512,136,46
127617,127616,1024,1,513,134,134,0,87,182,130,4,0,0,134,1,512,134,47
127744,127744,2048,0,1025,278,278,0,176,256,157,99,0,0,256,1,512,278,102
127744,127744,1024,0,513,144,144,0,93,182,135,9,0,0,144,1,512,144,51
127745,127744,2048,1,1025,277,277,0,173,256,195,61,0,0,256,1,512,277,104
127745,127744,1024,1,513,142,142,0,91,178,132,10,0,0,142,1,512,142,51
127872,127872,1024,0,513,140,140,0,83,185,131,9,0,0,140,1,512,140,57
127873,127872,1024,1,513,140,140,0,84,181,129,11,0,0,140,1,512,140,56
128000,128000,2048,0,1025,288,288,0,184,256,166,90,0,0,256,1,512,288,104
128000,128000,1024,0,513,143,143,0,88,189,133,10,0,0,143,1,512,143,55
128000,128000,4096,0,37,7,6,0,5,8,6,1,0,0,7,1,512,6,1
128001,128000,2048,1,1025,289,289,0,182,256,110,146,0,0,256,1,512,289,107
128001,128000,1024,1,513,143,143,0,88,187,133,10,0,0,143,1,512,143,55
128001,128000,4096,1,37,10,9,0,6,11,10,0,0,0,10,0,0,9,3
128128,128128,1024,0,513,140,140,0,94,189,133,7,0,0,140,1,512,140,46
128129,128128,1024,1,513,138,138,0,93,187,131,7,0,0,138,1,512,138,45
128256,128256,2048,0,1025,280,280,0,179,256,184,72,0,0,256,1,512,280,101
128256,128256,1024,0,513,144,143,0,92,189,138,6,0,0,144,1,512,143,51
128257,128256,2048,1,1025,279,279,0,182,256,224,32,0,0,256,1,512,279,97
128257,128256,1024,1,513,141,140,0,87,187,135,6,0,0,141,1,512,140,53
128384,128384,1024,0,513,152,151,0,93,188,141,11,0,0,152,1,512,151,58
128385,128384,1024,1,513,152,151,0,93,185,141,11,0,0,152,1,512,151,58
128512,128512,2048,0,1025,285,285,0,175,256,220,36,0,0,256,1,512,285,110
128512,128512,1024,0,513,138,137,0,92,189,129,9,0,0,138,1,512,137,45
128512,128512,4096,0,37,7,6,0,6,9,7,0,0,0,7,0,0,6,0
128513,128512,2048,1,1025,284,284,0,173,256,214,42,0,0,256,1,512,284,111
128513,128512,1024,1,513,140,139,0,94,186,131,9,0,0,140,1,512,139,45
128513,128512,4096,1,37,8,7,0,6,10,8,0,0,0,8,0,0,7,1
128640,128640,1024,0,513,138,137,0,87,192,133,5,0,0,138,1,512,137,50
128641,128640,1024,1,513,139,138,0,88,189,133,6,0,0,139,1,512,138,50
128768,128768,2048,0,1025,291,291,0,188,256,147,109,0,0,256,1,512,291,103
128768,128768,1024,0,513,144,144,0,78,191,140,4,0,0,144,1,512,144,66
128769,128768,2048,1,1025,288,288,0,186,256,178,78,0,0,256,1,512,288,102
128769,128768,1024,1,513,142,142,0,79,189,138,4,0,0,142,1,512,142,63
128896,128896,1024,0,513,145,145,0,100,190,138,7,0,0,145,1,512,145,45
128897,128896,1024,1,513,141,141,0,99,187,135,6,0,0,141,1,512,141,42
129024,129024,2048,0,1025,286,286,0,184,256,113,143,0,0,256,1,512,286,102
129024,129024,1024,0,513,143,143,0,95,186,137,6,0,0,143,1,512,143,48
129024,129024,4096,0,37,7,6,0,5,9,7,0,0,0,7,0,0,6,1
129025,129024,2048,1,1025,283,283,0,182,256,145,111,0,0,256,1,512,283,101
129025,129024,1024,1,513,142,142,0,92,181,135,7,0,0,142,1,512,142,50
129025,129024,4096,1,37,11,10,0,7,10,9,2,0,0,11,1,512,10,3
129152,129152,1024,0,513,142,141,0,83,188,136,6,0,0,142,1,512,141,58
129153,129152,1024,1,513,140,139,0,80,184,135,5,0,0,140,1,512,139,59
129280,129280,2048,0,1025,289,289,0,192,256,225,31,0,0,256,1,512,289,97
129280,129280,1024,0,513,152,152,0,97,184,137,15,0,0,152,1,512,152,55
129281,129280,2048,1,1025,289,289,0,190,256,194,62,0,0,256,1,512,289,99
129281,129280,1024,1,513,151,151,0,97,179,136,15,0,0,151,1,512,151,54
129408,129408,1024,0,513,137,137,0,89,194,132,5,0,0,137,1,512,137,48
129409,129408,1024,1,513,135,135,0,86,190,130,5,0,0,135,1,512,135,49
129536,129536,2048,0,1025,281,281,0,195,256,200,56,0,0,256,1,512,281,86
129536,129536,1024,0,513,136,136,0,88,195,133,3,0,0,136,1,512,136,48
129536,129536,4096,0,37,8,7,0,6,8,8,0,0,0,8,0,0,7,1
129537,129536,2048,1,1025,280,280,0,194,256,200,56,0,0,256,1,512,280,86
129537,129536,1024,1,513,136,136,0,87,192,132,4,0,0,136,1,512,136,49
129537,129536,4096,1,37,9,8,0,7,12,9,0,0,0,9,0,0,8,1
129664,129664,1024,0,513,139,139,0,81,190,134,5,0,0,139,1,512,139,58
129665,129664,1024,1,513,137,137,0,80,189,132,5,0,0,137,1,512,137,57
129792,129792,2048,0,1025,279,279,0,186,256,199,57,0,0,256,1,512,279,93
129792,129792,1024,0,513,142,142,0,87,181,133,9,0,0,142,1,512,142,55
129793,129792,2048,1,1025,278,278,0,185,256,202,54,0,0,256,1,512,278,93
129793,129792,1024,1,513,143,143,0,86,181,134,9,0,0,143,1,512,143,57
129920,129920,1024,0,513,136,136,0,81,184,126,10,0,0,136,1,512,136,55
129921,129920,1024,1,513,136,136,0,81,185,127,9,0,0,136,1,512,136,55
130048,130048,2048,0,1025,283,282,0,169,256,210,46,0,0,256,1,512,282,113
130048,130048,1024,0,513,134,134,0,78,183,129,5,0,0,134,1,512,134,56
130048,130048,4096,0,37,6,5,0,5,8,6,0,0,0,6,0,0,5,0
130049,130048,2048,1,1025,280,279,0,168,256,209,47,0,0,256,1,512,279,111
130049,130048,1024,1,513,131,131,0,77,183,126,5,0,0,131,1,512,131,54
130049,130048,4096,1,37,9,8,0,5,12,9,0,0,0,9,0,0,8,3
130176,130176,1024,0,513,136,136,0,87,183,129,7,0,0,136,1,512,136,49
130177,130176,1024,1,513,135,135,0,83,183,127,8,0,0,135,1,512,135,52
130304,130304,2048,0,1025,283,282,0,188,256,200,56,0,0,256,1,512,282,94
130304,130304,1024,0,513,146,146,0,94,184,130,16,0,0,146,1,512,146,52
130305,130304,2048,1,1025,282,281,0,185,256,203,53,0,0,256,1,512,281,96
130305,130304,1024,1,513,145,145,0,94,185,130,15,0,0,145,1,512,145,51
130432,130432,1024,0,513,153,153,0,97,191,142,11,0,0,153,1,512,153,56
130433,130432,1024,1,513,149,149,0,94,190,139,10,0,0,149,1,512,149,55
130560,130560,2048,0,1025,279,278,0,185,256,143,113,0,0,256,1,512,278,93
130560,130560,1024,0,513,144,144,0,97,193,140,4,0,0,144,1,512,144,47
130560,130560,4096,0,37,8,7,0,5,8,8,0,0,0,8,0,0,7,2
130561,130560,2048,1,1025,279,278,0,184,256,128,128,0,0,256,1,512,278,94
130561,130560,1024,1,513,143,143,0,92,191,139,4,0,0,143,1,512,143,51
130561,130560,4096,1,37,8,8,0,5,11,8,0,0,0,8,0,0,8,3
130688,130688,1024,0,513,143,143,0,78,189,132,11,0,0,143,1,512,143,65
130689,130688,1024,1,513,144,144,0,77,187,133,11,0,0,144,1,512,144,67
130816,130816,2048,0,1025,280,279,0,188,256,226,30,0,0,256,1,512,279,91
130816,130816,1024,0,513,135,135,0,98,198,132,3,0,0,135,1,512,135,37
130817,130816,2048,1,1025,281,281,0,186,256,226,30,0,0,256,1,512,281,95
130817,130816,1024,1,513,134,134,0,97,196,131,3,0,0,134,1,512,134,37
130944,130944,1024,0,513,144,144,0,91,194,136,8,0,0,144,1,512,144,53
130945,130944,1024,1,513,141,141,0,91,192,134,7,0,0,141,1,512,141,50
131072,131072,2048,0,1025,297,297,0,188,256,74,182,0,0,256,1,512,297,109
131072,131072,1024,0,513,140,139,0,94,194,134,6,0,0,140,1,512,139,45
131072,131072,4096,0,37,7,7,0,6,8,7,0,0,0,7,0,0,7,1
131073,131072,2048,1,1025,295,295,0,188,256,88,168,0,0,256,1,512,295,107
131073,131072,1024,1,513,139,138,0,91,192,133,6,0,0,139,1,512,138,47
131073,131072,4096,1,37,8,8,0,6,11,8,0,0,0,8,0,0,8,2
131200,131200,1024,0,513,139,138,0,83,187,130,9,0,0,139,1,512,138,55
131201,131200,1024,1,513,139,138,0,85,185,132,7,0,0,139,1,512,138,53
131328,131328,2048,0,1025,289,289,0,173,256,219,37,0,0,256,1,512,289,116
131328,131328,1024,0,513,143,142,0,102,186,135,8,0,0,143,1,512,142,40
131329,131328,2048,1,1025,288,288,0,173,256,219,37,0,0,256,1,512,288,115
131329,131328,1024,1,513,141,140,0,103,181,134,7,0,0,141,1,512,140,37
131456,131456,1024,0,513,139,139,0,84,190,131,8,0,0,139,1,512,139,55
131457,131456,1024,1,513,139,139,0,82,185,130,9,0,0,139,1,512,139,57
131584,131584,2048,0,1025,281,280,0,184,256,200,56,0,0,256,1,512,280,96
131584,131584,1024,0,513,138,138,0,86,188,133,5,0,0,138,1,512,138,52
131584,131584,4096,0,37,6,6,0,6,8,6,0,0,0,6,0,0,6,0
131585,131584,2048,1,1025,279,278,0,180,256,210,46,0,0,256,1,512,278,98
131585,131584,1024,1,513,137,137,0,85,185,132,5,0,0,137,1,512,137,52
131585,131584,4096,1,37,9,9,0,7,10,9,0,0,0,9,0,0,9,2
131712,131712,1024,0,513,140,140,0,101,184,134,6,0,0,140,1,512,140,39
131713,131712,1024,1,513,142,142,0,102,181,136,6,0,0,142,1,512,142,40
131840,131840,2048,0,1025,280,279,0,179,256,213,43,0,0,256,1,512,279,100
131840,131840,1024,0,513,144,144,0,88,186,138,6,0,0,144,1,512,144,56
131841,131840,2048,1,1025,277,276,0,176,256,202,54,0,0,256,1,512,276,100
131841,131840,1024,1,513,143,143,0,88,184,138,5,0,0,143,1,512,143,55
131968,131968,1024,0,513,139,139,0,90,181,128,11,0,0,139,1,512,139,49
131969,131968,1024,1,513,137,137,0,90,179,127,10,0,0,137,1,512,137,47
132096,132096,2048,0,1025,272,271,0,178,256,222,34,0,0,256,1,512,271,93
132096,132096,1024,0,513,142,141,0,87,183,132,10,0,0,142,1,512,141,54
132096,132096,4096,0,37,7,7,0,6,8,7,0,0,0,7,0,0,7,1
132097,132096,2048,1,1025,272,271,0,178,256,210,46,0,0,256,1,512,271,93
132097,132096,1024,1,513,141,140,0,85,180,131,10,0,0,141,1,512,140,55
132097,132096,4096,1,37,8,8,0,8,10,8,0,0,0,8,0,0,8,0
132224,132224,1024,0,513,140,139,0,81,187,134,6,0,0,140,1,512,139,58
132225,132224,1024,1,513,140,139,0,80,184,134,6,0,0,140,1,512,139,59
132352,132352,2048,0,1025,284,282,0,178,256,187,69,0,0,256,1,512,282,104
132352,132352,1024,0,513,138,137,0,80,188,133,5,0,0,138,1,512,137,57
132353,132352,2048,1,1025,280,279,0,174,256,211,45,0,0,256,1,512,279,105
132353,132352,1024,1,513,136,135,0,82,186,131,5,0,0,136,1,512,135,53
132480,132480,1024,0,513,136,135,0,88,188,129,7,0,0,136,1,512,135,47
132481,132480,1024,1,513,136,135,0,88,185,129,7,0,0,136,1,512,135,47
132608,132608,2048,0,1025,279,277,0,191,256,177,79,0,0,256,1,512,277,86
132608,132608,1024,0,513,147,146,0,93,186,141,6,0,0,147,1,512,146,53
132608,132608,4096,0,37,8,7,0,7,8,8,0,0,0,8,0,0,7,0
132609,132608,2048,1,1025,277,276,0,190,256,178,78,0,0,256,1,512,276,86
132609,132608,1024,1,513,144,143,0,92,184,138,6,0,0,144,1,512,143,51
132609,132608,4096,1,37,10,9,0,7,10,9,1,0,0,10,1,512,9,2
132736,132736,1024,0,513,140,139,0,81,185,133,7,0,0,140,1,512,139,58
132737,132736,1024,1,513,138,137,0,79,183,132,6,0,0,138,1,512,137,58
132864,132864,2048,0,1025,279,278,0,176,256,118,138,0,0,256,1,512,278,102
132864,132864,1024,0,513,134,133,0,78,185,127,7,0,0,134,1,512,133,55
132865,132864,2048,1,1025,276,275,0,174,256,114,142,0,0,256,1,512,275,101
132865,132864,1024,1,513,133,132,0,77,182,126,7,0,0,133,1,512,132,55
132992,132992,1024,0,513,139,138,0,85,183,129,10,0,0,139,1,512,138,53
132993,132992,1024,1,513,137,136,0,85,181,126,11,0,0,137,1,512,136,51
133120,133120,2048,0,1025,282,281,0,182,256,228,28,0,0,256,1,512,281,99
133120,133120,1024,0,513,138,137,0,85,189,134,4,0,0,138,1,512,137,52
133120,133120,4096,0,37,7,6,0,6,8,7,0,0,0,7,0,0,6,0
133121,133120,2048,1,1025,282,281,0,181,256,221,35,0,0,256,1,512,281,100
133121,133120,1024,1,513,136,135,0,84,187,132,4,0,0,136,1,512,135,51
133121,133120,4096,1,37,9,8,0,6,11,9,0,0,0,9,0,0,8,2
133248,133248,1024,0,513,139,139,0,84,186,133,6,0,0,139,1,512,139,55
133249,133248,1024,1,513,138,138,0,84,182,131,7,0,0,138,1,512,138,54
133376,133376,2048,0,1025,285,284,0,175,256,199,57,0,0,256,1,512,284,109
133376,133376,1024,0,513,147,147,0,85,182,136,11,0,0,147,1,512,147,62
133377,133376,2048,1,1025,284,283,0,173,256,209,47,0,0,256,1,512,283,110
133377,133376,1024,1,513,145,145,0,84,180,134,11,0,0,145,1,512,145,61
133504,133504,1024,0,513,139,139,0,89,187,134,5,0,0,139,1,512,139,50
133505,133504,1024,1,513,136,136,0,84,184,131,5,0,0,136,1,512,136,52
133632,133632,2048,0,1025,296,296,0,189,256,153,103,0,0,256,1,512,296,107
133632,133632,1024,0,513,132,132,0,83,186,129,3,0,0,132,1,512,132,49
133632,133632,4096,0,37,8,8,0,6,8,7,1,0,0,8,1,512,8,2
133633,133632,2048,1,1025,297,296,0,187,256,146,110,0,0,256,1,512,296,109
133633,133632,1024,1,513,132,132,0,83,184,128,4,0,0,132,1,512,132,49
133633,133632,4096,1,37,9,9,0,6,10,9,0,0,0,9,0,0,9,3
133760,133760,1024,0,513,136,136,0,89,184,128,8,0,0,136,1,512,136,47
133761,133760,1024,1,513,136,136,0,87,183,128,8,0,0,136,1,512,136,49
133888,133888,2048,0,1025,290,289,0,182,256,108,148,0,0,256,1,512,289,107
133888,133888,1024,0,513,144,144,0,85,186,134,10,0,0,144,1,512,144,59
133889,133888,2048,1,1025,289,289,0,183,256,156,100,0,0,256,1,512,289,106
133889,133888,1024,1,513,141,141,0,89,185,131,10,0,0,141,1,512,141,52
134016,134016,1024,0,513,137,137,0,90,189,128,9,0,0,137,1,512,137,47
134017,134016,1024,1,513,134,134,0,86,187,126,8,0,0,134,1,512,134,48
134144,134144,2048,0,1025,281,281,0,178,256,175,81,0,0,256,1,512,281,103
134144,134144,1024,0,513,141,141,0,79,186,128,13,0,0,141,1,512,141,62
134144,134144,4096,0,37,7,7,0,7,9,7,0,0,0,7,0,0,7,0
134145,134144,2048,1,1025,279,279,0,180,256,165,91,0,0,256,1,512,279,99
134145,134144,1024,1,513,141,141,0,81,183,128,13,0,0,141,1,512,141,60
134145,134144,4096,1,37,9,9,0,6,10,8,1,0,0,9,1,512,9,3
134272,134272,1024,0,513,144,143,0,89,191,137,7,0,0,144,1,512,143,54
134273,134272,1024,1,513,143,142,0,87,187,135,8,0,0,143,1,512,142,55
134400,134400,2048,0,1025,275,274,0,179,256,206,50,0,0,256,1,512,274,95
134400,134400,1024,0,513,137,137,0,89,189,130,7,0,0,137,1,512,137,48
134401,134400,2048,1,1025,272,272,0,175,256,214,42,0,0,256,1,512,272,97
134401,134400,1024,1,513,135,135,0,91,186,128,7,0,0,135,1,512,135,44
134528,134528,1024,0,513,137,137,0,84,186,131,6,0,0,137,1,512,137,53
134529,134528,1024,1,513,136,136,0,80,182,129,7,0,0,136,1,512,136,56
134656,134656,2048,0,1025,288,287,0,183,256,132,124,0,0,256,1,512,287,104
134656,134656,1024,0,513,143,143,0,82,182,132,11,0,0,143,1,512,143,61
134656,134656,4096,0,37,6,6,0,5,9,6,0,0,0,6,0,0,6,1
134657,134656,2048,1,1025,286,286,0,181,256,133,123,0,0,256,1,512,286,105
134657,134656,1024,1,513,144,144,0,84,182,133,11,0,0,144,1,512,144,60
134657,134656,4096,1,37,10,10,0,7,11,9,1,0,0,10,1,512,10,3
134784,134784,1024,0,513,144,144,0,90,186,135,9,0,0,144,1,512,144,54
134785,134784,1024,1,513,142,142,0,89,184,134,8,0,0,142,1,512,142,53
134912,134912,2048,0,1025,279,279,0,175,256,214,42,0,0,256,1,512,279,104
134912,134912,1024,0,513,134,134,0,84,185,128,6,0,0,134,1,512,134,50
134913,134912,2048,1,1025,278,278,0,173,256,209,47,0,0,256,1,512,278,105
134913,134912,1024,1,513,135,135,0,82,183,128,7,0,0,135,1,512,135,53
135040,135040,1024,0,513,128,128,0,92,181,125,3,0,0,128,1,512,128,36
135041,135040,1024,1,513,127,127,0,92,181,124,3,0,0,127,1,512,127,35
135168,135168,2048,0,1025,270,269,0,167,256,207,49,0,0,256,1,512,269,102
135168,135168,1024,0,513,140,140,0,78,176,130,10,0,0,140,1,512,140,62
135168,135168,4096,0,37,8,7,0,5,9,8,0,0,0,8,0,0,7,2
135169,135168,2048,1,1025,269,269,0,165,256,210,46,0,0,256,1,512,269,104
135169,135168,1024,1,513,139,139,0,77,177,129,10,0,0,139,1,512,139,62
135169,135168,4096,1,37,8,7,0,6,12,8,0,0,0,8,0,0,7,1
135296,135296,1024,0,513,139,139,0,85,182,130,9,0,0,139,1,512,139,54
135297,135296,1024,1,513,139,139,0,87,183,130,9,0,0,139,1,512,139,52
135424,135424,2048,0,1025,271,271,0,169,256,186,70,0,0,256,1,512,271,102
135424,135424,1024,0,513,131,130,0,89,184,119,12,0,0,131,1,512,130,41
135425,135424,2048,1,1025,270,269,0,168,256,181,75,0,0,256,1,512,269,101
135425,135424,1024,1,513,129,128,0,89,184,118,11,0,0,129,1,512,128,39
135552,135552,1024,0,513,136,135,0,77,185,125,11,0,0,136,1,512,135,58
135553,135552,1024,1,513,136,135,0,77,184,125,11,0,0,136,1,512,135,58
135680,135680,2048,0,1025,290,289,0,177,256,194,62,0,0,256,1,512,289,112
135680,135680,1024,0,513,141,141,0,96,190,135,6,0,0,141,1,512,141,45
135680,135680,4096,0,37,7,6,0,6,9,7,0,0,0,7,0,0,6,0
135681,135680,2048,1,1025,286,286,0,177,256,218,38,0,0,256,1,512,286,109
135681,135680,1024,1,513,141,141,0,96,189,135,6,0,0,141,1,512,141,45
135681,135680,4096,1,37,11,10,0,7,12,10,1,0,0,11,1,512,10,3
135808,135808,1024,0,513,142,142,0,89,189,134,8,0,0,142,1,512,142,53
135809,135808,1024,1,513,141,141,0,88,187,133,8,0,0,141,1,512,141,53
135936,135936,2048,0,1025,277,277,0,167,256,174,82,0,0,256,1,512,277,110
135936,135936,1024,0,513,144,144,0,80,191,138,6,0,0,144,1,512,144,64
135937,135936,2048,1,1025,275,275,0,165,256,159,97,0,0,256,1,512,275,110
135937,135936,1024,1,513,143,143,0,77,189,137,6,0,0,143,1,512,143,66
136064,136064,1024,0,513,142,141,0,91,190,134,8,0,0,142,1,512,141,50
136065,136064,1024,1,513,140,139,0,91,189,132,8,0,0,140,1,512,139,48
136192,136192,2048,0,1025,285,285,0,176,256,203,53,0,0,256,1,512,285,109
136192,136192,1024,0,513,132,132,0,81,192,129,3,0,0,132,1,512,132,51
136192,136192,4096,0,37,6,5,0,5,9,6,0,0,0,6,0,0,5,0
136193,136192,2048,1,1025,283,283,0,172,256,205,51,0,0,256,1,512,283,111
136193,136192,1024,1,513,130,130,0,78,191,127,3,0,0,130,1,512,130,52
136193,136192,4096,1,37,10,9,0,8,13,9,1,0,0,10,1,512,9,1
136320,136320,1024,0,513,140,140,0,88,187,133,7,0,0,140,1,512,140,52
136321,136320,1024,1,513,139,139,0,85,186,132,7,0,0,139,1,512,139,54
136448,136448,2048,0,1025,278,278,0,183,256,208,48,0,0,256,1,512,278,95
136448,136448,1024,0,513,142,142,0,92,187,132,10,0,0,142,1,512,142,50
136449,136448,2048,1,1025,276,276,0,180,256,205,51,0,0,256,1,512,276,96
136449,136448,1024,1,513,141,141,0,94,185,132,9,0,0,141,1,512,141,47
136576,136576,1024,0,513,141,140,0,96,185,134,7,0,0,141,1,512,140,44
136577,136576,1024,1,513,141,140,0,94,183,134,7,0,0,141,1,512,140,46
136704,136704,2048,0,1025,280,280,0,174,256,177,79,0,0,256,1,512,280,106
136704,136704,1024,0,513,139,138,0,85,181,136,3,0,0,139,1,512,138,53
136704,136704,4096,0,37,7,6,0,5,9,7,0,0,0,7,0,0,6,1
136705,136704,2048,1,1025,281,281,0,172,256,148,108,0,0,256,1,512,281,109
136705,136704,1024,1,513,139,138,0,84,179,136,3,0,0,139,1,512,138,54
136705,136704,4096,1,37,11,10,0,8,13,9,2,0,0,11,1,512,10,2
136832,136832,1024,0,513,142,141,0,90,181,136,6,0,0,142,1,512,141,51
136833,136832,1024,1,513,142,141,0,89,179,136,6,0,0,142,1,512,141,52
136960,136960,2048,0,1025,282,282,0,188,256,168,88,0,0,256,1,512,282,94
136960,136960,1024,0,513,143,143,0,93,179,134,9,0,0,143,1,512,143,50
136961,136960,2048,1,1025,283,283,0,186,256,173,83,0,0,256,1,512,283,97
136961,136960,1024,1,513,143,143,0,92,178,134,9,0,0,143,1,512,143,51
137088,137088,1024,0,513,141,141,0,87,183,131,10,0,0,141,1,512,141,54
137089,137088,1024,1,513,141,141,0,87,183,131,10,0,0,141,1,512,141,54
137216,137216,2048,0,1025,278,278,0,180,256,127,129,0,0,256,1,512,278,98
137216,137216,1024,0,513,138,137,0,86,188,130,8,0,0,138,1,512,137,51
137216,137216,4096,0,37,8,7,0,6,8,8,0,0,0,8,0,0,7,1
137217,137216,2048,1,1025,277,277,0,179,256,175,81,0,0,256,1,512,277,98
137217,137216,1024,1,513,138,137,0,89,188,131,7,0,0,138,1,512,137,48
137217,137216,4096,1,37,10,10,0,8,14,10,0,0,0,10,0,0,10,2
137344,137344,1024,0,513,136,135,0,89,191,131,5,0,0,136,1,512,135,46
137345,137344,1024,1,513,135,134,0,86,191,130,5,0,0,135,1,512,134,48
137472,137472,2048,0,1025,282,282,0,178,256,215,41,0,0,256,1,512,282,104
137472,137472,1024,0,513,142,142,0,90,185,133,9,0,0,142,1,512,142,52
137473,137472,2048,1,1025,280,280,0,176,256,218,38,0,0,256,1,512,280,104
137473,137472,1024,1,513,140,140,0,88,185,131,9,0,0,140,1,512,140,52
137600,137600,1024,0,513,144,144,0,93,183,137,7,0,0,144,1,512,144,51
137601,137600,1024,1,513,146,146,0,91,183,139,7,0,0,146,1,512,146,55
137728,137728,2048,0,1025,279,279,0,162,256,140,116,0,0,256,1,512,279,117
137728,137728,1024,0,513,137,137,0,92,182,129,8,0,0,137,1,512,137,45
137728,137728,4096,0,37,7,6,0,6,8,7,0,0,0,7,0,0,6,0
137729,137728,2048,1,1025,279,279,0,162,256,117,139,0,0,256,1,512,279,117
137729,137728,1024,1,513,136,136,0,92,182,129,7,0,0,136,1,512,136,44
137729,137728,4096,1,37,10,9,0,6,14,10,0,0,0,10,0,0,9,3
137856,137856,1024,0,513,140,139,0,94,187,134,6,0,0,140,1,512,139,45
137857,137856,1024,1,513,139,138,0,92,186,133,6,0,0,139,1,512,138,46
137984,137984,2048,0,1025,284,284,0,167,256,181,75,0,0,256,1,512,284,117
137984,137984,1024,0,513,145,144,0,94,188,137,8,0,0,145,1,512,144,50
137985,137984,2048,1,1025,284,284,0,168,256,171,85,0,0,256,1,512,284,116
137985,137984,1024,1,513,145,144,0,93,187,137,8,0,0,145,1,512,144,51
138112,138112,1024,0,513,139,138,0,88,188,134,5,0,0,139,1,512,138,50
138113,138112,1024,1,513,138,137,0,91,187,133,5,0,0,138,1,512,137,46
138240,138240,2048,0,1025,283,283,0,177,256,193,63,0,0,256,1,512,283,106
138240,138240,1024,0,513,139,138,0,82,186,133,6,0,0,139,1,512,138,56
138240,138240,4096,0,37,7,7,0,6,8,7,0,0,0,7,0,0,7,1
138241,138240,2048,1,1025,282,282,0,178,256,201,55,0,0,256,1,512,282,104
138241,138240,1024,1,513,139,138,0,83,184,133,6,0,0,139,1,512,138,55
138241,138240,4096,1,37,8,8,0,7,13,8,0,0,0,8,0,0,8,1
138368,138368,1024,0,513,146,145,0,93,186,136,10,0,0,146,1,512,145,52
138369,138368,1024,1,513,144,143,0,92,184,135,9,0,0,144,1,512,143,51
138496,138496,2048,0,1025,275,275,0,183,256,195,61,0,0,256,1,512,275,92
138496,138496,1024,0,513,145,145,0,99,190,136,9,0,0,145,1,512,145,46
138497,138496,2048,1,1025,275,275,0,182,256,196,60,0,0,256,1,512,275,93
138497,138496,1024,1,513,141,141,0,98,188,132,9,0,0,141,1,512,141,43
138624,138624,1024,0,513,137,137,0,98,188,135,2,0,0,137,1,512,137,39
138625,138624,1024,1,513,135,135,0,97,186,133,2,0,0,135,1,512,135,38
138752,138752,2048,0,1025,272,272,0,161,256,210,46,0,0,256,1,512,272,111
138752,138752,1024,0,513,139,139,0,89,181,132,7,0,0,139,1,512,139,50
138752,138752,4096,0,37,8,7,0,6,8,8,0,0,0,8,0,0,7,1
138753,138752,2048,1,1025,269,269,0,162,256,209,47,0,0,256,1,512,269,107
138753,138752,1024,1,513,139,139,0,88,179,131,8,0,0,139,1,512,139,51
138753,138752,4096,1,37,9,9,0,7,12,8,1,0,0,9,1,512,9,2
138880,138880,1024,0,513,139,138,0,79,179,132,7,0,0,139,1,512,138,59
138881,138880,1024,1,513,137,136,0,78,177,130,7,0,0,137,1,512,136,58
139008,139008,2048,0,1025,287,287,0,173,256,207,49,0,0,256,1,512,287,114
139008,139008,1024,0,513,144,143,0,90,180,137,7,0,0,144,1,512,143,53
139009,139008,2048,1,1025,284,284,0,172,256,210,46,0,0,256,1,512,284,112
139009,139008,1024,1,513,143,142,0,88,179,136,7,0,0,143,1,512,142,54
139136,139136,1024,0,513,138,137,0,89,183,131,7,0,0,138,1,512,137,48
139137,139136,1024,1,513,138,137,0,88,181,129,9,0,0,138,1,512,137,49
139264,139264,2048,0,1025,284,284,0,175,256,200,56,0,0,256,1,512,284,109
139264,139264,1024,0,513,142,142,0,90,182,135,7,0,0,142,1,512,142,52
139264,139264,4096,0,37,7,6,0,6,8,7,0,0,0,7,0,0,6,0
139265,139264,2048,1,1025,283,283,0,175,256,191,65,0,0,256,1,512,283,108
139265,139264,1024,1,513,139,139,0,90,183,133,6,0,0,139,1,512,139,49
139265,139264,4096,1,37,10,10,0,8,13,10,0,0,0,10,0,0,10,2
139392,139392,1024,0,513,150,150,0,99,184,142,8,0,0,150,1,512,150,51
139393,139392,1024,1,513,148,148,0,98,182,139,9,0,0,148,1,512,148,50
139520,139520,2048,0,1025,284,284,0,194,256,183,73,0,0,256,1,512,284,90
139520,139520,1024,0,513,154,154,0,98,186,142,12,0,0,154,1,512,154,56
139521,139520,2048,1,1025,282,282,0,190,256,180,76,0,0,256,1,512,282,92
139521,139520,1024,1,513,153,153,0,96,186,142,11,0,0,153,1,512,153,57
139648,139648,1024,0,513,147,146,0,102,188,140,7,0,0,147,1,512,146,44
139649,139648,1024,1,513,147,146,0,100,187,140,7,0,0,147,1,512,146,46
139776,139776,2048,0,1025,271,271,0,176,256,118,138,0,0,256,1,512,271,95
139776,139776,1024,0,513,142,141,0,90,188,138,4,0,0,142,1,512,141,51
139776,139776,4096,0,37,8,7,0,6,8,8,0,0,0,8,0,0,7,1
139777,139776,2048,1,1025,270,270,0,174,256,143,113,0,0,256,1,512,270,96
139777,139776,1024,1,513,141,140,0,91,187,137,4,0,0,141,1,512,140,49
139777,139776,4096,1,37,10,9,0,5,13,10,0,0,0,10,0,0,9,4
139904,139904,1024,0,513,143,142,0,83,189,134,9,0,0,143,1,512,142,59
139905,139904,1024,1,513,142,141,0,83,187,135,7,0,0,142,1,512,141,58
140032,140032,2048,0,1025,277,277,0,160,256,187,69,0,0,256,1,512,277,117
140032,140032,1024,0,513,145,144,0,87,190,138,7,0,0,145,1,512,144,57
140033,140032,2048,1,1025,277,277,0,161,256,164,92,0,0,256,1,512,277,116
140033,140032,1024,1,513,145,144,0,85,186,136,9,0,0,145,1,512,144,59
140160,140160,1024,0,513,135,134,0,91,191,133,2,0,0,135,1,512,134,43
140161,140160,1024,1,513,134,133,0,89,189,132,2,0,0,134,1,512,133,44
140288,140288,2048,0,1025,278,277,0,190,256,228,28,0,0,256,1,512,277,87
140288,140288,1024,0,513,133,132,0,90,184,125,8,0,0,133,1,512,132,42
140288,140288,4096,0,37,8,7,0,7,8,8,0,0,0,8,0,0,7,0
140289,140288,2048,1,1025,276,275,0,188,256,228,28,0,0,256,1,512,275,87
140289,140288,1024,1,513,132,131,0,89,183,124,8,0,0,132,1,512,131,42
140289,140288,4096,1,37,8,7,0,5,12,8,0,0,0,8,0,0,7,2
140416,140416,1024,0,513,140,139,0,81,185,129,11,0,0,140,1,512,139,58
140417,140416,1024,1,513,136,135,0,79,184,126,10,0,0,136,1,512,135,56
140544,140544,2048,0,1025,280,279,0,176,256,177,79,0,0,256,1,512,279,103
140544,140544,1024,0,513,144,144,0,88,187,135,9,0,0,144,1,512,144,56
140545,140544,2048,1,1025,278,277,0,174,256,177,79,0,0,256,1,512,277,103
140545,140544,1024,1,513,146,146,0,86,185,135,11,0,0,146,1,512,146,60
140672,140672,1024,0,513,149,149,0,88,188,138,11,0,0,149,1,512,149,61
140673,140672,1024,1,513,148,148,0,87,188,137,11,0,0,148,1,512,148,61
140800,140800,2048,0,1025,275,274,0,174,256,193,63,0,0,256,1,512,274,100
140800,140800,1024,0,513,136,136,0,94,193,130,6,0,0,136,1,512,136,42
140800,140800,4096,0,37,7,7,0,5,8,6,1,0,0,7,1,512,7,2
140801,140800,2048,1,1025,276,275,0,174,256,181,75,0,0,256,1,512,275,101
140801,140800,1024,1,513,134,134,0,93,195,129,5,0,0,134,1,512,134,41
140801,140800,4096,1,37,8,8,0,7,12,8,0,0,0,8,0,0,8,1
140928,140928,1024,0,513,144,144,0,95,193,140,4,0,0,144,1,512,144,49
140929,140928,1024,1,513,144,144,0,90,194,140,4,0,0,144,1,512,144,54
141056,141056,2048,0,1025,274,273,0,151,256,208,48,0,0,256,1,512,273,122
141056,141056,1024,0,513,137,136,0,87,188,131,6,0,0,137,1,512,136,49
141057,141056,2048,1,1025,273,272,0,150,256,217,39,0,0,256,1,512,272,122
141057,141056,1024,1,513,140,139,0,88,189,133,7,0,0,140,1,512,139,51
141184,141184,1024,0,513,141,140,0,90,188,134,7,0,0,141,1,512,140,50
141185,141184,1024,1,513,140,139,0,92,190,134,6,0,0,140,1,512,139,47
141312,141312,2048,0,1025,279,278,0,177,256,186,70,0,0,256,1,512,278,101
141312,141312,1024,0,513,142,141,0,86,187,138,4,0,0,142,1,512,141,55
141312,141312,4096,0,37,8,8,0,5,9,7,1,0,0,8,1,512,8,3
141313,141312,2048,1,1025,276,275,0,176,256,199,57,0,0,256,1,512,275,99
141313,141312,1024,1,513,141,140,0,84,187,137,4,0,0,141,1,512,140,56
141313,141312,4096,1,37,8,8,0,8,12,8,0,0,0,8,0,0,8,0
141440,141440,1024,0,513,148,147,0,95,188,139,9,0,0,148,1,512,147,52
141441,141440,1024,1,513,142,141,0,93,189,134,8,0,0,142,1,512,141,48
141568,141568,2048,0,1025,276,275,0,169,256,88,168,0,0,256,1,512,275,106
141568,141568,1024,0,513,140,139,0,98,193,133,7,0,0,140,1,512,139,41
141569,141568,2048,1,1025,273,272,0,168,256,90,166,0,0,256,1,512,272,104
141569,141568,1024,1,513,139,138,0,95,193,134,5,0,0,139,1,512,138,43
141696,141696,1024,0,513,143,142,0,84,192,134,9,0,0,143,1,512,142,58
141697,141696,1024,1,513,140,139,0,84,190,130,10,0,0,140,1,512,139,55
141824,141824,2048,0,1025,278,277,0,171,256,113,143,0,0,256,1,512,277,106
141824,141824,1024,0,513,145,145,0,85,192,137,8,0,0,145,1,512,145,60
141824,141824,4096,0,37,7,7,0,7,10,7,0,0,0,7,0,0,7,0
141825,141824,2048,1,1025,277,276,0,170,256,79,177,0,0,256,1,512,276,106
141825,141824,1024,1,513,142,142,0,83,189,135,7,0,0,142,1,512,142,59
141825,141824,4096,1,37,10,10,0,8,11,9,1,0,0,10,1,512,10,2
141952,141952,1024,0,513,138,138,0,85,190,130,8,0,0,138,1,512,138,53
141953,141952,1024,1,513,136,136,0,84,187,128,8,0,0,136,1,512,136,52
142080,142080,2048,0,1025,287,287,0,164,256,125,131,0,0,256,1,512,287,123
142080,142080,1024,0,513,137,137,0,85,186,133,4,0,0,137,1,512,137,52
142081,142080,2048,1,1025,285,285,0,163,256,160,96,0,0,256,1,512,285,122
142081,142080,1024,1,513,139,139,0,84,184,135,4,0,0,139,1,512,139,55
142208,142208,1024,0,513,144,143,0,83,182,131,13,0,0,144,1,512,143,60
142209,142208,1024,1,513,143,142,0,83,180,130,13,0,0,143,1,512,142,59
142336,142336,2048,0,1025,282,282,0,176,256,191,65,0,0,256,1,512,282,106
142336,142336,1024,0,513,141,140,0,86,189,131,10,0,0,141,1,512,140,54
142336,142336,4096,0,37,7,6,0,6,10,7,0,0,0,7,0,0,6,0
142337,142336,2048,1,1025,282,282,0,176,256,165,91,0,0,256,1,512,282,106
142337,142336,1024,1,513,140,139,0,84,187,130,10,0,0,140,1,512,139,55
142337,142336,4096,1,37,10,10,0,8,12,9,1,0,0,10,1,512,10,2
142464,142464,1024,0,513,143,143,0,97,189,137,6,0,0,143,1,512,143,46
142465,142464,1024,1,513,142,142,0,96,189,136,6,0,0,142,1,512,142,46
142592,142592,2048,0,1025,285,285,0,189,256,230,26,0,0,256,1,512,285,96
142592,142592,1024,0,513,144,144,0,93,189,135,9,0,0,144,1,512,144,51
142593,142592,2048,1,1025,283,283,0,187,256,229,27,0,0,256,1,512,283,96
142593,142592,1024,1,513,143,143,0,91,190,134,9,0,0,143,1,512,143,52
142720,142720,1024,0,513,141,141,0,84,186,131,10,0,0,141,1,512,141,57
142721,142720,1024,1,513,140,140,0,85,186,130,10,0,0,140,1,512,140,55
142848,142848,2048,0,1025,286,286,0,186,256,193,63,0,0,256,1,512,286,100
142848,142848,1024,0,513,148,148,0,92,184,140,8,0,0,148,1,512,148,56
142848,142848,4096,0,37,8,7,0,6,10,8,0,0,0,8,0,0,7,1
142849,142848,2048,1,1025,285,285,0,184,256,204,52,0,0,256,1,512,285,101
142849,142848,1024,1,513,147,147,0,88,183,140,7,0,0,147,1,512,147,59
142849,142848,4096,1,37,9,8,0,6,11,8,1,0,0,9,1,512,8,2
142976,142976,1024,0,513,137,137,0,92,183,131,6,0,0,137,1,512,137,45
142977,142976,1024,1,513,137,137,0,91,181,131,6,0,0,137,1,512,137,46
143104,143104,2048,0,1025,279,279,0,185,256,197,59,0,0,256,1,512,279,94
143104,143104,1024,0,513,139,139,0,86,185,137,2,0,0,139,1,512,139,53
143105,143104,2048,1,1025,278,278,0,186,256,203,53,0,0,256,1,512,278,92
143105,143104,1024,1,513,135,135,0,84,183,133,2,0,0,135,1,512,135,51
143232,143232,1024,0,513,132,132,0,87,179,123,9,0,0,132,1,512,132,45
143233,143232,1024,1,513,129,129,0,83,178,121,8,0,0,129,1,512,129,46
143360,143360,2048,0,1025,274,274,0,170,256,211,45,0,0,256,1,512,274,104
143360,143360,1024,0,513,136,135,0,86,180,128,8,0,0,136,1,512,135,49
143360,143360,4096,0,37,8,7,0,7,9,8,0,0,0,8,0,0,7,0
143361,143360,2048,1,1025,272,272,0,168,256,208,48,0,0,256,1,512,272,104
143361,143360,1024,1,513,134,133,0,83,178,126,8,0,0,134,1,512,133,50
143361,143360,4096,1,37,10,9,0,6,12,10,0,0,0,10,0,0,9,3
143488,143488,1024,0,513,135,134,0,85,185,126,9,0,0,135,1,512,134,49
143489,143488,1024,1,513,136,135,0,85,182,127,9,0,0,136,1,512,135,50
143616,143616,2048,0,1025,289,289,0,171,256,193,63,0,0,256,1,512,289,118
143616,143616,1024,0,513,139,138,0,83,184,133,6,0,0,139,1,512,138,55
143617,143616,2048,1,1025,288,288,0,171,256,185,71,0,0,256,1,512,288,117
143617,143616,1024,1,513,138,137,0,83,181,131,7,0,0,138,1,512,137,54
143744,143744,1024,0,513,139,139,0,91,181,132,7,0,0,139,1,512,139,48
143745,143744,1024,1,513,135,135,0,86,180,130,5,0,0,135,1,512,135,49
143872,143872,2048,0,1025,275,275,0,163,256,105,151,0,0,256,1,512,275,112
143872,143872,1024,0,513,135,135,0,87,179,129,6,0,0,135,1,512,135,48
143872,143872,4096,0,37,6,6,0,6,8,6,0,0,0,6,0,0,6,0
143873,143872,2048,1,1025,274,274,0,163,256,109,147,0,0,256,1,512,274,111
143873,143872,1024,1,513,132,132,0,84,176,126,6,0,0,132,1,512,132,48
143873,143872,4096,1,37,9,9,0,7,12,8,1,0,0,9,1,512,9,2
144000,144000,1024,0,513,136,136,0,86,176,126,10,0,0,136,1,512,136,50
144001,144000,1024,1,513,136,136,0,86,173,126,10,0,0,136,1,512,136,50
144128,144128,2048,0,1025,281,280,0,179,256,219,37,0,0,256,1,512,280,101
144128,144128,1024,0,513,141,140,0,87,181,133,8,0,0,141,1,512,140,53
144129,144128,2048,1,1025,279,279,0,175,256,216,40,0,0,256,1,512,279,104
144129,144128,1024,1,513,141,140,0,86,177,132,9,0,0,141,1,512,140,54
144256,144256,1024,0,513,148,147,0,100,182,140,8,0,0,148,1,512,147,47
144257,144256,1024,1,513,147,146,0,97,179,138,9,0,0,147,1,512,146,49
144384,144384,2048,0,1025,278,278,0,169,256,204,52,0,0,256,1,512,278,109
144384,144384,1024,0,513,148,148,0,86,182,139,9,0,0,148,1,512,148,62
144384,144384,4096,0,37,7,7,0,5,8,7,0,0,0,7,0,0,7,2
144385,144384,2048,1,1025,275,275,0,168,256,218,38,0,0,256,1,512,275,107
144385,144384,1024,1,513,147,147,0,86,181,138,9,0,0,147,1,512,147,61
144385,144384,4096,1,37,9,9,0,6,12,8,1,0,0,9,1,512,9,3
144512,144512,1024,0,513,145,145,0,88,188,137,8,0,0,145,1,512,145,57
144513,144512,1024,1,513,144,144,0,89,187,137,7,0,0,144,1,512,144,55
144640,144640,2048,0,1025,272,272,0,169,256,174,82,0,0,256,1,512,272,103
144640,144640,1024,0,513,144,144,0,90,192,135,9,0,0,144,1,512,144,54
144641,144640,2048,1,1025,268,268,0,164,256,179,77,0,0,256,1,512,268,104
144641,144640,1024,1,513,143,143,0,90,190,132,11,0,0,143,1,512,143,53
144768,144768,1024,0,513,145,145,0,85,195,144,1,0,0,145,1,512,145,60
144769,144768,1024,1,513,144,144,0,84,195,143,1,0,0,144,1,512,144,60
144896,144896,2048,0,1025,285,285,0,180,256,156,100,0,0,256,1,512,285,105
144896,144896,1024,0,513,142,141,0,94,188,134,8,0,0,142,1,512,141,47
144896,144896,4096,0,37,7,7,0,7,8,7,0,0,0,7,0,0,7,0
144897,144896,2048,1,1025,282,282,0,176,256,153,103,0,0,256,1,512,282,106
144897,144896,1024,1,513,141,140,0,93,189,134,7,0,0,141,1,512,140,47
144897,144896,4096,1,37,8,8,0,7,13,8,0,0,0,8,0,0,8,1
145024,145024,1024,0,513,141,140,0,89,187,133,8,0,0,141,1,512,140,51
145025,145024,1024,1,513,141,140,0,90,186,132,9,0,0,141,1,512,140,50
145152,145152,2048,0,1025,281,281,0,179,256,171,85,0,0,256,1,512,281,102
145152,145152,1024,0,513,152,151,0,95,189,143,9,0,0,152,1,512,151,56
145153,145152,2048,1,1025,280,280,0,177,256,156,100,0,0,256,1,512,280,103
145153,145152,1024,1,513,149,148,0,95,189,140,9,0,0,149,1,512,148,53
145280,145280,1024,0,513,146,145,0,107,191,143,3,0,0,146,1,512,145,38
145281,145280,1024,1,513,144,143,0,105,190,141,3,0,0,144,1,512,143,38
145408,145408,2048,0,1025,276,275,0,173,256,188,68,0,0,256,1,512,275,102
145408,145408,1024,0,513,140,139,0,84,185,132,8,0,0,140,1,512,139,55
145408,145408,4096,0,37,6,5,0,5,8,6,0,0,0,6,0,0,5,0
145409,145408,2048,1,1025,273,273,0,171,256,203,53,0,0,256,1,512,273,102
145409,145408,1024,1,513,140,139,0,82,184,133,7,0,0,140,1,512,139,57
145409,145408,4096,1,37,10,10,0,6,13,10,0,0,0,10,0,0,10,4
145536,145536,1024,0,513,143,142,0,83,186,133,10,0,0,143,1,512,142,59
145537,145536,1024,1,513,143,142,0,82,184,133,10,0,0,143,1,512,142,60
145664,145664,2048,0,1025,278,277,0,187,256,224,32,0,0,256,1,512,277,90
145664,145664,1024,0,513,141,140,0,93,191,138,3,0,0,141,1,512,140,47
145665,145664,2048,1,1025,276,275,0,184,256,217,39,0,0,256,1,512,275,91
145665,145664,1024,1,513,139,138,0,93,188,136,3,0,0,139,1,512,138,45
145792,145792,1024,0,513,144,144,0,101,191,134,10,0,0,144,1,512,144,43
145793,145792,1024,1,513,144,144,0,97,188,135,9,0,0,144,1,512,144,47
145920,145920,2048,0,1025,293,292,0,168,256,168,88,0,0,256,1,512,292,124
145920,145920,1024,0,513,147,147,0,95,190,141,6,0,0,147,1,512,147,52
145920,145920,4096,0,37,8,8,0,5,8,8,0,0,0,8,0,0,8,3
145921,145920,2048,1,1025,289,288,0,169,256,144,112,0,0,256,1,512,288,119
145921,145920,1024,1,513,146,146,0,96,186,140,6,0,0,146,1,512,146,50
145921,145920,4096,1,37,9,9,0,7,11,9,0,0,0,9,0,0,9,2
146048,146048,1024,0,513,143,143,0,92,189,141,2,0,0,143,1,512,143,51
146049,146048,1024,1,513,140,140,0,92,186,136,4,0,0,140,1,512,140,48
146176,146176,2048,0,1025,283,282,0,192,256,134,122,0,0,256,1,512,282,90
146176,146176,1024,0,513,146,146,0,91,180,135,11,0,0,146,1,512,146,55
146177,146176,2048,1,1025,279,279,0,186,256,157,99,0,0,256,1,512,279,93
146177,146176,1024,1,513,146,146,0,90,180,135,11,0,0,146,1,512,146,56
146304,146304,1024,0,513,144,144,0,90,184,139,5,0,0,144,1,512,144,54
146305,146304,1024,1,513,142,142,0,89,184,137,5,0,0,142,1,512,142,53
146432,146432,2048,0,1025,273,273,0,184,256,224,32,0,0,256,1,512,273,89
146432,146432,1024,0,513,139,139,0,96,183,136,3,0,0,139,1,512,139,43
146432,146432,4096,0,37,7,7,0,6,8,7,0,0,0,7,0,0,7,1
146433,146432,2048,1,1025,270,270,0,181,256,221,35,0,0,256,1,512,270,89
146433,146432,1024,1,513,140,140,0,94,183,137,3,0,0,140,1,512,140,46
146433,146432,4096,1,37,10,10,0,7,11,9,1,0,0,10,1,512,10,3
146560,146560,1024,0,513,148,148,0,92,181,141,7,0,0,148,1,512,148,56
146561,146560,1024,1,513,149,149,0,93,181,142,7,0,0,149,1,512,149,56
146688,146688,2048,0,1025,285,285,0,188,256,201,55,0,0,256,1,512,285,97
146688,146688,1024,0,513,146,145,0,89,179,138,8,0,0,146,1,512,145,56
146689,146688,2048,1,1025,283,283,0,187,256,204,52,0,0,256,1,512,283,96
146689,146688,1024,1,513,145,144,0,87,180,138,7,0,0,145,1,512,144,57
146816,146816,1024,0,513,146,145,0,96,184,136,10,0,0,146,1,512,145,49
146817,146816,1024,1,513,145,144,0,95,183,135,10,0,0,145,1,512,144,49
146944,146944,2048,0,1025,280,280,0,175,256,194,62,0,0,256,1,512,280,105
146944,146944,1024,0,513,147,146,0,93,186,136,11,0,0,147,1,512,146,53
146944,146944,4096,0,37,6,6,0,6,8,6,0,0,0,6,0,0,6,0
146945,146944,2048,1,1025,279,279,0,174,256,186,70,0,0,256,1,512,279,105
146945,146944,1024,1,513,146,145,0,92,184,135,11,0,0,146,1,512,145,53
146945,146944,4096,1,37,7,7,0,7,12,7,0,0,0,7,0,0,7,0
147072,147072,1024,0,513,138,138,0,94,194,135,3,0,0,138,1,512,138,44
147073,147072,1024,1,513,135,135,0,92,192,132,3,0,0,135,1,512,135,43
147200,147200,2048,0,1025,272,272,0,179,256,194,62,0,0,256,1,512,272,93
147200,147200,1024,0,513,143,143,0,90,189,138,5,0,0,143,1,512,143,53
147201,147200,2048,1,1025,271,271,0,179,256,179,77,0,0,256,1,512,271,92
147201,147200,1024,1,513,144,144,0,89,187,138,6,0,0,144,1,512,144,55
147328,147328,1024,0,513,149,149,0,87,180,136,13,0,0,149,1,512,149,62
147329,147328,1024,1,513,148,148,0,88,180,137,11,0,0,148,1,512,148,60
147456,147456,2048,0,1025,272,272,0,176,256,194,62,0,0,256,1,512,272,96
147456,147456,1024,0,513,142,142,0,89,187,138,4,0,0,142,1,512,142,53
147456,147456,4096,0,37,7,7,0,6,8,7,0,0,0,7,0,0,7,1
147457,147456,2048,1,1025,273,272,0,174,256,159,97,0,0,256,1,512,272,98
147457,147456,1024,1,513,141,141,0,88,185,137,4,0,0,141,1,512,141,53
147457,147456,4096,1,37,9,9,0,6,12,9,0,0,0,9,0,0,9,3
147584,147584,1024,0,513,137,137,0,79,184,131,6,0,0,137,1,512,137,58
147585,147584,1024,1,513,134,134,0,79,183,127,7,0,0,134,1,512,134,55
147712,147712,2048,0,1025,273,272,0,181,256,179,77,0,0,256,1,512,272,91
147712,147712,1024,0,513,138,138,0,89,184,131,7,0,0,138,1,512,138,49
147713,147712,2048,1,1025,272,272,0,178,256,213,43,0,0,256,1,512,272,94
147713,147712,1024,1,513,138,138,0,87,184,131,7,0,0,138,1,512,138,51
147840,147840,1024,0,513,139,139,0,81,185,129,10,0,0,139,1,512,139,58
147841,147840,1024,1,513,139,139,0,80,185,129,10,0,0,139,1,512,139,59
147968,147968,2048,0,1025,290,290,0,189,256,212,44,0,0,256,1,512,290,101
147968,147968,1024,0,513,145,145,0,91,188,135,10,0,0,145,1,512,145,54
147968,147968,4096,0,37,7,7,0,7,8,7,0,0,0,7,0,0,7,0
147969,147968,2048,1,1025,286,286,0,191,256,229,27,0,0,256,1,512,286,95
147969,147968,1024,1,513,145,145,0,90,187,136,9,0,0,145,1,512,145,55
147969,147968,4096,1,37,8,8,0,7,12,8,0,0,0,8,0,0,8,1
148096,148096,1024,0,513,142,142,0,81,189,134,8,0,0,142,1,512,142,61
148097,148096,1024,1,513,140,140,0,82,188,134,6,0,0,140,1,512,140,58
148224,148224,2048,0,1025,276,276,0,179,256,178,78,0,0,256,1,512,276,97
148224,148224,1024,0,513,142,141,0,93,189,135,7,0,0,142,1,512,141,48
148225,148224,2048,1,1025,274,274,0,175,256,172,84,0,0,256,1,512,274,99
148225,148224,1024,1,513,140,139,0,89,186,133,7,0,0,140,1,512,139,50
148352,148352,1024,0,513,136,135,0,91,189,133,3,0,0,136,1,512,135,44
148353,148352,1024,1,513,136,135,0,88,187,133,3,0,0,136,1,512,135,47
148480,148480,2048,0,1025,279,279,0,173,256,193,63,0,0,256,1,512,279,106
148480,148480,1024,0,513,142,141,0,85,184,138,4,0,0,142,1,512,141,56
148480,148480,4096,0,37,6,6,0,5,8,6,0,0,0,6,0,0,6,1
148481,148480,2048,1,1025,278,278,0,171,256,180,76,0,0,256,1,512,278,107
148481,148480,1024,1,513,141,140,0,87,182,137,4,0,0,141,1,512,140,53
148481,148480,4096,1,37,9,8,0,6,11,8,1,0,0,9,1,512,8,2
148608,148608,1024,0,513,142,141,0,90,177,135,7,0,0,142,1,512,141,51
148609,148608,1024,1,513,142,141,0,90,176,135,7,0,0,142,1,512,141,51
148736,148736,2048,0,1025,278,278,0,172,256,212,44,0,0,256,1,512,278,106
148736,148736,1024,0,513,145,144,0,85,178,134,11,0,0,145,1,512,144,59
148737,148736,2048,1,1025,275,275,0,170,256,212,44,0,0,256,1,512,275,105
148737,148736,1024,1,513,142,141,0,83,177,131,11,0,0,142,1,512,141,58
148864,148864,1024,0,513,139,138,0,94,184,133,6,0,0,139,1,512,138,44
148865,148864,1024,1,513,137,136,0,94,183,130,7,0,0,137,1,512,136,42
148992,148992,2048,0,1025,283,283,0,181,256,200,56,0,0,256,1,512,283,102
148992,148992,1024,0,513,139,138,0,82,187,132,7,0,0,139,1,512,138,56
148992,148992,4096,0,37,8,7,0,5,7,7,1,0,0,8,1,512,7,2
148993,148992,2048,1,1025,282,282,0,178,256,188,68,0,0,256,1,512,282,104
148993,148992,1024,1,513,136,135,0,81,187,129,7,0,0,136,1,512,135,54
148993,148992,4096,1,37,11,10,0,8,11,11,0,0,0,11,0,0,10,2
149120,149120,1024,0,513,138,137,0,88,185,130,8,0,0,138,1,512,137,49
149121,149120,1024,1,513,138,137,0,87,185,129,9,0,0,138,1,512,137,50
149248,149248,2048,0,1025,275,274,0,166,256,128,128,0,0,256,1,512,274,108
149248,149248,1024,0,513,140,139,0,83,186,133,7,0,0,140,1,512,139,56
149249,149248,2048,1,1025,274,273,0,163,256,118,138,0,0,256,1,512,273,110
149249,149248,1024,1,513,139,138,0,85,186,132,7,0,0,139,1,512,138,53
149376,149376,1024,0,513,141,140,0,89,183,132,9,0,0,141,1,512,140,51
149377,149376,1024,1,513,139,138,0,89,182,132,7,0,0,139,1,512,138,49
149504,149504,2048,0,1025,280,278,0,173,256,158,98,0,0,256,1,512,278,105
149504,149504,1024,0,513,139,138,0,92,183,131,8,0,0,139,1,512,138,46
149504,149504,4096,0,37,8,7,0,7,8,8,0,0,0,8,0,0,7,0
149505,149504,2048,1,1025,278,277,0,173,256,169,87,0,0,256,1,512,277,104
149505,149504,1024,1,513,137,136,0,90,179,128,9,0,0,137,1,512,136,46
149505,149504,4096,1,37,10,9,0,8,11,10,0,0,0,10,0,0,9,1
149632,149632,1024,0,513,137,136,0,94,183,130,7,0,0,137,1,512,136,42
149633,149632,1024,1,513,134,133,0,94,181,128,6,0,0,134,1,512,133,39
149760,149760,2048,0,1025,278,277,0,169,256,178,78,0,0,256,1,512,277,108
149760,149760,1024,0,513,142,141,0,78,181,130,12,0,0,142,1,512,141,63
149761,149760,2048,1,1025,276,275,0,169,256,191,65,0,0,256,1,512,275,106
149761,149760,1024,1,513,141,140,0,78,178,130,11,0,0,141,1,512,140,62
149888,149888,1024,0,513,139,138,0,92,186,134,5,0,0,139,1,512,138,46
149889,149888,1024,1,513,139,138,0,91,183,134,5,0,0,139,1,512,138,47
150016,150016,2048,0,1025,260,259,0,171,256,219,37,0,0,256,1,512,259,88
150016,150016,1024,0,513,143,142,0,84,186,129,14,0,0,143,1,512,142,58
150016,150016,4096,0,37,7,6,0,6,8,7,0,0,0,7,0,0,6,0
150017,150016,2048,1,1025,258,257,0,169,256,220,36,0,0,256,1,512,257,88
150017,150016,1024,1,513,140,139,0,83,183,127,13,0,0,140,1,512,139,56
150017,150016,4096,1,37,10,9,0,9,11,10,0,0,0,10,0,0,9,0
150144,150144,1024,0,513,138,137,0,90,194,129,9,0,0,138,1,512,137,47
150145,150144,1024,1,513,137,136,0,89,191,128,9,0,0,137,1,512,136,47
150272,150272,2048,0,1025,280,279,0,180,256,150,106,0,0,256,1,512,279,99
150272,150272,1024,0,513,141,141,0,74,192,133,8,0,0,141,1,512,141,67
150273,150272,2048,1,1025,278,277,0,178,256,166,90,0,0,256,1,512,277,99
150273,150272,1024,1,513,141,141,0,74,190,134,7,0,0,141,1,512,141,67
150400,150400,1024,0,513,145,144,0,91,190,137,8,0,0,145,1,512,144,53
150401,150400,1024,1,513,144,143,0,93,189,136,8,0,0,144,1,512,143,50
150528,150528,2048,0,1025,286,285,0,170,256,198,58,0,0,256,1,512,285,115
150528,150528,1024,0,513,138,137,0,76,192,132,6,0,0,138,1,512,137,61
150528,150528,4096,0,37,8,7,0,6,8,8,0,0,0,8,0,0,7,1
150529,150528,2048,1,1025,287,286,0,169,256,112,144,0,0,256,1,512,286,117
150529,150528,1024,1,513,136,135,0,75,191,131,5,0,0,136,1,512,135,60
150529,150528,4096,1,37,10,10,0,8,11,10,0,0,0,10,0,0,10,2
150656,150656,1024,0,513,141,140,0,90,187,132,9,0,0,141,1,512,140,50
150657,150656,1024,1,513,137,136,0,87,185,129,8,0,0,137,1,512,136,49
150784,150784,2048,0,1025,273,272,0,175,256,212,44,0,0,256,1,512,272,97
150784,150784,1024,0,513,136,136,0,84,185,128,8,0,0,136,1,512,136,52
150785,150784,2048,1,1025,272,271,0,176,256,216,40,0,0,256,1,512,271,95
150785,150784,1024,1,513,136,136,0,83,181,129,7,0,0,136,1,512,136,53
150912,150912,1024,0,513,135,135,0,78,186,127,8,0,0,135,1,512,135,57
150913,150912,1024,1,513,135,135,0,79,181,126,9,0,0,135,1,512,135,56
151040,151040,2048,0,1025,292,292,0,175,256,177,79,0,0,256,1,512,292,117
151040,151040,1024,0,513,141,141,0,79,183,127,14,0,0,141,1,512,141,62
151040,151040,4096,0,37,7,7,0,7,8,7,0,0,0,7,0,0,7,0
151041,151040,2048,1,1025,291,291,0,176,256,191,65,0,0,256,1,512,291,115
151041,151040,1024,1,513,141,141,0,80,179,127,14,0,0,141,1,512,141,61
151041,151040,4096,1,37,9,9,0,8,11,9,0,0,0,9,0,0,9,1
151168,151168,1024,0,513,144,144,0,91,191,136,8,0,0,144,1,512,144,53
151169,151168,1024,1,513,144,144,0,92,187,136,8,0,0,144,1,512,144,52
151296,151296,2048,0,1025,283,283,0,186,256,140,116,0,0,256,1,512,283,97
151296,151296,1024,0,513,138,138,0,84,190,132,6,0,0,138,1,512,138,54
151297,151296,2048,1,1025,280,280,0,185,256,157,99,0,0,256,1,512,280,95
151297,151296,1024,1,513,135,135,0,85,188,130,5,0,0,135,1,512,135,50
151424,151424,1024,0,513,134,134,0,84,191,130,4,0,0,134,1,512,134,50
151425,151424,1024,1,513,135,135,0,85,188,130,5,0,0,135,1,512,135,50
151552,151552,2048,0,1025,284,284,0,200,256,140,116,0,0,256,1,512,284,84
151552,151552,1024,0,513,144,144,0,85,180,133,11,0,0,144,1,512,144,59
151552,151552,4096,0,37,6,6,0,5,8,6,0,0,0,6,0,0,6,1
151553,151552,2048,1,1025,284,284,0,199,256,142,114,0,0,256,1,512,284,85
151553,151552,1024,1,513,145,145,0,87,179,135,10,0,0,145,1,512,145,58
151553,151552,4096,1,37,10,10,0,9,11,10,0,0,0,10,0,0,10,1
151680,151680,1024,0,513,141,140,0,93,186,133,8,0,0,141,1,512,140,47
151681,151680,1024,1,513,141,140,0,93,184,133,8,0,0,141,1,512,140,47
151808,151808,2048,0,1025,275,275,0,190,256,181,75,0,0,256,1,512,275,85
151808,151808,1024,0,513,139,138,0,87,185,133,6,0,0,139,1,512,138,51
151809,151808,2048,1,1025,274,274,0,191,256,181,75,0,0,256,1,512,274,83
151809,151808,1024,1,513,138,137,0,86,183,132,6,0,0,138,1,512,137,51
151936,151936,1024,0,513,145,144,0,87,186,138,7,0,0,145,1,512,144,57
151937,151936,1024,1,513,146,145,0,86,184,139,7,0,0,146,1,512,145,59
152064,152064,2048,0,1025,282,282,0,169,256,223,33,0,0,256,1,512,282,113
152064,152064,1024,0,513,139,138,0,93,185,132,7,0,0,139,1,512,138,45
152064,152064,4096,0,37,7,7,0,5,8,7,0,0,0,7,0,0,7,2
152065,152064,2048,1,1025,282,282,0,166,256,220,36,0,0,256,1,512,282,116
152065,152064,1024,1,513,139,138,0,94,184,131,8,0,0,139,1,512,138,44
152065,152064,4096,1,37,8,8,0,7,11,8,0,0,0,8,0,0,8,1
152192,152192,1024,0,513,146,145,0,92,183,138,8,0,0,146,1,512,145,53
152193,152192,1024,1,513,146,145,0,92,183,138,8,0,0,146,1,512,145,53
152320,152320,2048,0,1025,282,281,0,178,256,166,90,0,0,256,1,512,281,103
152320,152320,1024,0,513,140,139,0,90,185,136,4,0,0,140,1,512,139,49
152321,152320,2048,1,1025,281,280,0,178,256,169,87,0,0,256,1,512,280,102
152321,152320,1024,1,513,141,140,0,92,185,137,4,0,0,141,1,512,140,48
152448,152448,1024,0,513,131,131,0,82,181,129,2,0,0,131,1,512,131,49
152449,152448,1024,1,513,132,132,0,81,182,129,3,0,0,132,1,512,132,51
152576,152576,2048,0,1025,273,272,0,177,256,172,84,0,0,256,1,512,272,95
152576,152576,1024,0,513,140,140,0,81,176,130,10,0,0,140,1,512,140,59
152576,152576,4096,0,37,8,8,0,7,8,8,0,0,0,8,0,0,8,1
152577,152576,2048,1,1025,271,270,0,176,256,193,63,0,0,256,1,512,270,94
152577,152576,1024,1,513,140,140,0,78,177,129,11,0,0,140,1,512,140,62
152577,152576,4096,1,37,10,9,0,5,11,10,0,0,0,10,0,0,9,4
152704,152704,1024,0,513,142,142,0,94,183,131,11,0,0,142,1,512,142,48
152705,152704,1024,1,513,140,140,0,90,185,131,9,0,0,140,1,512,140,50
152832,152832,2048,0,1025,271,271,0,173,256,159,97,0,0,256,1,512,271,98
152832,152832,1024,0,513,132,132,0,93,183,128,4,0,0,132,1,512,132,39
152833,152832,2048,1,1025,268,268,0,172,256,169,87,0,0,256,1,512,268,96
152833,152832,1024,1,513,133,133,0,93,184,128,5,0,0,133,1,512,133,40
152960,152960,1024,0,513,141,141,0,83,176,131,10,0,0,141,1,512,141,58
152961,152960,1024,1,513,139,139,0,84,178,130,9,0,0,139,1,512,139,55
153088,153088,2048,0,1025,281,281,0,180,256,191,65,0,0,256,1,512,281,101
153088,153088,1024,0,513,139,139,0,89,178,130,9,0,0,139,1,512,139,50
153088,153088,4096,0,37,6,6,0,6,8,6,0,0,0,6,0,0,6,0
153089,153088,2048,1,1025,280,280,0,179,256,174,82,0,0,256,1,512,280,101
153089,153088,1024,1,513,139,139,0,89,178,130,9,0,0,139,1,512,139,50
153089,153088,4096,1,37,11,11,0,8,11,9,2,0,0,11,1,512,11,3
153216,153216,1024,0,513,143,143,0,86,181,134,9,0,0,143,1,512,143,57
153217,153216,1024,1,513,142,142,0,86,180,133,9,0,0,142,1,512,142,56
153344,153344,2048,0,1025,284,284,0,182,256,199,57,0,0,256,1,512,284,102
153344,153344,1024,0,513,137,137,0,82,187,133,4,0,0,137,1,512,137,55
153345,153344,2048,1,1025,285,285,0,182,256,188,68,0,0,256,1,512,285,103
153345,153344,1024,1,513,138,138,0,83,187,134,4,0,0,138,1,512,138,55
153472,153472,1024,0,513,146,146,0,98,185,139,7,0,0,146,1,512,146,48
153473,153472,1024,1,513,145,145,0,100,186,138,7,0,0,145,1,512,145,45
153600,153600,2048,0,1025,278,278,0,182,256,192,64,0,0,256,1,512,278,96
153600,153600,1024,0,513,148,148,0,94,183,140,8,0,0,148,1,512,148,54
153600,153600,4096,0,37,8,8,0,6,8,8,0,0,0,8,0,0,8,2
153601,153600,2048,1,1025,276,276,0,181,256,202,54,0,0,256,1,512,276,95
153601,153600,1024,1,513,147,147,0,92,184,140,7,0,0,147,1,512,147,55
153601,153600,4096,1,37,10,10,0,8,13,10,0,0,0,10,0,0,10,2
153728,153728,1024,0,513,142,142,0,89,183,136,6,0,0,142,1,512,142,53
153729,153728,1024,1,513,141,141,0,88,183,135,6,0,0,141,1,512,141,53
153856,153856,2048,0,1025,275,275,0,180,256,221,35,0,0,256,1,512,275,95
153856,153856,1024,0,513,143,143,0,94,183,132,11,0,0,143,1,512,143,49
153857,153856,2048,1,1025,275,275,0,179,256,219,37,0,0,256,1,512,275,96
153857,153856,1024,1,513,142,142,0,92,183,131,11,0,0,142,1,512,142,50
153984,153984,1024,0,513,149,149,0,85,189,142,7,0,0,149,1,512,149,64
153985,153984,1024,1,513,148,148,0,84,189,141,7,0,0,148,1,512,148,64
154112,154112,2048,0,1025,280,280,0,172,256,208,48,0,0,256,1,512,280,108
154112,154112,1024,0,513,146,146,0,102,191,141,5,0,0,146,1,512,146,44
154112,154112,4096,0,37,7,7,0,7,8,7,0,0,0,7,0,0,7,0
154113,154112,2048,1,1025,280,280,0,170,256,204,52,0,0,256,1,512,280,110
154113,154112,1024,1,513,146,146,0,104,190,141,5,0,0,146,1,512,146,42
154113,154112,4096,1,37,10,10,0,8,13,10,0,0,0,10,0,0,10,2
154240,154240,1024,0,513,129,129,0,86,191,127,2,0,0,129,1,512,129,43
154241,154240,1024,1,513,129,129,0,86,190,127,2,0,0,129,1,512,129,43
154368,154368,2048,0,1025,281,281,0,180,256,212,44,0,0,256,1,512,281,101
154368,154368,1024,0,513,139,138,0,93,182,128,11,0,0,139,1,512,138,45
154369,154368,2048,1,1025,279,279,0,178,256,219,37,0,0,256,1,512,279,101
154369,154368,1024,1,513,139,138,0,93,181,128,11,0,0,139,1,512,138,45
154496,154496,1024,0,513,139,138,0,94,184,135,4,0,0,139,1,512,138,44
154497,154496,1024,1,513,137,136,0,95,183,133,4,0,0,137,1,512,136,41
154624,154624,2048,0,1025,287,287,0,187,256,137,119,0,0,256,1,512,287,100
154624,154624,1024,0,513,144,144,0,87,180,129,15,0,0,144,1,512,144,57
154624,154624,4096,0,37,6,6,0,6,8,6,0,0,0,6,0,0,6,0
154625,154624,2048,1,1025,285,285,0,186,256,152,104,0,0,256,1,512,285,99
154625,154624,1024,1,513,143,143,0,86,180,129,14,0,0,143,1,512,143,57
154625,154624,4096,1,37,11,10,0,6,13,11,0,0,0,11,0,0,10,4
154752,154752,1024,0,513,146,146,0,88,182,140,6,0,0,146,1,512,146,58
154753,154752,1024,1,513,144,144,0,88,181,138,6,0,0,144,1,512,144,56
154880,154880,2048,0,1025,290,290,0,183,256,196,60,0,0,256,1,512,290,107
154880,154880,1024,0,513,141,141,0,97,185,130,11,0,0,141,1,512,141,44
154881,154880,2048,1,1025,289,289,0,181,256,198,58,0,0,256,1,512,289,108
154881,154880,1024,1,513,140,140,0,97,184,129,11,0,0,140,1,512,140,43
155008,155008,1024,0,513,137,137,0,77,189,128,9,0,0,137,1,512,137,60
155009,155008,1024,1,513,138,138,0,78,187,129,9,0,0,138,1,512,138,60
155136,155136,2048,0,1025,282,281,0,180,256,126,130,0,0,256,1,512,281,101
155136,155136,1024,0,513,139,138,0,80,191,128,11,0,0,139,1,512,138,58
155136,155136,4096,0,37,8,8,0,6,8,8,0,0,0,8,0,0,8,2
155137,155136,2048,1,1025,278,278,0,178,256,142,114,0,0,256,1,512,278,100
155137,155136,1024,1,513,138,137,0,80,189,127,11,0,0,138,1,512,137,57
155137,155136,4096,1,37,9,9,0,7,13,9,0,0,0,9,0,0,9,2
155264,155264,1024,0,513,145,144,0,99,196,136,9,0,0,145,1,512,144,45
155265,155264,1024,1,513,145,144,0,99,194,137,8,0,0,145,1,512,144,45
155392,155392,2048,0,1025,283,282,0,170,256,224,32,0,0,256,1,512,282,112
155392,155392,1024,0,513,147,146,0,89,195,142,5,0,0,147,1,512,146,57
155393,155392,2048,1,1025,281,281,0,167,256,221,35,0,0,256,1,512,281,114
155393,155392,1024,1,513,145,144,0,92,195,141,4,0,0,145,1,512,144,52
155520,155520,1024,0,513,150,149,0,91,185,140,10,0,0,150,1,512,149,58
155521,155520,1024,1,513,149,148,0,90,185,139,10,0,0,149,1,512,148,58
155648,155648,2048,0,1025,285,285,0,169,256,193,63,0,0,256,1,512,285,116
155648,155648,1024,0,513,146,145,0,106,187,135,11,0,0,146,1,512,145,39
155648,155648,4096,0,37,8,8,0,7,8,8,0,0,0,8,0,0,8,1
155649,155648,2048,1,1025,284,284,0,166,256,193,63,0,0,256,1,512,284,118
155649,155648,1024,1,513,143,142,0,103,187,134,9,0,0,143,1,512,142,39
155649,155648,4096,1,37,10,10,0,9,13,10,0,0,0,10,0,0,10,1
155776,155776,1024,0,513,141,141,0,92,192,130,11,0,0,141,1,512,141,49
155777,155776,1024,1,513,140,140,0,89,189,130,10,0,0,140,1,512,140,51
155904,155904,2048,0,1025,288,288,0,185,256,205,51,0,0,256,1,512,288,103
155904,155904,1024,0,513,140,140,0,86,196,134,6,0,0,140,1,512,140,54
155905,155904,2048,1,1025,286,286,0,183,256,203,53,0,0,256,1,512,286,103
155905,155904,1024,1,513,138,138,0,87,192,132,6,0,0,138,1,512,138,51
156032,156032,1024,0,513,138,138,0,89,194,133,5,0,0,138,1,512,138,49
156033,156032,1024,1,513,135,135,0,86,191,129,6,0,0,135,1,512,135,49
156160,156160,2048,0,1025,276,274,0,174,256,163,93,0,0,256,1,512,274,100
156160,156160,1024,0,513,142,142,0,100,191,138,4,0,0,142,1,512,142,42
156160,156160,4096,0,37,6,6,0,5,8,6,0,0,0,6,0,0,6,1
156161,156160,2048,1,1025,274,273,0,173,256,152,104,0,0,256,1,512,273,100
156161,156160,1024,1,513,141,141,0,97,189,137,4,0,0,141,1,512,141,44
156161,156160,4096,1,37,8,8,0,7,13,8,0,0,0,8,0,0,8,1
156288,156288,1024,0,513,146,146,0,86,189,135,11,0,0,146,1,512,146,60
156289,156288,1024,1,513,146,146,0,84,186,135,11,0,0,146,1,512,146,62
156416,156416,2048,0,1025,277,277,0,180,256,184,72,0,0,256,1,512,277,97
156416,156416,1024,0,513,141,141,0,89,189,133,8,0,0,141,1,512,141,52
156417,156416,2048,1,1025,274,274,0,175,256,204,52,0,0,256,1,512,274,99
156417,156416,1024,1,513,139,139,0,90,187,131,8,0,0,139,1,512,139,49
156544,156544,1024,0,513,141,140,0,86,187,134,7,0,0,141,1,512,140,54
156545,156544,1024,1,513,140,139,0,86,185,134,6,0,0,140,1,512,139,53
156672,156672,2048,0,1025,283,283,0,186,256,168,88,0,0,256,1,512,283,97
156672,156672,1024,0,513,139,138,0,88,190,129,10,0,0,139,1,512,138,50
156672,156672,4096,0,37,7,7,0,5,8,7,0,0,0,7,0,0,7,2
156673,156672,2048,1,1025,281,281,0,181,256,180,76,0,0,256,1,512,281,100
156673,156672,1024,1,513,138,137,0,88,187,128,10,0,0,138,1,512,137,49
156673,156672,4096,1,37,9,9,0,5,13,9,0,0,0,9,0,0,9,4
156800,156800,1024,0,513,145,144,0,87,191,140,5,0,0,145,1,512,144,57
156801,156800,1024,1,513,143,142,0,91,188,139,4,0,0,143,1,512,142,51
156928,156928,2048,0,1025,285,284,0,193,256,219,37,0,0,256,1,512,284,91
156928,156928,1024,0,513,144,144,0,86,186,135,9,0,0,144,1,512,144,58
156929,156928,2048,1,1025,282,282,0,192,256,218,38,0,0,256,1,512,282,90
156929,156928,1024,1,513,143,143,0,85,183,134,9,0,0,143,1,512,143,58
157056,157056,1024,0,513,135,135,0,89,186,127,8,0,0,135,1,512,135,46
157057,157056,1024,1,513,134,134,0,87,182,126,8,0,0,134,1,512,134,47
157184,157184,2048,0,1025,285,285,0,189,256,221,35,0,0,256,1,512,285,96
157184,157184,1024,0,513,139,139,0,96,191,132,7,0,0,139,1,512,139,43
157184,157184,4096,0,37,7,7,0,7,8,7,0,0,0,7,0,0,7,0
157185,157184,2048,1,1025,283,283,0,186,256,218,38,0,0,256,1,512,283,97
157185,157184,1024,1,513,138,138,0,95,188,131,7,0,0,138,1,512,138,43
157185,157184,4096,1,37,10,10,0,8,11,9,1,0,0,10,1,512,10,2
157312,157312,1024,0,513,135,134,0,86,187,128,7,0,0,135,1,512,134,48
157313,157312,1024,1,513,136,135,0,87,184,129,7,0,0,136,1,512,135,48
157440,157440,2048,0,1025,291,291,0,204,256,199,57,0,0,256,1,512,291,87
157440,157440,1024,0,513,135,134,0,81,181,127,8,0,0,135,1,512,134,53
157441,157440,2048,1,1025,289,289,0,201,256,193,63,0,0,256,1,512,289,88
157441,157440,1024,1,513,133,132,0,81,179,125,8,0,0,133,1,512,132,51
157568,157568,1024,0,513,146,145,0,92,175,133,13,0,0,146,1,512,145,53
157569,157568,1024,1,513,144,143,0,90,173,132,12,0,0,144,1,512,143,53
157696,157696,2048,0,1025,278,278,0,186,256,171,85,0,0,256,1,512,278,92
157696,157696,1024,0,513,142,141,0,94,184,136,6,0,0,142,1,512,141,47
157696,157696,4096,0,37,6,6,0,6,8,6,0,0,0,6,0,0,6,0
157697,157696,2048,1,1025,277,277,0,184,256,170,86,0,0,256,1,512,277,93
157697,157696,1024,1,513,141,140,0,94,182,135,6,0,0,141,1,512,140,46
157697,157696,4096,1,37,8,8,0,5,12,8,0,0,0,8,0,0,8,3
157824,157824,1024,0,513,141,140,0,82,183,133,8,0,0,141,1,512,140,58
157825,157824,1024,1,513,141,140,0,82,181,132,9,0,0,141,1,512,140,58
157952,157952,2048,0,1025,277,277,0,169,256,152,104,0,0,256,1,512,277,108
157952,157952,1024,0,513,139,138,0,94,184,126,13,0,0,139,1,512,138,44
157953,157952,2048,1,1025,276,276,0,169,256,144,112,0,0,256,1,512,276,107
157953,157952,1024,1,513,139,138,0,92,184,126,13,0,0,139,1,512,138,46
158080,158080,1024,0,513,141,140,0,84,189,136,5,0,0,141,1,512,140,56
158081,158080,1024,1,513,140,139,0,83,189,135,5,0,0,140,1,512,139,56
158208,158208,2048,0,1025,274,273,0,176,256,160,96,0,0,256,1,512,273,97
158208,158208,1024,0,513,143,142,0,82,190,138,5,0,0,143,1,512,142,60
158208,158208,4096,0,37,7,7,0,5,8,7,0,0,0,7,0,0,7,2
158209,158208,2048,1,1025,271,270,0,175,256,169,87,0,0,256,1,512,270,95
158209,158208,1024,1,513,144,143,0,84,190,139,5,0,0,144,1,512,143,59
158209,158208,4096,1,37,9,9,0,8,12,9,0,0,0,9,0,0,9,1
158336,158336,1024,0,513,136,136,0,84,183,129,7,0,0,136,1,512,136,52
158337,158336,1024,1,513,133,133,0,85,185,127,6,0,0,133,1,512,133,48
158464,158464,2048,0,1025,279,278,0,164,256,225,31,0,0,256,1,512,278,114
158464,158464,1024,0,513,137,137,0,88,181,131,6,0,0,137,1,512,137,49
158465,158464,2048,1,1025,278,277,0,160,256,196,60,0,0,256,1,512,277,117
158465,158464,1024,1,513,137,137,0,87,182,131,6,0,0,137,1,512,137,50
158592,158592,1024,0,513,143,143,0,80,182,136,7,0,0,143,1,512,143,63
158593,158592,1024,1,513,142,142,0,82,181,135,7,0,0,142,1,512,142,60
158720,158720,2048,0,1025,276,275,0,176,256,141,115,0,0,256,1,512,275,99
158720,158720,1024,0,513,149,149,0,91,186,139,10,0,0,149,1,512,149,58
158720,158720,4096,0,37,7,7,0,7,7,7,0,0,0,7,0,0,7,0
158721,158720,2048,1,1025,275,274,0,177,256,142,114,0,0,256,1,512,274,97
158721,158720,1024,1,513,147,147,0,88,185,137,10,0,0,147,1,512,147,59
158721,158720,4096,1,37,9,9,0,8,12,9,0,0,0,9,0,0,9,1
158848,158848,1024,0,513,145,145,0,100,189,139,6,0,0,145,1,512,145,45
158849,158848,1024,1,513,144,144,0,100,187,137,7,0,0,144,1,512,144,44
158976,158976,2048,0,1025,288,287,0,183,256,190,66,0,0,256,1,512,287,104
158976,158976,1024,0,513,145,144,0,95,190,138,7,0,0,145,1,512,144,49
158977,158976,2048,1,1025,286,285,0,182,256,213,43,0,0,256,1,512,285,103
158977,158976,1024,1,513,145,144,0,96,189,139,6,0,0,145,1,512,144,48
159104,159104,1024,0,513,137,137,0,89,190,129,8,0,0,137,1,512,137,48
159105,159104,1024,1,513,136,136,0,89,188,129,7,0,0,136,1,512,136,47
159232,159232,2048,0,1025,282,281,0,167,256,129,127,0,0,256,1,512,281,114
159232,159232,1024,0,513,144,144,0,84,191,135,9,0,0,144,1,512,144,60
159232,159232,4096,0,37,7,6,0,6,7,6,1,0,0,7,1,512,6,0
159233,159232,2048,1,1025,280,279,0,167,256,124,132,0,0,256,1,512,279,112
159233,159232,1024,1,513,144,144,0,85,188,135,9,0,0,144,1,512,144,59
159233,159232,4096,1,37,10,10,0,8,12,9,1,0,0,10,1,512,10,2
159360,159360,1024,0,513,145,145,0,88,194,132,13,0,0,145,1,512,145,57
159361,159360,1024,1,513,145,145,0,90,192,133,12,0,0,145,1,512,145,55
159488,159488,2048,0,1025,282,281,0,176,256,164,92,0,0,256,1,512,281,105
159488,159488,1024,0,513,143,143,0,92,199,137,6,0,0,143,1,512,143,51
159489,159488,2048,1,1025,280,279,0,175,256,181,75,0,0,256,1,512,279,104
159489,159488,1024,1,513,138,138,0,91,196,135,3,0,0,138,1,512,138,47
159616,159616,1024,0,513,148,147,0,85,191,138,10,0,0,148,1,512,147,62
159617,159616,1024,1,513,146,145,0,84,187,136,10,0,0,146,1,512,145,61
159744,159744,2048,0,1025,287,287,0,181,256,154,102,0,0,256,1,512,287,106
159744,159744,1024,0,513,145,144,0,96,192,141,4,0,0,145,1,512,144,48
159744,159744,4096,0,37,8,7,0,6,8,8,0,0,0,8,0,0,7,1
159745,159744,2048,1,1025,288,288,0,179,256,131,125,0,0,256,1,512,288,109
159745,159744,1024,1,513,144,143,0,94,188,141,3,0,0,144,1,512,143,49
159745,159744,4096,1,37,10,9,0,8,12,10,0,0,0,10,0,0,9,1
159872,159872,1024,0,513,141,141,0,84,189,132,9,0,0,141,1,512,141,57
159873,159872,1024,1,513,138,138,0,81,184,129,9,0,0,138,1,512,138,57
160000,160000,2048,0,1025,276,276,0,169,256,200,56,0,0,256,1,512,276,107
160000,160000,1024,0,513,147,146,0,95,194,140,7,0,0,147,1,512,146,51
160001,160000,2048,1,1025,275,275,0,170,256,202,54,0,0,256,1,512,275,105
160001,160000,1024,1,513,145,144,0,95,189,137,8,0,0,145,1,512,144,49
160128,160128,1024,0,513,140,139,0,88,196,133,7,0,0,140,1,512,139,51
160129,160128,1024,1,513,136,135,0,85,193,129,7,0,0,136,1,512,135,50
160256,160256,2048,0,1025,277,276,0,162,256,152,104,0,0,256,1,512,276,114
160256,160256,1024,0,513,137,136,0,96,195,132,5,0,0,137,1,512,136,40
160256,160256,4096,0,37,8,7,0,6,8,8,0,0,0,8,0,0,7,1
160257,160256,2048,1,1025,276,275,0,159,256,152,104,0,0,256,1,512,275,116
160257,160256,1024,1,513,136,135,0,92,192,131,5,0,0,136,1,512,135,43
160257,160256,4096,1,37,11,10,0,8,12,11,0,0,0,11,0,0,10,2
160384,160384,1024,0,513,141,140,0,94,193,132,9,0,0,141,1,512,140,46
160385,160384,1024,1,513,139,138,0,92,188,130,9,0,0,139,1,512,138,46
160512,160512,2048,0,1025,285,284,0,181,256,221,35,0,0,256,1,512,284,103
160512,160512,1024,0,513,139,138,0,90,189,135,4,0,0,139,1,512,138,48
160513,160512,2048,1,1025,286,285,0,181,256,217,39,0,0,256,1,512,285,104
160513,160512,1024,1,513,138,137,0,91,186,134,4,0,0,138,1,512,137,46
160640,160640,1024,0,513,140,139,0,83,180,129,11,0,0,140,1,512,139,56
160641,160640,1024,1,513,138,137,0,83,179,128,10,0,0,138,1,512,137,54
160768,160768,2048,0,1025,272,271,0,183,256,201,55,0,0,256,1,512,271,88
160768,160768,1024,0,513,140,139,0,87,182,135,5,0,0,140,1,512,139,52
160768,160768,4096,0,37,7,7,0,5,8,7,0,0,0,7,0,0,7,2
160769,160768,2048,1,1025,273,272,0,185,256,189,67,0,0,256,1,512,272,87
160769,160768,1024,1,513,140,139,0,87,180,134,6,0,0,140,1,512,139,52
160769,160768,4096,1,37,9,8,0,6,12,9,0,0,0,9,0,0,8,2
160896,160896,1024,0,513,146,145,0,95,180,136,10,0,0,146,1,512,145,50
160897,160896,1024,1,513,144,143,0,94,179,135,9,0,0,144,1,512,143,49
161024,161024,2048,0,1025,283,282,0,169,256,159,97,0,0,256,1,512,282,113
161024,161024,1024,0,513,145,144,0,95,186,139,6,0,0,145,1,512,144,49
161025,161024,2048,1,1025,280,279,0,166,256,176,80,0,0,256,1,512,279,113
161025,161024,1024,1,513,145,144,0,94,183,138,7,0,0,145,1,512,144,50
161152,161152,1024,0,513,145,144,0,86,182,133,12,0,0,145,1,512,144,58
161153,161152,1024,1,513,144,143,0,87,180,132,12,0,0,144,1,512,143,56
161280,161280,2048,0,1025,278,277,0,176,256,218,38,0,0,256,1,512,277,101
161280,161280,1024,0,513,144,143,0,81,187,134,10,0,0,144,1,512,143,62
161280,161280,4096,0,37,7,6,0,5,8,7,0,0,0,7,0,0,6,1
161281,161280,2048,1,1025,275,274,0,175,256,222,34,0,0,256,1,512,274,99
161281,161280,1024,1,513,143,142,0,81,186,134,9,0,0,143,1,512,142,61
161281,161280,4096,1,37,11,10,0,6,12,11,0,0,0,11,0,0,10,4
161408,161408,1024,0,513,154,154,0,93,192,142,12,0,0,154,1,512,154,61
161409,161408,1024,1,513,149,149,0,88,190,137,12,0,0,149,1,512,149,61
161536,161536,2048,0,1025,279,278,0,179,256,213,43,0,0,256,1,512,278,99
161536,161536,1024,0,513,141,141,0,81,196,137,4,0,0,141,1,512,141,60
161537,161536,2048,1,1025,279,278,0,178,256,194,62,0,0,256,1,512,278,100
161537,161536,1024,1,513,140,140,0,80,195,136,4,0,0,140,1,512,140,60
161664,161664,1024,0,513,139,139,0,96,193,134,5,0,0,139,1,512,139,43
161665,161664,1024,1,513,141,141,0,97,192,136,5,0,0,141,1,512,141,44
161792,161792,2048,0,1025,293,293,0,183,256,151,105,0,0,256,1,512,293,110
161792,161792,1024,0,513,145,144,0,87,188,136,9,0,0,145,1,512,144,57
161792,161792,4096,0,37,8,7,0,6,8,8,0,0,0,8,0,0,7,1
161793,161792,2048,1,1025,291,291,0,181,256,163,93,0,0,256,1,512,291,110
161793,161792,1024,1,513,144,143,0,88,188,136,8,0,0,144,1,512,143,55
161793,161792,4096,1,37,10,9,0,8,12,9,1,0,0,10,1,512,9,1
161920,161920,1024,0,513,142,141,0,94,192,135,7,0,0,142,1,512,141,47
161921,161920,1024,1,513,141,140,0,94,191,134,7,0,0,141,1,512,140,46
162048,162048,2048,0,1025,289,289,0,166,256,179,77,0,0,256,1,512,289,123
162048,162048,1024,0,513,137,137,0,92,186,130,7,0,0,137,1,512,137,45
162049,162048,2048,1,1025,289,289,0,165,256,136,120,0,0,256,1,512,289,124
162049,162048,1024,1,513,135,135,0,88,185,128,7,0,0,135,1,512,135,47
162176,162176,1024,0,513,138,138,0,89,184,132,6,0,0,138,1,512,138,49
162177,162176,1024,1,513,137,137,0,88,184,131,6,0,0,137,1,512,137,49
162304,162304,2048,0,1025,278,278,0,190,256,163,93,0,0,256,1,512,278,88
162304,162304,1024,0,513,139,139,0,82,181,134,5,0,0,139,1,512,139,57
162304,162304,4096,0,37,8,7,0,6,8,7,1,0,0,8,1,512,7,1
162305,162304,2048,1,1025,277,277,0,189,256,173,83,0,0,256,1,512,277,88
162305,162304,1024,1,513,136,136,0,81,182,132,4,0,0,136,1,512,136,55
162305,162304,4096,1,37,10,9,0,6,13,10,0,0,0,10,0,0,9,3
162432,162432,1024,0,513,139,139,0,78,180,134,5,0,0,139,1,512,139,61
162433,162432,1024,1,513,136,136,0,74,180,132,4,0,0,136,1,512,136,62
162560,162560,2048,0,1025,285,285,0,177,256,201,55,0,0,256,1,512,285,108
162560,162560,1024,0,513,139,139,0,89,178,132,7,0,0,139,1,512,139,50
162561,162560,2048,1,1025,284,284,0,176,256,190,66,0,0,256,1,512,284,108
162561,162560,1024,1,513,137,137,0,86,176,131,6,0,0,137,1,512,137,51
162688,162688,1024,0,513,137,137,0,87,178,129,8,0,0,137,1,512,137,50
162689,162688,1024,1,513,136,136,0,87,176,129,7,0,0,136,1,512,136,49
162816,162816,2048,0,1025,288,288,0,178,256,211,45,0,0,256,1,512,288,110
162816,162816,1024,0,513,142,142,0,82,178,130,12,0,0,142,1,512,142,60
162816,162816,4096,0,37,7,6,0,5,9,7,0,0,0,7,0,0,6,1
162817,162816,2048,1,1025,287,287,0,176,256,214,42,0,0,256,1,512,287,111
162817,162816,1024,1,513,139,139,0,79,175,127,12,0,0,139,1,512,139,60
162817,162816,4096,1,37,8,7,0,5,12,8,0,0,0,8,0,0,7,2
162944,162944,1024,0,513,146,146,0,101,184,140,6,0,0,146,1,512,146,45
162945,162944,1024,1,513,144,144,0,100,180,138,6,0,0,144,1,512,144,44
163072,163072,2048,0,1025,277,276,0,176,256,177,79,0,0,256,1,512,276,100
163072,163072,1024,0,513,133,133,0,91,181,128,5,0,0,133,1,512,133,42
163073,163072,2048,1,1025,276,276,0,175,256,180,76,0,0,256,1,512,276,101
163073,163072,1024,1,513,131,131,0,90,178,126,5,0,0,131,1,512,131,41
163200,163200,1024,0,513,142,142,0,84,177,130,12,0,0,142,1,512,142,58
163201,163200,1024,1,513,141,141,0,81,175,129,12,0,0,141,1,512,141,60
163328,163328,2048,0,1025,283,282,0,188,256,148,108,0,0,256,1,512,282,94
163328,163328,1024,0,513,150,149,0,96,181,138,12,0,0,150,1,512,149,53
163328,163328,4096,0,37,7,6,0,6,9,7,0,0,0,7,0,0,6,0
163329,163328,2048,1,1025,280,279,0,186,256,205,51,0,0,256,1,512,279,93
163329,163328,1024,1,513,150,149,0,96,178,137,13,0,0,150,1,512,149,53
163329,163328,4096,1,37,10,9,0,6,12,10,0,0,0,10,0,0,9,3
163456,163456,1024,0,513,143,142,0,90,187,137,6,0,0,143,1,512,142,52
163457,163456,1024,1,513,142,141,0,89,185,136,6,0,0,142,1,512,141,52
163584,163584,2048,0,1025,281,280,0,176,256,196,60,0,0,256,1,512,280,104
163584,163584,1024,0,513,142,141,0,86,188,136,6,0,0,142,1,512,141,55
163585,163584,2048,1,1025,279,278,0,176,256,183,73,0,0,256,1,512,278,102
163585,163584,1024,1,513,140,139,0,86,188,135,5,0,0,140,1,512,139,53
163712,163712,1024,0,513,140,139,0,86,187,133,7,0,0,140,1,512,139,53
163713,163712,1024,1,513,138,137,0,88,186,131,7,0,0,138,1,512,137,49
163840,163840,2048,0,1025,285,284,0,185,256,181,75,0,0,256,1,512,284,99
163840,163840,1024,0,513,147,146,0,82,186,137,10,0,0,147,1,512,146,64
163840,163840,4096,0,37,7,6,0,5,9,7,0,0,0,7,0,0,6,1
163841,163840,2048,1,1025,283,282,0,183,256,179,77,0,0,256,1,512,282,99
163841,163840,1024,1,513,145,144,0,81,185,135,10,0,0,145,1,512,144,63
163841,163840,4096,1,37,8,7,0,6,12,8,0,0,0,8,0,0,7,1
163968,163968,1024,0,513,141,140,0,93,188,134,7,0,0,141,1,512,140,47
163969,163968,1024,1,513,140,139,0,93,187,132,8,0,0,140,1,512,139,46
164096,164096,2048,0,1025,283,281,0,170,256,170,86,0,0,256,1,512,281,111
164096,164096,1024,0,513,135,134,0,70,186,129,6,0,0,135,1,512,134,64
164097,164096,2048,1,1025,280,279,0,169,256,176,80,0,0,256,1,512,279,110
164097,164096,1024,1,513,136,135,0,72,186,130,6,0,0,136,1,512,135,63
164224,164224,1024,0,513,147,146,0,96,186,137,10,0,0,147,1,512,146,50
164225,164224,1024,1,513,146,145,0,96,186,136,10,0,0,146,1,512,145,49
164352,164352,2048,0,1025,282,281,0,167,256,212,44,0,0,256,1,512,281,114
164352,164352,1024,0,513,146,145,0,89,191,136,10,0,0,146,1,512,145,56
164352,164352,4096,0,37,8,7,0,6,9,8,0,0,0,8,0,0,7,1
164353,164352,2048,1,1025,280,279,0,167,256,213,43,0,0,256,1,512,279,112
164353,164352,1024,1,513,142,141,0,88,190,134,8,0,0,142,1,512,141,53
164353,164352,4096,1,37,9,8,0,6,12,9,0,0,0,9,0,0,8,2
164480,164480,1024,0,513,134,133,0,86,186,131,3,0,0,134,1,512,133,47
164481,164480,1024,1,513,133,132,0,83,184,129,4,0,0,133,1,512,132,49
164608,164608,2048,0,1025,282,281,0,186,256,207,49,0,0,256,1,512,281,95
164608,164608,1024,0,513,140,139,0,101,181,136,4,0,0,140,1,512,139,38
164609,164608,2048,1,1025,282,281,0,185,256,184,72,0,0,256,1,512,281,96
164609,164608,1024,1,513,140,139,0,101,180,136,4,0,0,140,1,512,139,38
164736,164736,1024,0,513,142,142,0,86,182,137,5,0,0,142,1,512,142,56
164737,164736,1024,1,513,140,140,0,84,182,135,5,0,0,140,1,512,140,56
164864,164864,2048,0,1025,281,279,0,167,256,182,74,0,0,256,1,512,279,112
164864,164864,1024,0,513,148,148,0,94,179,139,9,0,0,148,1,512,148,54
164864,164864,4096,0,37,8,7,0,6,8,8,0,0,0,8,0,0,7,1
164865,164864,2048,1,1025,278,277,0,166,256,192,64,0,0,256,1,512,277,111
164865,164864,1024,1,513,145,145,0,91,179,136,9,0,0,145,1,512,145,54
164865,164864,4096,1,37,10,9,0,8,10,9,1,0,0,10,1,512,9,1
164992,164992,1024,0,513,146,146,0,99,177,142,4,0,0,146,1,512,146,47
164993,164992,1024,1,513,145,145,0,95,177,141,4,0,0,145,1,512,145,50
165120,165120,2048,0,1025,278,277,0,179,256,178,78,0,0,256,1,512,277,98
165120,165120,1024,0,513,145,145,0,84,177,135,10,0,0,145,1,512,145,61
165121,165120,2048,1,1025,276,275,0,178,256,194,62,0,0,256,1,512,275,97
165121,165120,1024,1,513,145,145,0,84,177,135,10,0,0,145,1,512,145,61
165248,165248,1024,0,513,139,138,0,89,180,134,5,0,0,139,1,512,138,49
165249,165248,1024,1,513,138,137,0,87,181,133,5,0,0,138,1,512,137,50
165376,165376,2048,0,1025,275,275,0,179,256,222,34,0,0,256,1,512,275,96
165376,165376,1024,0,513,138,138,0,78,182,131,7,0,0,138,1,512,138,60
165376,165376,4096,0,37,7,6,0,5,8,7,0,0,0,7,0,0,6,1
165377,165376,2048,1,1025,272,272,0,178,256,221,35,0,0,256,1,512,272,94
165377,165376,1024,1,513,136,136,0,78,182,128,8,0,0,136,1,512,136,58
165377,165376,4096,1,37,10,9,0,8,11,10,0,0,0,10,0,0,9,1
165504,165504,1024,0,513,135,135,0,93,183,127,8,0,0,135,1,512,135,42
165505,165504,1024,1,513,133,133,0,88,184,126,7,0,0,133,1,512,133,45
165632,165632,2048,0,1025,277,277,0,175,256,206,50,0,0,256,1,512,277,102
165632,165632,1024,0,513,136,136,0,83,184,129,7,0,0,136,1,512,136,53
165633,165632,2048,1,1025,277,277,0,172,256,203,53,0,0,256,1,512,277,105
165633,165632,1024,1,513,134,134,0,83,183,129,5,0,0,134,1,512,134,51
165760,165760,1024,0,513,139,139,0,82,185,135,4,0,0,139,1,512,139,57
165761,165760,1024,1,513,138,138,0,81,183,134,4,0,0,138,1,512,138,57
165888,165888,2048,0,1025,280,280,0,170,256,179,77,0,0,256,1,512,280,110
165888,165888,1024,0,513,143,143,0,93,176,134,9,0,0,143,1,512,143,50
165888,165888,4096,0,37,7,6,0,5,8,7,0,0,0,7,0,0,6,1
165889,165888,2048,1,1025,279,279,0,169,256,171,85,0,0,256,1,512,279,110
165889,165888,1024,1,513,140,140,0,93,173,131,9,0,0,140,1,512,140,47
165889,165888,4096,1,37,9,9,0,7,10,8,1,0,0,9,1,512,9,2
166016,166016,1024,0,513,136,136,0,79,177,129,7,0,0,136,1,512,136,57
166017,166016,1024,1,513,137,137,0,79,174,130,7,0,0,137,1,512,137,58
166144,166144,2048,0,1025,291,291,0,185,256,82,174,0,0,256,1,512,291,106
166144,166144,1024,0,513,136,136,0,83,180,129,7,0,0,136,1,512,136,53
166145,166144,2048,1,1025,291,291,0,181,256,56,200,0,0,256,1,512,291,110
166145,166144,1024,1,513,134,134,0,82,176,127,7,0,0,134,1,512,134,52
166272,166272,1024,0,513,135,135,0,88,183,127,8,0,0,135,1,512,135,47
166273,166272,1024,1,513,133,133,0,86,179,126,7,0,0,133,1,512,133,47
166400,166400,2048,0,1025,285,284,0,183,256,221,35,0,0,256,1,512,284,101
166400,166400,1024,0,513,133,133,0,82,188,125,8,0,0,133,1,512,133,51
166400,166400,4096,0,37,7,7,0,6,8,6,1,0,0,7,1,512,7,1
166401,166400,2048,1,1025,284,283,0,185,256,221,35,0,0,256,1,512,283,98
166401,166400,1024,1,513,132,132,0,81,184,125,7,0,0,132,1,512,132,51
166401,166400,4096,1,37,10,9,0,5,11,9,1,0,0,10,1,512,9,4
166528,166528,1024,0,513,142,142,0,87,189,134,8,0,0,142,1,512,142,55
166529,166528,1024,1,513,140,140,0,87,185,133,7,0,0,140,1,512,140,53
166656,166656,2048,0,1025,290,290,0,194,256,203,53,0,0,256,1,512,290,96
166656,166656,1024,0,513,140,140,0,95,184,135,5,0,0,140,1,512,140,45
166657,166656,2048,1,1025,290,290,0,195,256,204,52,0,0,256,1,512,290,95
166657,166656,1024,1,513,137,137,0,94,179,131,6,0,0,137,1,512,137,43
166784,166784,1024,0,513,137,136,0,81,179,130,7,0,0,137,1,512,136,55
166785,166784,1024,1,513,136,135,0,80,176,128,8,0,0,136,1,512,135,55
166912,166912,2048,0,1025,286,286,0,186,256,215,41,0,0,256,1,512,286,100
166912,166912,1024,0,513,142,142,0,88,179,130,12,0,0,142,1,512,142,54
166912,166912,4096,0,37,8,7,0,6,9,8,0,0,0,8,0,0,7,1
166913,166912,2048,1,1025,285,285,0,187,256,214,42,0,0,256,1,512,285,98
166913,166912,1024,1,513,142,142,0,85,178,128,14,0,0,142,1,512,142,57
166913,166912,4096,1,37,9,8,0,8,12,9,0,0,0,9,0,0,8,0
167040,167040,1024,0,513,132,132,0,80,186,126,6,0,0,132,1,512,132,52
167041,167040,1024,1,513,132,132,0,81,187,126,6,0,0,132,1,512,132,51
167168,167168,2048,0,1025,284,283,0,169,256,167,89,0,0,256,1,512,283,114
167168,167168,1024,0,513,139,139,0,84,185,131,8,0,0,139,1,512,139,55
167169,167168,2048,1,1025,279,279,0,167,256,175,81,0,0,256,1,512,279,112
167169,167168,1024,1,513,138,138,0,84,185,130,8,0,0,138,1,512,138,54
167296,167296,1024,0,513,148,148,0,96,182,135,13,0,0,148,1,512,148,52
167297,167296,1024,1,513,145,145,0,94,183,134,11,0,0,145,1,512,145,51
167424,167424,2048,0,1025,274,274,0,169,256,183,73,0,0,256,1,512,274,105
167424,167424,1024,0,513,143,142,0,90,189,134,9,0,0,143,1,512,142,52
167424,167424,4096,0,37,6,6,0,5,9,6,0,0,0,6,0,0,6,1
167425,167424,2048,1,1025,272,272,0,165,256,176,80,0,0,256,1,512,272,107
167425,167424,1024,1,513,142,141,0,91,188,133,9,0,0,142,1,512,141,50
167425,167424,4096,1,37,10,9,0,7,12,10,0,0,0,10,0,0,9,2
167552,167552,1024,0,513,139,138,0,93,182,131,8,0,0,139,1,512,138,45
167553,167552,1024,1,513,139,138,0,93,181,131,8,0,0,139,1,512,138,45
167680,167680,2048,0,1025,284,283,0,172,256,82,174,0,0,256,1,512,283,111
167680,167680,1024,0,513,150,149,0,87,185,138,12,0,0,150,1,512,149,62
167681,167680,2048,1,1025,282,282,0,170,256,95,161,0,0,256,1,512,282,112
167681,167680,1024,1,513,150,149,0,87,184,138,12,0,0,150,1,512,149,62
167808,167808,1024,0,513,147,146,0,106,191,141,6,0,0,147,1,512,146,40
167809,167808,1024,1,513,146,145,0,105,189,140,6,0,0,146,1,512,145,40
167936,167936,2048,0,1025,284,283,0,172,256,214,42,0,0,256,1,512,283,111
167936,167936,1024,0,513,148,147,0,101,189,138,10,0,0,148,1,512,147,46
167936,167936,4096,0,37,8,8,0,6,9,8,0,0,0,8,0,0,8,2
167937,167936,2048,1,1025,281,280,0,172,256,218,38,0,0,256,1,512,280,108
167937,167936,1024,1,513,149,148,0,100,187,138,11,0,0,149,1,512,148,48
167937,167936,4096,1,37,8,7,0,5,12,8,0,0,0,8,0,0,7,2
168064,168064,1024,0,513,140,139,0,87,191,133,7,0,0,140,1,512,139,52
168065,168064,1024,1,513,140,139,0,82,191,133,7,0,0,140,1,512,139,57
168192,168192,2048,0,1025,275,274,0,186,256,211,45,0,0,256,1,512,274,88
168192,168192,1024,0,513,139,139,0,81,188,130,9,0,0,139,1,512,139,58
168193,168192,2048,1,1025,275,274,0,182,256,190,66,0,0,256,1,512,274,92
168193,168192,1024,1,513,141,141,0,82,189,131,10,0,0,141,1,512,141,59
168320,168320,1024,0,513,147,147,0,85,189,135,12,0,0,147,1,512,147,62
168321,168320,1024,1,513,145,145,0,86,192,135,10,0,0,145,1,512,145,59
168448,168448,2048,0,1025,281,280,0,192,256,175,81,0,0,256,1,512,280,88
168448,168448,1024,0,513,144,144,0,94,192,138,6,0,0,144,1,512,144,50
168448,168448,4096,0,37,7,6,0,6,9,7,0,0,0,7,0,0,6,0
168449,168448,2048,1,1025,278,277,0,190,256,188,68,0,0,256,1,512,277,87
168449,168448,1024,1,513,142,142,0,89,194,137,5,0,0,142,1,512,142,53
168449,168448,4096,1,37,10,9,0,6,12,9,1,0,0,10,1,512,9,3
168576,168576,1024,0,513,140,140,0,86,188,131,9,0,0,140,1,512,140,54
168577,168576,1024,1,513,137,137,0,86,187,129,8,0,0,137,1,512,137,51
168704,168704,2048,0,1025,285,285,0,174,256,211,45,0,0,256,1,512,285,111
168704,168704,1024,0,513,145,145,0,92,189,134,11,0,0,145,1,512,145,53
168705,168704,2048,1,1025,284,284,0,173,256,180,76,0,0,256,1,512,284,111
168705,168704,1024,1,513,142,142,0,91,186,132,10,0,0,142,1,512,142,51
168832,168832,1024,0,513,139,139,0,92,193,135,4,0,0,139,1,512,139,47
168833,168832,1024,1,513,138,138,0,90,189,134,4,0,0,138,1,512,138,48
168960,168960,2048,0,1025,290,290,0,190,256,154,102,0,0,256,1,512,290,100
168960,168960,1024,0,513,140,140,0,82,191,133,7,0,0,140,1,512,140,58
168960,168960,4096,0,37,7,7,0,5,9,7,0,0,0,7,0,0,7,2
168961,168960,2048,1,1025,287,287,0,188,256,164,92,0,0,256,1,512,287,99
168961,168960,1024,1,513,139,139,0,83,187,132,7,0,0,139,1,512,139,56
168961,168960,4096,1,37,10,10,0,7,12,10,0,0,0,10,0,0,10,3
169088,169088,1024,0,513,144,143,0,88,188,138,6,0,0,144,1,512,143,55
169089,169088,1024,1,513,143,142,0,91,184,137,6,0,0,143,1,512,142,51
169216,169216,2048,0,1025,280,279,0,174,256,216,40,0,0,256,1,512,279,105
169216,169216,1024,0,513,147,146,0,83,188,136,11,0,0,147,1,512,146,63
169217,169216,2048,1,1025,278,278,0,172,256,213,43,0,0,256,1,512,278,106
169217,169216,1024,1,513,148,147,0,80,183,137,11,0,0,148,1,512,147,67
169344,169344,1024,0,513,142,142,0,89,192,134,8,0,0,142,1,512,142,53
169345,169344,1024,1,513,141,141,0,89,188,133,8,0,0,141,1,512,141,52
169472,169472,2048,0,1025,282,282,0,175,256,205,51,0,0,256,1,512,282,107
169472,169472,1024,0,513,139,139,0,87,193,133,6,0,0,139,1,512,139,52
169472,169472,4096,0,37,7,7,0,6,9,7,0,0,0,7,0,0,7,1
169473,169472,2048,1,1025,279,279,0,174,256,206,50,0,0,256,1,512,279,105
169473,169472,1024,1,513,138,138,0,87,191,132,6,0,0,138,1,512,138,51
169473,169472,4096,1,37,9,9,0,8,12,8,1,0,0,9,1,512,9,1
169600,169600,1024,0,513,145,145,0,95,192,139,6,0,0,145,1,512,145,50
169601,169600,1024,1,513,144,144,0,93,191,139,5,0,0,144,1,512,144,51
169728,169728,2048,0,1025,283,283,0,186,256,184,72,0,0,256,1,512,283,97
169728,169728,1024,0,513,141,141,0,94,189,131,10,0,0,141,1,512,141,47
169729,169728,2048,1,1025,283,283,0,186,256,164,92,0,0,256,1,512,283,97
169729,169728,1024,1,513,139,139,0,95,187,130,9,0,0,139,1,512,139,44
169856,169856,1024,0,513,140,139,0,89,185,131,9,0,0,140,1,512,139,50
169857,169856,1024,1,513,140,139,0,87,182,130,10,0,0,140,1,512,139,52
169984,169984,2048,0,1025,286,286,0,181,256,189,67,0,0,256,1,512,286,105
169984,169984,1024,0,513,141,140,0,86,186,135,6,0,0,141,1,512,140,54
169984,169984,4096,0,37,7,7,0,6,9,7,0,0,0,7,0,0,7,1
169985,169984,2048,1,1025,283,283,0,179,256,196,60,0,0,256,1,512,283,104
169985,169984,1024,1,513,140,139,0,86,184,134,6,0,0,140,1,512,139,53
169985,169984,4096,1,37,10,10,0,9,13,10,0,0,0,10,0,0,10,1
170112,170112,1024,0,513,141,141,0,86,187,132,9,0,0,141,1,512,141,55
170113,170112,1024,1,513,140,140,0,85,185,131,9,0,0,140,1,512,140,55
170240,170240,2048,0,1025,277,277,0,175,256,132,124,0,0,256,1,512,277,102
170240,170240,1024,0,513,139,139,0,87,189,129,10,0,0,139,1,512,139,52
170241,170240,2048,1,1025,275,275,0,174,256,124,132,0,0,256,1,512,275,101
170241,170240,1024,1,513,137,137,0,83,187,127,10,0,0,137,1,512,137,54
170368,170368,1024,0,513,138,138,0,80,193,132,6,0,0,138,1,512,138,58
170369,170368,1024,1,513,136,136,0,81,191,130,6,0,0,136,1,512,136,55
170496,170496,2048,0,1025,280,280,0,177,256,197,59,0,0,256,1,512,280,103
170496,170496,1024,0,513,142,141,0,102,189,129,13,0,0,142,1,512,141,39
170496,170496,4096,0,37,7,7,0,6,9,7,0,0,0,7,0,0,7,1
170497,170496,2048,1,1025,281,281,0,177,256,180,76,0,0,256,1,512,281,104
170497,170496,1024,1,513,140,139,0,100,186,129,11,0,0,140,1,512,139,39
170497,170496,4096,1,37,10,10,0,9,13,10,0,0,0,10,0,0,10,1
170624,170624,1024,0,513,137,136,0,85,195,132,5,0,0,137,1,512,136,51
170625,170624,1024,1,513,137,136,0,85,192,132,5,0,0,137,1,512,136,51
170752,170752,2048,0,1025,279,279,0,177,256,212,44,0,0,256,1,512,279,102
170752,170752,1024,0,513,140,139,0,91,192,135,5,0,0,140,1,512,139,48
170753,170752,2048,1,1025,279,279,0,177,256,215,41,0,0,256,1,512,279,102
170753,170752,1024,1,513,137,136,0,90,189,132,5,0,0,137,1,512,136,46
170880,170880,1024,0,513,142,141,0,88,185,131,11,0,0,142,1,512,141,53
170881,170880,1024,1,513,140,139,0,86,182,129,11,0,0,140,1,512,139,53
171008,171008,2048,0,1025,275,275,0,177,256,190,66,0,0,256,1,512,275,98
171008,171008,1024,0,513,146,145,0,96,187,140,6,0,0,146,1,512,145,49
171008,171008,4096,0,37,7,7,0,7,8,7,0,0,0,7,0,0,7,0
171009,171008,2048,1,1025,273,273,0,175,256,202,54,0,0,256,1,512,273,98
171009,171008,1024,1,513,148,147,0,96,184,141,7,0,0,148,1,512,147,51
171009,171008,4096,1,37,8,8,0,8,11,8,0,0,0,8,0,0,8,0
171136,171136,1024,0,513,144,143,0,88,185,137,7,0,0,144,1,512,143,55
171137,171136,1024,1,513,143,142,0,87,183,136,7,0,0,143,1,512,142,55
171264,171264,2048,0,1025,280,279,0,170,256,164,92,0,0,256,1,512,279,109
171264,171264,1024,0,513,145,144,0,94,181,141,4,0,0,145,1,512,144,50
171265,171264,2048,1,1025,279,278,0,168,256,173,83,0,0,256,1,512,278,110
171265,171264,1024,1,513,142,141,0,91,179,138,4,0,0,142,1,512,141,50
171392,171392,1024,0,513,138,137,0,95,178,126,12,0,0,138,1,512,137,42
171393,171392,1024,1,513,138,137,0,95,177,126,12,0,0,138,1,512,137,42
171520,171520,2048,0,1025,277,276,0,170,256,183,73,0,0,256,1,512,276,106
171520,171520,1024,0,513,142,141,0,88,186,132,10,0,0,142,1,512,141,53
171520,171520,4096,0,37,6,6,0,6,8,6,0,0,0,6,0,0,6,0
171521,171520,2048,1,1025,276,275,0,168,256,169,87,0,0,256,1,512,275,107
171521,171520,1024,1,513,140,139,0,87,185,131,9,0,0,140,1,512,139,52
171521,171520,4096,1,37,10,10,0,8,10,9,1,0,0,10,1,512,10,2
171648,171648,1024,0,513,139,139,0,83,189,131,8,0,0,139,1,512,139,56
171649,171648,1024,1,513,136,136,0,79,187,129,7,0,0,136,1,512,136,57
171776,171776,2048,0,1025,273,272,0,180,256,169,87,0,0,256,1,512,272,92
171776,171776,1024,0,513,141,141,0,91,191,136,5,0,0,141,1,512,141,50
171777,171776,2048,1,1025,273,272,0,177,256,160,96,0,0,256,1,512,272,95
171777,171776,1024,1,513,139,139,0,86,189,134,5,0,0,139,1,512,139,53
171904,171904,1024,0,513,140,140,0,99,190,135,5,0,0,140,1,512,140,41
171905,171904,1024,1,513,140,140,0,99,187,134,6,0,0,140,1,512,140,41
172032,172032,2048,0,1025,274,273,0,167,256,180,76,0,0,256,1,512,273,106
172032,172032,1024,0,513,146,146,0,102,188,142,4,0,0,146,1,512,146,44
172032,172032,4096,0,37,8,8,0,6,8,8,0,0,0,8,0,0,8,2
172033,172032,2048,1,1025,271,270,0,166,256,205,51,0,0,256,1,512,270,104
172033,172032,1024,1,513,146,146,0,101,186,142,4,0,0,146,1,512,146,45
172033,172032,4096,1,37,9,9,0,6,11,8,1,0,0,9,1,512,9,3
172160,172160,1024,0,513,148,148,0,107,181,141,7,0,0,148,1,512,148,41
172161,172160,1024,1,513,148,148,0,105,179,141,7,0,0,148,1,512,148,43
172288,172288,2048,0,1025,277,276,0,168,256,205,51,0,0,256,1,512,276,108
172288,172288,1024,0,513,140,139,0,92,184,135,5,0,0,140,1,512,139,47
172289,172288,2048,1,1025,275,274,0,165,256,205,51,0,0,256,1,512,274,109
172289,172288,1024,1,513,141,140,0,91,182,136,5,0,0,141,1,512,140,49
172416,172416,1024,0,513,139,138,0,92,182,132,7,0,0,139,1,512,138,46
172417,172416,1024,1,513,137,136,0,94,183,130,7,0,0,137,1,512,136,42
172544,172544,2048,0,1025,285,284,0,191,256,219,37,0,0,256,1,512,284,93
172544,172544,1024,0,513,142,142,0,78,185,135,7,0,0,142,1,512,142,64
172544,172544,4096,0,37,7,6,0,6,8,7,0,0,0,7,0,0,6,0
172545,172544,2048,1,1025,284,283,0,189,256,219,37,0,0,256,1,512,283,94
172545,172544,1024,1,513,139,139,0,79,186,134,5,0,0,139,1,512,139,60
172545,172544,4096,1,37,9,9,0,6,12,9,0,0,0,9,0,0,9,3
172672,172672,1024,0,513,131,131,0,83,187,122,9,0,0,131,1,512,131,48
172673,172672,1024,1,513,127,127,0,83,185,119,8,0,0,127,1,512,127,44
172800,172800,2048,0,1025,278,278,0,174,256,167,89,0,0,256,1,512,278,104
172800,172800,1024,0,513,140,140,0,80,184,130,10,0,0,140,1,512,140,60
172801,172800,2048,1,1025,275,275,0,172,256,176,80,0,0,256,1,512,275,103
172801,172800,1024,1,513,138,138,0,80,182,129,9,0,0,138,1,512,138,58
172928,172928,1024,0,513,142,142,0,78,185,132,10,0,0,142,1,512,142,64
172929,172928,1024,1,513,141,141,0,76,180,131,10,0,0,141,1,512,141,65
173056,173056,2048,0,1025,288,288,0,181,256,192,64,0,0,256,1,512,288,107
173056,173056,1024,0,513,146,146,0,85,189,140,6,0,0,146,1,512,146,61
173056,173056,4096,0,37,6,6,0,5,8,6,0,0,0,6,0,0,6,1
173057,173056,2048,1,1025,288,288,0,180,256,154,102,0,0,256,1,512,288,108
173057,173056,1024,1,513,146,146,0,86,184,139,7,0,0,146,1,512,146,60
173057,173056,4096,1,37,9,9,0,8,12,8,1,0,0,9,1,512,9,1
173184,173184,1024,0,513,141,141,0,99,187,137,4,0,0,141,1,512,141,42
173185,173184,1024,1,513,140,140,0,99,184,137,3,0,0,140,1,512,140,41
173312,173312,2048,0,1025,281,281,0,182,256,206,50,0,0,256,1,512,281,99
173312,173312,1024,0,513,136,136,0,84,188,126,10,0,0,136,1,512,136,52
173313,173312,2048,1,1025,281,281,0,181,256,214,42,0,0,256,1,512,281,100
173313,173312,1024,1,513,137,137,0,83,184,127,10,0,0,137,1,512,137,54
173440,173440,1024,0,513,134,134,0,80,193,123,11,0,0,134,1,512,134,54
173441,173440,1024,1,513,133,133,0,81,189,123,10,0,0,133,1,512,133,52
173568,173568,2048,0,1025,288,288,0,183,256,184,72,0,0,256,1,512,288,105
173568,173568,1024,0,513,146,146,0,88,195,138,8,0,0,146,1,512,146,58
173568,173568,4096,0,37,8,8,0,6,8,8,0,0,0,8,0,0,8,2
173569,173568,2048,1,1025,287,287,0,183,256,179,77,0,0,256,1,512,287,104
173569,173568,1024,1,513,145,145,0,88,193,137,8,0,0,145,1,512,145,57
173569,173568,4096,1,37,9,9,0,6,13,9,0,0,0,9,0,0,9,3
173696,173696,1024,0,513,146,146,0,91,195,139,7,0,0,146,1,512,146,55
173697,173696,1024,1,513,146,146,0,91,193,139,7,0,0,146,1,512,146,55
173824,173824,2048,0,1025,287,286,0,196,256,153,103,0,0,256,1,512,286,90
173824,173824,1024,0,513,139,138,0,97,191,134,5,0,0,139,1,512,138,41
173825,173824,2048,1,1025,285,284,0,193,256,151,105,0,0,256,1,512,284,91
173825,173824,1024,1,513,138,137,0,94,190,134,4,0,0,138,1,512,137,43
173952,173952,1024,0,513,137,136,0,83,188,131,6,0,0,137,1,512,136,53
173953,173952,1024,1,513,135,134,0,83,186,129,6,0,0,135,1,512,134,51
174080,174080,2048,0,1025,277,276,0,168,256,158,98,0,0,256,1,512,276,108
174080,174080,1024,0,513,143,142,0,99,188,134,9,0,0,143,1,512,142,43
174080,174080,4096,0,37,7,7,0,7,8,7,0,0,0,7,0,0,7,0
174081,174080,2048,1,1025,276,275,0,166,256,159,97,0,0,256,1,512,275,109
174081,174080,1024,1,513,144,143,0,97,186,135,9,0,0,144,1,512,143,46
174081,174080,4096,1,37,9,9,0,8,12,9,0,0,0,9,0,0,9,1
174208,174208,1024,0,513,146,145,0,91,190,142,4,0,0,146,1,512,145,54
174209,174208,1024,1,513,144,143,0,89,188,140,4,0,0,144,1,512,143,54
174336,174336,2048,0,1025,264,263,0,158,256,217,39,0,0,256,1,512,263,105
174336,174336,1024,0,513,147,147,0,87,184,138,9,0,0,147,1,512,147,60
174337,174336,2048,1,1025,261,260,0,156,256,222,34,0,0,256,1,512,260,104
174337,174336,1024,1,513,145,145,0,87,182,137,8,0,0,145,1,512,145,58
174464,174464,1024,0,513,143,143,0,89,183,133,10,0,0,143,1,512,143,54
174465,174464,1024,1,513,143,143,0,91,179,134,9,0,0,143,1,512,143,52
174592,174592,2048,0,1025,276,276,0,169,256,156,100,0,0,256,1,512,276,107
174592,174592,1024,0,513,138,138,0,89,186,131,7,0,0,138,1,512,138,49
174592,174592,4096,0,37,6,6,0,6,8,6,0,0,0,6,0,0,6,0
174593,174592,2048,1,1025,275,275,0,168,256,148,108,0,0,256,1,512,275,107
174593,174592,1024,1,513,137,137,0,87,183,130,7,0,0,137,1,512,137,50
174593,174592,4096,1,37,9,9,0,7,12,9,0,0,0,9,0,0,9,2
174720,174720,1024,0,513,135,134,0,90,186,131,4,0,0,135,1,512,134,44
174721,174720,1024,1,513,136,135,0,89,183,132,4,0,0,136,1,512,135,46
174848,174848,2048,0,1025,275,275,0,183,256,184,72,0,0,256,1,512,275,92
174848,174848,1024,0,513,136,136,0,84,182,128,8,0,0,136,1,512,136,52
174849,174848,2048,1,1025,274,274,0,180,256,192,64,0,0,256,1,512,274,94
174849,174848,1024,1,513,136,136,0,86,179,129,7,0,0,136,1,512,136,50
174976,174976,1024,0,513,146,146,0,83,178,130,16,0,0,146,1,512,146,63
174977,174976,1024,1,513,146,146,0,84,174,129,17,0,0,146,1,512,146,62
175104,175104,2048,0,1025,271,271,0,186,256,213,43,0,0,256,1,512,271,85
175104,175104,1024,0,513,139,139,0,97,184,133,6,0,0,139,1,512,139,42
175104,175104,4096,0,37,7,7,0,6,8,7,0,0,0,7,0,0,7,1
175105,175104,2048,1,1025,269,269,0,187,256,204,52,0,0,256,1,512,269,82
175105,175104,1024,1,513,138,138,0,97,183,133,5,0,0,138,1,512,138,41
175105,175104,4096,1,37,7,7,0,7,12,7,0,0,0,7,0,0,7,0
175232,175232,1024,0,513,142,142,0,68,186,130,12,0,0,142,1,512,142,74
175233,175232,1024,1,513,140,140,0,70,185,129,11,0,0,140,1,512,140,70
175360,175360,2048,0,1025,277,276,0,155,256,156,100,0,0,256,1,512,276,121
175360,175360,1024,0,513,146,146,0,95,187,138,8,0,0,146,1,512,146,51
175361,175360,2048,1,1025,275,275,0,153,256,167,89,0,0,256,1,512,275,122
175361,175360,1024,1,513,146,146,0,94,185,138,8,0,0,146,1,512,146,52
175488,175488,1024,0,513,138,137,0,92,189,132,6,0,0,138,1,512,137,45
175489,175488,1024,1,513,136,135,0,93,188,131,5,0,0,136,1,512,135,42
175616,175616,2048,0,1025,283,282,0,177,256,177,79,0,0,256,1,512,282,105
175616,175616,1024,0,513,147,146,0,80,190,139,8,0,0,147,1,512,146,66
175616,175616,4096,0,37,7,7,0,7,8,7,0,0,0,7,0,0,7,0
175617,175616,2048,1,1025,282,281,0,176,256,180,76,0,0,256,1,512,281,105
175617,175616,1024,1,513,146,145,0,79,188,137,9,0,0,146,1,512,145,66
175617,175616,4096,1,37,9,9,0,6,11,9,0,0,0,9,0,0,9,3
175744,175744,1024,0,513,139,138,0,96,190,133,6,0,0,139,1,512,138,42
175745,175744,1024,1,513,137,136,0,96,189,131,6,0,0,137,1,512,136,40
175872,175872,2048,0,1025,285,283,0,172,256,74,182,0,0,256,1,512,283,111
175872,175872,1024,0,513,134,133,0,92,192,126,8,0,0,134,1,512,133,41
175873,175872,2048,1,1025,281,280,0,170,256,104,152,0,0,256,1,512,280,110
175873,175872,1024,1,513,134,133,0,91,190,126,8,0,0,134,1,512,133,42
176000,176000,1024,0,513,145,144,0,82,190,134,11,0,0,145,1,512,144,62
176001,176000,1024,1,513,144,143,0,81,188,133,11,0,0,144,1,512,143,62
176128,176128,2048,0,1025,284,283,0,179,256,221,35,0,0,256,1,512,283,104
176128,176128,1024,0,513,141,140,0,95,190,138,3,0,0,141,1,512,140,45
176128,176128,4096,0,37,6,6,0,6,7,6,0,0,0,6,0,0,6,0
176129,176128,2048,1,1025,280,279,0,177,256,221,35,0,0,256,1,512,279,102
176129,176128,1024,1,513,139,138,0,94,189,136,3,0,0,139,1,512,138,44
176129,176128,4096,1,37,9,9,0,7,11,8,1,0,0,9,1,512,9,2
176256,176256,1024,0,513,138,137,0,80,185,132,6,0,0,138,1,512,137,57
176257,176256,1024,1,513,137,136,0,81,183,131,6,0,0,137,1,512,136,55
176384,176384,2048,0,1025,280,279,0,183,256,203,53,0,0,256,1,512,279,96
176384,176384,1024,0,513,142,141,0,95,185,136,6,0,0,142,1,512,141,46
176385,176384,2048,1,1025,278,277,0,179,256,167,89,0,0,256,1,512,277,98
176385,176384,1024,1,513,143,142,0,94,183,137,6,0,0,143,1,512,142,48
176512,176512,1024,0,513,138,137,0,87,183,128,10,0,0,138,1,512,137,50
176513,176512,1024,1,513,138,137,0,87,182,127,11,0,0,138,1,512,137,50
176640,176640,2048,0,1025,292,291,0,169,256,204,52,0,0,256,1,512,291,122
176640,176640,1024,0,513,145,144,0,88,184,136,9,0,0,145,1,512,144,56
176640,176640,4096,0,37,8,7,0,5,7,7,1,0,0,8,1,512,7,2
176641,176640,2048,1,1025,290,289,0,169,256,215,41,0,0,256,1,512,289,120
176641,176640,1024,1,513,143,142,0,86,184,135,8,0,0,143,1,512,142,56
176641,176640,4096,1,37,9,8,0,6,11,8,1,0,0,9,1,512,8,2
176768,176768,1024,0,513,140,139,0,96,183,135,5,0,0,140,1,512,139,43
176769,176768,1024,1,513,138,137,0,94,183,133,5,0,0,138,1,512,137,43
176896,176896,2048,0,1025,279,278,0,197,256,196,60,0,0,256,1,512,278,81
176896,176896,1024,0,513,145,144,0,97,180,135,10,0,0,145,1,512,144,47
176897,176896,2048,1,1025,278,277,0,195,256,198,58,0,0,256,1,512,277,82
176897,176896,1024,1,513,146,145,0,98,180,136,10,0,0,146,1,512,145,47
177024,177024,1024,0,513,143,142,0,96,181,135,8,0,0,143,1,512,142,46
177025,177024,1024,1,513,143,142,0,96,179,136,7,0,0,143,1,512,142,46
177152,177152,2048,0,1025,283,282,0,171,256,203,53,0,0,256,1,512,282,111
177152,177152,1024,0,513,141,140,0,89,183,136,5,0,0,141,1,512,140,51
177152,177152,4096,0,37,8,7,0,7,8,8,0,0,0,8,0,0,7,0
177153,177152,2048,1,1025,283,282,0,170,256,200,56,0,0,256,1,512,282,112
177153,177152,1024,1,513,140,139,0,90,180,135,5,0,0,140,1,512,139,49
177153,177152,4096,1,37,7,6,0,5,11,7,0,0,0,7,0,0,6,1
177280,177280,1024,0,513,139,138,0,86,184,130,9,0,0,139,1,512,138,52
177281,177280,1024,1,513,141,140,0,85,182,130,11,0,0,141,1,512,140,55
177408,177408,2048,0,1025,278,277,0,177,256,168,88,0,0,256,1,512,277,100
177408,177408,1024,0,513,149,148,0,99,188,140,9,0,0,149,1,512,148,49
177409,177408,2048,1,1025,275,274,0,176,256,198,58,0,0,256,1,512,274,98
177409,177408,1024,1,513,148,147,0,99,188,141,7,0,0,148,1,512,147,48
177536,177536,1024,0,513,142,141,0,91,187,133,9,0,0,142,1,512,141,50
177537,177536,1024,1,513,139,138,0,90,186,132,7,0,0,139,1,512,138,48
177664,177664,2048,0,1025,280,278,0,176,256,129,127,0,0,256,1,512,278,102
177664,177664,1024,0,513,127,126,0,79,189,120,7,0,0,127,1,512,126,47
177664,177664,4096,0,37,6,5,0,5,8,6,0,0,0,6,0,0,5,0
177665,177664,2048,1,1025,278,277,0,175,256,148,108,0,0,256,1,512,277,102
177665,177664,1024,1,513,127,126,0,76,186,120,7,0,0,127,1,512,126,50
177665,177664,4096,1,37,10,9,0,5,11,10,0,0,0,10,0,0,9,4
177792,177792,1024,0,513,142,141,0,90,187,133,9,0,0,142,1,512,141,51
177793,177792,1024,1,513,144,143,0,90,184,134,10,0,0,144,1,512,143,53
177920,177920,2048,0,1025,284,283,0,174,256,76,180,0,0,256,1,512,283,109
177920,177920,1024,0,513,153,152,0,85,191,143,10,0,0,153,1,512,152,67
177921,177920,2048,1,1025,281,280,0,174,256,77,179,0,0,256,1,512,280,106
177921,177920,1024,1,513,150,149,0,87,189,140,10,0,0,150,1,512,149,62
178048,178048,1024,0,513,150,149,0,100,192,143,7,0,0,150,1,512,149,49
178049,178048,1024,1,513,151,150,0,96,189,144,7,0,0,151,1,512,150,54
178176,178176,2048,0,1025,286,285,0,184,256,212,44,0,0,256,1,512,285,101
178176,178176,1024,0,513,150,149,0,90,195,147,3,0,0,150,1,512,149,59
178176,178176,4096,0,37,8,7,0,5,8,8,0,0,0,8,0,0,7,2
178177,178176,2048,1,1025,284,283,0,182,256,207,49,0,0,256,1,512,283,101
178177,178176,1024,1,513,149,148,0,89,193,146,3,0,0,149,1,512,148,59
178177,178176,4096,1,37,10,9,0,6,11,10,0,0,0,10,0,0,9,3
178304,178304,1024,0,513,145,144,0,103,194,140,5,0,0,145,1,512,144,41
178305,178304,1024,1,513,142,141,0,102,192,137,5,0,0,142,1,512,141,39
178432,178432,2048,0,1025,283,282,0,188,256,184,72,0,0,256,1,512,282,94
178432,178432,1024,0,513,143,143,0,88,194,139,4,0,0,143,1,512,143,55
178433,178432,2048,1,1025,280,279,0,185,256,193,63,0,0,256,1,512,279,94
178433,178432,1024,1,513,142,142,0,89,193,139,3,0,0,142,1,512,142,53
178560,178560,1024,0,513,146,146,0,92,190,135,11,0,0,146,1,512,146,54
178561,178560,1024,1,513,145,145,0,91,188,134,11,0,0,145,1,512,145,54
178688,178688,2048,0,1025,291,290,0,188,256,196,60,0,0,256,1,512,290,102
178688,178688,1024,0,513,143,143,0,91,189,133,10,0,0,143,1,512,143,52
178688,178688,4096,0,37,7,7,0,6,8,7,0,0,0,7,0,0,7,1
178689,178688,2048,1,1025,290,289,0,187,256,182,74,0,0,256,1,512,289,102
178689,178688,1024,1,513,142,142,0,87,188,133,9,0,0,142,1,512,142,55
178689,178688,4096,1,37,9,9,0,7,11,7,2,0,0,9,1,512,9,2
178816,178816,1024,0,513,142,142,0,88,195,136,6,0,0,142,1,512,142,54
178817,178816,1024,1,513,143,143,0,88,193,136,7,0,0,143,1,512,143,55
178944,178944,2048,0,1025,286,285,0,187,256,183,73,0,0,256,1,512,285,98
178944,178944,1024,0,513,147,147,0,103,198,142,5,0,0,147,1,512,147,44
178945,178944,2048,1,1025,284,283,0,184,256,184,72,0,0,256,1,512,283,99
178945,178944,1024,1,513,146,146,0,103,196,141,5,0,0,146,1,512,146,43
179072,179072,1024,0,513,144,143,0,97,195,141,3,0,0,144,1,512,143,46
179073,179072,1024,1,513,142,141,0,95,193,139,3,0,0,142,1,512,141,46
179200,179200,2048,0,1025,276,275,0,170,256,224,32,0,0,256,1,512,275,105
179200,179200,1024,0,513,144,144,0,89,185,139,5,0,0,144,1,512,144,55
179200,179200,4096,0,37,7,7,0,6,8,6,1,0,0,7,1,512,7,1
179201,179200,2048,1,1025,277,276,0,170,256,209,47,0,0,256,1,512,276,106
179201,179200,1024,1,513,142,142,0,87,184,137,5,0,0,142,1,512,142,55
179201,179200,4096,1,37,9,8,0,6,13,9,0,0,0,9,0,0,8,2
179328,179328,1024,0,513,140,140,0,92,183,132,8,0,0,140,1,512,140,48
179329,179328,1024,1,513,139,139,0,92,183,131,8,0,0,139,1,512,139,47
179456,179456,2048,0,1025,274,273,0,161,256,185,71,0,0,256,1,512,273,112
179456,179456,1024,0,513,139,138,0,87,185,131,8,0,0,139,1,512,138,51
179457,179456,2048,1,1025,273,272,0,159,256,170,86,0,0,256,1,512,272,113
179457,179456,1024,1,513,139,138,0,86,183,130,9,0,0,139,1,512,138,52
179584,179584,1024,0,513,133,133,0,83,185,128,5,0,0,133,1,512,133,50
179585,179584,1024,1,513,131,131,0,83,183,126,5,0,0,131,1,512,131,48
179712,179712,2048,0,1025,280,279,0,170,256,193,63,0,0,256,1,512,279,109
179712,179712,1024,0,513,142,142,0,85,180,130,12,0,0,142,1,512,142,57
179712,179712,4096,0,37,8,7,0,6,9,8,0,0,0,8,0,0,7,1
179713,179712,2048,1,1025,278,277,0,166,256,186,70,0,0,256,1,512,277,111
179713,179712,1024,1,513,141,141,0,84,178,129,12,0,0,141,1,512,141,57
179713,179712,4096,1,37,11,10,0,6,13,11,0,0,0,11,0,0,10,4
179840,179840,1024,0,513,141,141,0,91,188,134,7,0,0,141,1,512,141,50
179841,179840,1024,1,513,139,139,0,88,186,133,6,0,0,139,1,512,139,51
179968,179968,2048,0,1025,289,288,0,172,256,137,119,0,0,256,1,512,288,116
179968,179968,1024,0,513,144,144,0,84,185,132,12,0,0,144,1,512,144,60
179969,179968,2048,1,1025,289,288,0,171,256,119,137,0,0,256,1,512,288,117
179969,179968,1024,1,513,142,142,0,83,183,130,12,0,0,142,1,512,142,59
180096,180096,1024,0,513,150,150,0,91,189,140,10,0,0,150,1,512,150,59
180097,180096,1024,1,513,149,149,0,88,187,139,10,0,0,149,1,512,149,61
180224,180224,2048,0,1025,274,274,0,181,256,118,138,0,0,256,1,512,274,93
180224,180224,1024,0,513,147,147,0,96,192,146,1,0,0,147,1,512,147,51
180224,180224,4096,0,37,8,7,0,6,9,8,0,0,0,8,0,0,7,1
180225,180224,2048,1,1025,271,271,0,179,256,176,80,0,0,256,1,512,271,92
180225,180224,1024,1,513,147,147,0,96,189,145,2,0,0,147,1,512,147,51
180225,180224,4096,1,37,10,9,0,6,13,10,0,0,0,10,0,0,9,3
180352,180352,1024,0,513,144,144,0,96,188,137,7,0,0,144,1,512,144,48
180353,180352,1024,1,513,143,143,0,98,186,136,7,0,0,143,1,512,143,45
180480,180480,2048,0,1025,291,290,0,176,256,183,73,0,0,256,1,512,290,114
180480,180480,1024,0,513,141,140,0,94,189,134,7,0,0,141,1,512,140,46
180481,180480,2048,1,1025,288,287,0,173,256,157,99,0,0,256,1,512,287,114
180481,180480,1024,1,513,140,139,0,93,189,134,6,0,0,140,1,512,139,46
180608,180608,1024,0,513,140,139,0,78,183,132,8,0,0,140,1,512,139,61
180609,180608,1024,1,513,138,137,0,77,182,131,7,0,0,138,1,512,137,60
180736,180736,2048,0,1025,290,289,0,194,256,216,40,0,0,256,1,512,289,95
180736,180736,1024,0,513,139,138,0,89,184,134,5,0,0,139,1,512,138,49
180736,180736,4096,0,37,7,6,0,6,9,7,0,0,0,7,0,0,6,0
180737,180736,2048,1,1025,290,289,0,194,256,203,53,0,0,256,1,512,289,95
180737,180736,1024,1,513,140,139,0,89,182,135,5,0,0,140,1,512,139,50
180737,180736,4096,1,37,9,9,0,6,13,9,0,0,0,9,0,0,9,3
180864,180864,1024,0,513,139,138,0,97,184,135,4,0,0,139,1,512,138,41
180865,180864,1024,1,513,137,136,0,97,182,133,4,0,0,137,1,512,136,39
180992,180992,2048,0,1025,288,288,0,194,256,216,40,0,0,256,1,512,288,94
180992,180992,1024,0,513,141,140,0,86,179,132,9,0,0,141,1,512,140,54
180993,180992,2048,1,1025,285,285,0,191,256,220,36,0,0,256,1,512,285,94
180993,180992,1024,1,513,140,139,0,86,177,131,9,0,0,140,1,512,139,53
181120,181120,1024,0,513,145,144,0,86,182,139,6,0,0,145,1,512,144,58
181121,181120,1024,1,513,146,145,0,86,180,139,7,0,0,146,1,512,145,59
181248,181248,2048,0,1025,276,275,0,174,256,194,62,0,0,256,1,512,275,101
181248,181248,1024,0,513,143,142,0,89,182,133,10,0,0,143,1,512,142,53
181248,181248,4096,0,37,7,6,0,5,9,7,0,0,0,7,0,0,6,1
181249,181248,2048,1,1025,275,274,0,172,256,193,63,0,0,256,1,512,274,102
181249,181248,1024,1,513,141,140,0,91,182,131,10,0,0,141,1,512,140,49
181249,181248,4096,1,37,9,8,0,6,13,9,0,0,0,9,0,0,8,2
181376,181376,1024,0,513,142,141,0,87,187,136,6,0,0,142,1,512,141,54
181377,181376,1024,1,513,140,139,0,86,186,135,5,0,0,140,1,512,139,53
181504,181504,2048,0,1025,281,280,0,179,256,163,93,0,0,256,1,512,280,101
181504,181504,1024,0,513,134,133,0,74,185,127,7,0,0,134,1,512,133,59
181505,181504,2048,1,1025,281,280,0,179,256,142,114,0,0,256,1,512,280,101
181505,181504,1024,1,513,132,131,0,73,183,125,7,0,0,132,1,512,131,58
181632,181632,1024,0,513,138,137,0,77,185,129,9,0,0,138,1,512,137,60
181633,181632,1024,1,513,133,132,0,76,184,126,7,0,0,133,1,512,132,56
181760,181760,2048,0,1025,280,279,0,185,256,126,130,0,0,256,1,512,279,94
181760,181760,1024,0,513,143,142,0,80,184,135,8,0,0,143,1,512,142,62
181760,181760,4096,0,37,7,7,0,6,9,7,0,0,0,7,0,0,7,1
181761,181760,2048,1,1025,278,277,0,183,256,155,101,0,0,256,1,512,277,94
181761,181760,1024,1,513,145,144,0,80,180,136,9,0,0,145,1,512,144,64
181761,181760,4096,1,37,9,9,0,6,13,9,0,0,0,9,0,0,9,3
181888,181888,1024,0,513,144,144,0,90,188,136,8,0,0,144,1,512,144,54
181889,181888,1024,1,513,144,144,0,90,185,135,9,0,0,144,1,512,144,54
182016,182016,2048,0,1025,286,284,0,178,256,188,68,0,0,256,1,512,284,106
182016,182016,1024,0,513,139,139,0,88,186,133,6,0,0,139,1,512,139,51
182017,182016,2048,1,1025,285,284,0,177,256,175,81,0,0,256,1,512,284,107
182017,182016,1024,1,513,139,139,0,86,184,132,7,0,0,139,1,512,139,53
182144,182144,1024,0,513,138,138,0,89,185,128,10,0,0,138,1,512,138,49
182145,182144,1024,1,513,138,138,0,88,184,128,10,0,0,138,1,512,138,50
182272,182272,2048,0,1025,284,284,0,174,256,204,52,0,0,256,1,512,284,110
182272,182272,1024,0,513,142,141,0,80,187,134,8,0,0,142,1,512,141,61
182272,182272,4096,0,37,6,6,0,5,8,6,0,0,0,6,0,0,6,1
182273,182272,2048,1,1025,284,283,0,172,256,190,66,0,0,256,1,512,283,111
182273,182272,1024,1,513,141,140,0,78,186,134,7,0,0,141,1,512,140,62
182273,182272,4096,1,37,10,9,0,8,12,10,0,0,0,10,0,0,9,1
182400,182400,1024,0,513,144,143,0,81,190,137,7,0,0,144,1,512,143,62
182401,182400,1024,1,513,143,142,0,82,188,135,8,0,0,143,1,512,142,60
182528,182528,2048,0,1025,288,287,0,185,256,118,138,0,0,256,1,512,287,102
182528,182528,1024,0,513,138,137,0,86,186,129,9,0,0,138,1,512,137,51
182529,182528,2048,1,1025,285,285,0,183,256,136,120,0,0,256,1,512,285,102
182529,182528,1024,1,513,139,138,0,85,186,130,9,0,0,139,1,512,138,53
182656,182656,1024,0,513,134,133,0,95,190,129,5,0,0,134,1,512,133,38
182657,182656,1024,1,513,134,133,0,95,191,129,5,0,0,134,1,512,133,38
182784,182784,2048,0,1025,279,278,0,174,256,195,61,0,0,256,1,512,278,104
182784,182784,1024,0,513,136,135,0,83,188,130,6,0,0,136,1,512,135,52
182784,182784,4096,0,37,8,7,0,5,8,8,0,0,0,8,0,0,7,2
182785,182784,2048,1,1025,275,275,0,170,256,200,56,0,0,256,1,512,275,105
182785,182784,1024,1,513,133,132,0,82,188,127,6,0,0,133,1,512,132,50
182785,182784,4096,1,37,10,9,0,7,12,10,0,0,0,10,0,0,9,2
182912,182912,1024,0,513,142,141,0,89,183,131,11,0,0,142,1,512,141,52
182913,182912,1024,1,513,140,139,0,89,182,131,9,0,0,140,1,512,139,50
183040,183040,2048,0,1025,284,283,0,179,256,178,78,0,0,256,1,512,283,104
183040,183040,1024,0,513,141,141,0,96,183,135,6,0,0,141,1,512,141,45
183041,183040,2048,1,1025,280,280,0,174,256,202,54,0,0,256,1,512,280,106
183041,183040,1024,1,513,140,140,0,95,180,134,6,0,0,140,1,512,140,45
183168,183168,1024,0,513,145,145,0,86,182,136,9,0,0,145,1,512,145,59
183169,183168,1024,1,513,145,145,0,86,178,136,9,0,0,145,1,512,145,59
183296,183296,2048,0,1025,279,278,0,177,256,172,84,0,0,256,1,512,278,101
183296,183296,1024,0,513,140,139,0,96,185,137,3,0,0,140,1,512,139,43
183296,183296,4096,0,37,8,7,0,6,8,8,0,0,0,8,0,0,7,1
183297,183296,2048,1,1025,276,276,0,175,256,160,96,0,0,256,1,512,276,101
183297,183296,1024,1,513,140,139,0,97,181,137,3,0,0,140,1,512,139,42
183297,183296,4096,1,37,10,9,0,7,11,10,0,0,0,10,0,0,9,2
183424,183424,1024,0,513,146,145,0,82,182,137,9,0,0,146,1,512,145,63
183425,183424,1024,1,513,143,142,0,83,180,135,8,0,0,143,1,512,142,59
183552,183552,2048,0,1025,283,283,0,171,256,216,40,0,0,256,1,512,283,112
183552,183552,1024,0,513,147,146,0,95,182,138,9,0,0,147,1,512,146,51
183553,183552,2048,1,1025,280,280,0,169,256,220,36,0,0,256,1,512,280,111
183553,183552,1024,1,513,144,143,0,90,180,136,8,0,0,144,1,512,143,53
183680,183680,1024,0,513,145,144,0,87,187,139,6,0,0,145,1,512,144,57
183681,183680,1024,1,513,146,145,0,88,184,139,7,0,0,146,1,512,145,57
183808,183808,2048,0,1025,281,281,0,191,256,199,57,0,0,256,1,512,281,90
183808,183808,1024,0,513,136,136,0,82,187,126,10,0,0,136,1,512,136,54
183808,183808,4096,0,37,7,6,0,6,8,7,0,0,0,7,0,0,6,0
183809,183808,2048,1,1025,279,279,0,191,256,197,59,0,0,256,1,512,279,88
183809,183808,1024,1,513,138,138,0,83,185,127,11,0,0,138,1,512,138,55
183809,183808,4096,1,37,10,9,0,7,11,9,1,0,0,10,1,512,9,2
183936,183936,1024,0,513,140,140,0,87,188,137,3,0,0,140,1,512,140,53
183937,183936,1024,1,513,137,137,0,87,187,134,3,0,0,137,1,512,137,50
184064,184064,2048,0,1025,275,275,0,189,256,194,62,0,0,256,1,512,275,86
184064,184064,1024,0,513,140,140,0,93,184,132,8,0,0,140,1,512,140,47
184065,184064,2048,1,1025,274,274,0,183,256,191,65,0,0,256,1,512,274,91
184065,184064,1024,1,513,138,138,0,92,182,128,10,0,0,138,1,512,138,46
184192,184192,1024,0,513,138,137,0,85,184,129,9,0,0,138,1,512,137,52
184193,184192,1024,1,513,137,136,0,86,183,127,10,0,0,137,1,512,136,50
184320,184320,2048,0,1025,291,291,0,163,256,145,111,0,0,256,1,512,291,128
184320,184320,1024,0,513,138,138,0,83,183,132,6,0,0,138,1,512,138,55
184320,184320,4096,0,37,7,6,0,5,8,7,0,0,0,7,0,0,6,1
184321,184320,2048,1,1025,291,291,0,163,256,143,113,0,0,256,1,512,291,128
184321,184320,1024,1,513,138,138,0,84,184,132,6,0,0,138,1,512,138,54
184321,184320,4096,1,37,10,10,0,7,12,10,0,0,0,10,0,0,10,3
184448,184448,1024,0,513,137,137,0,96,184,129,8,0,0,137,1,512,137,41
184449,184448,1024,1,513,135,135,0,95,184,127,8,0,0,135,1,512,135,40
184576,184576,2048,0,1025,285,284,0,185,256,93,163,0,0,256,1,512,284,99
184576,184576,1024,0,513,140,140,0,77,182,130,10,0,0,140,1,512,140,63
184577,184576,2048,1,1025,280,280,0,184,256,122,134,0,0,256,1,512,280,96
184577,184576,1024,1,513,139,139,0,76,182,130,9,0,0,139,1,512,139,63
184704,184704,1024,0,513,142,142,0,95,184,133,9,0,0,142,1,512,142,47
184705,184704,1024,1,513,143,143,0,94,183,134,9,0,0,143,1,512,143,49
184832,184832,2048,0,1025,287,287,0,187,256,143,113,0,0,256,1,512,287,100
184832,184832,1024,0,513,146,146,0,92,185,141,5,0,0,146,1,512,146,54
184832,184832,4096,0,37,7,7,0,6,8,7,0,0,0,7,0,0,7,1
184833,184832,2048,1,1025,282,282,0,184,256,141,115,0,0,256,1,512,282,98
184833,184832,1024,1,513,145,145,0,94,185,140,5,0,0,145,1,512,145,51
184833,184832,4096,1,37,11,11,0,7,12,10,1,0,0,11,1,512,11,4
184960,184960,1024,0,513,142,142,0,88,185,133,9,0,0,142,1,512,142,54
184961,184960,1024,1,513,142,142,0,87,185,133,9,0,0,142,1,512,142,55
185088,185088,2048,0,1025,284,283,0,185,256,218,38,0,0,256,1,512,283,98
185088,185088,1024,0,513,139,138,0,83,185,134,5,0,0,139,1,512,138,55
185089,185088,2048,1,1025,282,281,0,182,256,214,42,0,0,256,1,512,281,99
185089,185088,1024,1,513,138,137,0,82,186,133,5,0,0,138,1,512,137,55
185216,185216,1024,0,513,137,136,0,89,185,128,9,0,0,137,1,512,136,47
185217,185216,1024,1,513,136,135,0,89,186,128,8,0,0,136,1,512,135,46
185344,185344,2048,0,1025,285,285,0,170,256,186,70,0,0,256,1,512,285,115
185344,185344,1024,0,513,137,136,0,86,188,133,4,0,0,137,1,512,136,50
185344,185344,4096,0,37,6,6,0,6,8,6,0,0,0,6,0,0,6,0
185345,185344,2048,1,1025,285,285,0,168,256,173,83,0,0,256,1,512,285,117
185345,185344,1024,1,513,137,136,0,84,188,133,4,0,0,137,1,512,136,52
185345,185344,4096,1,37,9,9,0,9,13,9,0,0,0,9,0,0,9,0
185472,185472,1024,0,513,142,141,0,85,184,132,10,0,0,142,1,512,141,56
185473,185472,1024,1,513,141,140,0,86,183,131,10,0,0,141,1,512,140,54
185600,185600,2048,0,1025,286,286,0,191,256,211,45,0,0,256,1,512,286,95
185600,185600,1024,0,513,138,137,0,84,188,132,6,0,0,138,1,512,137,53
185601,185600,2048,1,1025,285,285,0,190,256,217,39,0,0,256,1,512,285,95
185601,185600,1024,1,513,138,137,0,85,187,133,5,0,0,138,1,512,137,52
185728,185728,1024,0,513,137,137,0,92,180,132,5,0,0,137,1,512,137,45
185729,185728,1024,1,513,136,136,0,90,179,131,5,0,0,136,1,512,136,46
185856,185856,2048,0,1025,285,283,0,181,256,179,77,0,0,256,1,512,283,102
185856,185856,1024,0,513,141,140,0,87,180,132,9,0,0,141,1,512,140,53
185856,185856,4096,0,37,7,6,0,5,8,7,0,0,0,7,0,0,6,1
185857,185856,2048,1,1025,281,280,0,180,256,187,69,0,0,256,1,512,280,100
185857,185856,1024,1,513,139,138,0,85,179,130,9,0,0,139,1,512,138,53
185857,185856,4096,1,37,9,8,0,7,13,9,0,0,0,9,0,0,8,1
185984,185984,1024,0,513,140,139,0,92,180,131,9,0,0,140,1,512,139,47
185985,185984,1024,1,513,139,138,0,91,179,131,8,0,0,139,1,512,138,47
186112,186112,2048,0,1025,280,279,0,183,256,185,71,0,0,256,1,512,279,96
186112,186112,1024,0,513,143,143,0,79,181,137,6,0,0,143,1,512,143,64
186113,186112,2048,1,1025,281,280,0,180,256,150,106,0,0,256,1,512,280,100
186113,186112,1024,1,513,143,143,0,79,179,137,6,0,0,143,1,512,143,64
186240,186240,1024,0,513,145,144,0,94,180,137,8,0,0,145,1,512,144,50
186241,186240,1024,1,513,143,142,0,95,177,136,7,0,0,143,1,512,142,47
186368,186368,2048,0,1025,280,279,0,175,256,172,84,0,0,256,1,512,279,104
186368,186368,1024,0,513,144,143,0,98,184,138,6,0,0,144,1,512,143,45
186368,186368,4096,0,37,8,7,0,6,7,7,1,0,0,8,1,512,7,1
186369,186368,2048,1,1025,275,274,0,174,256,206,50,0,0,256,1,512,274,100
186369,186368,1024,1,513,143,142,0,98,181,137,6,0,0,143,1,512,142,44
186369,186368,4096,1,37,9,8,0,6,12,8,1,0,0,9,1,512,8,2
186496,186496,1024,0,513,134,134,0,91,185,131,3,0,0,134,1,512,134,43
186497,186496,1024,1,513,132,132,0,90,182,130,2,0,0,132,1,512,132,42
186624,186624,2048,0,1025,280,279,0,172,256,160,96,0,0,256,1,512,279,107
186624,186624,1024,0,513,135,135,0,75,182,124,11,0,0,135,1,512,135,60
186625,186624,2048,1,1025,278,277,0,169,256,153,103,0,0,256,1,512,277,108
186625,186624,1024,1,513,137,137,0,76,179,124,13,0,0,137,1,512,137,61
186752,186752,1024,0,513,136,136,0,83,185,128,8,0,0,136,1,512,136,53
186753,186752,1024,1,513,135,135,0,84,184,128,7,0,0,135,1,512,135,51
186880,186880,2048,0,1025,278,278,0,164,256,211,45,0,0,256,1,512,278,114
186880,186880,1024,0,513,137,137,0,88,184,128,9,0,0,137,1,512,137,49
186880,186880,4096,0,37,7,6,0,6,8,7,0,0,0,7,0,0,6,0
186881,186880,2048,1,1025,277,277,0,164,256,211,45,0,0,256,1,512,277,113
186881,186880,1024,1,513,136,136,0,86,182,127,9,0,0,136,1,512,136,50
186881,186880,4096,1,37,9,9,0,7,13,9,0,0,0,9,0,0,9,2
187008,187008,1024,0,513,143,143,0,85,181,132,11,0,0,143,1,512,143,58
187009,187008,1024,1,513,142,142,0,85,180,130,12,0,0,142,1,512,142,57
187136,187136,2048,0,1025,285,285,0,179,256,96,160,0,0,256,1,512,285,106
187136,187136,1024,0,513,140,140,0,80,186,131,9,0,0,140,1,512,140,60
187137,187136,2048,1,1025,286,286,0,180,256,88,168,0,0,256,1,512,286,106
187137,187136,1024,1,513,139,139,0,79,187,130,9,0,0,139,1,512,139,60
187264,187264,1024,0,513,138,138,0,88,191,133,5,0,0,138,1,512,138,50
187265,187264,1024,1,513,136,136,0,89,192,132,4,0,0,136,1,512,136,47
187392,187392,2048,0,1025,279,279,0,178,256,167,89,0,0,256,1,512,279,101
187392,187392,1024,0,513,145,144,0,88,189,135,10,0,0,145,1,512,144,56
187392,187392,4096,0,37,7,7,0,5,8,7,0,0,0,7,0,0,7,2
187393,187392,2048,1,1025,278,278,0,177,256,170,86,0,0,256,1,512,278,101
187393,187392,1024,1,513,143,142,0,83,189,133,10,0,0,143,1,512,142,59
187393,187392,4096,1,37,8,8,0,7,11,8,0,0,0,8,0,0,8,1
187520,187520,1024,0,513,150,149,0,92,190,138,12,0,0,150,1,512,149,57
187521,187520,1024,1,513,149,148,0,89,189,136,13,0,0,149,1,512,148,59
187648,187648,2048,0,1025,288,288,0,189,256,202,54,0,0,256,1,512,288,99
187648,187648,1024,0,513,144,143,0,92,192,140,4,0,0,144,1,512,143,51
187649,187648,2048,1,1025,287,287,0,188,256,217,39,0,0,256,1,512,287,99
187649,187648,1024,1,513,142,141,0,90,192,139,3,0,0,142,1,512,141,51
187776,187776,1024,0,513,138,137,0,90,190,134,4,0,0,138,1,512,137,47
187777,187776,1024,1,513,138,137,0,90,188,134,4,0,0,138,1,512,137,47
187904,187904,2048,0,1025,294,294,0,167,256,207,49,0,0,256,1,512,294,127
187904,187904,1024,0,513,141,140,0,86,189,134,7,0,0,141,1,512,140,54
187904,187904,4096,0,37,7,7,0,6,8,7,0,0,0,7,0,0,7,1
187905,187904,2048,1,1025,291,291,0,165,256,204,52,0,0,256,1,512,291,126
187905,187904,1024,1,513,140,139,0,87,187,133,7,0,0,140,1,512,139,52
187905,187904,4096,1,37,10,10,0,6,11,8,2,0,0,10,1,512,10,4
188032,188032,1024,0,513,138,138,0,94,187,132,6,0,0,138,1,512,138,44
188033,188032,1024,1,513,136,136,0,91,185,130,6,0,0,136,1,512,136,45
188160,188160,2048,0,1025,283,282,0,194,256,190,66,0,0,256,1,512,282,88
188160,188160,1024,0,513,146,146,0,90,185,141,5,0,0,146,1,512,146,56
188161,188160,2048,1,1025,282,281,0,193,256,184,72,0,0,256,1,512,281,88
188161,188160,1024,1,513,143,143,0,87,183,138,5,0,0,143,1,512,143,56
188288,188288,1024,0,513,145,145,0,94,185,139,6,0,0,145,1,512,145,51
188289,188288,1024,1,513,143,143,0,92,185,138,5,0,0,143,1,512,143,51
188416,188416,2048,0,1025,277,276,0,179,256,146,110,0,0,256,1,512,276,97
188416,188416,1024,0,513,142,142,0,99,186,137,5,0,0,142,1,512,142,43
188416,188416,4096,0,37,7,6,0,6,8,7,0,0,0,7,0,0,6,0
188417,188416,2048,1,1025,276,275,0,177,256,152,104,0,0,256,1,512,275,98
188417,188416,1024,1,513,142,142,0,99,184,136,6,0,0,142,1,512,142,43
188417,188416,4096,1,37,9,8,0,7,13,9,0,0,0,9,0,0,8,1
188544,188544,1024,0,513,133,133,0,93,184,127,6,0,0,133,1,512,133,40
188545,188544,1024,1,513,132,132,0,92,183,127,5,0,0,132,1,512,132,40
188672,188672,2048,0,1025,279,279,0,172,256,204,52,0,0,256,1,512,279,107
188672,188672,1024,0,513,143,143,0,88,182,134,9,0,0,143,1,512,143,55
188673,188672,2048,1,1025,277,277,0,172,256,212,44,0,0,256,1,512,277,105
188673,188672,1024,1,513,143,143,0,89,181,135,8,0,0,143,1,512,143,54
188800,188800,1024,0,513,149,149,0,92,186,143,6,0,0,149,1,512,149,57
188801,188800,1024,1,513,147,147,0,91,185,141,6,0,0,147,1,512,147,56
188928,188928,2048,0,1025,278,278,0,174,256,164,92,0,0,256,1,512,278,104
188928,188928,1024,0,513,139,139,0,91,187,130,9,0,0,139,1,512,139,48
188928,188928,4096,0,37,8,7,0,5,8,8,0,0,0,8,0,0,7,2
188929,188928,2048,1,1025,278,278,0,171,256,156,100,0,0,256,1,512,278,107
188929,188928,1024,1,513,140,140,0,90,185,131,9,0,0,140,1,512,140,50
188929,188928,4096,1,37,11,10,0,8,13,11,0,0,0,11,0,0,10,2
189056,189056,1024,0,513,133,133,0,88,186,131,2,0,0,133,1,512,133,45
189057,189056,1024,1,513,135,135,0,92,185,133,2,0,0,135,1,512,135,43
189184,189184,2048,0,1025,286,286,0,184,256,143,113,0,0,256,1,512,286,102
189184,189184,1024,0,513,138,138,0,88,183,132,6,0,0,138,1,512,138,50
189185,189184,2048,1,1025,286,286,0,184,256,141,115,0,0,256,1,512,286,102
189185,189184,1024,1,513,137,137,0,87,182,131,6,0,0,137,1,512,137,50
189312,189312,1024,0,513,140,140,0,89,185,132,8,0,0,140,1,512,140,51
189313,189312,1024,1,513,139,139,0,88,184,131,8,0,0,139,1,512,139,51
189440,189440,2048,0,1025,272,272,0,176,256,192,64,0,0,256,1,512,272,96
189440,189440,1024,0,513,142,141,0,98,181,135,7,0,0,142,1,512,141,43
189440,189440,4096,0,37,8,7,0,7,8,8,0,0,0,8,0,0,7,0
189441,189440,2048,1,1025,271,271,0,174,256,196,60,0,0,256,1,512,271,97
189441,189440,1024,1,513,140,139,0,96,183,134,6,0,0,140,1,512,139,43
189441,189440,4096,1,37,9,9,0,8,12,9,0,0,0,9,0,0,9,1
189568,189568,1024,0,513,141,140,0,83,184,131,10,0,0,141,1,512,140,57
189569,189568,1024,1,513,142,141,0,83,185,132,10,0,0,142,1,512,141,58
189696,189696,2048,0,1025,283,283,0,168,256,107,149,0,0,256,1,512,283,115
189696,189696,1024,0,513,136,135,0,91,185,129,7,0,0,136,1,512,135,44
189697,189696,2048,1,1025,280,280,0,165,256,138,118,0,0,256,1,512,280,115
189697,189696,1024,1,513,138,137,0,93,186,131,7,0,0,138,1,512,137,44
189824,189824,1024,0,513,144,143,0,83,185,135,9,0,0,144,1,512,143,60
189825,189824,1024,1,513,142,141,0,83,186,134,8,0,0,142,1,512,141,58
189952,189952,2048,0,1025,280,280,0,189,256,168,88,0,0,256,1,512,280,91
189952,189952,1024,0,513,154,153,0,104,186,145,9,0,0,154,1,512,153,49
189952,189952,4096,0,37,7,6,0,5,8,7,0,0,0,7,0,0,6,1
189953,189952,2048,1,1025,280,280,0,186,256,130,126,0,0,256,1,512,280,94
189953,189952,1024,1,513,150,149,0,103,185,141,9,0,0,150,1,512,149,46
189953,189952,4096,1,37,9,8,0,7,12,9,0,0,0,9,0,0,8,1
190080,190080,1024,0,513,142,141,0,93,186,136,6,0,0,142,1,512,141,48
190081,190080,1024,1,513,143,142,0,92,186,137,6,0,0,143,1,512,142,50
190208,190208,2048,0,1025,275,274,0,165,256,210,46,0,0,256,1,512,274,109
190208,190208,1024,0,513,148,147,0,98,186,139,9,0,0,148,1,512,147,49
190209,190208,2048,1,1025,275,274,0,164,256,208,48,0,0,256,1,512,274,110
190209,190208,1024,1,513,148,147,0,100,185,139,9,0,0,148,1,512,147,47
190336,190336,1024,0,513,143,142,0,86,186,135,8,0,0,143,1,512,142,56
190337,190336,1024,1,513,141,140,0,85,184,135,6,0,0,141,1,512,140,55
190464,190464,2048,0,1025,284,282,0,167,256,159,97,0,0,256,1,512,282,115
190464,190464,1024,0,513,141,140,0,101,190,132,9,0,0,141,1,512,140,39
190464,190464,4096,0,37,8,7,0,6,8,8,0,0,0,8,0,0,7,1
190465,190464,2048,1,1025,280,279,0,166,256,180,76,0,0,256,1,512,279,113
190465,190464,1024,1,513,139,138,0,99,186,130,9,0,0,139,1,512,138,39
190465,190464,4096,1,37,10,10,0,6,12,9,1,0,0,10,1,512,10,4
190592,190592,1024,0,513,135,135,0,86,190,130,5,0,0,135,1,512,135,49
190593,190592,1024,1,513,134,134,0,84,187,129,5,0,0,134,1,512,134,50
190720,190720,2048,0,1025,267,266,0,175,256,176,80,0,0,256,1,512,266,91
190720,190720,1024,0,513,143,143,0,85,189,134,9,0,0,143,1,512,143,58
190721,190720,2048,1,1025,265,264,0,174,256,190,66,0,0,256,1,512,264,90
190721,190720,1024,1,513,143,143,0,85,186,133,10,0,0,143,1,512,143,58
190848,190848,1024,0,513,139,139,0,92,186,132,7,0,0,139,1,512,139,47
190849,190848,1024,1,513,140,140,0,93,184,133,7,0,0,140,1,512,140,47
190976,190976,2048,0,1025,278,278,0,162,256,196,60,0,0,256,1,512,278,116
190976,190976,1024,0,513,146,145,0,91,182,136,10,0,0,146,1,512,145,54
190976,190976,4096,0,37,6,6,0,6,8,6,0,0,0,6,0,0,6,0
190977,190976,2048,1,1025,274,274,0,159,256,220,36,0,0,256,1,512,274,115
190977,190976,1024,1,513,143,142,0,87,181,134,9,0,0,143,1,512,142,55
190977,190976,4096,1,37,10,10,0,6,13,9,1,0,0,10,1,512,10,4
191104,191104,1024,0,513,139,138,0,73,181,131,8,0,0,139,1,512,138,65
191105,191104,1024,1,513,138,137,0,73,180,130,8,0,0,138,1,512,137,64
191232,191232,2048,0,1025,278,278,0,182,256,90,166,0,0,256,1,512,278,96
191232,191232,1024,0,513,147,146,0,92,187,135,12,0,0,147,1,512,146,54
191233,191232,2048,1,1025,276,276,0,183,256,71,185,0,0,256,1,512,276,93
191233,191232,1024,1,513,145,144,0,92,186,133,12,0,0,145,1,512,144,52
191360,191360,1024,0,513,146,145,0,91,194,143,3,0,0,146,1,512,145,54
191361,191360,1024,1,513,144,143,0,88,193,142,2,0,0,144,1,512,143,55
191488,191488,2048,0,1025,279,279,0,173,256,212,44,0,0,256,1,512,279,106
191488,191488,1024,0,513,141,140,0,90,192,130,11,0,0,141,1,512,140,50
191488,191488,4096,0,37,6,6,0,5,8,6,0,0,0,6,0,0,6,1
191489,191488,2048,1,1025,278,278,0,171,256,215,41,0,0,256,1,512,278,107
191489,191488,1024,1,513,143,142,0,92,189,131,12,0,0,143,1,512,142,50
191489,191488,4096,1,37,9,9,0,6,13,9,0,0,0,9,0,0,9,3
191616,191616,1024,0,513,145,144,0,91,194,138,7,0,0,145,1,512,144,53
191617,191616,1024,1,513,145,144,0,93,192,138,7,0,0,145,1,512,144,51
191744,191744,2048,0,1025,286,285,0,177,256,216,40,0,0,256,1,512,285,108
191744,191744,1024,0,513,141,141,0,93,193,134,7,0,0,141,1,512,141,48
191745,191744,2048,1,1025,284,283,0,177,256,218,38,0,0,256,1,512,283,106
191745,191744,1024,1,513,139,139,0,92,191,132,7,0,0,139,1,512,139,47
191872,191872,1024,0,513,151,151,0,92,191,141,10,0,0,151,1,512,151,59
191873,191872,1024,1,513,149,149,0,89,189,139,10,0,0,149,1,512,149,60
192000,192000,2048,0,1025,287,286,0,175,256,184,72,0,0,256,1,512,286,111
192000,192000,1024,0,513,141,141,0,88,194,135,6,0,0,141,1,512,141,53
192000,192000,4096,0,37,8,7,0,5,8,7,1,0,0,8,1,512,7,2
