sample,frame_stamp,frame_size,channel,bins,peaks,phase,logarithmic,phase_reuse,predicted,matched,births,first_steps,fallback_steps,selected,snapshots,snapshot_reads,current_args,previous_args
128,128,1024,0,513,25,0,24,0,0,0,25,0,0,25,1,512,0,0
129,128,1024,1,513,25,0,24,0,0,0,25,0,0,25,1,512,0,0
256,256,2048,0,1025,47,0,46,0,0,0,47,0,0,47,1,512,0,0
256,256,1024,0,513,47,46,0,0,25,13,34,0,0,47,1,512,46,46
257,256,2048,1,1025,47,0,46,0,0,0,47,0,0,47,1,512,0,0
257,256,1024,1,513,47,46,0,0,25,13,34,0,0,47,1,512,46,46
384,384,1024,0,513,73,73,0,20,59,49,24,0,0,73,1,512,73,73
385,384,1024,1,513,72,71,0,19,59,47,25,0,0,72,1,512,71,71
512,512,2048,0,1025,98,97,0,0,47,33,65,0,0,98,1,512,97,97
512,512,1024,0,513,98,97,0,42,83,74,24,0,0,98,1,512,97,97
512,512,4096,0,37,1,0,1,0,0,0,1,0,0,1,1,512,0,0
513,512,2048,1,1025,100,99,0,0,47,32,68,0,0,100,1,512,99,99
513,512,1024,1,513,96,95,0,40,84,72,24,0,0,96,1,512,95,95
513,512,4096,1,37,2,0,2,0,0,0,2,0,0,2,1,512,0,0
640,640,1024,0,513,123,123,0,69,107,96,27,0,0,123,1,512,123,123
641,640,1024,1,513,125,125,0,67,108,97,28,0,0,125,1,512,125,125
768,768,2048,0,1025,146,145,0,37,112,98,48,0,0,146,1,512,145,145
768,768,1024,0,513,137,137,0,90,130,121,16,0,0,137,1,512,137,137
769,768,2048,1,1025,146,145,0,41,115,101,45,0,0,146,1,512,145,145
769,768,1024,1,513,139,139,0,89,133,124,15,0,0,139,1,512,139,139
896,896,1024,0,513,142,142,0,86,144,120,22,0,0,142,1,512,142,142
897,896,1024,1,513,141,141,0,90,146,123,18,0,0,141,1,512,141,141
1024,1024,2048,0,1025,186,185,0,98,160,146,40,0,0,186,1,512,185,185
1024,1024,1024,0,513,136,135,0,83,166,124,12,0,0,136,1,512,135,135
1024,1024,4096,0,37,2,2,0,0,1,1,1,0,0,2,1,512,2,2
1025,1024,2048,1,1025,186,185,0,98,160,146,40,0,0,186,1,512,185,185
1025,1024,1024,1,513,136,135,0,83,164,123,13,0,0,136,1,512,135,135
1025,1024,4096,1,37,2,2,0,0,2,1,1,0,0,2,1,512,2,2
1152,1152,1024,0,513,150,149,0,86,178,139,11,0,0,150,1,512,149,149
1153,1152,1024,1,513,149,148,0,87,177,139,10,0,0,149,1,512,148,148
1280,1280,2048,0,1025,229,228,0,129,200,186,43,0,0,229,1,512,228,228
1280,1280,1024,0,513,144,144,0,95,188,136,8,0,0,144,1,512,144,144
1281,1280,2048,1,1025,233,232,0,128,200,188,45,0,0,233,1,512,232,232
1281,1280,1024,1,513,143,143,0,93,186,134,9,0,0,143,1,512,143,143
1408,1408,1024,0,513,146,146,0,96,189,136,10,0,0,146,1,512,146,146
1409,1408,1024,1,513,146,146,0,96,188,136,10,0,0,146,1,512,146,146
1536,1536,2048,0,1025,278,278,0,179,238,188,68,0,0,256,1,512,278,278
1536,1536,1024,0,513,137,137,0,87,191,131,6,0,0,137,1,512,137,137
1536,1536,4096,0,37,3,3,0,1,2,2,1,0,0,3,1,512,3,3
1537,1536,2048,1,1025,279,278,0,180,242,188,68,0,0,256,1,512,278,278
1537,1536,1024,1,513,136,136,0,88,191,131,5,0,0,136,1,512,136,136
1537,1536,4096,1,37,2,2,0,2,3,2,0,0,0,2,0,0,2,2
1664,1664,1024,0,513,135,134,0,89,188,130,5,0,0,135,1,512,134,134
1665,1664,1024,1,513,135,134,0,90,186,130,5,0,0,135,1,512,134,134
1792,1792,2048,0,1025,290,290,0,181,256,163,93,0,0,256,1,512,290,290
1792,1792,1024,0,513,139,138,0,80,182,132,7,0,0,139,1,512,138,138
1793,1792,2048,1,1025,288,288,0,181,256,164,92,0,0,256,1,512,288,288
1793,1792,1024,1,513,139,138,0,80,180,131,8,0,0,139,1,512,138,138
1920,1920,1024,0,513,147,146,0,85,183,138,9,0,0,147,1,512,146,146
1921,1920,1024,1,513,147,146,0,84,183,138,9,0,0,147,1,512,146,146
2048,2048,2048,0,1025,292,292,0,175,256,139,117,0,0,256,1,512,292,292
2048,2048,1024,0,513,146,145,0,97,184,139,7,0,0,146,1,512,145,145
2048,2048,4096,0,37,3,3,0,3,3,3,0,0,0,3,0,0,3,3
2049,2048,2048,1,1025,291,291,0,178,256,144,112,0,0,256,1,512,291,291
2049,2048,1024,1,513,147,146,0,96,185,140,7,0,0,147,1,512,146,146
2049,2048,4096,1,37,2,2,0,1,3,2,0,0,0,2,0,0,2,2
2176,2176,1024,0,513,143,142,0,99,188,138,5,0,0,143,1,512,142,142
2177,2176,1024,1,513,141,140,0,97,190,137,4,0,0,141,1,512,140,140
2304,2304,2048,0,1025,288,287,0,169,256,142,114,0,0,256,1,512,287,287
2304,2304,1024,0,513,135,134,0,84,181,127,8,0,0,135,1,512,134,134
2305,2304,2048,1,1025,287,286,0,169,256,127,129,0,0,256,1,512,286,286
2305,2304,1024,1,513,133,132,0,83,182,126,7,0,0,133,1,512,132,132
2432,2432,1024,0,513,141,140,0,79,183,132,9,0,0,141,1,512,140,140
2433,2432,1024,1,513,140,139,0,79,183,131,9,0,0,140,1,512,139,139
2560,2560,2048,0,1025,283,282,0,188,256,107,149,0,0,256,1,512,282,282
2560,2560,1024,0,513,132,131,0,78,182,123,9,0,0,132,1,512,131,131
2560,2560,4096,0,37,4,4,0,2,3,3,1,0,0,4,1,512,4,4
2561,2560,2048,1,1025,281,280,0,189,256,113,143,0,0,256,1,512,280,280
2561,2560,1024,1,513,135,134,0,82,182,126,9,0,0,135,1,512,134,134
2561,2560,4096,1,37,3,3,0,2,3,3,0,0,0,3,0,0,3,3
2688,2688,1024,0,513,138,138,0,83,185,130,8,0,0,138,1,512,138,138
2689,2688,1024,1,513,138,138,0,86,184,130,8,0,0,138,1,512,138,138
2816,2816,2048,0,1025,283,282,0,182,256,104,152,0,0,256,1,512,282,282
2816,2816,1024,0,513,139,139,0,89,183,130,9,0,0,139,1,512,139,139
2817,2816,2048,1,1025,281,280,0,180,256,101,155,0,0,256,1,512,280,280
2817,2816,1024,1,513,140,140,0,88,182,130,10,0,0,140,1,512,140,140
2944,2944,1024,0,513,137,137,0,89,186,132,5,0,0,137,1,512,137,137
2945,2944,1024,1,513,137,137,0,90,186,132,5,0,0,137,1,512,137,137
3072,3072,2048,0,1025,286,285,0,172,256,121,135,0,0,256,1,512,285,285
3072,3072,1024,0,513,136,135,0,83,178,126,10,0,0,136,1,512,135,135
3072,3072,4096,0,37,4,4,0,3,4,4,0,0,0,4,0,0,4,4
3073,3072,2048,1,1025,285,284,0,172,256,132,124,0,0,256,1,512,284,284
3073,3072,1024,1,513,137,136,0,82,179,127,10,0,0,137,1,512,136,136
3073,3072,4096,1,37,4,4,0,3,3,3,1,0,0,4,1,512,4,4
3200,3200,1024,0,513,131,131,0,82,184,124,7,0,0,131,1,512,131,131
3201,3200,1024,1,513,130,130,0,84,185,124,6,0,0,130,1,512,130,130
3328,3328,2048,0,1025,283,283,0,185,256,83,173,0,0,256,1,512,283,283
3328,3328,1024,0,513,137,137,0,80,181,129,8,0,0,137,1,512,137,137
3329,3328,2048,1,1025,282,282,0,184,256,101,155,0,0,256,1,512,282,282
3329,3328,1024,1,513,137,137,0,81,181,129,8,0,0,137,1,512,137,137
3456,3456,1024,0,513,139,139,0,87,183,131,8,0,0,139,1,512,139,139
3457,3456,1024,1,513,139,139,0,86,182,131,8,0,0,139,1,512,139,139
3584,3584,2048,0,1025,274,274,0,185,256,81,175,0,0,256,1,512,274,274
3584,3584,1024,0,513,138,138,0,88,184,126,12,0,0,138,1,512,138,138
3584,3584,4096,0,37,7,6,0,4,4,4,3,0,0,7,1,512,6,6
3585,3584,2048,1,1025,273,273,0,186,256,85,171,0,0,256,1,512,273,273
3585,3584,1024,1,513,138,138,0,90,183,125,13,0,0,138,1,512,138,138
3585,3584,4096,1,37,5,4,0,3,4,3,2,0,0,5,1,512,4,4
3712,3712,1024,0,513,146,145,0,93,181,133,13,0,0,146,1,512,145,145
3713,3712,1024,1,513,145,144,0,93,181,132,13,0,0,145,1,512,144,144
3840,3840,2048,0,1025,277,277,0,159,256,110,146,0,0,256,1,512,277,277
3840,3840,1024,0,513,138,137,0,85,185,131,7,0,0,138,1,512,137,137
3841,3840,2048,1,1025,276,276,0,159,256,123,133,0,0,256,1,512,276,276
3841,3840,1024,1,513,139,138,0,85,185,132,7,0,0,139,1,512,138,138
3968,3968,1024,0,513,139,139,0,91,186,132,7,0,0,139,1,512,139,139
3969,3968,1024,1,513,140,140,0,91,186,132,8,0,0,140,1,512,140,140
4096,4096,2048,0,1025,292,292,0,181,256,137,119,0,0,256,1,512,292,292
4096,4096,1024,0,513,142,142,0,87,183,136,6,0,0,142,1,512,142,142
4096,4096,4096,0,37,9,9,0,6,7,6,3,0,0,9,1,512,9,9
4097,4096,2048,1,1025,292,292,0,180,256,140,116,0,0,256,1,512,292,292
4097,4096,1024,1,513,143,143,0,86,185,136,7,0,0,143,1,512,143,143
4097,4096,4096,1,37,9,9,0,4,6,5,4,0,0,9,1,512,9,9
4224,4224,1024,0,513,141,141,0,94,186,135,6,0,0,141,1,512,141,141
4225,4224,1024,1,513,141,141,0,96,188,136,5,0,0,141,1,512,141,141
4352,4352,2048,0,1025,286,286,0,180,256,87,169,0,0,256,1,512,286,286
4352,4352,1024,0,513,145,145,0,89,187,141,4,0,0,145,1,512,145,145
4353,4352,2048,1,1025,285,285,0,182,256,89,167,0,0,256,1,512,285,285
4353,4352,1024,1,513,144,144,0,90,188,140,4,0,0,144,1,512,144,144
4480,4480,1024,0,513,141,140,0,96,183,131,10,0,0,141,1,512,140,140
4481,4480,1024,1,513,141,140,0,94,184,132,9,0,0,141,1,512,140,140
4608,4608,2048,0,1025,270,270,0,169,256,122,134,0,0,256,1,512,270,270
4608,4608,1024,0,513,156,155,0,96,188,147,9,0,0,156,1,512,155,155
4608,4608,4096,0,37,9,8,0,5,10,8,1,0,0,9,1,512,8,8
4609,4608,2048,1,1025,271,271,0,168,256,89,167,0,0,256,1,512,271,271
4609,4608,1024,1,513,156,155,0,97,187,146,10,0,0,156,1,512,155,155
4609,4608,4096,1,37,6,6,0,5,10,6,0,0,0,6,0,0,6,6
4736,4736,1024,0,513,151,150,0,108,189,146,5,0,0,151,1,512,150,150
4737,4736,1024,1,513,149,148,0,103,189,145,4,0,0,149,1,512,148,148
4864,4864,2048,0,1025,267,267,0,163,256,173,83,0,0,256,1,512,267,267
4864,4864,1024,0,513,139,138,0,88,186,131,8,0,0,139,1,512,138,138
4865,4864,2048,1,1025,267,267,0,167,256,178,78,0,0,256,1,512,267,267
4865,4864,1024,1,513,136,135,0,83,185,128,8,0,0,136,1,512,135,135
4992,4992,1024,0,513,140,139,0,87,190,133,7,0,0,140,1,512,139,139
4993,4992,1024,1,513,139,138,0,85,189,133,6,0,0,139,1,512,138,138
5120,5120,2048,0,1025,281,280,0,164,256,95,161,0,0,256,1,512,280,280
5120,5120,1024,0,513,142,141,0,94,190,134,8,0,0,142,1,512,141,141
5120,5120,4096,0,37,8,7,0,6,11,8,0,0,0,8,0,0,7,7
5121,5120,2048,1,1025,280,279,0,166,256,102,154,0,0,256,1,512,279,279
5121,5120,1024,1,513,143,142,0,94,188,135,8,0,0,143,1,512,142,142
5121,5120,4096,1,37,9,8,0,2,10,7,2,0,0,9,1,512,8,8
5248,5248,1024,0,513,139,138,0,91,189,133,6,0,0,139,1,512,138,138
5249,5248,1024,1,513,141,140,0,88,187,135,6,0,0,141,1,512,140,140
5376,5376,2048,0,1025,276,275,0,172,256,215,41,0,0,256,1,512,275,275
5376,5376,1024,0,513,149,148,0,91,186,138,11,0,0,149,1,512,148,148
5377,5376,2048,1,1025,276,275,0,169,256,213,43,0,0,256,1,512,275,275
5377,5376,1024,1,513,150,149,0,93,184,138,12,0,0,150,1,512,149,149
5504,5504,1024,0,513,140,139,0,90,186,134,6,0,0,140,1,512,139,139
5505,5504,1024,1,513,141,140,0,95,187,136,5,0,0,141,1,512,140,140
5632,5632,2048,0,1025,281,280,0,178,256,119,137,0,0,256,1,512,280,280
5632,5632,1024,0,513,141,140,0,84,185,135,6,0,0,141,1,512,140,140
5632,5632,4096,0,37,8,8,0,6,11,8,0,0,0,8,0,0,8,8
5633,5632,2048,1,1025,279,278,0,177,256,126,130,0,0,256,1,512,278,278
5633,5632,1024,1,513,142,141,0,81,186,136,6,0,0,142,1,512,141,141
5633,5632,4096,1,37,10,9,0,7,11,9,1,0,0,10,1,512,9,9
5760,5760,1024,0,513,140,139,0,81,183,132,8,0,0,140,1,512,139,139
5761,5760,1024,1,513,140,139,0,83,184,132,8,0,0,140,1,512,139,139
5888,5888,2048,0,1025,286,285,0,177,256,177,79,0,0,256,1,512,285,285
5888,5888,1024,0,513,138,137,0,79,189,132,6,0,0,138,1,512,137,137
5889,5888,2048,1,1025,284,283,0,176,256,167,89,0,0,256,1,512,283,283
5889,5888,1024,1,513,139,138,0,81,190,134,5,0,0,139,1,512,138,138
6016,6016,1024,0,513,133,133,0,86,182,130,3,0,0,133,1,512,133,133
6017,6016,1024,1,513,133,133,0,88,183,130,3,0,0,133,1,512,133,133
6144,6144,2048,0,1025,293,292,0,189,256,194,62,0,0,256,1,512,292,292
6144,6144,1024,0,513,141,141,0,84,180,133,8,0,0,141,1,512,141,141
6144,6144,4096,0,37,10,10,0,6,11,9,1,0,0,10,1,512,10,10
6145,6144,2048,1,1025,289,288,0,189,256,217,39,0,0,256,1,512,288,288
6145,6144,1024,1,513,139,139,0,84,182,132,7,0,0,139,1,512,139,139
6145,6144,4096,1,37,7,7,0,4,12,7,0,0,0,7,0,0,7,7
6272,6272,1024,0,513,140,140,0,90,180,133,7,0,0,140,1,512,140,140
6273,6272,1024,1,513,140,140,0,89,180,134,6,0,0,140,1,512,140,140
6400,6400,2048,0,1025,272,271,0,189,256,129,127,0,0,256,1,512,271,271
6400,6400,1024,0,513,147,147,0,93,181,139,8,0,0,147,1,512,147,147
6401,6400,2048,1,1025,271,270,0,186,256,94,162,0,0,256,1,512,270,270
6401,6400,1024,1,513,147,147,0,93,180,138,9,0,0,147,1,512,147,147
6528,6528,1024,0,513,143,143,0,93,182,137,6,0,0,143,1,512,143,143
6529,6528,1024,1,513,144,144,0,94,181,138,6,0,0,144,1,512,144,144
6656,6656,2048,0,1025,285,285,0,169,256,119,137,0,0,256,1,512,285,285
6656,6656,1024,0,513,148,148,0,84,180,135,13,0,0,148,1,512,148,148
6656,6656,4096,0,37,9,9,0,6,12,9,0,0,0,9,0,0,9,9
6657,6656,2048,1,1025,284,284,0,170,256,97,159,0,0,256,1,512,284,284
6657,6656,1024,1,513,148,148,0,87,181,136,12,0,0,148,1,512,148,148
6657,6656,4096,1,37,8,8,0,6,11,8,0,0,0,8,0,0,8,8
6784,6784,1024,0,513,150,150,0,101,185,144,6,0,0,150,1,512,150,150
6785,6784,1024,1,513,150,150,0,101,185,144,6,0,0,150,1,512,150,150
6912,6912,2048,0,1025,283,282,0,182,256,207,49,0,0,256,1,512,282,282
6912,6912,1024,0,513,145,145,0,82,188,139,6,0,0,145,1,512,145,145
6913,6912,2048,1,1025,283,282,0,183,256,181,75,0,0,256,1,512,282,282
6913,6912,1024,1,513,144,144,0,82,188,139,5,0,0,144,1,512,144,144
7040,7040,1024,0,513,142,142,0,96,189,136,6,0,0,142,1,512,142,142
7041,7040,1024,1,513,139,139,0,94,188,134,5,0,0,139,1,512,139,139
7168,7168,2048,0,1025,288,287,0,179,256,220,36,0,0,256,1,512,287,287
7168,7168,1024,0,513,140,140,0,90,187,133,7,0,0,140,1,512,140,140
7168,7168,4096,0,37,9,8,0,7,12,9,0,0,0,9,0,0,8,8
7169,7168,2048,1,1025,289,288,0,181,256,220,36,0,0,256,1,512,288,288
7169,7168,1024,1,513,140,140,0,89,186,133,7,0,0,140,1,512,140,140
7169,7168,4096,1,37,7,6,0,4,11,7,0,0,0,7,0,0,6,6
7296,7296,1024,0,513,136,136,0,87,188,132,4,0,0,136,1,512,136,136
7297,7296,1024,1,513,138,138,0,90,187,133,5,0,0,138,1,512,138,138
7424,7424,2048,0,1025,283,283,0,173,256,169,87,0,0,256,1,512,283,283
7424,7424,1024,0,513,137,137,0,84,180,129,8,0,0,137,1,512,137,137
7425,7424,2048,1,1025,282,282,0,174,256,176,80,0,0,256,1,512,282,282
7425,7424,1024,1,513,137,137,0,83,179,130,7,0,0,137,1,512,137,137
7552,7552,1024,0,513,138,137,0,77,182,127,11,0,0,138,1,512,137,137
7553,7552,1024,1,513,140,139,0,78,180,129,11,0,0,140,1,512,139,139
7680,7680,2048,0,1025,280,279,0,171,256,214,42,0,0,256,1,512,279,279
7680,7680,1024,0,513,147,146,0,87,186,140,7,0,0,147,1,512,146,146
7680,7680,4096,0,37,11,10,0,6,12,11,0,0,0,11,0,0,10,10
7681,7680,2048,1,1025,279,278,0,171,256,201,55,0,0,256,1,512,278,278
7681,7680,1024,1,513,146,145,0,88,186,139,7,0,0,146,1,512,145,145
7681,7680,4096,1,37,7,6,0,4,11,7,0,0,0,7,0,0,6,6
7808,7808,1024,0,513,144,144,0,95,183,137,7,0,0,144,1,512,144,144
7809,7808,1024,1,513,145,145,0,94,184,139,6,0,0,145,1,512,145,145
7936,7936,2048,0,1025,283,282,0,178,256,175,81,0,0,256,1,512,282,282
7936,7936,1024,0,513,136,136,0,80,186,126,10,0,0,136,1,512,136,136
7937,7936,2048,1,1025,281,280,0,178,256,170,86,0,0,256,1,512,280,280
7937,7936,1024,1,513,132,132,0,81,186,124,8,0,0,132,1,512,132,132
8064,8064,1024,0,513,146,146,0,87,189,133,13,0,0,146,1,512,146,146
8065,8064,1024,1,513,146,146,0,86,186,132,14,0,0,146,1,512,146,146
8192,8192,2048,0,1025,282,282,0,179,256,211,45,0,0,256,1,512,282,282
8192,8192,1024,0,513,132,132,0,88,196,129,3,0,0,132,1,512,132,132
8192,8192,4096,0,37,10,10,0,6,12,9,1,0,0,10,1,512,10,10
8193,8192,2048,1,1025,281,281,0,175,256,209,47,0,0,256,1,512,281,281
8193,8192,1024,1,513,132,132,0,88,194,130,2,0,0,132,1,512,132,132
8193,8192,4096,1,37,9,8,0,5,10,8,1,0,0,9,1,512,8,8
8320,8320,1024,0,513,131,131,0,75,189,125,6,0,0,131,1,512,131,131
8321,8320,1024,1,513,129,129,0,76,186,124,5,0,0,129,1,512,129,129
8448,8448,2048,0,1025,274,273,0,175,256,183,73,0,0,256,1,512,273,273
8448,8448,1024,0,513,134,134,0,85,181,127,7,0,0,134,1,512,134,134
8449,8448,2048,1,1025,274,273,0,177,256,182,74,0,0,256,1,512,273,273
8449,8448,1024,1,513,133,133,0,85,176,125,8,0,0,133,1,512,133,133
8576,8576,1024,0,513,138,138,0,81,183,135,3,0,0,138,1,512,138,138
8577,8576,1024,1,513,138,138,0,83,180,135,3,0,0,138,1,512,138,138
8704,8704,2048,0,1025,277,276,0,169,256,158,98,0,0,256,1,512,276,276
8704,8704,1024,0,513,138,138,0,86,177,132,6,0,0,138,1,512,138,138
8704,8704,4096,0,37,9,8,0,8,13,9,0,0,0,9,0,0,8,8
8705,8704,2048,1,1025,275,274,0,170,256,177,79,0,0,256,1,512,274,274
8705,8704,1024,1,513,138,138,0,84,175,132,6,0,0,138,1,512,138,138
8705,8704,4096,1,37,7,6,0,6,11,7,0,0,0,7,0,0,6,6
8832,8832,1024,0,513,129,129,0,82,175,127,2,0,0,129,1,512,129,129
8833,8832,1024,1,513,130,130,0,80,174,128,2,0,0,130,1,512,130,130
8960,8960,2048,0,1025,278,277,0,160,256,132,124,0,0,256,1,512,277,277
8960,8960,1024,0,513,130,130,0,84,172,124,6,0,0,130,1,512,130,130
8961,8960,2048,1,1025,276,275,0,158,256,96,160,0,0,256,1,512,275,275
8961,8960,1024,1,513,133,133,0,84,172,127,6,0,0,133,1,512,133,133
9088,9088,1024,0,513,138,138,0,82,175,129,9,0,0,138,1,512,138,138
9089,9088,1024,1,513,138,138,0,86,175,130,8,0,0,138,1,512,138,138
9216,9216,2048,0,1025,277,276,0,169,256,191,65,0,0,256,1,512,276,276
9216,9216,1024,0,513,132,132,0,89,176,126,6,0,0,132,1,512,132,132
9216,9216,4096,0,37,10,9,0,6,13,8,2,0,0,10,1,512,9,9
9217,9216,2048,1,1025,279,278,0,169,256,165,91,0,0,256,1,512,278,278
9217,9216,1024,1,513,129,129,0,87,176,123,6,0,0,129,1,512,129,129
9217,9216,4096,1,37,7,6,0,3,10,7,0,0,0,7,0,0,6,6
9344,9344,1024,0,513,138,138,0,82,172,128,10,0,0,138,1,512,138,138
9345,9344,1024,1,513,138,138,0,82,171,127,11,0,0,138,1,512,138,138
9472,9472,2048,0,1025,279,278,0,189,256,153,103,0,0,256,1,512,278,278
9472,9472,1024,0,513,142,142,0,93,177,135,7,0,0,142,1,512,142,142
9473,9472,2048,1,1025,278,277,0,189,256,138,118,0,0,256,1,512,277,277
9473,9472,1024,1,513,142,142,0,94,178,135,7,0,0,142,1,512,142,142
9600,9600,1024,0,513,145,145,0,96,180,140,5,0,0,145,1,512,145,145
9601,9600,1024,1,513,146,146,0,98,179,141,5,0,0,146,1,512,146,146
9728,9728,2048,0,1025,273,273,0,178,256,110,146,0,0,256,1,512,273,273
9728,9728,1024,0,513,141,141,0,104,179,135,6,0,0,141,1,512,141,141
9728,9728,4096,0,37,9,9,0,6,15,9,0,0,0,9,0,0,9,9
9729,9728,2048,1,1025,271,271,0,178,256,136,120,0,0,256,1,512,271,271
9729,9728,1024,1,513,141,141,0,107,179,135,6,0,0,141,1,512,141,141
9729,9728,4096,1,37,7,6,0,2,9,7,0,0,0,7,0,0,6,6
9856,9856,1024,0,513,142,142,0,92,179,139,3,0,0,142,1,512,142,142
9857,9856,1024,1,513,143,143,0,91,179,140,3,0,0,143,1,512,143,143
9984,9984,2048,0,1025,287,286,0,173,256,213,43,0,0,256,1,512,286,286
9984,9984,1024,0,513,143,143,0,84,177,133,10,0,0,143,1,512,143,143
9985,9984,2048,1,1025,287,286,0,173,256,213,43,0,0,256,1,512,286,286
9985,9984,1024,1,513,142,142,0,81,177,132,10,0,0,142,1,512,142,142
10112,10112,1024,0,513,141,140,0,82,181,132,9,0,0,141,1,512,140,140
10113,10112,1024,1,513,139,138,0,83,181,130,9,0,0,139,1,512,138,138
10240,10240,2048,0,1025,282,281,0,179,256,163,93,0,0,256,1,512,281,281
10240,10240,1024,0,513,142,141,0,95,187,136,6,0,0,142,1,512,141,141
10240,10240,4096,0,37,10,9,0,7,14,10,0,0,0,10,0,0,9,9
10241,10240,2048,1,1025,281,280,0,181,256,135,121,0,0,256,1,512,280,280
10241,10240,1024,1,513,139,138,0,93,187,133,6,0,0,139,1,512,138,138
10241,10240,4096,1,37,8,8,0,4,9,7,1,0,0,8,1,512,8,8
10368,10368,1024,0,513,140,139,0,87,190,131,9,0,0,140,1,512,139,139
10369,10368,1024,1,513,140,139,0,84,190,131,9,0,0,140,1,512,139,139
10496,10496,2048,0,1025,279,278,0,174,256,84,172,0,0,256,1,512,278,278
10496,10496,1024,0,513,140,139,0,89,188,132,8,0,0,140,1,512,139,139
10497,10496,2048,1,1025,276,275,0,174,256,124,132,0,0,256,1,512,275,275
10497,10496,1024,1,513,139,138,0,89,187,131,8,0,0,139,1,512,138,138
10624,10624,1024,0,513,146,145,0,77,185,137,9,0,0,146,1,512,145,145
10625,10624,1024,1,513,145,144,0,78,183,137,8,0,0,145,1,512,144,144
10752,10752,2048,0,1025,278,277,0,168,256,166,90,0,0,256,1,512,277,277
10752,10752,1024,0,513,142,141,0,88,187,137,5,0,0,142,1,512,141,141
10752,10752,4096,0,37,9,8,0,5,14,9,0,0,0,9,0,0,8,8
10753,10752,2048,1,1025,279,278,0,168,256,126,130,0,0,256,1,512,278,278
10753,10752,1024,1,513,143,142,0,87,184,137,6,0,0,143,1,512,142,142
10753,10752,4096,1,37,7,7,0,6,9,7,0,0,0,7,0,0,7,7
10880,10880,1024,0,513,140,139,0,85,188,130,10,0,0,140,1,512,139,139
10881,10880,1024,1,513,141,140,0,86,185,129,12,0,0,141,1,512,140,140
11008,11008,2048,0,1025,276,275,0,174,256,209,47,0,0,256,1,512,275,275
11008,11008,1024,0,513,146,145,0,81,192,139,7,0,0,146,1,512,145,145
11009,11008,2048,1,1025,276,275,0,175,256,216,40,0,0,256,1,512,275,275
11009,11008,1024,1,513,147,146,0,83,191,140,7,0,0,147,1,512,146,146
11136,11136,1024,0,513,141,141,0,96,193,137,4,0,0,141,1,512,141,141
11137,11136,1024,1,513,142,142,0,95,194,138,4,0,0,142,1,512,142,142
11264,11264,2048,0,1025,286,285,0,181,256,197,59,0,0,256,1,512,285,285
11264,11264,1024,0,513,142,141,0,86,192,137,5,0,0,142,1,512,141,141
11264,11264,4096,0,37,10,10,0,5,14,9,1,0,0,10,1,512,10,10
11265,11264,2048,1,1025,285,284,0,183,256,208,48,0,0,256,1,512,284,284
11265,11264,1024,1,513,143,142,0,87,193,137,6,0,0,143,1,512,142,142
11265,11264,4096,1,37,8,8,0,5,9,7,1,0,0,8,1,512,8,8
11392,11392,1024,0,513,141,141,0,91,190,134,7,0,0,141,1,512,141,141
11393,11392,1024,1,513,140,140,0,92,191,133,7,0,0,140,1,512,140,140
11520,11520,2048,0,1025,293,292,0,188,256,212,44,0,0,256,1,512,292,292
11520,11520,1024,0,513,141,141,0,86,191,135,6,0,0,141,1,512,141,141
11521,11520,2048,1,1025,294,293,0,188,256,192,64,0,0,256,1,512,293,293
11521,11520,1024,1,513,139,139,0,86,192,133,6,0,0,139,1,512,139,139
11648,11648,1024,0,513,144,144,0,92,190,137,7,0,0,144,1,512,144,144
11649,11648,1024,1,513,143,143,0,90,191,136,7,0,0,143,1,512,143,143
11776,11776,2048,0,1025,294,294,0,194,256,205,51,0,0,256,1,512,294,294
11776,11776,1024,0,513,141,141,0,90,190,136,5,0,0,141,1,512,141,141
11776,11776,4096,0,37,9,9,0,6,13,9,0,0,0,9,0,0,9,9
11777,11776,2048,1,1025,293,293,0,194,256,216,40,0,0,256,1,512,293,293
11777,11776,1024,1,513,140,140,0,88,191,135,5,0,0,140,1,512,140,140
11777,11776,4096,1,37,8,8,0,4,10,8,0,0,0,8,0,0,8,8
11904,11904,1024,0,513,140,140,0,90,186,133,7,0,0,140,1,512,140,140
11905,11904,1024,1,513,143,143,0,93,186,137,6,0,0,143,1,512,143,143
12032,12032,2048,0,1025,283,283,0,174,256,219,37,0,0,256,1,512,283,283
12032,12032,1024,0,513,145,145,0,83,184,136,9,0,0,145,1,512,145,145
12033,12032,2048,1,1025,282,282,0,173,256,217,39,0,0,256,1,512,282,282
12033,12032,1024,1,513,146,146,0,84,182,136,10,0,0,146,1,512,146,146
12160,12160,1024,0,513,141,140,0,93,187,134,7,0,0,141,1,512,140,140
12161,12160,1024,1,513,142,141,0,93,186,134,8,0,0,142,1,512,141,141
12288,12288,2048,0,1025,269,269,0,181,256,216,40,0,0,256,1,512,269,269
12288,12288,1024,0,513,136,136,0,87,187,133,3,0,0,136,1,512,136,136
12288,12288,4096,0,37,8,8,0,8,13,8,0,0,0,8,0,0,8,8
12289,12288,2048,1,1025,270,270,0,181,256,207,49,0,0,256,1,512,270,270
12289,12288,1024,1,513,137,137,0,88,188,134,3,0,0,137,1,512,137,137
12289,12288,4096,1,37,6,6,0,4,10,6,0,0,0,6,0,0,6,6
12416,12416,1024,0,513,132,132,0,87,180,126,6,0,0,132,1,512,132,132
12417,12416,1024,1,513,134,134,0,90,182,128,6,0,0,134,1,512,134,134
12544,12544,2048,0,1025,279,279,0,163,256,187,69,0,0,256,1,512,279,279
12544,12544,1024,0,513,131,131,0,88,181,124,7,0,0,131,1,512,131,131
12545,12544,2048,1,1025,279,279,0,164,256,186,70,0,0,256,1,512,279,279
12545,12544,1024,1,513,131,131,0,90,182,125,6,0,0,131,1,512,131,131
12672,12672,1024,0,513,137,137,0,84,178,128,9,0,0,137,1,512,137,137
12673,12672,1024,1,513,137,137,0,84,179,129,8,0,0,137,1,512,137,137
12800,12800,2048,0,1025,283,283,0,182,256,192,64,0,0,256,1,512,283,283
12800,12800,1024,0,513,133,133,0,97,179,127,6,0,0,133,1,512,133,133
12800,12800,4096,0,37,9,9,0,5,11,8,1,0,0,9,1,512,9,9
12801,12800,2048,1,1025,284,284,0,183,256,185,71,0,0,256,1,512,284,284
12801,12800,1024,1,513,133,133,0,97,180,128,5,0,0,133,1,512,133,133
12801,12800,4096,1,37,7,7,0,5,10,7,0,0,0,7,0,0,7,7
12928,12928,1024,0,513,143,143,0,80,178,128,15,0,0,143,1,512,143,143
12929,12928,1024,1,513,143,143,0,81,177,128,15,0,0,143,1,512,143,143
13056,13056,2048,0,1025,276,276,0,180,256,53,203,0,0,256,1,512,276,276
13056,13056,1024,0,513,141,141,0,81,184,133,8,0,0,141,1,512,141,141
13057,13056,2048,1,1025,275,275,0,183,256,52,204,0,0,256,1,512,275,275
13057,13056,1024,1,513,144,144,0,84,183,137,7,0,0,144,1,512,144,144
13184,13184,1024,0,513,142,142,0,95,188,132,10,0,0,142,1,512,142,142
13185,13184,1024,1,513,143,143,0,96,186,133,10,0,0,143,1,512,143,143
13312,13312,2048,0,1025,274,273,0,180,256,174,82,0,0,256,1,512,273,273
13312,13312,1024,0,513,143,143,0,92,192,135,8,0,0,143,1,512,143,143
13312,13312,4096,0,37,8,8,0,7,11,8,0,0,0,8,0,0,8,8
13313,13312,2048,1,1025,271,270,0,180,256,180,76,0,0,256,1,512,270,270
13313,13312,1024,1,513,142,142,0,93,191,135,7,0,0,142,1,512,142,142
13313,13312,4096,1,37,7,7,0,5,9,7,0,0,0,7,0,0,7,7
13440,13440,1024,0,513,141,140,0,98,189,135,6,0,0,141,1,512,140,140
13441,13440,1024,1,513,140,139,0,98,188,134,6,0,0,140,1,512,139,139
13568,13568,2048,0,1025,291,290,0,158,256,220,36,0,0,256,1,512,290,290
13568,13568,1024,0,513,137,136,0,94,189,136,1,0,0,137,1,512,136,136
13569,13568,2048,1,1025,289,288,0,158,256,222,34,0,0,256,1,512,288,288
13569,13568,1024,1,513,136,135,0,93,189,134,2,0,0,136,1,512,135,135
13696,13696,1024,0,513,141,140,0,88,178,131,10,0,0,141,1,512,140,140
13697,13696,1024,1,513,140,139,0,91,179,133,7,0,0,140,1,512,139,139
13824,13824,2048,0,1025,287,286,0,190,256,186,70,0,0,256,1,512,286,286
13824,13824,1024,0,513,145,144,0,103,181,135,10,0,0,145,1,512,144,144
13824,13824,4096,0,37,11,10,0,6,11,9,2,0,0,11,1,512,10,10
13825,13824,2048,1,1025,286,285,0,191,256,186,70,0,0,256,1,512,285,285
13825,13824,1024,1,513,146,145,0,103,177,134,12,0,0,146,1,512,145,145
13825,13824,4096,1,37,8,7,0,3,9,7,1,0,0,8,1,512,7,7
13952,13952,1024,0,513,135,135,0,84,183,132,3,0,0,135,1,512,135,135
13953,13952,1024,1,513,134,134,0,85,182,131,3,0,0,134,1,512,134,134
14080,14080,2048,0,1025,276,275,0,179,256,183,73,0,0,256,1,512,275,275
14080,14080,1024,0,513,134,134,0,76,179,127,7,0,0,134,1,512,134,134
14081,14080,2048,1,1025,276,275,0,180,256,179,77,0,0,256,1,512,275,275
14081,14080,1024,1,513,133,133,0,76,178,126,7,0,0,133,1,512,133,133
14208,14208,1024,0,513,143,143,0,97,181,135,8,0,0,143,1,512,143,143
14209,14208,1024,1,513,142,142,0,98,180,135,7,0,0,142,1,512,142,142
14336,14336,2048,0,1025,283,283,0,161,256,76,180,0,0,256,1,512,283,283
14336,14336,1024,0,513,137,137,0,78,183,133,4,0,0,137,1,512,137,137
14336,14336,4096,0,37,10,10,0,7,13,8,2,0,0,10,1,512,10,10
14337,14336,2048,1,1025,279,279,0,161,256,130,126,0,0,256,1,512,279,279
14337,14336,1024,1,513,138,138,0,81,181,133,5,0,0,138,1,512,138,138
14337,14336,4096,1,37,7,6,0,4,10,6,1,0,0,7,1,512,6,6
14464,14464,1024,0,513,140,140,0,88,177,128,12,0,0,140,1,512,140,140
14465,14464,1024,1,513,139,139,0,89,177,129,10,0,0,139,1,512,139,139
14592,14592,2048,0,1025,276,276,0,182,256,177,79,0,0,256,1,512,276,276
14592,14592,1024,0,513,150,149,0,97,179,140,10,0,0,150,1,512,149,149
14593,14592,2048,1,1025,275,275,0,180,256,117,139,0,0,256,1,512,275,275
14593,14592,1024,1,513,149,148,0,94,177,139,10,0,0,149,1,512,148,148
14720,14720,1024,0,513,145,144,0,91,186,137,8,0,0,145,1,512,144,144
14721,14720,1024,1,513,145,144,0,92,184,137,8,0,0,145,1,512,144,144
14848,14848,2048,0,1025,276,276,0,166,256,204,52,0,0,256,1,512,276,276
14848,14848,1024,0,513,146,146,0,89,188,140,6,0,0,146,1,512,146,146
14848,14848,4096,0,37,12,12,0,8,15,12,0,0,0,12,0,0,12,12
14849,14848,2048,1,1025,275,275,0,167,256,205,51,0,0,256,1,512,275,275
14849,14848,1024,1,513,145,145,0,92,186,140,5,0,0,145,1,512,145,145
14849,14848,4096,1,37,8,8,0,5,11,8,0,0,0,8,0,0,8,8
14976,14976,1024,0,513,144,143,0,90,187,138,6,0,0,144,1,512,143,143
14977,14976,1024,1,513,143,142,0,89,186,137,6,0,0,143,1,512,142,142
15104,15104,2048,0,1025,278,277,0,177,256,198,58,0,0,256,1,512,277,277
15104,15104,1024,0,513,139,138,0,91,191,133,6,0,0,139,1,512,138,138
15105,15104,2048,1,1025,279,278,0,178,256,197,59,0,0,256,1,512,278,278
15105,15104,1024,1,513,140,139,0,91,190,134,6,0,0,140,1,512,139,139
15232,15232,1024,0,513,141,140,0,86,190,137,4,0,0,141,1,512,140,140
15233,15232,1024,1,513,139,138,0,88,190,137,2,0,0,139,1,512,138,138
15360,15360,2048,0,1025,279,278,0,172,256,186,70,0,0,256,1,512,278,278
15360,15360,1024,0,513,145,144,0,95,183,138,7,0,0,145,1,512,144,144
15360,15360,4096,0,37,8,8,0,7,15,8,0,0,0,8,0,0,8,8
15361,15360,2048,1,1025,278,277,0,174,256,185,71,0,0,256,1,512,277,277
15361,15360,1024,1,513,145,144,0,93,182,138,7,0,0,145,1,512,144,144
15361,15360,4096,1,37,9,8,0,5,10,9,0,0,0,9,0,0,8,8
15488,15488,1024,0,513,141,141,0,101,182,137,4,0,0,141,1,512,141,141
15489,15488,1024,1,513,141,141,0,102,182,138,3,0,0,141,1,512,141,141
15616,15616,2048,0,1025,282,281,0,172,256,205,51,0,0,256,1,512,281,281
15616,15616,1024,0,513,143,142,0,86,177,136,7,0,0,143,1,512,142,142
15617,15616,2048,1,1025,281,280,0,170,256,208,48,0,0,256,1,512,280,280
15617,15616,1024,1,513,144,143,0,84,176,136,8,0,0,144,1,512,143,143
15744,15744,1024,0,513,139,139,0,79,179,130,9,0,0,139,1,512,139,139
15745,15744,1024,1,513,138,138,0,81,179,129,9,0,0,138,1,512,138,138
15872,15872,2048,0,1025,293,292,0,182,256,184,72,0,0,256,1,512,292,292
15872,15872,1024,0,513,126,126,0,77,184,123,3,0,0,126,1,512,126,126
15872,15872,4096,0,37,9,8,0,4,15,9,0,0,0,9,0,0,8,8
15873,15872,2048,1,1025,294,293,0,183,256,169,87,0,0,256,1,512,293,293
15873,15872,1024,1,513,127,127,0,74,184,124,3,0,0,127,1,512,127,127
15873,15872,4096,1,37,6,5,0,5,10,6,0,0,0,6,0,0,5,5
16000,16000,1024,0,513,143,143,0,76,181,134,9,0,0,143,1,512,143,143
16001,16000,1024,1,513,143,143,0,79,182,136,7,0,0,143,1,512,143,143
16128,16128,2048,0,1025,280,280,0,199,256,157,99,0,0,256,1,512,280,280
16128,16128,1024,0,513,147,147,0,98,184,135,12,0,0,147,1,512,147,147
16129,16128,2048,1,1025,281,281,0,200,256,119,137,0,0,256,1,512,281,281
16129,16128,1024,1,513,146,146,0,102,183,134,12,0,0,146,1,512,146,146
16256,16256,1024,0,513,136,135,0,86,191,128,8,0,0,136,1,512,135,135
16257,16256,1024,1,513,137,136,0,86,190,128,9,0,0,137,1,512,136,136
16384,16384,2048,0,1025,295,295,0,176,256,152,104,0,0,256,1,512,295,295
16384,16384,1024,0,513,142,141,0,81,188,131,11,0,0,142,1,512,141,141
16384,16384,4096,0,37,9,8,0,8,13,9,0,0,0,9,0,0,8,8
16385,16384,2048,1,1025,293,293,0,175,256,185,71,0,0,256,1,512,293,293
16385,16384,1024,1,513,141,140,0,83,187,131,10,0,0,141,1,512,140,140
16385,16384,4096,1,37,6,5,0,4,9,6,0,0,0,6,0,0,5,5
16512,16512,1024,0,513,145,144,0,88,194,138,7,0,0,145,1,512,144,144
16513,16512,1024,1,513,144,143,0,86,193,136,8,0,0,144,1,512,143,143
16640,16640,2048,0,1025,288,288,0,189,256,194,62,0,0,256,1,512,288,288
16640,16640,1024,0,513,138,137,0,74,197,132,6,0,0,138,1,512,137,137
16641,16640,2048,1,1025,287,287,0,190,256,184,72,0,0,256,1,512,287,287
16641,16640,1024,1,513,140,139,0,74,197,134,6,0,0,140,1,512,139,139
16768,16768,1024,0,513,142,141,0,78,188,134,8,0,0,142,1,512,141,141
16769,16768,1024,1,513,140,139,0,82,189,133,7,0,0,140,1,512,139,139
16896,16896,2048,0,1025,295,295,0,178,256,154,102,0,0,256,1,512,295,295
16896,16896,1024,0,513,140,140,0,90,188,132,8,0,0,140,1,512,140,140
16896,16896,4096,0,37,9,8,0,5,13,8,1,0,0,9,1,512,8,8
16897,16896,2048,1,1025,293,293,0,176,256,191,65,0,0,256,1,512,293,293
16897,16896,1024,1,513,140,140,0,89,188,133,7,0,0,140,1,512,140,140
16897,16896,4096,1,37,8,7,0,4,9,7,1,0,0,8,1,512,7,7
17024,17024,1024,0,513,137,137,0,91,187,129,8,0,0,137,1,512,137,137
17025,17024,1024,1,513,137,137,0,91,186,130,7,0,0,137,1,512,137,137
17152,17152,2048,0,1025,285,285,0,187,256,177,79,0,0,256,1,512,285,285
17152,17152,1024,0,513,145,145,0,85,185,138,7,0,0,145,1,512,145,145
17153,17152,2048,1,1025,283,283,0,185,256,173,83,0,0,256,1,512,283,283
17153,17152,1024,1,513,144,144,0,88,182,137,7,0,0,144,1,512,144,144
17280,17280,1024,0,513,148,147,0,99,187,136,12,0,0,148,1,512,147,147
17281,17280,1024,1,513,145,144,0,95,184,132,13,0,0,145,1,512,144,144
17408,17408,2048,0,1025,280,280,0,179,256,216,40,0,0,256,1,512,280,280
17408,17408,1024,0,513,142,142,0,90,191,134,8,0,0,142,1,512,142,142
17408,17408,4096,0,37,11,10,0,7,11,9,2,0,0,11,1,512,10,10
17409,17408,2048,1,1025,279,279,0,177,256,212,44,0,0,256,1,512,279,279
17409,17408,1024,1,513,142,142,0,86,190,133,9,0,0,142,1,512,142,142
17409,17408,4096,1,37,9,8,0,5,10,9,0,0,0,9,0,0,8,8
17536,17536,1024,0,513,141,141,0,83,191,135,6,0,0,141,1,512,141,141
17537,17536,1024,1,513,142,142,0,83,191,136,6,0,0,142,1,512,142,142
17664,17664,2048,0,1025,281,281,0,162,256,205,51,0,0,256,1,512,281,281
17664,17664,1024,0,513,140,140,0,92,189,132,8,0,0,140,1,512,140,140
17665,17664,2048,1,1025,281,281,0,164,256,215,41,0,0,256,1,512,281,281
17665,17664,1024,1,513,140,140,0,95,190,132,8,0,0,140,1,512,140,140
17792,17792,1024,0,513,144,144,0,87,190,133,11,0,0,144,1,512,144,144
17793,17792,1024,1,513,145,145,0,88,191,134,11,0,0,145,1,512,145,145
17920,17920,2048,0,1025,275,275,0,174,256,190,66,0,0,256,1,512,275,275
17920,17920,1024,0,513,141,141,0,84,191,132,9,0,0,141,1,512,141,141
17920,17920,4096,0,37,10,9,0,6,13,10,0,0,0,10,0,0,9,9
17921,17920,2048,1,1025,274,274,0,171,256,187,69,0,0,256,1,512,274,274
17921,17920,1024,1,513,143,143,0,85,193,134,9,0,0,143,1,512,143,143
17921,17920,4096,1,37,7,7,0,4,10,7,0,0,0,7,0,0,7,7
18048,18048,1024,0,513,144,143,0,88,194,135,9,0,0,144,1,512,143,143
18049,18048,1024,1,513,145,144,0,90,196,138,7,0,0,145,1,512,144,144
18176,18176,2048,0,1025,286,285,0,161,256,113,143,0,0,256,1,512,285,285
18176,18176,1024,0,513,136,136,0,93,189,129,7,0,0,136,1,512,136,136
18177,18176,2048,1,1025,284,283,0,161,256,133,123,0,0,256,1,512,283,283
18177,18176,1024,1,513,137,137,0,93,189,130,7,0,0,137,1,512,137,137
18304,18304,1024,0,513,139,139,0,84,189,131,8,0,0,139,1,512,139,139
18305,18304,1024,1,513,138,138,0,84,190,131,7,0,0,138,1,512,138,138
18432,18432,2048,0,1025,287,286,0,191,256,177,79,0,0,256,1,512,286,286
18432,18432,1024,0,513,139,138,0,88,185,134,5,0,0,139,1,512,138,138
18432,18432,4096,0,37,9,9,0,5,13,8,1,0,0,9,1,512,9,9
18433,18432,2048,1,1025,286,285,0,192,256,149,107,0,0,256,1,512,285,285
18433,18432,1024,1,513,138,137,0,86,185,133,5,0,0,138,1,512,137,137
18433,18432,4096,1,37,6,6,0,6,10,6,0,0,0,6,0,0,6,6
18560,18560,1024,0,513,145,144,0,89,185,135,10,0,0,145,1,512,144,144
18561,18560,1024,1,513,145,144,0,89,186,136,9,0,0,145,1,512,144,144
18688,18688,2048,0,1025,280,279,0,185,256,217,39,0,0,256,1,512,279,279
18688,18688,1024,0,513,140,140,0,90,183,134,6,0,0,140,1,512,140,140
18689,18688,2048,1,1025,280,279,0,188,256,202,54,0,0,256,1,512,279,279
18689,18688,1024,1,513,139,139,0,89,183,133,6,0,0,139,1,512,139,139
18816,18816,1024,0,513,139,139,0,88,182,133,6,0,0,139,1,512,139,139
18817,18816,1024,1,513,141,141,0,89,182,136,5,0,0,141,1,512,141,141
18944,18944,2048,0,1025,292,291,0,184,256,193,63,0,0,256,1,512,291,291
18944,18944,1024,0,513,139,139,0,97,184,132,7,0,0,139,1,512,139,139
18944,18944,4096,0,37,9,8,0,6,14,9,0,0,0,9,0,0,8,8
18945,18944,2048,1,1025,291,290,0,184,256,203,53,0,0,256,1,512,290,290
18945,18944,1024,1,513,139,139,0,98,183,131,8,0,0,139,1,512,139,139
18945,18944,4096,1,37,6,6,0,3,10,6,0,0,0,6,0,0,6,6
19072,19072,1024,0,513,145,145,0,90,181,135,10,0,0,145,1,512,145,145
19073,19072,1024,1,513,146,146,0,90,180,136,10,0,0,146,1,512,146,146
19200,19200,2048,0,1025,275,274,0,177,256,203,53,0,0,256,1,512,274,274
19200,19200,1024,0,513,142,142,0,91,185,137,5,0,0,142,1,512,142,142
19201,19200,2048,1,1025,274,273,0,174,256,208,48,0,0,256,1,512,273,273
19201,19200,1024,1,513,144,144,0,94,185,139,5,0,0,144,1,512,144,144
19328,19328,1024,0,513,141,141,0,78,182,132,9,0,0,141,1,512,141,141
19329,19328,1024,1,513,141,141,0,77,183,133,8,0,0,141,1,512,141,141
19456,19456,2048,0,1025,287,286,0,164,256,167,89,0,0,256,1,512,286,286
19456,19456,1024,0,513,146,146,0,91,188,139,7,0,0,146,1,512,146,146
19456,19456,4096,0,37,12,11,0,5,13,12,0,0,0,12,0,0,11,11
19457,19456,2048,1,1025,287,286,0,167,256,162,94,0,0,256,1,512,286,286
19457,19456,1024,1,513,147,147,0,94,188,138,9,0,0,147,1,512,147,147
19457,19456,4096,1,37,8,8,0,4,10,7,1,0,0,8,1,512,8,8
19584,19584,1024,0,513,140,140,0,85,186,133,7,0,0,140,1,512,140,140
19585,19584,1024,1,513,141,141,0,86,188,135,6,0,0,141,1,512,141,141
19712,19712,2048,0,1025,272,272,0,174,256,198,58,0,0,256,1,512,272,272
19712,19712,1024,0,513,146,146,0,94,187,138,8,0,0,146,1,512,146,146
19713,19712,2048,1,1025,272,272,0,176,256,199,57,0,0,256,1,512,272,272
19713,19712,1024,1,513,146,146,0,97,188,138,8,0,0,146,1,512,146,146
19840,19840,1024,0,513,141,141,0,100,187,137,4,0,0,141,1,512,141,141
19841,19840,1024,1,513,141,141,0,99,188,137,4,0,0,141,1,512,141,141
19968,19968,2048,0,1025,268,268,0,175,256,212,44,0,0,256,1,512,268,268
19968,19968,1024,0,513,147,147,0,94,184,139,8,0,0,147,1,512,147,147
19968,19968,4096,0,37,9,9,0,5,13,9,0,0,0,9,0,0,9,9
19969,19968,2048,1,1025,268,268,0,177,256,213,43,0,0,256,1,512,268,268
19969,19968,1024,1,513,146,146,0,95,185,138,8,0,0,146,1,512,146,146
19969,19968,4096,1,37,8,7,0,6,9,7,1,0,0,8,1,512,7,7
20096,20096,1024,0,513,140,140,0,92,184,134,6,0,0,140,1,512,140,140
20097,20096,1024,1,513,140,140,0,91,185,134,6,0,0,140,1,512,140,140
20224,20224,2048,0,1025,284,284,0,178,256,180,76,0,0,256,1,512,284,284
20224,20224,1024,0,513,142,142,0,85,183,132,10,0,0,142,1,512,142,142
20225,20224,2048,1,1025,285,285,0,177,256,165,91,0,0,256,1,512,285,285
20225,20224,1024,1,513,141,141,0,85,183,132,9,0,0,141,1,512,141,141
20352,20352,1024,0,513,137,137,0,88,187,133,4,0,0,137,1,512,137,137
20353,20352,1024,1,513,138,138,0,89,186,134,4,0,0,138,1,512,138,138
20480,20480,2048,0,1025,285,285,0,191,256,204,52,0,0,256,1,512,285,285
20480,20480,1024,0,513,138,138,0,82,183,128,10,0,0,138,1,512,138,138
20480,20480,4096,0,37,10,10,0,6,13,9,1,0,0,10,1,512,10,10
20481,20480,2048,1,1025,283,283,0,192,256,218,38,0,0,256,1,512,283,283
20481,20480,1024,1,513,137,137,0,80,182,128,9,0,0,137,1,512,137,137
20481,20480,4096,1,37,8,7,0,4,10,7,1,0,0,8,1,512,7,7
20608,20608,1024,0,513,140,140,0,94,185,136,4,0,0,140,1,512,140,140
20609,20608,1024,1,513,140,140,0,94,184,136,4,0,0,140,1,512,140,140
20736,20736,2048,0,1025,288,288,0,174,256,189,67,0,0,256,1,512,288,288
20736,20736,1024,0,513,137,137,0,81,183,128,9,0,0,137,1,512,137,137
20737,20736,2048,1,1025,288,288,0,176,256,182,74,0,0,256,1,512,288,288
20737,20736,1024,1,513,137,137,0,82,182,129,8,0,0,137,1,512,137,137
20864,20864,1024,0,513,135,135,0,89,184,125,10,0,0,135,1,512,135,135
20865,20864,1024,1,513,135,135,0,89,184,126,9,0,0,135,1,512,135,135
20992,20992,2048,0,1025,285,285,0,177,256,182,74,0,0,256,1,512,285,285
20992,20992,1024,0,513,139,139,0,97,183,131,8,0,0,139,1,512,139,139
20992,20992,4096,0,37,11,10,0,7,14,11,0,0,0,11,0,0,10,10
20993,20992,2048,1,1025,285,285,0,180,256,184,72,0,0,256,1,512,285,285
20993,20992,1024,1,513,139,139,0,98,182,131,8,0,0,139,1,512,139,139
20993,20992,4096,1,37,8,7,0,5,11,8,0,0,0,8,0,0,7,7
21120,21120,1024,0,513,145,145,0,90,187,136,9,0,0,145,1,512,145,145
21121,21120,1024,1,513,145,145,0,89,186,136,9,0,0,145,1,512,145,145
21248,21248,2048,0,1025,275,275,0,182,256,154,102,0,0,256,1,512,275,275
21248,21248,1024,0,513,148,147,0,91,188,143,5,0,0,148,1,512,147,147
21249,21248,2048,1,1025,275,275,0,182,256,153,103,0,0,256,1,512,275,275
21249,21248,1024,1,513,149,148,0,93,187,144,5,0,0,149,1,512,148,148
21376,21376,1024,0,513,142,142,0,89,184,134,8,0,0,142,1,512,142,142
21377,21376,1024,1,513,144,144,0,91,183,136,8,0,0,144,1,512,144,144
21504,21504,2048,0,1025,276,276,0,176,256,190,66,0,0,256,1,512,276,276
21504,21504,1024,0,513,146,146,0,86,186,139,7,0,0,146,1,512,146,146
21504,21504,4096,0,37,10,9,0,7,14,10,0,0,0,10,0,0,9,9
21505,21504,2048,1,1025,275,275,0,174,256,204,52,0,0,256,1,512,275,275
21505,21504,1024,1,513,148,148,0,88,186,142,6,0,0,148,1,512,148,148
21505,21504,4096,1,37,7,6,0,3,11,7,0,0,0,7,0,0,6,6
21632,21632,1024,0,513,143,143,0,83,190,135,8,0,0,143,1,512,143,143
21633,21632,1024,1,513,143,143,0,88,190,135,8,0,0,143,1,512,143,143
21760,21760,2048,0,1025,284,284,0,171,256,181,75,0,0,256,1,512,284,284
21760,21760,1024,0,513,149,148,0,94,193,145,4,0,0,149,1,512,148,148
21761,21760,2048,1,1025,283,283,0,170,256,193,63,0,0,256,1,512,283,283
21761,21760,1024,1,513,150,149,0,96,193,146,4,0,0,150,1,512,149,149
21888,21888,1024,0,513,147,146,0,99,188,139,8,0,0,147,1,512,146,146
21889,21888,1024,1,513,145,144,0,98,187,138,7,0,0,145,1,512,144,144
22016,22016,2048,0,1025,292,292,0,176,256,147,109,0,0,256,1,512,292,292
22016,22016,1024,0,513,146,145,0,92,188,141,5,0,0,146,1,512,145,145
22016,22016,4096,0,37,7,6,0,6,13,7,0,0,0,7,0,0,6,6
22017,22016,2048,1,1025,291,291,0,176,256,154,102,0,0,256,1,512,291,291
22017,22016,1024,1,513,143,142,0,92,186,138,5,0,0,143,1,512,142,142
22017,22016,4096,1,37,7,6,0,4,11,7,0,0,0,7,0,0,6,6
22144,22144,1024,0,513,146,145,0,88,187,135,11,0,0,146,1,512,145,145
22145,22144,1024,1,513,146,145,0,86,185,136,10,0,0,146,1,512,145,145
22272,22272,2048,0,1025,287,287,0,185,256,176,80,0,0,256,1,512,287,287
22272,22272,1024,0,513,136,136,0,87,191,132,4,0,0,136,1,512,136,136
22273,22272,2048,1,1025,285,285,0,186,256,197,59,0,0,256,1,512,285,285
22273,22272,1024,1,513,136,136,0,89,189,132,4,0,0,136,1,512,136,136
22400,22400,1024,0,513,138,138,0,96,187,127,11,0,0,138,1,512,138,138
22401,22400,1024,1,513,141,141,0,95,185,129,12,0,0,141,1,512,141,141
22528,22528,2048,0,1025,275,275,0,176,256,160,96,0,0,256,1,512,275,275
22528,22528,1024,0,513,134,134,0,80,191,126,8,0,0,134,1,512,134,134
22528,22528,4096,0,37,10,9,0,5,12,10,0,0,0,10,0,0,9,9
22529,22528,2048,1,1025,274,274,0,180,256,146,110,0,0,256,1,512,274,274
22529,22528,1024,1,513,135,135,0,82,190,127,8,0,0,135,1,512,135,135
22529,22528,4096,1,37,7,6,0,4,9,7,0,0,0,7,0,0,6,6
22656,22656,1024,0,513,142,142,0,83,188,135,7,0,0,142,1,512,142,142
22657,22656,1024,1,513,143,143,0,81,188,135,8,0,0,143,1,512,143,143
22784,22784,2048,0,1025,289,288,0,175,256,182,74,0,0,256,1,512,288,288
22784,22784,1024,0,513,140,140,0,85,188,135,5,0,0,140,1,512,140,140
22785,22784,2048,1,1025,287,286,0,175,256,198,58,0,0,256,1,512,286,286
22785,22784,1024,1,513,142,142,0,87,189,137,5,0,0,142,1,512,142,142
22912,22912,1024,0,513,133,133,0,91,186,126,7,0,0,133,1,512,133,133
22913,22912,1024,1,513,134,134,0,92,186,127,7,0,0,134,1,512,134,134
23040,23040,2048,0,1025,291,290,0,188,256,186,70,0,0,256,1,512,290,290
23040,23040,1024,0,513,142,142,0,75,185,131,11,0,0,142,1,512,142,142
23040,23040,4096,0,37,7,7,0,5,12,7,0,0,0,7,0,0,7,7
23041,23040,2048,1,1025,290,289,0,189,256,172,84,0,0,256,1,512,289,289
23041,23040,1024,1,513,142,142,0,78,185,131,11,0,0,142,1,512,142,142
23041,23040,4096,1,37,8,8,0,6,9,7,1,0,0,8,1,512,8,8
23168,23168,1024,0,513,132,132,0,93,192,127,5,0,0,132,1,512,132,132
23169,23168,1024,1,513,132,132,0,92,192,127,5,0,0,132,1,512,132,132
23296,23296,2048,0,1025,281,280,0,177,256,177,79,0,0,256,1,512,280,280
23296,23296,1024,0,513,137,137,0,93,189,130,7,0,0,137,1,512,137,137
23297,23296,2048,1,1025,282,281,0,178,256,173,83,0,0,256,1,512,281,281
23297,23296,1024,1,513,140,140,0,93,190,133,7,0,0,140,1,512,140,140
23424,23424,1024,0,513,138,138,0,78,181,131,7,0,0,138,1,512,138,138
23425,23424,1024,1,513,138,138,0,80,182,131,7,0,0,138,1,512,138,138
23552,23552,2048,0,1025,280,280,0,172,256,191,65,0,0,256,1,512,280,280
23552,23552,1024,0,513,137,137,0,83,178,130,7,0,0,137,1,512,137,137
23552,23552,4096,0,37,10,9,0,7,11,9,1,0,0,10,1,512,9,9
23553,23552,2048,1,1025,279,279,0,172,256,201,55,0,0,256,1,512,279,279
23553,23552,1024,1,513,137,137,0,84,179,130,7,0,0,137,1,512,137,137
23553,23552,4096,1,37,9,8,0,3,10,8,1,0,0,9,1,512,8,8
23680,23680,1024,0,513,150,150,0,87,177,139,11,0,0,150,1,512,150,150
23681,23680,1024,1,513,149,149,0,89,178,139,10,0,0,149,1,512,149,149
23808,23808,2048,0,1025,279,279,0,168,256,198,58,0,0,256,1,512,279,279
23808,23808,1024,0,513,146,146,0,95,185,133,13,0,0,146,1,512,146,146
23809,23808,2048,1,1025,280,280,0,170,256,185,71,0,0,256,1,512,280,280
23809,23808,1024,1,513,146,146,0,92,185,133,13,0,0,146,1,512,146,146
23936,23936,1024,0,513,138,138,0,85,194,133,5,0,0,138,1,512,138,138
23937,23936,1024,1,513,140,140,0,88,194,134,6,0,0,140,1,512,140,140
24064,24064,2048,0,1025,275,275,0,185,256,185,71,0,0,256,1,512,275,275
24064,24064,1024,0,513,143,143,0,82,193,140,3,0,0,143,1,512,143,143
24064,24064,4096,0,37,9,9,0,6,12,9,0,0,0,9,0,0,9,9
24065,24064,2048,1,1025,275,275,0,184,256,198,58,0,0,256,1,512,275,275
24065,24064,1024,1,513,143,143,0,80,193,140,3,0,0,143,1,512,143,143
24065,24064,4096,1,37,10,9,0,5,11,9,1,0,0,10,1,512,9,9
24192,24192,1024,0,513,149,149,0,95,190,142,7,0,0,149,1,512,149,149
24193,24192,1024,1,513,146,146,0,92,189,139,7,0,0,146,1,512,146,146
24320,24320,2048,0,1025,282,282,0,171,256,200,56,0,0,256,1,512,282,282
24320,24320,1024,0,513,137,137,0,89,187,132,5,0,0,137,1,512,137,137
24321,24320,2048,1,1025,281,281,0,171,256,218,38,0,0,256,1,512,281,281
24321,24320,1024,1,513,139,139,0,88,186,132,7,0,0,139,1,512,139,139
24448,24448,1024,0,513,148,148,0,85,183,136,12,0,0,148,1,512,148,148
24449,24448,1024,1,513,147,147,0,85,184,136,11,0,0,147,1,512,147,147
24576,24576,2048,0,1025,289,289,0,168,256,186,70,0,0,256,1,512,289,289
24576,24576,1024,0,513,141,141,0,92,189,137,4,0,0,141,1,512,141,141
24576,24576,4096,0,37,10,9,0,5,12,9,1,0,0,10,1,512,9,9
24577,24576,2048,1,1025,288,288,0,167,256,179,77,0,0,256,1,512,288,288
24577,24576,1024,1,513,141,141,0,91,189,137,4,0,0,141,1,512,141,141
24577,24576,4096,1,37,7,6,0,4,11,7,0,0,0,7,0,0,6,6
24704,24704,1024,0,513,140,139,0,95,188,133,7,0,0,140,1,512,139,139
24705,24704,1024,1,513,141,140,0,100,187,134,7,0,0,141,1,512,140,140
24832,24832,2048,0,1025,284,283,0,174,256,162,94,0,0,256,1,512,283,283
24832,24832,1024,0,513,141,140,0,82,189,132,9,0,0,141,1,512,140,140
24833,24832,2048,1,1025,285,284,0,173,256,139,117,0,0,256,1,512,284,284
24833,24832,1024,1,513,140,139,0,82,188,132,8,0,0,140,1,512,139,139
24960,24960,1024,0,513,140,140,0,94,191,132,8,0,0,140,1,512,140,140
24961,24960,1024,1,513,141,141,0,95,189,133,8,0,0,141,1,512,141,141
25088,25088,2048,0,1025,281,280,0,171,256,205,51,0,0,256,1,512,280,280
25088,25088,1024,0,513,142,142,0,88,193,133,9,0,0,142,1,512,142,142
25088,25088,4096,0,37,8,7,0,5,13,8,0,0,0,8,0,0,7,7
25089,25088,2048,1,1025,280,279,0,167,256,214,42,0,0,256,1,512,279,279
25089,25088,1024,1,513,142,142,0,87,190,132,10,0,0,142,1,512,142,142
25089,25088,4096,1,37,7,6,0,6,11,7,0,0,0,7,0,0,6,6
25216,25216,1024,0,513,141,141,0,93,194,134,7,0,0,141,1,512,141,141
25217,25216,1024,1,513,141,141,0,95,193,134,7,0,0,141,1,512,141,141
25344,25344,2048,0,1025,278,278,0,171,256,115,141,0,0,256,1,512,278,278
25344,25344,1024,0,513,145,144,0,86,192,139,6,0,0,145,1,512,144,144
25345,25344,2048,1,1025,277,276,0,171,256,147,109,0,0,256,1,512,276,276
25345,25344,1024,1,513,146,145,0,84,191,139,7,0,0,146,1,512,145,145
25472,25472,1024,0,513,147,146,0,84,186,136,11,0,0,147,1,512,146,146
25473,25472,1024,1,513,147,146,0,86,187,135,12,0,0,147,1,512,146,146
25600,25600,2048,0,1025,263,263,0,161,256,124,132,0,0,256,1,512,263,263
25600,25600,1024,0,513,144,143,0,96,190,142,2,0,0,144,1,512,143,143
25600,25600,4096,0,37,8,8,0,6,13,8,0,0,0,8,0,0,8,8
25601,25600,2048,1,1025,263,263,0,161,256,111,145,0,0,256,1,512,263,263
25601,25600,1024,1,513,145,144,0,97,192,143,2,0,0,145,1,512,144,144
25601,25600,4096,1,37,8,8,0,4,11,8,0,0,0,8,0,0,8,8
25728,25728,1024,0,513,143,142,0,90,187,135,8,0,0,143,1,512,142,142
25729,25728,1024,1,513,141,140,0,89,190,133,8,0,0,141,1,512,140,140
25856,25856,2048,0,1025,282,282,0,172,256,128,128,0,0,256,1,512,282,282
25856,25856,1024,0,513,143,142,0,86,191,134,9,0,0,143,1,512,142,142
25857,25856,2048,1,1025,282,282,0,174,256,125,131,0,0,256,1,512,282,282
25857,25856,1024,1,513,144,143,0,85,193,136,8,0,0,144,1,512,143,143
25984,25984,1024,0,513,143,142,0,86,194,136,7,0,0,143,1,512,142,142
25985,25984,1024,1,513,144,143,0,88,195,138,6,0,0,144,1,512,143,143
26112,26112,2048,0,1025,293,292,0,191,256,198,58,0,0,256,1,512,292,292
26112,26112,1024,0,513,137,136,0,91,195,130,7,0,0,137,1,512,136,136
26112,26112,4096,0,37,10,10,0,5,12,10,0,0,0,10,0,0,10,10
26113,26112,2048,1,1025,290,289,0,189,256,212,44,0,0,256,1,512,289,289
26113,26112,1024,1,513,137,136,0,90,195,131,6,0,0,137,1,512,136,136
26113,26112,4096,1,37,8,8,0,6,11,8,0,0,0,8,0,0,8,8
26240,26240,1024,0,513,135,134,0,79,189,125,10,0,0,135,1,512,134,134
26241,26240,1024,1,513,135,134,0,78,189,125,10,0,0,135,1,512,134,134
26368,26368,2048,0,1025,283,282,0,178,256,183,73,0,0,256,1,512,282,282
26368,26368,1024,0,513,139,138,0,69,186,125,14,0,0,139,1,512,138,138
26369,26368,2048,1,1025,283,282,0,177,256,179,77,0,0,256,1,512,282,282
26369,26368,1024,1,513,139,138,0,68,187,125,14,0,0,139,1,512,138,138
26496,26496,1024,0,513,142,141,0,82,189,133,9,0,0,142,1,512,141,141
26497,26496,1024,1,513,141,140,0,82,190,134,7,0,0,141,1,512,140,140
26624,26624,2048,0,1025,288,287,0,172,256,178,78,0,0,256,1,512,287,287
26624,26624,1024,0,513,139,138,0,79,189,133,6,0,0,139,1,512,138,138
26624,26624,4096,0,37,10,9,0,5,11,10,0,0,0,10,0,0,9,9
26625,26624,2048,1,1025,286,285,0,174,256,189,67,0,0,256,1,512,285,285
26625,26624,1024,1,513,136,135,0,75,186,128,8,0,0,136,1,512,135,135
26625,26624,4096,1,37,6,6,0,6,9,6,0,0,0,6,0,0,6,6
26752,26752,1024,0,513,135,134,0,92,187,130,5,0,0,135,1,512,134,134
26753,26752,1024,1,513,134,133,0,92,188,130,4,0,0,134,1,512,133,133
26880,26880,2048,0,1025,285,284,0,176,256,183,73,0,0,256,1,512,284,284
26880,26880,1024,0,513,146,146,0,84,188,137,9,0,0,146,1,512,146,146
26881,26880,2048,1,1025,284,283,0,174,256,184,72,0,0,256,1,512,283,283
26881,26880,1024,1,513,145,145,0,82,188,135,10,0,0,145,1,512,145,145
27008,27008,1024,0,513,149,149,0,101,184,140,9,0,0,149,1,512,149,149
27009,27008,1024,1,513,151,151,0,103,185,142,9,0,0,151,1,512,151,151
27136,27136,2048,0,1025,289,288,0,194,256,202,54,0,0,256,1,512,288,288
27136,27136,1024,0,513,137,137,0,88,186,132,5,0,0,137,1,512,137,137
27136,27136,4096,0,37,9,8,0,8,11,9,0,0,0,9,0,0,8,8
27137,27136,2048,1,1025,286,285,0,193,256,205,51,0,0,256,1,512,285,285
27137,27136,1024,1,513,136,136,0,87,185,131,5,0,0,136,1,512,136,136
27137,27136,4096,1,37,7,6,0,4,9,6,1,0,0,7,1,512,6,6
27264,27264,1024,0,513,147,147,0,91,188,142,5,0,0,147,1,512,147,147
27265,27264,1024,1,513,148,148,0,91,187,144,4,0,0,148,1,512,148,148
27392,27392,2048,0,1025,280,280,0,181,256,188,68,0,0,256,1,512,280,280
27392,27392,1024,0,513,143,142,0,84,186,134,9,0,0,143,1,512,142,142
27393,27392,2048,1,1025,278,278,0,177,256,189,67,0,0,256,1,512,278,278
27393,27392,1024,1,513,144,143,0,84,185,133,11,0,0,144,1,512,143,143
27520,27520,1024,0,513,137,136,0,85,191,131,6,0,0,137,1,512,136,136
27521,27520,1024,1,513,140,139,0,88,194,135,5,0,0,140,1,512,139,139
27648,27648,2048,0,1025,279,279,0,174,256,144,112,0,0,256,1,512,279,279
27648,27648,1024,0,513,143,142,0,81,191,136,7,0,0,143,1,512,142,142
27648,27648,4096,0,37,9,8,0,8,11,8,1,0,0,9,1,512,8,8
27649,27648,2048,1,1025,278,278,0,176,256,137,119,0,0,256,1,512,278,278
27649,27648,1024,1,513,143,142,0,83,192,136,7,0,0,143,1,512,142,142
27649,27648,4096,1,37,7,6,0,5,10,7,0,0,0,7,0,0,6,6
27776,27776,1024,0,513,144,143,0,101,192,137,7,0,0,144,1,512,143,143
27777,27776,1024,1,513,146,145,0,103,193,139,7,0,0,146,1,512,145,145
27904,27904,2048,0,1025,284,284,0,185,256,205,51,0,0,256,1,512,284,284
27904,27904,1024,0,513,141,140,0,89,191,139,2,0,0,141,1,512,140,140
27905,27904,2048,1,1025,286,286,0,186,256,187,69,0,0,256,1,512,286,286
27905,27904,1024,1,513,141,140,0,91,192,138,3,0,0,141,1,512,140,140
28032,28032,1024,0,513,147,146,0,86,187,138,9,0,0,147,1,512,146,146
28033,28032,1024,1,513,145,144,0,85,189,136,9,0,0,145,1,512,144,144
28160,28160,2048,0,1025,288,287,0,189,256,213,43,0,0,256,1,512,287,287
28160,28160,1024,0,513,141,141,0,95,189,138,3,0,0,141,1,512,141,141
28160,28160,4096,0,37,10,9,0,7,12,9,1,0,0,10,1,512,9,9
28161,28160,2048,1,1025,288,287,0,190,256,207,49,0,0,256,1,512,287,287
28161,28160,1024,1,513,142,142,0,93,191,139,3,0,0,142,1,512,142,142
28161,28160,4096,1,37,7,6,0,5,10,6,1,0,0,7,1,512,6,6
28288,28288,1024,0,513,140,140,0,86,185,135,5,0,0,140,1,512,140,140
28289,28288,1024,1,513,139,139,0,89,187,135,4,0,0,139,1,512,139,139
28416,28416,2048,0,1025,294,293,0,185,256,123,133,0,0,256,1,512,293,293
28416,28416,1024,0,513,140,140,0,89,182,132,8,0,0,140,1,512,140,140
28417,28416,2048,1,1025,292,291,0,183,256,157,99,0,0,256,1,512,291,291
28417,28416,1024,1,513,143,143,0,87,183,135,8,0,0,143,1,512,143,143
28544,28544,1024,0,513,142,141,0,82,186,137,5,0,0,142,1,512,141,141
28545,28544,1024,1,513,141,140,0,81,187,136,5,0,0,141,1,512,140,140
28672,28672,2048,0,1025,286,286,0,180,256,191,65,0,0,256,1,512,286,286
28672,28672,1024,0,513,131,131,0,88,186,123,8,0,0,131,1,512,131,131
28672,28672,4096,0,37,10,9,0,6,13,10,0,0,0,10,0,0,9,9
28673,28672,2048,1,1025,287,287,0,182,256,161,95,0,0,256,1,512,287,287
28673,28672,1024,1,513,132,132,0,86,187,124,8,0,0,132,1,512,132,132
28673,28672,4096,1,37,8,7,0,5,9,8,0,0,0,8,0,0,7,7
28800,28800,1024,0,513,134,134,0,88,189,127,7,0,0,134,1,512,134,134
28801,28800,1024,1,513,135,135,0,88,191,129,6,0,0,135,1,512,135,135
28928,28928,2048,0,1025,281,281,0,178,256,209,47,0,0,256,1,512,281,281
28928,28928,1024,0,513,140,140,0,79,186,129,11,0,0,140,1,512,140,140
28929,28928,2048,1,1025,279,279,0,179,256,218,38,0,0,256,1,512,279,279
28929,28928,1024,1,513,141,141,0,80,189,132,9,0,0,141,1,512,141,141
29056,29056,1024,0,513,139,139,0,95,187,131,8,0,0,139,1,512,139,139
29057,29056,1024,1,513,140,140,0,94,187,132,8,0,0,140,1,512,140,140
29184,29184,2048,0,1025,286,286,0,185,256,221,35,0,0,256,1,512,286,286
29184,29184,1024,0,513,142,141,0,88,185,136,6,0,0,142,1,512,141,141
29184,29184,4096,0,37,10,10,0,8,13,10,0,0,0,10,0,0,10,10
29185,29184,2048,1,1025,285,285,0,183,256,200,56,0,0,256,1,512,285,285
29185,29184,1024,1,513,141,140,0,87,185,136,5,0,0,141,1,512,140,140
29185,29184,4096,1,37,7,6,0,4,8,7,0,0,0,7,0,0,6,6
29312,29312,1024,0,513,142,141,0,95,179,133,9,0,0,142,1,512,141,141
29313,29312,1024,1,513,142,141,0,94,178,133,9,0,0,142,1,512,141,141
29440,29440,2048,0,1025,278,278,0,187,256,188,68,0,0,256,1,512,278,278
29440,29440,1024,0,513,147,147,0,94,179,139,8,0,0,147,1,512,147,147
29441,29440,2048,1,1025,276,276,0,187,256,198,58,0,0,256,1,512,276,276
29441,29440,1024,1,513,147,147,0,96,179,139,8,0,0,147,1,512,147,147
29568,29568,1024,0,513,137,137,0,82,181,132,5,0,0,137,1,512,137,137
29569,29568,1024,1,513,137,137,0,81,181,132,5,0,0,137,1,512,137,137
29696,29696,2048,0,1025,285,285,0,176,256,152,104,0,0,256,1,512,285,285
29696,29696,1024,0,513,146,146,0,84,184,135,11,0,0,146,1,512,146,146
29696,29696,4096,0,37,9,9,0,6,12,9,0,0,0,9,0,0,9,9
29697,29696,2048,1,1025,284,284,0,173,256,160,96,0,0,256,1,512,284,284
29697,29696,1024,1,513,147,147,0,85,184,136,11,0,0,147,1,512,147,147
29697,29696,4096,1,37,8,7,0,3,8,7,1,0,0,8,1,512,7,7
29824,29824,1024,0,513,140,140,0,93,188,132,8,0,0,140,1,512,140,140
29825,29824,1024,1,513,140,140,0,91,188,132,8,0,0,140,1,512,140,140
29952,29952,2048,0,1025,284,283,0,192,256,217,39,0,0,256,1,512,283,283
29952,29952,1024,0,513,139,139,0,91,192,132,7,0,0,139,1,512,139,139
29953,29952,2048,1,1025,283,282,0,194,256,215,41,0,0,256,1,512,282,282
29953,29952,1024,1,513,139,139,0,92,192,132,7,0,0,139,1,512,139,139
30080,30080,1024,0,513,132,131,0,79,190,127,5,0,0,132,1,512,131,131
30081,30080,1024,1,513,131,130,0,79,190,126,5,0,0,131,1,512,130,130
30208,30208,2048,0,1025,292,291,0,173,256,194,62,0,0,256,1,512,291,291
30208,30208,1024,0,513,144,144,0,81,186,132,12,0,0,144,1,512,144,144
30208,30208,4096,0,37,10,9,0,7,12,10,0,0,0,10,0,0,9,9
30209,30208,2048,1,1025,291,290,0,174,256,194,62,0,0,256,1,512,290,290
30209,30208,1024,1,513,144,144,0,81,186,132,12,0,0,144,1,512,144,144
30209,30208,4096,1,37,7,7,0,4,9,7,0,0,0,7,0,0,7,7
30336,30336,1024,0,513,148,148,0,94,187,140,8,0,0,148,1,512,148,148
30337,30336,1024,1,513,147,147,0,96,188,140,7,0,0,147,1,512,147,147
30464,30464,2048,0,1025,275,275,0,168,256,182,74,0,0,256,1,512,275,275
30464,30464,1024,0,513,137,137,0,95,183,131,6,0,0,137,1,512,137,137
30465,30464,2048,1,1025,275,275,0,168,256,178,78,0,0,256,1,512,275,275
30465,30464,1024,1,513,138,138,0,95,182,132,6,0,0,138,1,512,138,138
30592,30592,1024,0,513,141,140,0,76,183,126,15,0,0,141,1,512,140,140
30593,30592,1024,1,513,141,140,0,77,182,127,14,0,0,141,1,512,140,140
30720,30720,2048,0,1025,275,275,0,176,256,169,87,0,0,256,1,512,275,275
30720,30720,1024,0,513,133,132,0,84,194,126,7,0,0,133,1,512,132,132
30720,30720,4096,0,37,9,8,0,8,11,9,0,0,0,9,0,0,8,8
30721,30720,2048,1,1025,275,275,0,178,256,175,81,0,0,256,1,512,275,275
30721,30720,1024,1,513,135,134,0,86,192,128,7,0,0,135,1,512,134,134
30721,30720,4096,1,37,7,6,0,5,9,7,0,0,0,7,0,0,6,6
30848,30848,1024,0,513,139,138,0,79,193,132,7,0,0,139,1,512,138,138
30849,30848,1024,1,513,139,138,0,79,191,132,7,0,0,139,1,512,138,138
30976,30976,2048,0,1025,294,294,0,189,256,215,41,0,0,256,1,512,294,294
30976,30976,1024,0,513,140,139,0,85,189,131,9,0,0,140,1,512,139,139
30977,30976,2048,1,1025,294,294,0,188,256,216,40,0,0,256,1,512,294,294
30977,30976,1024,1,513,141,140,0,88,188,131,10,0,0,141,1,512,140,140
31104,31104,1024,0,513,146,145,0,90,190,143,3,0,0,146,1,512,145,145
31105,31104,1024,1,513,147,146,0,91,190,144,3,0,0,147,1,512,146,146
31232,31232,2048,0,1025,283,283,0,197,256,181,75,0,0,256,1,512,283,283
31232,31232,1024,0,513,137,136,0,84,185,133,4,0,0,137,1,512,136,136
31232,31232,4096,0,37,9,9,0,6,11,8,1,0,0,9,1,512,9,9
31233,31232,2048,1,1025,283,283,0,197,256,180,76,0,0,256,1,512,283,283
31233,31232,1024,1,513,137,136,0,82,185,134,3,0,0,137,1,512,136,136
31233,31232,4096,1,37,9,8,0,3,9,8,1,0,0,9,1,512,8,8
31360,31360,1024,0,513,134,134,0,76,183,124,10,0,0,134,1,512,134,134
31361,31360,1024,1,513,132,132,0,76,182,122,10,0,0,132,1,512,132,132
31488,31488,2048,0,1025,277,276,0,176,256,177,79,0,0,256,1,512,276,276
31488,31488,1024,0,513,138,138,0,91,184,129,9,0,0,138,1,512,138,138
31489,31488,2048,1,1025,276,275,0,174,256,196,60,0,0,256,1,512,275,275
31489,31488,1024,1,513,138,138,0,91,182,129,9,0,0,138,1,512,138,138
31616,31616,1024,0,513,146,146,0,90,189,137,9,0,0,146,1,512,146,146
31617,31616,1024,1,513,145,145,0,92,189,136,9,0,0,145,1,512,145,145
31744,31744,2048,0,1025,290,290,0,190,256,157,99,0,0,256,1,512,290,290
31744,31744,1024,0,513,142,142,0,88,188,131,11,0,0,142,1,512,142,142
31744,31744,4096,0,37,8,8,0,6,12,8,0,0,0,8,0,0,8,8
31745,31744,2048,1,1025,291,291,0,190,256,148,108,0,0,256,1,512,291,291
31745,31744,1024,1,513,144,144,0,89,187,132,12,0,0,144,1,512,144,144
31745,31744,4096,1,37,8,7,0,6,10,7,1,0,0,8,1,512,7,7
31872,31872,1024,0,513,138,137,0,88,187,134,4,0,0,138,1,512,137,137
31873,31872,1024,1,513,139,138,0,89,187,134,5,0,0,139,1,512,138,138
32000,32000,2048,0,1025,279,279,0,175,256,196,60,0,0,256,1,512,279,279
32000,32000,1024,0,513,144,143,0,90,184,135,9,0,0,144,1,512,143,143
32001,32000,2048,1,1025,277,277,0,174,256,221,35,0,0,256,1,512,277,277
32001,32000,1024,1,513,145,144,0,90,185,137,8,0,0,145,1,512,144,144
32128,32128,1024,0,513,142,141,0,99,184,135,7,0,0,142,1,512,141,141
32129,32128,1024,1,513,143,142,0,102,185,136,7,0,0,143,1,512,142,142
32256,32256,2048,0,1025,274,274,0,175,256,159,97,0,0,256,1,512,274,274
32256,32256,1024,0,513,139,139,0,94,187,130,9,0,0,139,1,512,139,139
32256,32256,4096,0,37,9,8,0,4,12,9,0,0,0,9,0,0,8,8
32257,32256,2048,1,1025,274,274,0,175,256,140,116,0,0,256,1,512,274,274
32257,32256,1024,1,513,139,139,0,95,188,131,8,0,0,139,1,512,139,139
32257,32256,4096,1,37,9,8,0,5,11,8,1,0,0,9,1,512,8,8
32384,32384,1024,0,513,135,135,0,87,185,125,10,0,0,135,1,512,135,135
32385,32384,1024,1,513,135,135,0,85,184,125,10,0,0,135,1,512,135,135
32512,32512,2048,0,1025,281,280,0,162,256,189,67,0,0,256,1,512,280,280
32512,32512,1024,0,513,141,141,0,81,187,134,7,0,0,141,1,512,141,141
32513,32512,2048,1,1025,280,279,0,164,256,197,59,0,0,256,1,512,279,279
32513,32512,1024,1,513,141,141,0,82,187,134,7,0,0,141,1,512,141,141
32640,32640,1024,0,513,141,141,0,92,186,135,6,0,0,141,1,512,141,141
32641,32640,1024,1,513,142,142,0,94,186,136,6,0,0,142,1,512,142,142
32768,32768,2048,0,1025,289,289,0,186,256,73,183,0,0,256,1,512,289,289
32768,32768,1024,0,513,147,146,0,90,186,139,8,0,0,147,1,512,146,146
32768,32768,4096,0,37,9,9,0,6,11,8,1,0,0,9,1,512,9,9
32769,32768,2048,1,1025,287,287,0,186,256,82,174,0,0,256,1,512,287,287
32769,32768,1024,1,513,148,147,0,92,185,140,8,0,0,148,1,512,147,147
32769,32768,4096,1,37,7,6,0,6,12,7,0,0,0,7,0,0,6,6
32896,32896,1024,0,513,144,143,0,81,187,137,7,0,0,144,1,512,143,143
32897,32896,1024,1,513,143,142,0,83,186,136,7,0,0,143,1,512,142,142
33024,33024,2048,0,1025,269,269,0,172,256,170,86,0,0,256,1,512,269,269
33024,33024,1024,0,513,146,145,0,92,186,137,9,0,0,146,1,512,145,145
33025,33024,2048,1,1025,267,267,0,172,256,190,66,0,0,256,1,512,267,267
33025,33024,1024,1,513,145,144,0,91,186,136,9,0,0,145,1,512,144,144
33152,33152,1024,0,513,134,134,0,91,190,131,3,0,0,134,1,512,134,134
33153,33152,1024,1,513,133,133,0,90,190,131,2,0,0,133,1,512,133,133
33280,33280,2048,0,1025,278,278,0,166,256,201,55,0,0,256,1,512,278,278
33280,33280,1024,0,513,138,138,0,84,186,132,6,0,0,138,1,512,138,138
33280,33280,4096,0,37,9,9,0,5,11,9,0,0,0,9,0,0,9,9
33281,33280,2048,1,1025,275,275,0,165,256,199,57,0,0,256,1,512,275,275
33281,33280,1024,1,513,139,139,0,82,186,133,6,0,0,139,1,512,139,139
33281,33280,4096,1,37,6,6,0,3,12,6,0,0,0,6,0,0,6,6
33408,33408,1024,0,513,146,146,0,86,182,131,15,0,0,146,1,512,146,146
33409,33408,1024,1,513,147,147,0,85,181,132,15,0,0,147,1,512,147,147
33536,33536,2048,0,1025,281,281,0,177,256,207,49,0,0,256,1,512,281,281
33536,33536,1024,0,513,142,142,0,101,190,137,5,0,0,142,1,512,142,142
33537,33536,2048,1,1025,279,279,0,178,256,212,44,0,0,256,1,512,279,279
33537,33536,1024,1,513,141,141,0,100,190,137,4,0,0,141,1,512,141,141
33664,33664,1024,0,513,149,148,0,97,185,142,7,0,0,149,1,512,148,148
33665,33664,1024,1,513,148,147,0,98,184,141,7,0,0,148,1,512,147,147
33792,33792,2048,0,1025,275,275,0,161,256,155,101,0,0,256,1,512,275,275
33792,33792,1024,0,513,144,144,0,85,185,134,10,0,0,144,1,512,144,144
33792,33792,4096,0,37,10,10,0,7,11,9,1,0,0,10,1,512,10,10
33793,33792,2048,1,1025,275,275,0,161,256,137,119,0,0,256,1,512,275,275
33793,33792,1024,1,513,143,143,0,85,184,133,10,0,0,143,1,512,143,143
33793,33792,4096,1,37,7,7,0,4,11,7,0,0,0,7,0,0,7,7
33920,33920,1024,0,513,147,146,0,93,186,139,8,0,0,147,1,512,146,146
33921,33920,1024,1,513,145,144,0,95,185,138,7,0,0,145,1,512,144,144
34048,34048,2048,0,1025,268,268,0,159,256,177,79,0,0,256,1,512,268,268
34048,34048,1024,0,513,143,142,0,91,189,137,6,0,0,143,1,512,142,142
34049,34048,2048,1,1025,267,267,0,161,256,174,82,0,0,256,1,512,267,267
34049,34048,1024,1,513,144,143,0,88,188,138,6,0,0,144,1,512,143,143
34176,34176,1024,0,513,137,136,0,81,187,129,8,0,0,137,1,512,136,136
34177,34176,1024,1,513,138,137,0,84,186,130,8,0,0,138,1,512,137,137
34304,34304,2048,0,1025,291,291,0,174,256,215,41,0,0,256,1,512,291,291
34304,34304,1024,0,513,140,139,0,91,188,130,10,0,0,140,1,512,139,139
34304,34304,4096,0,37,9,9,0,7,12,9,0,0,0,9,0,0,9,9
34305,34304,2048,1,1025,291,291,0,172,256,210,46,0,0,256,1,512,291,291
34305,34304,1024,1,513,140,139,0,90,186,130,10,0,0,140,1,512,139,139
34305,34304,4096,1,37,9,8,0,6,10,8,1,0,0,9,1,512,8,8
34432,34432,1024,0,513,139,138,0,85,192,135,4,0,0,139,1,512,138,138
34433,34432,1024,1,513,138,137,0,84,190,134,4,0,0,138,1,512,137,137
34560,34560,2048,0,1025,287,286,0,191,256,206,50,0,0,256,1,512,286,286
34560,34560,1024,0,513,141,141,0,83,183,131,10,0,0,141,1,512,141,141
34561,34560,2048,1,1025,287,286,0,191,256,203,53,0,0,256,1,512,286,286
34561,34560,1024,1,513,142,142,0,83,183,133,9,0,0,142,1,512,142,142
34688,34688,1024,0,513,141,141,0,92,187,134,7,0,0,141,1,512,141,141
34689,34688,1024,1,513,140,140,0,93,188,135,5,0,0,140,1,512,140,140
34816,34816,2048,0,1025,292,292,0,180,256,101,155,0,0,256,1,512,292,292
34816,34816,1024,0,513,143,143,0,99,187,137,6,0,0,143,1,512,143,143
34816,34816,4096,0,37,9,8,0,6,12,8,1,0,0,9,1,512,8,8
34817,34816,2048,1,1025,291,291,0,183,256,84,172,0,0,256,1,512,291,291
34817,34816,1024,1,513,142,142,0,97,186,136,6,0,0,142,1,512,142,142
34817,34816,4096,1,37,6,5,0,4,10,6,0,0,0,6,0,0,5,5
34944,34944,1024,0,513,149,148,0,99,186,145,4,0,0,149,1,512,148,148
34945,34944,1024,1,513,147,146,0,96,185,143,4,0,0,147,1,512,146,146
35072,35072,2048,0,1025,287,287,0,187,256,181,75,0,0,256,1,512,287,287
35072,35072,1024,0,513,147,147,0,94,182,139,8,0,0,147,1,512,147,147
35073,35072,2048,1,1025,287,287,0,187,256,171,85,0,0,256,1,512,287,287
35073,35072,1024,1,513,146,146,0,95,181,138,8,0,0,146,1,512,146,146
35200,35200,1024,0,513,140,140,0,89,181,136,4,0,0,140,1,512,140,140
35201,35200,1024,1,513,142,142,0,91,180,138,4,0,0,142,1,512,142,142
35328,35328,2048,0,1025,275,275,0,181,256,211,45,0,0,256,1,512,275,275
35328,35328,1024,0,513,141,141,0,89,180,131,10,0,0,141,1,512,141,141
35328,35328,4096,0,37,8,8,0,5,13,8,0,0,0,8,0,0,8,8
35329,35328,2048,1,1025,275,275,0,183,256,216,40,0,0,256,1,512,275,275
35329,35328,1024,1,513,142,142,0,92,179,132,10,0,0,142,1,512,142,142
35329,35328,4096,1,37,6,5,0,3,9,5,1,0,0,6,1,512,5,5
35456,35456,1024,0,513,135,135,0,83,184,127,8,0,0,135,1,512,135,135
35457,35456,1024,1,513,138,138,0,83,184,130,8,0,0,138,1,512,138,138
35584,35584,2048,0,1025,275,274,0,161,256,189,67,0,0,256,1,512,274,274
35584,35584,1024,0,513,138,138,0,80,186,136,2,0,0,138,1,512,138,138
35585,35584,2048,1,1025,275,274,0,159,256,192,64,0,0,256,1,512,274,274
35585,35584,1024,1,513,139,139,0,82,186,136,3,0,0,139,1,512,139,139
35712,35712,1024,0,513,138,138,0,86,182,131,7,0,0,138,1,512,138,138
35713,35712,1024,1,513,141,141,0,87,183,134,7,0,0,141,1,512,141,141
35840,35840,2048,0,1025,286,285,0,172,256,155,101,0,0,256,1,512,285,285
35840,35840,1024,0,513,135,135,0,87,183,127,8,0,0,135,1,512,135,135
35840,35840,4096,0,37,9,8,0,5,13,9,0,0,0,9,0,0,8,8
35841,35840,2048,1,1025,285,284,0,172,256,168,88,0,0,256,1,512,284,284
35841,35840,1024,1,513,133,133,0,89,185,127,6,0,0,133,1,512,133,133
35841,35840,4096,1,37,6,5,0,3,10,6,0,0,0,6,0,0,5,5
35968,35968,1024,0,513,138,138,0,93,184,134,4,0,0,138,1,512,138,138
35969,35968,1024,1,513,137,137,0,93,187,134,3,0,0,137,1,512,137,137
36096,36096,2048,0,1025,287,287,0,176,256,216,40,0,0,256,1,512,287,287
36096,36096,1024,0,513,134,134,0,90,183,132,2,0,0,134,1,512,134,134
36097,36096,2048,1,1025,286,286,0,171,256,216,40,0,0,256,1,512,286,286
36097,36096,1024,1,513,133,133,0,87,185,131,2,0,0,133,1,512,133,133
36224,36224,1024,0,513,140,140,0,92,178,135,5,0,0,140,1,512,140,140
36225,36224,1024,1,513,140,140,0,93,180,135,5,0,0,140,1,512,140,140
36352,36352,2048,0,1025,286,286,0,174,256,192,64,0,0,256,1,512,286,286
36352,36352,1024,0,513,141,140,0,89,174,133,8,0,0,141,1,512,140,140
36352,36352,4096,0,37,10,9,0,6,12,10,0,0,0,10,0,0,9,9
36353,36352,2048,1,1025,285,285,0,173,256,191,65,0,0,256,1,512,285,285
36353,36352,1024,1,513,141,140,0,92,175,135,6,0,0,141,1,512,140,140
36353,36352,4096,1,37,7,7,0,3,10,7,0,0,0,7,0,0,7,7
36480,36480,1024,0,513,139,138,0,89,180,134,5,0,0,139,1,512,138,138
36481,36480,1024,1,513,139,138,0,90,178,134,5,0,0,139,1,512,138,138
36608,36608,2048,0,1025,278,278,0,182,256,157,99,0,0,256,1,512,278,278
36608,36608,1024,0,513,136,136,0,80,174,126,10,0,0,136,1,512,136,136
36609,36608,2048,1,1025,277,277,0,182,256,159,97,0,0,256,1,512,277,277
36609,36608,1024,1,513,136,136,0,80,172,125,11,0,0,136,1,512,136,136
36736,36736,1024,0,513,132,132,0,82,179,126,6,0,0,132,1,512,132,132
36737,36736,1024,1,513,134,134,0,85,179,128,6,0,0,134,1,512,134,134
36864,36864,2048,0,1025,287,287,0,188,256,221,35,0,0,256,1,512,287,287
36864,36864,1024,0,513,130,130,0,84,179,120,10,0,0,130,1,512,130,130
36864,36864,4096,0,37,9,9,0,5,11,8,1,0,0,9,1,512,9,9
36865,36864,2048,1,1025,286,286,0,186,256,220,36,0,0,256,1,512,286,286
36865,36864,1024,1,513,131,131,0,88,179,122,9,0,0,131,1,512,131,131
36865,36864,4096,1,37,8,8,0,6,8,6,2,0,0,8,1,512,8,8
36992,36992,1024,0,513,140,139,0,74,181,133,7,0,0,140,1,512,139,139
36993,36992,1024,1,513,139,138,0,73,180,133,6,0,0,139,1,512,138,138
37120,37120,2048,0,1025,292,292,0,188,256,155,101,0,0,256,1,512,292,292
37120,37120,1024,0,513,144,143,0,84,183,138,6,0,0,144,1,512,143,143
37121,37120,2048,1,1025,291,291,0,184,256,165,91,0,0,256,1,512,291,291
37121,37120,1024,1,513,143,142,0,84,181,138,5,0,0,143,1,512,142,142
37248,37248,1024,0,513,142,142,0,88,180,132,10,0,0,142,1,512,142,142
37249,37248,1024,1,513,144,144,0,89,178,134,10,0,0,144,1,512,144,144
37376,37376,2048,0,1025,286,286,0,195,256,130,126,0,0,256,1,512,286,286
37376,37376,1024,0,513,141,141,0,89,183,136,5,0,0,141,1,512,141,141
37376,37376,4096,0,37,8,8,0,6,12,8,0,0,0,8,0,0,8,8
37377,37376,2048,1,1025,286,286,0,194,256,122,134,0,0,256,1,512,286,286
37377,37376,1024,1,513,140,140,0,89,180,134,6,0,0,140,1,512,140,140
37377,37376,4096,1,37,8,8,0,5,10,8,0,0,0,8,0,0,8,8
37504,37504,1024,0,513,143,143,0,90,182,131,12,0,0,143,1,512,143,143
37505,37504,1024,1,513,143,143,0,88,181,131,12,0,0,143,1,512,143,143
37632,37632,2048,0,1025,279,279,0,184,256,168,88,0,0,256,1,512,279,279
37632,37632,1024,0,513,146,146,0,89,184,134,12,0,0,146,1,512,146,146
37633,37632,2048,1,1025,278,278,0,186,256,207,49,0,0,256,1,512,278,278
37633,37632,1024,1,513,148,148,0,90,184,137,11,0,0,148,1,512,148,148
37760,37760,1024,0,513,139,139,0,83,188,131,8,0,0,139,1,512,139,139
37761,37760,1024,1,513,138,138,0,82,188,130,8,0,0,138,1,512,138,138
37888,37888,2048,0,1025,289,289,0,180,256,223,33,0,0,256,1,512,289,289
37888,37888,1024,0,513,141,141,0,94,190,135,6,0,0,141,1,512,141,141
37888,37888,4096,0,37,10,10,0,6,12,9,1,0,0,10,1,512,10,10
37889,37888,2048,1,1025,288,288,0,179,256,220,36,0,0,256,1,512,288,288
37889,37888,1024,1,513,140,140,0,91,190,134,6,0,0,140,1,512,140,140
37889,37888,4096,1,37,7,6,0,4,10,7,0,0,0,7,0,0,6,6
38016,38016,1024,0,513,143,143,0,86,191,136,7,0,0,143,1,512,143,143
38017,38016,1024,1,513,145,145,0,86,191,138,7,0,0,145,1,512,145,145
38144,38144,2048,0,1025,281,281,0,181,256,187,69,0,0,256,1,512,281,281
38144,38144,1024,0,513,145,144,0,85,188,137,8,0,0,145,1,512,144,144
38145,38144,2048,1,1025,281,281,0,180,256,183,73,0,0,256,1,512,281,281
38145,38144,1024,1,513,145,144,0,86,187,136,9,0,0,145,1,512,144,144
38272,38272,1024,0,513,141,140,0,84,184,133,8,0,0,141,1,512,140,140
38273,38272,1024,1,513,142,141,0,84,185,135,7,0,0,142,1,512,141,141
38400,38400,2048,0,1025,285,285,0,183,256,149,107,0,0,256,1,512,285,285
38400,38400,1024,0,513,140,139,0,88,186,131,9,0,0,140,1,512,139,139
38400,38400,4096,0,37,10,9,0,6,13,8,2,0,0,10,1,512,9,9
38401,38400,2048,1,1025,285,285,0,184,256,154,102,0,0,256,1,512,285,285
38401,38400,1024,1,513,140,139,0,90,186,131,9,0,0,140,1,512,139,139
38401,38400,4096,1,37,7,7,0,2,10,6,1,0,0,7,1,512,7,7
38528,38528,1024,0,513,174,173,0,68,190,148,26,0,0,174,1,512,173,173
38529,38528,1024,1,513,152,151,0,75,190,137,15,0,0,152,1,512,151,151
38656,38656,2048,0,1025,328,328,0,163,256,61,195,0,0,256,1,512,328,328
38656,38656,1024,0,513,152,151,0,118,211,145,7,0,0,152,1,512,151,151
38657,38656,2048,1,1025,288,287,0,162,256,61,195,0,0,256,1,512,287,287
38657,38656,1024,1,513,147,147,0,100,198,139,8,0,0,147,1,512,147,147
38784,38784,1024,0,513,123,123,0,101,212,123,0,0,0,123,0,0,123,123
38785,38784,1024,1,513,127,127,0,95,197,124,3,0,0,127,1,512,127,127
38912,38912,2048,0,1025,322,321,0,240,256,174,82,0,0,256,1,512,321,321
38912,38912,1024,0,513,99,99,0,63,205,99,0,0,0,99,0,0,99,99
38912,38912,4096,0,37,8,7,0,3,13,7,1,0,0,8,1,512,7,7
38913,38912,2048,1,1025,307,307,0,214,256,183,73,0,0,256,1,512,307,307
38913,38912,1024,1,513,111,111,0,79,194,108,3,0,0,111,1,512,111,111
38913,38912,4096,1,37,4,3,0,3,11,4,0,0,0,4,0,0,3,3
39040,39040,1024,0,513,132,132,0,67,192,128,4,0,0,132,1,512,132,132
39041,39040,1024,1,513,133,133,0,64,185,129,4,0,0,133,1,512,133,133
39168,39168,2048,0,1025,259,259,0,218,256,223,33,0,0,256,1,512,259,259
39168,39168,1024,0,513,154,154,0,103,175,145,9,0,0,154,1,512,154,154
39169,39168,2048,1,1025,274,274,0,203,256,214,42,0,0,256,1,512,274,274
39169,39168,1024,1,513,153,152,0,101,173,143,10,0,0,153,1,512,152,152
39296,39296,1024,0,513,171,170,0,126,175,153,18,0,0,171,1,512,170,170
39297,39296,1024,1,513,149,148,0,85,169,139,10,0,0,149,1,512,148,148
39424,39424,2048,0,1025,204,204,0,125,256,191,13,0,0,204,1,512,204,204
39424,39424,1024,0,513,139,138,0,63,185,126,13,0,0,139,1,512,138,138
39424,39424,4096,0,37,4,4,0,4,14,4,0,0,0,4,0,0,4,4
39425,39424,2048,1,1025,226,226,0,133,256,204,22,0,0,226,1,512,226,226
39425,39424,1024,1,513,138,137,0,75,174,125,13,0,0,138,1,512,137,137
39425,39424,4096,1,37,5,4,0,2,10,3,2,0,0,5,1,512,4,4
39552,39552,1024,0,513,133,132,0,85,191,122,11,0,0,133,1,512,132,132
39553,39552,1024,1,513,133,132,0,85,183,129,4,0,0,133,1,512,132,132
39680,39680,2048,0,1025,255,255,0,142,256,200,55,0,0,255,1,512,255,255
39680,39680,1024,0,513,141,140,0,95,201,136,5,0,0,141,1,512,140,140
39681,39680,2048,1,1025,254,254,0,144,256,205,49,0,0,254,1,512,254,254
39681,39680,1024,1,513,141,140,0,94,187,133,8,0,0,141,1,512,140,140
39808,39808,1024,0,513,144,144,0,90,205,137,7,0,0,144,1,512,144,144
39809,39808,1024,1,513,145,145,0,93,189,132,13,0,0,145,1,512,145,145
39936,39936,2048,0,1025,318,317,0,195,256,117,139,0,0,256,1,512,317,317
39936,39936,1024,0,513,132,132,0,90,197,129,3,0,0,132,1,512,132,132
39936,39936,4096,0,37,4,4,0,3,14,4,0,0,0,4,0,0,4,4
39937,39936,2048,1,1025,300,299,0,185,256,179,77,0,0,256,1,512,299,299
39937,39936,1024,1,513,133,133,0,91,191,129,4,0,0,133,1,512,133,133
39937,39936,4096,1,37,4,4,0,3,11,3,1,0,0,4,1,512,4,4
40064,40064,1024,0,513,139,139,0,82,186,132,7,0,0,139,1,512,139,139
40065,40064,1024,1,513,139,139,0,82,184,131,8,0,0,139,1,512,139,139
40192,40192,2048,0,1025,321,321,0,245,256,146,110,0,0,256,1,512,321,321
40192,40192,1024,0,513,139,139,0,93,189,134,5,0,0,139,1,512,139,139
40193,40192,2048,1,1025,285,284,0,190,256,182,74,0,0,256,1,512,284,284
40193,40192,1024,1,513,137,137,0,95,187,133,4,0,0,137,1,512,137,137
40320,40320,1024,0,513,139,138,0,86,184,135,4,0,0,139,1,512,138,138
40321,40320,1024,1,513,139,138,0,87,182,135,4,0,0,139,1,512,138,138
40448,40448,2048,0,1025,272,272,0,146,256,202,54,0,0,256,1,512,272,272
40448,40448,1024,0,513,141,140,0,90,180,132,9,0,0,141,1,512,140,140
40448,40448,4096,0,37,4,4,0,1,12,4,0,0,0,4,0,0,4,4
40449,40448,2048,1,1025,272,272,0,160,256,196,60,0,0,256,1,512,272,272
40449,40448,1024,1,513,141,140,0,90,178,133,8,0,0,141,1,512,140,140
40449,40448,4096,1,37,4,4,0,2,10,4,0,0,0,4,0,0,4,4
40576,40576,1024,0,513,140,139,0,91,184,132,8,0,0,140,1,512,139,139
40577,40576,1024,1,513,140,139,0,91,181,131,9,0,0,140,1,512,139,139
40704,40704,2048,0,1025,272,272,0,171,256,179,77,0,0,256,1,512,272,272
40704,40704,1024,0,513,144,144,0,82,183,138,6,0,0,144,1,512,144,144
40705,40704,2048,1,1025,271,271,0,169,256,174,82,0,0,256,1,512,271,271
40705,40704,1024,1,513,144,144,0,85,182,139,5,0,0,144,1,512,144,144
40832,40832,1024,0,513,149,149,0,88,182,137,12,0,0,149,1,512,149,149
40833,40832,1024,1,513,150,150,0,89,181,138,12,0,0,150,1,512,150,150
40960,40960,2048,0,1025,273,273,0,177,256,165,91,0,0,256,1,512,273,273
40960,40960,1024,0,513,146,146,0,88,191,138,8,0,0,146,1,512,146,146
40960,40960,4096,0,37,4,4,0,3,8,4,0,0,0,4,0,0,4,4
40961,40960,2048,1,1025,272,272,0,175,256,154,102,0,0,256,1,512,272,272
40961,40960,1024,1,513,147,147,0,91,190,139,8,0,0,147,1,512,147,147
40961,40960,4096,1,37,5,5,0,4,7,4,1,0,0,5,1,512,5,5
41088,41088,1024,0,513,136,136,0,90,190,130,6,0,0,136,1,512,136,136
41089,41088,1024,1,513,134,134,0,91,188,128,6,0,0,134,1,512,134,134
41216,41216,2048,0,1025,284,282,0,180,256,142,114,0,0,256,1,512,282,282
41216,41216,1024,0,513,138,138,0,87,191,131,7,0,0,138,1,512,138,138
41217,41216,2048,1,1025,282,281,0,179,256,137,119,0,0,256,1,512,281,281
41217,41216,1024,1,513,140,140,0,87,189,135,5,0,0,140,1,512,140,140
41344,41344,1024,0,513,142,142,0,82,190,134,8,0,0,142,1,512,142,142
41345,41344,1024,1,513,142,142,0,84,186,134,8,0,0,142,1,512,142,142
41472,41472,2048,0,1025,283,283,0,184,256,126,130,0,0,256,1,512,283,283
41472,41472,1024,0,513,134,134,0,80,186,129,5,0,0,134,1,512,134,134
41472,41472,4096,0,37,4,4,0,2,4,3,1,0,0,4,1,512,4,4
41473,41472,2048,1,1025,281,281,0,183,256,121,135,0,0,256,1,512,281,281
41473,41472,1024,1,513,135,135,0,81,182,130,5,0,0,135,1,512,135,135
41473,41472,4096,1,37,6,6,0,4,7,6,0,0,0,6,0,0,6,6
41600,41600,1024,0,513,137,136,0,100,181,131,6,0,0,137,1,512,136,136
41601,41600,1024,1,513,137,136,0,102,178,131,6,0,0,137,1,512,136,136
41728,41728,2048,0,1025,277,277,0,182,256,166,90,0,0,256,1,512,277,277
41728,41728,1024,0,513,139,138,0,84,179,130,9,0,0,139,1,512,138,138
41729,41728,2048,1,1025,276,276,0,180,256,166,90,0,0,256,1,512,276,276
41729,41728,1024,1,513,140,139,0,84,179,132,8,0,0,140,1,512,139,139
41856,41856,1024,0,513,138,137,0,77,181,130,8,0,0,138,1,512,137,137
41857,41856,1024,1,513,139,138,0,81,181,131,8,0,0,139,1,512,138,138
41984,41984,2048,0,1025,279,278,0,181,256,221,35,0,0,256,1,512,278,278
41984,41984,1024,0,513,131,130,0,87,175,124,7,0,0,131,1,512,130,130
41984,41984,4096,0,37,7,7,0,4,5,4,3,0,0,7,1,512,7,7
41985,41984,2048,1,1025,278,277,0,179,256,222,34,0,0,256,1,512,277,277
41985,41984,1024,1,513,130,129,0,87,175,123,7,0,0,130,1,512,129,129
41985,41984,4096,1,37,5,5,0,3,6,4,1,0,0,5,1,512,5,5
42112,42112,1024,0,513,140,139,0,93,177,129,11,0,0,140,1,512,139,139
42113,42112,1024,1,513,139,138,0,95,176,129,10,0,0,139,1,512,138,138
42240,42240,2048,0,1025,298,297,0,185,256,186,70,0,0,256,1,512,297,297
42240,42240,1024,0,513,140,139,0,80,183,131,9,0,0,140,1,512,139,139
42241,42240,2048,1,1025,295,294,0,181,256,182,74,0,0,256,1,512,294,294
42241,42240,1024,1,513,140,139,0,81,181,132,8,0,0,140,1,512,139,139
42368,42368,1024,0,513,141,141,0,84,186,135,6,0,0,141,1,512,141,141
42369,42368,1024,1,513,142,142,0,84,183,136,6,0,0,142,1,512,142,142
42496,42496,2048,0,1025,288,287,0,191,256,180,76,0,0,256,1,512,287,287
42496,42496,1024,0,513,140,139,0,89,184,133,7,0,0,140,1,512,139,139
42496,42496,4096,0,37,7,6,0,4,8,5,2,0,0,7,1,512,6,6
42497,42496,2048,1,1025,286,285,0,187,256,196,60,0,0,256,1,512,285,285
42497,42496,1024,1,513,142,141,0,92,181,135,7,0,0,142,1,512,141,141
42497,42496,4096,1,37,8,7,0,4,7,4,4,0,0,8,1,512,7,7
42624,42624,1024,0,513,134,133,0,82,189,129,5,0,0,134,1,512,133,133
42625,42624,1024,1,513,135,134,0,85,187,130,5,0,0,135,1,512,134,134
42752,42752,2048,0,1025,293,292,0,184,256,147,109,0,0,256,1,512,292,292
42752,42752,1024,0,513,137,137,0,81,183,128,9,0,0,137,1,512,137,137
42753,42752,2048,1,1025,290,289,0,183,256,185,71,0,0,256,1,512,289,289
42753,42752,1024,1,513,137,137,0,84,183,128,9,0,0,137,1,512,137,137
42880,42880,1024,0,513,134,134,0,77,185,129,5,0,0,134,1,512,134,134
42881,42880,1024,1,513,134,134,0,75,186,129,5,0,0,134,1,512,134,134
43008,43008,2048,0,1025,284,283,0,189,256,209,47,0,0,256,1,512,283,283
43008,43008,1024,0,513,139,139,0,80,182,131,8,0,0,139,1,512,139,139
43008,43008,4096,0,37,9,9,0,6,10,9,0,0,0,9,0,0,9,9
43009,43008,2048,1,1025,282,281,0,188,256,187,69,0,0,256,1,512,281,281
43009,43008,1024,1,513,139,139,0,81,183,132,7,0,0,139,1,512,139,139
43009,43008,4096,1,37,7,7,0,5,11,6,1,0,0,7,1,512,7,7
43136,43136,1024,0,513,140,140,0,84,183,133,7,0,0,140,1,512,140,140
43137,43136,1024,1,513,141,141,0,87,182,134,7,0,0,141,1,512,141,141
43264,43264,2048,0,1025,291,289,0,179,256,184,72,0,0,256,1,512,289,289
43264,43264,1024,0,513,145,145,0,91,182,138,7,0,0,145,1,512,145,145
43265,43264,2048,1,1025,289,288,0,176,256,172,84,0,0,256,1,512,288,288
43265,43264,1024,1,513,146,146,0,92,180,137,9,0,0,146,1,512,146,146
43392,43392,1024,0,513,137,137,0,84,182,128,9,0,0,137,1,512,137,137
43393,43392,1024,1,513,139,139,0,85,182,130,9,0,0,139,1,512,139,139
43520,43520,2048,0,1025,283,282,0,174,256,204,52,0,0,256,1,512,282,282
43520,43520,1024,0,513,137,137,0,79,183,132,5,0,0,137,1,512,137,137
43520,43520,4096,0,37,8,7,0,6,10,7,1,0,0,8,1,512,7,7
43521,43520,2048,1,1025,286,285,0,176,256,142,114,0,0,256,1,512,285,285
43521,43520,1024,1,513,136,136,0,80,184,131,5,0,0,136,1,512,136,136
43521,43520,4096,1,37,7,7,0,5,12,7,0,0,0,7,0,0,7,7
43648,43648,1024,0,513,146,146,0,84,181,136,10,0,0,146,1,512,146,146
43649,43648,1024,1,513,145,145,0,84,182,136,9,0,0,145,1,512,145,145
43776,43776,2048,0,1025,293,292,0,176,256,107,149,0,0,256,1,512,292,292
43776,43776,1024,0,513,141,141,0,86,187,137,4,0,0,141,1,512,141,141
43777,43776,2048,1,1025,292,291,0,177,256,88,168,0,0,256,1,512,291,291
43777,43776,1024,1,513,141,141,0,85,187,136,5,0,0,141,1,512,141,141
43904,43904,1024,0,513,136,136,0,89,184,129,7,0,0,136,1,512,136,136
43905,43904,1024,1,513,136,136,0,90,185,130,6,0,0,136,1,512,136,136
44032,44032,2048,0,1025,291,290,0,178,256,182,74,0,0,256,1,512,290,290
44032,44032,1024,0,513,136,136,0,88,182,128,8,0,0,136,1,512,136,136
44032,44032,4096,0,37,8,7,0,5,11,8,0,0,0,8,0,0,7,7
44033,44032,2048,1,1025,289,287,0,177,256,184,72,0,0,256,1,512,287,287
44033,44032,1024,1,513,137,137,0,92,182,129,8,0,0,137,1,512,137,137
44033,44032,4096,1,37,9,8,0,6,11,8,1,0,0,9,1,512,8,8
44160,44160,1024,0,513,144,144,0,93,182,135,9,0,0,144,1,512,144,144
44161,44160,1024,1,513,145,145,0,93,182,136,9,0,0,145,1,512,145,145
44288,44288,2048,0,1025,271,271,0,177,256,205,51,0,0,256,1,512,271,271
44288,44288,1024,0,513,142,142,0,93,186,137,5,0,0,142,1,512,142,142
44289,44288,2048,1,1025,269,269,0,173,256,214,42,0,0,256,1,512,269,269
44289,44288,1024,1,513,143,143,0,94,186,138,5,0,0,143,1,512,143,143
44416,44416,1024,0,513,145,145,0,84,182,135,10,0,0,145,1,512,145,145
44417,44416,1024,1,513,143,143,0,86,182,135,8,0,0,143,1,512,143,143
44544,44544,2048,0,1025,284,283,0,169,256,139,117,0,0,256,1,512,283,283
44544,44544,1024,0,513,145,145,0,88,185,140,5,0,0,145,1,512,145,145
44544,44544,4096,0,37,9,8,0,4,11,8,1,0,0,9,1,512,8,8
44545,44544,2048,1,1025,282,282,0,168,256,143,113,0,0,256,1,512,282,282
44545,44544,1024,1,513,145,145,0,87,184,140,5,0,0,145,1,512,145,145
44545,44544,4096,1,37,8,8,0,6,12,8,0,0,0,8,0,0,8,8
44672,44672,1024,0,513,141,141,0,98,187,135,6,0,0,141,1,512,141,141
44673,44672,1024,1,513,140,140,0,97,186,134,6,0,0,140,1,512,140,140
44800,44800,2048,0,1025,281,281,0,186,256,123,133,0,0,256,1,512,281,281
44800,44800,1024,0,513,137,136,0,92,186,129,8,0,0,137,1,512,136,136
44801,44800,2048,1,1025,280,280,0,184,256,159,97,0,0,256,1,512,280,280
44801,44800,1024,1,513,140,139,0,96,185,132,8,0,0,140,1,512,139,139
44928,44928,1024,0,513,141,140,0,86,184,133,8,0,0,141,1,512,140,140
44929,44928,1024,1,513,143,142,0,87,183,135,8,0,0,143,1,512,142,142
45056,45056,2048,0,1025,282,282,0,187,256,129,127,0,0,256,1,512,282,282
45056,45056,1024,0,513,147,147,0,86,185,137,10,0,0,147,1,512,147,147
45056,45056,4096,0,37,8,7,0,5,11,8,0,0,0,8,0,0,7,7
45057,45056,2048,1,1025,283,283,0,188,256,114,142,0,0,256,1,512,283,283
45057,45056,1024,1,513,148,148,0,88,186,138,10,0,0,148,1,512,148,148
45057,45056,4096,1,37,9,8,0,5,11,9,0,0,0,9,0,0,8,8
45184,45184,1024,0,513,147,147,0,87,187,139,8,0,0,147,1,512,147,147
45185,45184,1024,1,513,147,147,0,91,188,140,7,0,0,147,1,512,147,147
45312,45312,2048,0,1025,281,281,0,178,256,216,40,0,0,256,1,512,281,281
45312,45312,1024,0,513,142,142,0,95,186,135,7,0,0,142,1,512,142,142
45313,45312,2048,1,1025,279,279,0,176,256,219,37,0,0,256,1,512,279,279
45313,45312,1024,1,513,143,143,0,96,187,136,7,0,0,143,1,512,143,143
45440,45440,1024,0,513,138,138,0,85,187,130,8,0,0,138,1,512,138,138
45441,45440,1024,1,513,138,138,0,89,188,131,7,0,0,138,1,512,138,138
45568,45568,2048,0,1025,293,293,0,178,256,203,53,0,0,256,1,512,293,293
45568,45568,1024,0,513,137,136,0,93,187,134,3,0,0,137,1,512,136,136
45568,45568,4096,0,37,8,8,0,5,10,7,1,0,0,8,1,512,8,8
45569,45568,2048,1,1025,289,289,0,175,256,208,48,0,0,256,1,512,289,289
45569,45568,1024,1,513,136,135,0,91,186,133,3,0,0,136,1,512,135,135
45569,45568,4096,1,37,6,5,0,5,11,6,0,0,0,6,0,0,5,5
45696,45696,1024,0,513,138,137,0,82,184,132,6,0,0,138,1,512,137,137
45697,45696,1024,1,513,138,137,0,84,184,132,6,0,0,138,1,512,137,137
45824,45824,2048,0,1025,282,282,0,184,256,219,37,0,0,256,1,512,282,282
45824,45824,1024,0,513,139,138,0,88,179,129,10,0,0,139,1,512,138,138
45825,45824,2048,1,1025,281,281,0,182,256,212,44,0,0,256,1,512,281,281
45825,45824,1024,1,513,140,139,0,91,180,130,10,0,0,140,1,512,139,139
45952,45952,1024,0,513,134,133,0,86,180,128,6,0,0,134,1,512,133,133
45953,45952,1024,1,513,136,135,0,87,180,131,5,0,0,136,1,512,135,135
46080,46080,2048,0,1025,293,292,0,177,256,208,48,0,0,256,1,512,292,292
46080,46080,1024,0,513,140,139,0,92,181,133,7,0,0,140,1,512,139,139
46080,46080,4096,0,37,8,8,0,7,11,8,0,0,0,8,0,0,8,8
46081,46080,2048,1,1025,293,292,0,178,256,205,51,0,0,256,1,512,292,292
46081,46080,1024,1,513,141,140,0,92,180,134,7,0,0,141,1,512,140,140
46081,46080,4096,1,37,8,7,0,4,10,8,0,0,0,8,0,0,7,7
46208,46208,1024,0,513,142,141,0,78,179,134,8,0,0,142,1,512,141,141
46209,46208,1024,1,513,142,141,0,79,180,134,8,0,0,142,1,512,141,141
46336,46336,2048,0,1025,274,272,0,181,256,138,118,0,0,256,1,512,272,272
46336,46336,1024,0,513,136,135,0,82,182,129,7,0,0,136,1,512,135,135
46337,46336,2048,1,1025,273,272,0,180,256,130,126,0,0,256,1,512,272,272
46337,46336,1024,1,513,134,133,0,83,184,128,6,0,0,134,1,512,133,133
46464,46464,1024,0,513,140,139,0,78,179,134,6,0,0,140,1,512,139,139
46465,46464,1024,1,513,141,140,0,80,180,135,6,0,0,141,1,512,140,140
46592,46592,2048,0,1025,281,280,0,174,256,62,194,0,0,256,1,512,280,280
46592,46592,1024,0,513,137,136,0,85,181,126,11,0,0,137,1,512,136,136
46592,46592,4096,0,37,9,8,0,7,11,9,0,0,0,9,0,0,8,8
46593,46592,2048,1,1025,283,282,0,172,256,66,190,0,0,256,1,512,282,282
46593,46592,1024,1,513,137,136,0,85,182,126,11,0,0,137,1,512,136,136
46593,46592,4096,1,37,9,8,0,6,10,9,0,0,0,9,0,0,8,8
46720,46720,1024,0,513,137,136,0,89,189,134,3,0,0,137,1,512,136,136
46721,46720,1024,1,513,139,138,0,90,188,136,3,0,0,139,1,512,138,138
46848,46848,2048,0,1025,286,285,0,187,256,223,33,0,0,256,1,512,285,285
46848,46848,1024,0,513,140,139,0,75,183,130,10,0,0,140,1,512,139,139
46849,46848,2048,1,1025,283,282,0,188,256,227,29,0,0,256,1,512,282,282
46849,46848,1024,1,513,142,141,0,76,182,132,10,0,0,142,1,512,141,141
46976,46976,1024,0,513,139,139,0,93,187,135,4,0,0,139,1,512,139,139
46977,46976,1024,1,513,141,141,0,96,187,137,4,0,0,141,1,512,141,141
47104,47104,2048,0,1025,277,276,0,200,256,215,41,0,0,256,1,512,276,276
47104,47104,1024,0,513,145,145,0,88,178,136,9,0,0,145,1,512,145,145
47104,47104,4096,0,37,7,6,0,5,10,7,0,0,0,7,0,0,6,6
47105,47104,2048,1,1025,276,275,0,198,256,205,51,0,0,256,1,512,275,275
47105,47104,1024,1,513,144,144,0,92,181,138,6,0,0,144,1,512,144,144
47105,47104,4096,1,37,7,6,0,5,10,7,0,0,0,7,0,0,6,6
47232,47232,1024,0,513,138,138,0,77,181,128,10,0,0,138,1,512,138,138
47233,47232,1024,1,513,140,140,0,78,180,129,11,0,0,140,1,512,140,140
47360,47360,2048,0,1025,287,286,0,177,256,184,72,0,0,256,1,512,286,286
47360,47360,1024,0,513,142,142,0,92,186,133,9,0,0,142,1,512,142,142
47361,47360,2048,1,1025,286,285,0,177,256,188,68,0,0,256,1,512,285,285
47361,47360,1024,1,513,143,143,0,93,186,135,8,0,0,143,1,512,143,143
47488,47488,1024,0,513,137,136,0,78,187,129,8,0,0,137,1,512,136,136
47489,47488,1024,1,513,137,136,0,82,186,128,9,0,0,137,1,512,136,136
47616,47616,2048,0,1025,283,282,0,194,256,150,106,0,0,256,1,512,282,282
47616,47616,1024,0,513,144,144,0,85,192,131,13,0,0,144,1,512,144,144
47616,47616,4096,0,37,8,7,0,5,9,8,0,0,0,8,0,0,7,7
47617,47616,2048,1,1025,278,278,0,191,256,179,77,0,0,256,1,512,278,278
47617,47616,1024,1,513,145,145,0,87,192,133,12,0,0,145,1,512,145,145
47617,47616,4096,1,37,6,5,0,4,9,6,0,0,0,6,0,0,5,5
47744,47744,1024,0,513,143,142,0,94,194,138,5,0,0,143,1,512,142,142
47745,47744,1024,1,513,144,143,0,94,194,139,5,0,0,144,1,512,143,143
47872,47872,2048,0,1025,286,286,0,168,256,217,39,0,0,256,1,512,286,286
47872,47872,1024,0,513,139,139,0,84,189,132,7,0,0,139,1,512,139,139
47873,47872,2048,1,1025,286,286,0,164,256,183,73,0,0,256,1,512,286,286
47873,47872,1024,1,513,138,138,0,86,189,132,6,0,0,138,1,512,138,138
48000,48000,1024,0,513,142,142,0,81,181,134,8,0,0,142,1,512,142,142
48001,48000,1024,1,513,139,139,0,80,180,131,8,0,0,139,1,512,139,139
48128,48128,2048,0,1025,287,286,0,178,256,190,66,0,0,256,1,512,286,286
48128,48128,1024,0,513,133,133,0,92,185,130,3,0,0,133,1,512,133,133
48128,48128,4096,0,37,10,10,0,6,9,7,3,0,0,10,1,512,10,10
48129,48128,2048,1,1025,287,286,0,176,256,172,84,0,0,256,1,512,286,286
48129,48128,1024,1,513,134,134,0,91,184,131,3,0,0,134,1,512,134,134
48129,48128,4096,1,37,7,6,0,4,9,7,0,0,0,7,0,0,6,6
48256,48256,1024,0,513,130,130,0,78,181,123,7,0,0,130,1,512,130,130
48257,48256,1024,1,513,129,129,0,80,180,122,7,0,0,129,1,512,129,129
48384,48384,2048,0,1025,290,290,0,184,256,192,64,0,0,256,1,512,290,290
48384,48384,1024,0,513,130,130,0,80,179,123,7,0,0,130,1,512,130,130
48385,48384,2048,1,1025,286,286,0,181,256,216,40,0,0,256,1,512,286,286
48385,48384,1024,1,513,131,131,0,80,178,124,7,0,0,131,1,512,131,131
48512,48512,1024,0,513,136,136,0,68,177,127,9,0,0,136,1,512,136,136
48513,48512,1024,1,513,138,138,0,72,175,129,9,0,0,138,1,512,138,138
48640,48640,2048,0,1025,290,290,0,178,256,202,54,0,0,256,1,512,290,290
48640,48640,1024,0,513,132,132,0,81,177,123,9,0,0,132,1,512,132,132
48640,48640,4096,0,37,8,8,0,4,12,8,0,0,0,8,0,0,8,8
48641,48640,2048,1,1025,289,289,0,175,256,165,91,0,0,256,1,512,289,289
48641,48640,1024,1,513,133,133,0,84,175,124,9,0,0,133,1,512,133,133
48641,48640,4096,1,37,9,8,0,5,9,8,1,0,0,9,1,512,8,8
48768,48768,1024,0,513,140,140,0,94,177,132,8,0,0,140,1,512,140,140
48769,48768,1024,1,513,140,140,0,92,176,133,7,0,0,140,1,512,140,140
48896,48896,2048,0,1025,282,282,0,189,256,201,55,0,0,256,1,512,282,282
48896,48896,1024,0,513,141,140,0,81,179,131,10,0,0,141,1,512,140,140
48897,48896,2048,1,1025,281,281,0,189,256,202,54,0,0,256,1,512,281,281
48897,48896,1024,1,513,140,139,0,83,177,130,10,0,0,140,1,512,139,139
49024,49024,1024,0,513,146,145,0,94,182,138,8,0,0,146,1,512,145,145
49025,49024,1024,1,513,144,143,0,94,181,136,8,0,0,144,1,512,143,143
49152,49152,2048,0,1025,278,278,0,169,256,182,74,0,0,256,1,512,278,278
49152,49152,1024,0,513,140,139,0,91,185,132,8,0,0,140,1,512,139,139
49152,49152,4096,0,37,7,7,0,5,12,7,0,0,0,7,0,0,7,7
49153,49152,2048,1,1025,278,278,0,167,256,155,101,0,0,256,1,512,278,278
49153,49152,1024,1,513,139,138,0,91,184,131,8,0,0,139,1,512,138,138
49153,49152,4096,1,37,9,9,0,6,10,9,0,0,0,9,0,0,9,9
49280,49280,1024,0,513,135,134,0,83,187,130,5,0,0,135,1,512,134,134
49281,49280,1024,1,513,135,134,0,85,185,130,5,0,0,135,1,512,134,134
49408,49408,2048,0,1025,273,273,0,166,256,121,135,0,0,256,1,512,273,273
49408,49408,1024,0,513,139,138,0,76,183,133,6,0,0,139,1,512,138,138
49409,49408,2048,1,1025,270,270,0,164,256,124,132,0,0,256,1,512,270,270
49409,49408,1024,1,513,140,139,0,76,181,134,6,0,0,140,1,512,139,139
49536,49536,1024,0,513,144,143,0,90,183,133,11,0,0,144,1,512,143,143
49537,49536,1024,1,513,146,145,0,92,182,135,11,0,0,146,1,512,145,145
49664,49664,2048,0,1025,282,280,0,168,256,178,78,0,0,256,1,512,280,280
49664,49664,1024,0,513,140,139,0,97,186,136,4,0,0,140,1,512,139,139
49664,49664,4096,0,37,7,6,0,6,12,7,0,0,0,7,0,0,6,6
49665,49664,2048,1,1025,281,280,0,164,256,172,84,0,0,256,1,512,280,280
49665,49664,1024,1,513,138,137,0,100,186,135,3,0,0,138,1,512,137,137
49665,49664,4096,1,37,6,5,0,4,10,6,0,0,0,6,0,0,5,5
49792,49792,1024,0,513,135,135,0,80,183,129,6,0,0,135,1,512,135,135
49793,49792,1024,1,513,134,134,0,81,182,128,6,0,0,134,1,512,134,134
49920,49920,2048,0,1025,276,275,0,169,256,116,140,0,0,256,1,512,275,275
49920,49920,1024,0,513,139,139,0,85,184,127,12,0,0,139,1,512,139,139
49921,49920,2048,1,1025,275,274,0,168,256,107,149,0,0,256,1,512,274,274
49921,49920,1024,1,513,137,137,0,86,183,126,11,0,0,137,1,512,137,137
50048,50048,1024,0,513,142,142,0,91,188,132,10,0,0,142,1,512,142,142
50049,50048,1024,1,513,145,145,0,93,187,135,10,0,0,145,1,512,145,145
50176,50176,2048,0,1025,265,265,0,161,256,180,76,0,0,256,1,512,265,265
50176,50176,1024,0,513,139,138,0,84,190,134,5,0,0,139,1,512,138,138
50176,50176,4096,0,37,6,6,0,6,12,6,0,0,0,6,0,0,6,6
50177,50176,2048,1,1025,264,264,0,158,256,192,64,0,0,256,1,512,264,264
50177,50176,1024,1,513,140,139,0,85,189,135,5,0,0,140,1,512,139,139
50177,50176,4096,1,37,8,8,0,4,10,8,0,0,0,8,0,0,8,8
50304,50304,1024,0,513,139,138,0,82,185,132,7,0,0,139,1,512,138,138
50305,50304,1024,1,513,141,140,0,84,185,133,8,0,0,141,1,512,140,140
50432,50432,2048,0,1025,276,276,0,166,256,213,43,0,0,256,1,512,276,276
50432,50432,1024,0,513,139,138,0,89,185,132,7,0,0,139,1,512,138,138
50433,50432,2048,1,1025,274,274,0,166,256,215,41,0,0,256,1,512,274,274
50433,50432,1024,1,513,140,139,0,91,186,133,7,0,0,140,1,512,139,139
50560,50560,1024,0,513,137,136,0,96,181,131,6,0,0,137,1,512,136,136
50561,50560,1024,1,513,136,135,0,99,184,132,4,0,0,136,1,512,135,135
50688,50688,2048,0,1025,278,278,0,172,256,183,73,0,0,256,1,512,278,278
50688,50688,1024,0,513,134,133,0,77,182,126,8,0,0,134,1,512,133,133
50688,50688,4096,0,37,7,7,0,5,9,7,0,0,0,7,0,0,7,7
50689,50688,2048,1,1025,279,279,0,174,256,170,86,0,0,256,1,512,279,279
50689,50688,1024,1,513,134,133,0,77,182,126,8,0,0,134,1,512,133,133
50689,50688,4096,1,37,7,7,0,6,10,7,0,0,0,7,0,0,7,7
50816,50816,1024,0,513,141,140,0,82,185,129,12,0,0,141,1,512,140,140
50817,50816,1024,1,513,140,139,0,82,185,128,12,0,0,140,1,512,139,139
50944,50944,2048,0,1025,279,278,0,168,256,169,87,0,0,256,1,512,278,278
50944,50944,1024,0,513,144,143,0,94,182,137,7,0,0,144,1,512,143,143
50945,50944,2048,1,1025,278,277,0,166,256,172,84,0,0,256,1,512,277,277
50945,50944,1024,1,513,147,146,0,97,181,139,8,0,0,147,1,512,146,146
51072,51072,1024,0,513,142,141,0,77,185,135,7,0,0,142,1,512,141,141
51073,51072,1024,1,513,142,141,0,78,185,134,8,0,0,142,1,512,141,141
51200,51200,2048,0,1025,289,288,0,180,256,220,36,0,0,256,1,512,288,288
51200,51200,1024,0,513,139,138,0,89,183,134,5,0,0,139,1,512,138,138
51200,51200,4096,0,37,8,7,0,7,8,8,0,0,0,8,0,0,7,7
51201,51200,2048,1,1025,289,288,0,178,256,212,44,0,0,256,1,512,288,288
51201,51200,1024,1,513,141,140,0,91,183,135,6,0,0,141,1,512,140,140
51201,51200,4096,1,37,7,6,0,6,10,7,0,0,0,7,0,0,6,6
51328,51328,1024,0,513,142,141,0,88,183,135,7,0,0,142,1,512,141,141
51329,51328,1024,1,513,142,141,0,89,184,136,6,0,0,142,1,512,141,141
51456,51456,2048,0,1025,294,293,0,203,256,193,63,0,0,256,1,512,293,293
51456,51456,1024,0,513,137,136,0,95,185,131,6,0,0,137,1,512,136,136
51457,51456,2048,1,1025,294,293,0,200,256,189,67,0,0,256,1,512,293,293
51457,51456,1024,1,513,138,137,0,98,186,133,5,0,0,138,1,512,137,137
51584,51584,1024,0,513,144,143,0,86,179,132,12,0,0,144,1,512,143,143
51585,51584,1024,1,513,145,144,0,86,179,133,12,0,0,145,1,512,144,144
51712,51712,2048,0,1025,276,275,0,174,256,156,100,0,0,256,1,512,275,275
51712,51712,1024,0,513,146,146,0,90,185,140,6,0,0,146,1,512,146,146
51712,51712,4096,0,37,10,9,0,4,8,8,2,0,0,10,1,512,9,9
51713,51712,2048,1,1025,275,274,0,173,256,163,93,0,0,256,1,512,274,274
51713,51712,1024,1,513,145,145,0,91,185,140,5,0,0,145,1,512,145,145
51713,51712,4096,1,37,9,9,0,5,10,8,1,0,0,9,1,512,9,9
51840,51840,1024,0,513,131,131,0,87,188,126,5,0,0,131,1,512,131,131
51841,51840,1024,1,513,132,132,0,85,187,127,5,0,0,132,1,512,132,132
51968,51968,2048,0,1025,285,284,0,187,256,208,48,0,0,256,1,512,284,284
51968,51968,1024,0,513,147,147,0,85,186,132,15,0,0,147,1,512,147,147
51969,51968,2048,1,1025,284,283,0,182,256,207,49,0,0,256,1,512,283,283
51969,51968,1024,1,513,148,148,0,87,187,135,13,0,0,148,1,512,148,148
52096,52096,1024,0,513,152,152,0,102,196,144,8,0,0,152,1,512,152,152
52097,52096,1024,1,513,152,152,0,105,195,143,9,0,0,152,1,512,152,152
52224,52224,2048,0,1025,277,276,0,181,256,213,43,0,0,256,1,512,276,276
52224,52224,1024,0,513,133,133,0,90,196,132,1,0,0,133,1,512,133,133
52224,52224,4096,0,37,8,7,0,4,10,8,0,0,0,8,0,0,7,7
52225,52224,2048,1,1025,277,277,0,179,256,208,48,0,0,256,1,512,277,277
52225,52224,1024,1,513,133,133,0,90,196,132,1,0,0,133,1,512,133,133
52225,52224,4096,1,37,8,7,0,6,11,8,0,0,0,8,0,0,7,7
52352,52352,1024,0,513,134,134,0,69,184,125,9,0,0,134,1,512,134,134
52353,52352,1024,1,513,135,135,0,72,184,126,9,0,0,135,1,512,135,135
52480,52480,2048,0,1025,272,272,0,165,256,209,47,0,0,256,1,512,272,272
52480,52480,1024,0,513,139,139,0,84,186,130,9,0,0,139,1,512,139,139
52481,52480,2048,1,1025,274,273,0,165,256,185,71,0,0,256,1,512,273,273
52481,52480,1024,1,513,140,140,0,86,186,131,9,0,0,140,1,512,140,140
52608,52608,1024,0,513,141,140,0,88,192,136,5,0,0,141,1,512,140,140
52609,52608,1024,1,513,140,139,0,88,193,135,5,0,0,140,1,512,139,139
52736,52736,2048,0,1025,290,290,0,185,256,187,69,0,0,256,1,512,290,290
52736,52736,1024,0,513,135,134,0,84,189,127,8,0,0,135,1,512,134,134
52736,52736,4096,0,37,7,7,0,5,10,7,0,0,0,7,0,0,7,7
52737,52736,2048,1,1025,289,289,0,184,256,191,65,0,0,256,1,512,289,289
52737,52736,1024,1,513,135,134,0,85,189,126,9,0,0,135,1,512,134,134
52737,52736,4096,1,37,8,8,0,5,11,8,0,0,0,8,0,0,8,8
52864,52864,1024,0,513,148,147,0,84,190,138,10,0,0,148,1,512,147,147
52865,52864,1024,1,513,148,147,0,84,191,138,10,0,0,148,1,512,147,147
52992,52992,2048,0,1025,291,291,0,198,256,147,109,0,0,256,1,512,291,291
52992,52992,1024,0,513,148,147,0,98,189,143,5,0,0,148,1,512,147,147
52993,52992,2048,1,1025,289,289,0,196,256,156,100,0,0,256,1,512,289,289
52993,52992,1024,1,513,148,147,0,99,190,143,5,0,0,148,1,512,147,147
53120,53120,1024,0,513,141,140,0,100,185,137,4,0,0,141,1,512,140,140
53121,53120,1024,1,513,142,141,0,100,185,138,4,0,0,142,1,512,141,141
53248,53248,2048,0,1025,289,287,0,168,256,184,72,0,0,256,1,512,287,287
53248,53248,1024,0,513,129,129,0,88,183,126,3,0,0,129,1,512,129,129
53248,53248,4096,0,37,8,8,0,6,10,8,0,0,0,8,0,0,8,8
53249,53248,2048,1,1025,286,285,0,169,256,197,59,0,0,256,1,512,285,285
53249,53248,1024,1,513,129,129,0,93,184,127,2,0,0,129,1,512,129,129
53249,53248,4096,1,37,8,7,0,4,10,8,0,0,0,8,0,0,7,7
53376,53376,1024,0,513,138,138,0,91,179,130,8,0,0,138,1,512,138,138
53377,53376,1024,1,513,137,137,0,89,179,129,8,0,0,137,1,512,137,137
53504,53504,2048,0,1025,271,271,0,179,256,196,60,0,0,256,1,512,271,271
53504,53504,1024,0,513,144,144,0,84,180,136,8,0,0,144,1,512,144,144
53505,53504,2048,1,1025,270,270,0,177,256,185,71,0,0,256,1,512,270,270
53505,53504,1024,1,513,144,144,0,86,180,137,7,0,0,144,1,512,144,144
53632,53632,1024,0,513,148,147,0,98,178,141,7,0,0,148,1,512,147,147
53633,53632,1024,1,513,148,147,0,100,177,141,7,0,0,148,1,512,147,147
53760,53760,2048,0,1025,280,280,0,187,256,202,54,0,0,256,1,512,280,280
53760,53760,1024,0,513,136,135,0,92,177,130,6,0,0,136,1,512,135,135
53760,53760,4096,0,37,9,9,0,6,10,9,0,0,0,9,0,0,9,9
53761,53760,2048,1,1025,276,276,0,185,256,224,32,0,0,256,1,512,276,276
53761,53760,1024,1,513,138,137,0,92,176,133,5,0,0,138,1,512,137,137
53761,53760,4096,1,37,7,7,0,6,10,7,0,0,0,7,0,0,7,7
53888,53888,1024,0,513,142,141,0,92,183,135,7,0,0,142,1,512,141,141
53889,53888,1024,1,513,144,143,0,93,180,134,10,0,0,144,1,512,143,143
54016,54016,2048,0,1025,285,285,0,190,256,110,146,0,0,256,1,512,285,285
54016,54016,1024,0,513,140,139,0,88,184,128,12,0,0,140,1,512,139,139
54017,54016,2048,1,1025,284,284,0,188,256,110,146,0,0,256,1,512,284,284
54017,54016,1024,1,513,139,138,0,89,184,130,9,0,0,139,1,512,138,138
54144,54144,1024,0,513,145,144,0,84,192,135,10,0,0,145,1,512,144,144
54145,54144,1024,1,513,144,143,0,83,190,135,9,0,0,144,1,512,143,143
54272,54272,2048,0,1025,292,291,0,187,256,219,37,0,0,256,1,512,291,291
54272,54272,1024,0,513,147,146,0,91,190,143,4,0,0,147,1,512,146,146
54272,54272,4096,0,37,8,8,0,4,10,7,1,0,0,8,1,512,8,8
54273,54272,2048,1,1025,291,290,0,187,256,214,42,0,0,256,1,512,290,290
54273,54272,1024,1,513,147,146,0,90,189,143,4,0,0,147,1,512,146,146
54273,54272,4096,1,37,7,7,0,6,10,7,0,0,0,7,0,0,7,7
54400,54400,1024,0,513,147,146,0,89,189,138,9,0,0,147,1,512,146,146
54401,54400,1024,1,513,145,144,0,87,187,136,9,0,0,145,1,512,144,144
54528,54528,2048,0,1025,283,282,0,182,256,172,84,0,0,256,1,512,282,282
54528,54528,1024,0,513,143,142,0,89,190,136,7,0,0,143,1,512,142,142
54529,54528,2048,1,1025,280,279,0,182,256,176,80,0,0,256,1,512,279,279
54529,54528,1024,1,513,145,144,0,89,188,136,9,0,0,145,1,512,144,144
54656,54656,1024,0,513,138,138,0,84,190,132,6,0,0,138,1,512,138,138
54657,54656,1024,1,513,140,140,0,86,190,134,6,0,0,140,1,512,140,140
54784,54784,2048,0,1025,285,284,0,173,256,213,43,0,0,256,1,512,284,284
54784,54784,1024,0,513,138,138,0,88,190,131,7,0,0,138,1,512,138,138
54784,54784,4096,0,37,7,7,0,6,11,7,0,0,0,7,0,0,7,7
54785,54784,2048,1,1025,283,282,0,170,256,211,45,0,0,256,1,512,282,282
54785,54784,1024,1,513,140,140,0,90,190,133,7,0,0,140,1,512,140,140
54785,54784,4096,1,37,6,5,0,4,10,5,1,0,0,6,1,512,5,5
54912,54912,1024,0,513,140,140,0,90,190,134,6,0,0,140,1,512,140,140
54913,54912,1024,1,513,139,139,0,93,191,134,5,0,0,139,1,512,139,139
55040,55040,2048,0,1025,292,290,0,181,256,152,104,0,0,256,1,512,290,290
55040,55040,1024,0,513,135,135,0,90,187,130,5,0,0,135,1,512,135,135
55041,55040,2048,1,1025,290,288,0,180,256,164,92,0,0,256,1,512,288,288
55041,55040,1024,1,513,134,134,0,88,186,128,6,0,0,134,1,512,134,134
55168,55168,1024,0,513,129,129,0,85,180,126,3,0,0,129,1,512,129,129
55169,55168,1024,1,513,129,129,0,87,180,126,3,0,0,129,1,512,129,129
55296,55296,2048,0,1025,273,272,0,201,256,217,39,0,0,256,1,512,272,272
55296,55296,1024,0,513,138,138,0,85,174,125,13,0,0,138,1,512,138,138
55296,55296,4096,0,37,7,6,0,5,11,7,0,0,0,7,0,0,6,6
55297,55296,2048,1,1025,272,271,0,198,256,184,72,0,0,256,1,512,271,271
55297,55296,1024,1,513,140,140,0,87,174,127,13,0,0,140,1,512,140,140
55297,55296,4096,1,37,8,8,0,5,10,7,1,0,0,8,1,512,8,8
55424,55424,1024,0,513,138,138,0,83,177,125,13,0,0,138,1,512,138,138
55425,55424,1024,1,513,137,137,0,85,178,126,11,0,0,137,1,512,137,137
55552,55552,2048,0,1025,281,281,0,165,256,159,97,0,0,256,1,512,281,281
55552,55552,1024,0,513,134,134,0,94,178,131,3,0,0,134,1,512,134,134
55553,55552,2048,1,1025,281,281,0,163,256,143,113,0,0,256,1,512,281,281
55553,55552,1024,1,513,136,136,0,93,177,133,3,0,0,136,1,512,136,136
55680,55680,1024,0,513,133,133,0,77,176,125,8,0,0,133,1,512,133,133
55681,55680,1024,1,513,133,133,0,77,175,125,8,0,0,133,1,512,133,133
55808,55808,2048,0,1025,283,283,0,173,256,172,84,0,0,256,1,512,283,283
55808,55808,1024,0,513,140,140,0,82,179,129,11,0,0,140,1,512,140,140
55808,55808,4096,0,37,7,6,0,5,10,7,0,0,0,7,0,0,6,6
55809,55808,2048,1,1025,283,282,0,172,256,162,94,0,0,256,1,512,282,282
55809,55808,1024,1,513,140,140,0,84,179,130,10,0,0,140,1,512,140,140
55809,55808,4096,1,37,6,6,0,6,10,6,0,0,0,6,0,0,6,6
55936,55936,1024,0,513,141,141,0,95,184,130,11,0,0,141,1,512,141,141
55937,55936,1024,1,513,140,140,0,96,184,130,10,0,0,140,1,512,140,140
56064,56064,2048,0,1025,285,285,0,180,256,149,107,0,0,256,1,512,285,285
56064,56064,1024,0,513,143,143,0,86,187,139,4,0,0,143,1,512,143,143
56065,56064,2048,1,1025,284,284,0,179,256,148,108,0,0,256,1,512,284,284
56065,56064,1024,1,513,140,140,0,82,186,136,4,0,0,140,1,512,140,140
56192,56192,1024,0,513,140,139,0,86,183,134,6,0,0,140,1,512,139,139
56193,56192,1024,1,513,139,138,0,88,181,134,5,0,0,139,1,512,138,138
56320,56320,2048,0,1025,285,285,0,171,256,201,55,0,0,256,1,512,285,285
56320,56320,1024,0,513,143,142,0,102,181,136,7,0,0,143,1,512,142,142
56320,56320,4096,0,37,7,7,0,6,9,7,0,0,0,7,0,0,7,7
56321,56320,2048,1,1025,282,282,0,170,256,216,40,0,0,256,1,512,282,282
56321,56320,1024,1,513,142,141,0,100,178,136,6,0,0,142,1,512,141,141
56321,56320,4096,1,37,6,6,0,4,10,6,0,0,0,6,0,0,6,6
56448,56448,1024,0,513,143,142,0,90,180,135,8,0,0,143,1,512,142,142
56449,56448,1024,1,513,143,142,0,88,176,134,9,0,0,143,1,512,142,142
56576,56576,2048,0,1025,286,285,0,185,256,184,72,0,0,256,1,512,285,285
56576,56576,1024,0,513,139,138,0,90,184,132,7,0,0,139,1,512,138,138
56577,56576,2048,1,1025,284,284,0,184,256,184,72,0,0,256,1,512,284,284
56577,56576,1024,1,513,140,139,0,90,182,133,7,0,0,140,1,512,139,139
56704,56704,1024,0,513,140,139,0,82,182,131,9,0,0,140,1,512,139,139
56705,56704,1024,1,513,138,137,0,84,182,131,7,0,0,138,1,512,137,137
56832,56832,2048,0,1025,282,282,0,177,256,187,69,0,0,256,1,512,282,282
56832,56832,1024,0,513,141,140,0,85,185,134,7,0,0,141,1,512,140,140
56832,56832,4096,0,37,8,8,0,7,9,7,1,0,0,8,1,512,8,8
56833,56832,2048,1,1025,283,283,0,177,256,172,84,0,0,256,1,512,283,283
56833,56832,1024,1,513,142,141,0,86,184,135,7,0,0,142,1,512,141,141
56833,56832,4096,1,37,6,6,0,4,10,6,0,0,0,6,0,0,6,6
56960,56960,1024,0,513,133,132,0,77,185,127,6,0,0,133,1,512,132,132
56961,56960,1024,1,513,137,136,0,80,184,131,6,0,0,137,1,512,136,136
57088,57088,2048,0,1025,278,277,0,175,256,218,38,0,0,256,1,512,277,277
57088,57088,1024,0,513,144,143,0,88,185,137,7,0,0,144,1,512,143,143
57089,57088,2048,1,1025,277,276,0,173,256,221,35,0,0,256,1,512,276,276
57089,57088,1024,1,513,145,144,0,93,184,138,7,0,0,145,1,512,144,144
57216,57216,1024,0,513,149,148,0,95,185,141,8,0,0,149,1,512,148,148
57217,57216,1024,1,513,151,150,0,97,185,145,6,0,0,151,1,512,150,150
57344,57344,2048,0,1025,283,282,0,184,256,209,47,0,0,256,1,512,282,282
57344,57344,1024,0,513,145,144,0,105,183,138,7,0,0,145,1,512,144,144
57344,57344,4096,0,37,9,8,0,6,9,7,2,0,0,9,1,512,8,8
57345,57344,2048,1,1025,281,280,0,183,256,209,47,0,0,256,1,512,280,280
57345,57344,1024,1,513,147,146,0,106,183,140,7,0,0,147,1,512,146,146
57345,57344,4096,1,37,8,8,0,5,10,8,0,0,0,8,0,0,8,8
57472,57472,1024,0,513,136,135,0,81,182,128,8,0,0,136,1,512,135,135
57473,57472,1024,1,513,137,136,0,82,183,129,8,0,0,137,1,512,136,136
57600,57600,2048,0,1025,280,279,0,185,256,173,83,0,0,256,1,512,279,279
57600,57600,1024,0,513,140,140,0,90,187,133,7,0,0,140,1,512,140,140
57601,57600,2048,1,1025,277,276,0,181,256,178,78,0,0,256,1,512,276,276
57601,57600,1024,1,513,140,140,0,91,188,133,7,0,0,140,1,512,140,140
57728,57728,1024,0,513,142,142,0,86,188,138,4,0,0,142,1,512,142,142
57729,57728,1024,1,513,140,140,0,86,190,136,4,0,0,140,1,512,140,140
57856,57856,2048,0,1025,280,279,0,183,256,200,56,0,0,256,1,512,279,279
57856,57856,1024,0,513,137,137,0,86,184,129,8,0,0,137,1,512,137,137
57856,57856,4096,0,37,9,8,0,7,11,9,0,0,0,9,0,0,8,8
57857,57856,2048,1,1025,279,278,0,182,256,197,59,0,0,256,1,512,278,278
57857,57856,1024,1,513,135,135,0,86,187,129,6,0,0,135,1,512,135,135
57857,57856,4096,1,37,8,7,0,5,10,7,1,0,0,8,1,512,7,7
57984,57984,1024,0,513,137,137,0,85,183,128,9,0,0,137,1,512,137,137
57985,57984,1024,1,513,137,137,0,86,184,130,7,0,0,137,1,512,137,137
58112,58112,2048,0,1025,275,274,0,158,256,157,99,0,0,256,1,512,274,274
58112,58112,1024,0,513,141,141,0,86,186,132,9,0,0,141,1,512,141,141
58113,58112,2048,1,1025,273,272,0,159,256,168,88,0,0,256,1,512,272,272
58113,58112,1024,1,513,141,141,0,87,185,132,9,0,0,141,1,512,141,141
58240,58240,1024,0,513,137,136,0,83,192,132,5,0,0,137,1,512,136,136
58241,58240,1024,1,513,140,139,0,84,191,135,5,0,0,140,1,512,139,139
58368,58368,2048,0,1025,282,281,0,171,256,143,113,0,0,256,1,512,281,281
58368,58368,1024,0,513,138,137,0,82,187,129,9,0,0,138,1,512,137,137
58368,58368,4096,0,37,10,9,0,6,11,8,2,0,0,10,1,512,9,9
58369,58368,2048,1,1025,278,278,0,168,256,171,85,0,0,256,1,512,278,278
58369,58368,1024,1,513,139,138,0,85,186,131,8,0,0,139,1,512,138,138
58369,58368,4096,1,37,8,8,0,6,11,7,1,0,0,8,1,512,8,8
58496,58496,1024,0,513,143,142,0,88,185,133,10,0,0,143,1,512,142,142
58497,58496,1024,1,513,142,141,0,89,185,132,10,0,0,142,1,512,141,141
58624,58624,2048,0,1025,301,301,0,179,256,215,41,0,0,256,1,512,301,301
58624,58624,1024,0,513,134,133,0,80,185,126,8,0,0,134,1,512,133,133
58625,58624,2048,1,1025,301,301,0,176,256,175,81,0,0,256,1,512,301,301
58625,58624,1024,1,513,134,133,0,80,185,126,8,0,0,134,1,512,133,133
58752,58752,1024,0,513,141,141,0,84,185,133,8,0,0,141,1,512,141,141
58753,58752,1024,1,513,139,139,0,85,184,131,8,0,0,139,1,512,139,139
58880,58880,2048,0,1025,283,283,0,184,256,201,55,0,0,256,1,512,283,283
58880,58880,1024,0,513,144,144,0,101,184,135,9,0,0,144,1,512,144,144
58880,58880,4096,0,37,8,8,0,5,13,8,0,0,0,8,0,0,8,8
58881,58880,2048,1,1025,283,283,0,185,256,195,61,0,0,256,1,512,283,283
58881,58880,1024,1,513,145,145,0,101,184,137,8,0,0,145,1,512,145,145
58881,58880,4096,1,37,9,8,0,7,12,8,1,0,0,9,1,512,8,8
59008,59008,1024,0,513,141,141,0,100,188,134,7,0,0,141,1,512,141,141
59009,59008,1024,1,513,142,142,0,101,187,135,7,0,0,142,1,512,142,142
59136,59136,2048,0,1025,273,273,0,168,256,193,63,0,0,256,1,512,273,273
59136,59136,1024,0,513,135,135,0,83,182,128,7,0,0,135,1,512,135,135
59137,59136,2048,1,1025,273,273,0,166,256,191,65,0,0,256,1,512,273,273
59137,59136,1024,1,513,136,136,0,84,181,129,7,0,0,136,1,512,136,136
59264,59264,1024,0,513,140,140,0,92,180,128,12,0,0,140,1,512,140,140
59265,59264,1024,1,513,139,139,0,94,179,128,11,0,0,139,1,512,139,139
59392,59392,2048,0,1025,288,288,0,172,256,158,98,0,0,256,1,512,288,288
59392,59392,1024,0,513,141,141,0,89,189,135,6,0,0,141,1,512,141,141
59392,59392,4096,0,37,8,8,0,5,12,8,0,0,0,8,0,0,8,8
59393,59392,2048,1,1025,287,287,0,171,256,175,81,0,0,256,1,512,287,287
59393,59392,1024,1,513,141,141,0,90,187,136,5,0,0,141,1,512,141,141
59393,59392,4096,1,37,8,8,0,5,13,8,0,0,0,8,0,0,8,8
59520,59520,1024,0,513,148,148,0,94,188,137,11,0,0,148,1,512,148,148
59521,59520,1024,1,513,148,148,0,95,186,137,11,0,0,148,1,512,148,148
59648,59648,2048,0,1025,277,277,0,182,256,207,49,0,0,256,1,512,277,277
59648,59648,1024,0,513,139,138,0,88,185,132,7,0,0,139,1,512,138,138
59649,59648,2048,1,1025,276,276,0,181,256,207,49,0,0,256,1,512,276,276
59649,59648,1024,1,513,140,139,0,92,184,133,7,0,0,140,1,512,139,139
59776,59776,1024,0,513,143,142,0,88,185,133,10,0,0,143,1,512,142,142
59777,59776,1024,1,513,143,142,0,87,184,133,10,0,0,143,1,512,142,142
59904,59904,2048,0,1025,269,269,0,164,256,204,52,0,0,256,1,512,269,269
59904,59904,1024,0,513,144,143,0,90,188,135,9,0,0,144,1,512,143,143
59904,59904,4096,0,37,7,7,0,7,12,7,0,0,0,7,0,0,7,7
59905,59904,2048,1,1025,269,269,0,162,256,202,54,0,0,256,1,512,269,269
59905,59904,1024,1,513,145,144,0,92,187,136,9,0,0,145,1,512,144,144
59905,59904,4096,1,37,8,8,0,8,13,8,0,0,0,8,0,0,8,8
60032,60032,1024,0,513,136,135,0,81,190,129,7,0,0,136,1,512,135,135
60033,60032,1024,1,513,138,137,0,82,189,131,7,0,0,138,1,512,137,137
60160,60160,2048,0,1025,274,274,0,179,256,208,48,0,0,256,1,512,274,274
60160,60160,1024,0,513,143,142,0,88,186,135,8,0,0,143,1,512,142,142
60161,60160,2048,1,1025,275,275,0,178,256,200,56,0,0,256,1,512,275,275
60161,60160,1024,1,513,143,142,0,91,187,135,8,0,0,143,1,512,142,142
60288,60288,1024,0,513,131,131,0,91,185,128,3,0,0,131,1,512,131,131
60289,60288,1024,1,513,131,131,0,91,186,128,3,0,0,131,1,512,131,131
60416,60416,2048,0,1025,281,280,0,190,256,215,41,0,0,256,1,512,280,280
60416,60416,1024,0,513,134,134,0,87,181,126,8,0,0,134,1,512,134,134
60416,60416,4096,0,37,8,8,0,6,11,7,1,0,0,8,1,512,8,8
60417,60416,2048,1,1025,281,280,0,188,256,217,39,0,0,256,1,512,280,280
60417,60416,1024,1,513,133,133,0,85,182,125,8,0,0,133,1,512,133,133
60417,60416,4096,1,37,7,6,0,5,12,7,0,0,0,7,0,0,6,6
60544,60544,1024,0,513,147,147,0,90,176,134,13,0,0,147,1,512,147,147
60545,60544,1024,1,513,147,147,0,93,177,135,12,0,0,147,1,512,147,147
60672,60672,2048,0,1025,284,283,0,170,256,168,88,0,0,256,1,512,283,283
60672,60672,1024,0,513,140,140,0,92,185,135,5,0,0,140,1,512,140,140
60673,60672,2048,1,1025,282,281,0,169,256,189,67,0,0,256,1,512,281,281
60673,60672,1024,1,513,141,141,0,94,185,135,6,0,0,141,1,512,141,141
60800,60800,1024,0,513,148,148,0,94,182,138,10,0,0,148,1,512,148,148
60801,60800,1024,1,513,149,149,0,97,183,139,10,0,0,149,1,512,149,149
60928,60928,2048,0,1025,275,274,0,175,256,159,97,0,0,256,1,512,274,274
60928,60928,1024,0,513,138,138,0,88,185,132,6,0,0,138,1,512,138,138
60928,60928,4096,0,37,7,7,0,5,10,7,0,0,0,7,0,0,7,7
60929,60928,2048,1,1025,274,273,0,172,256,148,108,0,0,256,1,512,273,273
60929,60928,1024,1,513,139,139,0,91,185,133,6,0,0,139,1,512,139,139
60929,60928,4096,1,37,7,7,0,5,12,7,0,0,0,7,0,0,7,7
61056,61056,1024,0,513,141,141,0,93,186,134,7,0,0,141,1,512,141,141
61057,61056,1024,1,513,141,141,0,93,186,135,6,0,0,141,1,512,141,141
61184,61184,2048,0,1025,275,274,0,191,256,136,120,0,0,256,1,512,274,274
61184,61184,1024,0,513,142,142,0,84,181,132,10,0,0,142,1,512,142,142
61185,61184,2048,1,1025,275,274,0,192,256,117,139,0,0,256,1,512,274,274
61185,61184,1024,1,513,144,144,0,86,181,134,10,0,0,144,1,512,144,144
61312,61312,1024,0,513,144,144,0,92,186,135,9,0,0,144,1,512,144,144
61313,61312,1024,1,513,145,145,0,92,186,136,9,0,0,145,1,512,145,145
61440,61440,2048,0,1025,277,276,0,173,256,99,157,0,0,256,1,512,276,276
61440,61440,1024,0,513,139,139,0,89,184,133,6,0,0,139,1,512,139,139
61440,61440,4096,0,37,6,6,0,6,10,6,0,0,0,6,0,0,6,6
61441,61440,2048,1,1025,275,274,0,172,256,110,146,0,0,256,1,512,274,274
61441,61440,1024,1,513,138,138,0,90,184,133,5,0,0,138,1,512,138,138
61441,61440,4096,1,37,6,6,0,5,12,6,0,0,0,6,0,0,6,6
61568,61568,1024,0,513,147,147,0,91,181,137,10,0,0,147,1,512,147,147
61569,61568,1024,1,513,147,147,0,93,180,137,10,0,0,147,1,512,147,147
61696,61696,2048,0,1025,279,278,0,162,256,216,40,0,0,256,1,512,278,278
61696,61696,1024,0,513,139,138,0,94,182,135,4,0,0,139,1,512,138,138
61697,61696,2048,1,1025,278,277,0,162,256,222,34,0,0,256,1,512,277,277
61697,61696,1024,1,513,140,139,0,98,181,135,5,0,0,140,1,512,139,139
61824,61824,1024,0,513,138,137,0,95,179,131,7,0,0,138,1,512,137,137
61825,61824,1024,1,513,138,137,0,94,179,132,6,0,0,138,1,512,137,137
61952,61952,2048,0,1025,289,287,0,178,256,166,90,0,0,256,1,512,287,287
61952,61952,1024,0,513,141,141,0,81,181,136,5,0,0,141,1,512,141,141
61952,61952,4096,0,37,8,8,0,5,10,8,0,0,0,8,0,0,8,8
61953,61952,2048,1,1025,290,289,0,178,256,150,106,0,0,256,1,512,289,289
61953,61952,1024,1,513,142,142,0,82,181,136,6,0,0,142,1,512,142,142
61953,61952,4096,1,37,8,7,0,5,10,8,0,0,0,8,0,0,7,7
62080,62080,1024,0,513,137,137,0,88,181,130,7,0,0,137,1,512,137,137
62081,62080,1024,1,513,137,137,0,89,182,131,6,0,0,137,1,512,137,137
62208,62208,2048,0,1025,286,286,0,185,256,188,68,0,0,256,1,512,286,286
62208,62208,1024,0,513,138,138,0,80,182,132,6,0,0,138,1,512,138,138
62209,62208,2048,1,1025,285,285,0,185,256,202,54,0,0,256,1,512,285,285
62209,62208,1024,1,513,141,141,0,82,182,135,6,0,0,141,1,512,141,141
62336,62336,1024,0,513,143,143,0,87,186,131,12,0,0,143,1,512,143,143
62337,62336,1024,1,513,144,144,0,88,185,131,13,0,0,144,1,512,144,144
62464,62464,2048,0,1025,286,285,0,173,256,181,75,0,0,256,1,512,285,285
62464,62464,1024,0,513,142,142,0,76,189,133,9,0,0,142,1,512,142,142
62464,62464,4096,0,37,7,7,0,6,10,7,0,0,0,7,0,0,7,7
62465,62464,2048,1,1025,285,284,0,171,256,176,80,0,0,256,1,512,284,284
62465,62464,1024,1,513,143,143,0,78,190,134,9,0,0,143,1,512,143,143
62465,62464,4096,1,37,6,6,0,4,9,6,0,0,0,6,0,0,6,6
62592,62592,1024,0,513,140,140,0,85,188,130,10,0,0,140,1,512,140,140
62593,62592,1024,1,513,141,141,0,86,189,131,10,0,0,141,1,512,141,141
62720,62720,2048,0,1025,291,290,0,179,256,208,48,0,0,256,1,512,290,290
62720,62720,1024,0,513,149,149,0,99,191,142,7,0,0,149,1,512,149,149
62721,62720,2048,1,1025,290,289,0,178,256,214,42,0,0,256,1,512,289,289
62721,62720,1024,1,513,148,148,0,102,193,142,6,0,0,148,1,512,148,148
62848,62848,1024,0,513,147,147,0,96,189,137,10,0,0,147,1,512,147,147
62849,62848,1024,1,513,146,146,0,94,190,137,9,0,0,146,1,512,146,146
62976,62976,2048,0,1025,278,277,0,194,256,183,73,0,0,256,1,512,277,277
62976,62976,1024,0,513,140,140,0,98,190,136,4,0,0,140,1,512,140,140
62976,62976,4096,0,37,7,7,0,7,10,7,0,0,0,7,0,0,7,7
62977,62976,2048,1,1025,278,277,0,192,256,178,78,0,0,256,1,512,277,277
62977,62976,1024,1,513,141,141,0,98,189,137,4,0,0,141,1,512,141,141
62977,62976,4096,1,37,8,8,0,6,9,7,1,0,0,8,1,512,8,8
63104,63104,1024,0,513,135,135,0,84,188,128,7,0,0,135,1,512,135,135
63105,63104,1024,1,513,135,135,0,86,187,129,6,0,0,135,1,512,135,135
63232,63232,2048,0,1025,283,283,0,185,256,209,47,0,0,256,1,512,283,283
63232,63232,1024,0,513,144,144,0,86,189,137,7,0,0,144,1,512,144,144
63233,63232,2048,1,1025,282,282,0,183,256,208,48,0,0,256,1,512,282,282
63233,63232,1024,1,513,144,144,0,90,187,138,6,0,0,144,1,512,144,144
63360,63360,1024,0,513,136,136,0,84,190,130,6,0,0,136,1,512,136,136
63361,63360,1024,1,513,137,137,0,84,188,131,6,0,0,137,1,512,137,137
63488,63488,2048,0,1025,284,283,0,182,256,213,43,0,0,256,1,512,283,283
63488,63488,1024,0,513,136,136,0,76,187,129,7,0,0,136,1,512,136,136
63488,63488,4096,0,37,8,8,0,5,9,8,0,0,0,8,0,0,8,8
63489,63488,2048,1,1025,284,283,0,182,256,210,46,0,0,256,1,512,283,283
63489,63488,1024,1,513,135,135,0,75,186,128,7,0,0,135,1,512,135,135
63489,63488,4096,1,37,6,6,0,6,9,6,0,0,0,6,0,0,6,6
63616,63616,1024,0,513,142,141,0,91,185,134,8,0,0,142,1,512,141,141
63617,63616,1024,1,513,141,140,0,92,184,134,7,0,0,141,1,512,140,140
63744,63744,2048,0,1025,280,279,0,172,256,187,69,0,0,256,1,512,279,279
63744,63744,1024,0,513,135,134,0,89,185,132,3,0,0,135,1,512,134,134
63745,63744,2048,1,1025,277,276,0,170,256,187,69,0,0,256,1,512,276,276
63745,63744,1024,1,513,135,134,0,90,183,129,6,0,0,135,1,512,134,134
63872,63872,1024,0,513,139,138,0,79,179,131,8,0,0,139,1,512,138,138
63873,63872,1024,1,513,141,140,0,79,179,133,8,0,0,141,1,512,140,140
64000,64000,2048,0,1025,286,286,0,176,256,141,115,0,0,256,1,512,286,286
64000,64000,1024,0,513,134,133,0,86,180,126,8,0,0,134,1,512,133,133
64000,64000,4096,0,37,8,8,0,7,9,7,1,0,0,8,1,512,8,8
64001,64000,2048,1,1025,285,285,0,174,256,139,117,0,0,256,1,512,285,285
64001,64000,1024,1,513,135,134,0,87,180,128,7,0,0,135,1,512,134,134
64001,64000,4096,1,37,8,7,0,5,9,8,0,0,0,8,0,0,7,7
64128,64128,1024,0,513,148,147,0,91,182,137,11,0,0,148,1,512,147,147
64129,64128,1024,1,513,147,146,0,92,181,137,10,0,0,147,1,512,146,146
64256,64256,2048,0,1025,283,282,0,173,256,179,77,0,0,256,1,512,282,282
64256,64256,1024,0,513,146,146,0,86,183,136,10,0,0,146,1,512,146,146
64257,64256,2048,1,1025,282,281,0,171,256,179,77,0,0,256,1,512,281,281
64257,64256,1024,1,513,146,146,0,85,181,135,11,0,0,146,1,512,146,146
64384,64384,1024,0,513,139,139,0,84,188,129,10,0,0,139,1,512,139,139
64385,64384,1024,1,513,141,141,0,87,187,132,9,0,0,141,1,512,141,141
64512,64512,2048,0,1025,275,274,0,178,256,119,137,0,0,256,1,512,274,274
64512,64512,1024,0,513,146,146,0,90,191,137,9,0,0,146,1,512,146,146
64512,64512,4096,0,37,7,7,0,5,9,7,0,0,0,7,0,0,7,7
64513,64512,2048,1,1025,274,273,0,177,256,114,142,0,0,256,1,512,273,273
64513,64512,1024,1,513,146,146,0,93,190,138,8,0,0,146,1,512,146,146
64513,64512,4096,1,37,7,7,0,5,9,7,0,0,0,7,0,0,7,7
64640,64640,1024,0,513,143,142,0,100,194,141,2,0,0,143,1,512,142,142
64641,64640,1024,1,513,142,141,0,100,192,140,2,0,0,142,1,512,141,141
64768,64768,2048,0,1025,284,284,0,171,256,218,38,0,0,256,1,512,284,284
64768,64768,1024,0,513,136,135,0,85,185,128,8,0,0,136,1,512,135,135
64769,64768,2048,1,1025,285,285,0,171,256,199,57,0,0,256,1,512,285,285
64769,64768,1024,1,513,135,134,0,84,183,127,8,0,0,135,1,512,134,134
64896,64896,1024,0,513,139,139,0,85,183,132,7,0,0,139,1,512,139,139
64897,64896,1024,1,513,139,139,0,88,182,132,7,0,0,139,1,512,139,139
65024,65024,2048,0,1025,282,282,0,173,256,152,104,0,0,256,1,512,282,282
65024,65024,1024,0,513,144,144,0,96,179,136,8,0,0,144,1,512,144,144
65024,65024,4096,0,37,9,9,0,5,9,8,1,0,0,9,1,512,9,9
65025,65024,2048,1,1025,281,281,0,175,256,181,75,0,0,256,1,512,281,281
65025,65024,1024,1,513,143,143,0,95,179,136,7,0,0,143,1,512,143,143
65025,65024,4096,1,37,7,7,0,6,9,7,0,0,0,7,0,0,7,7
65152,65152,1024,0,513,139,139,0,92,182,133,6,0,0,139,1,512,139,139
65153,65152,1024,1,513,139,139,0,93,181,134,5,0,0,139,1,512,139,139
65280,65280,2048,0,1025,289,289,0,188,256,216,40,0,0,256,1,512,289,289
65280,65280,1024,0,513,138,138,0,78,180,127,11,0,0,138,1,512,138,138
65281,65280,2048,1,1025,286,286,0,184,256,218,38,0,0,256,1,512,286,286
65281,65280,1024,1,513,139,139,0,79,177,129,10,0,0,139,1,512,139,139
65408,65408,1024,0,513,141,140,0,90,182,132,9,0,0,141,1,512,140,140
65409,65408,1024,1,513,140,139,0,90,179,132,8,0,0,140,1,512,139,139
65536,65536,2048,0,1025,286,286,0,181,256,168,88,0,0,256,1,512,286,286
65536,65536,1024,0,513,146,146,0,83,186,139,7,0,0,146,1,512,146,146
65536,65536,4096,0,37,9,9,0,4,10,7,2,0,0,9,1,512,9,9
65537,65536,2048,1,1025,284,284,0,178,256,171,85,0,0,256,1,512,284,284
65537,65536,1024,1,513,146,146,0,83,182,138,8,0,0,146,1,512,146,146
65537,65536,4096,1,37,8,7,0,5,9,7,1,0,0,8,1,512,7,7
65664,65664,1024,0,513,135,135,0,89,184,132,3,0,0,135,1,512,135,135
65665,65664,1024,1,513,136,136,0,89,182,133,3,0,0,136,1,512,136,136
65792,65792,2048,0,1025,284,284,0,174,256,182,74,0,0,256,1,512,284,284
65792,65792,1024,0,513,137,137,0,77,180,129,8,0,0,137,1,512,137,137
65793,65792,2048,1,1025,283,283,0,172,256,178,78,0,0,256,1,512,283,283
65793,65792,1024,1,513,138,138,0,78,178,130,8,0,0,138,1,512,138,138
65920,65920,1024,0,513,136,136,0,82,182,126,10,0,0,136,1,512,136,136
65921,65920,1024,1,513,137,137,0,83,181,126,11,0,0,137,1,512,137,137
66048,66048,2048,0,1025,292,292,0,176,256,202,54,0,0,256,1,512,292,292
66048,66048,1024,0,513,143,143,0,84,187,134,9,0,0,143,1,512,143,143
66048,66048,4096,0,37,8,8,0,4,12,7,1,0,0,8,1,512,8,8
66049,66048,2048,1,1025,291,291,0,173,256,167,89,0,0,256,1,512,291,291
66049,66048,1024,1,513,146,146,0,87,187,137,9,0,0,146,1,512,146,146
66049,66048,4096,1,37,6,6,0,5,10,6,0,0,0,6,0,0,6,6
66176,66176,1024,0,513,139,139,0,87,185,131,8,0,0,139,1,512,139,139
66177,66176,1024,1,513,140,140,0,91,187,134,6,0,0,140,1,512,140,140
66304,66304,2048,0,1025,289,288,0,197,256,215,41,0,0,256,1,512,288,288
66304,66304,1024,0,513,139,139,0,100,184,131,8,0,0,139,1,512,139,139
66305,66304,2048,1,1025,291,290,0,197,256,197,59,0,0,256,1,512,290,290
66305,66304,1024,1,513,139,139,0,101,183,131,8,0,0,139,1,512,139,139
66432,66432,1024,0,513,135,135,0,83,187,128,7,0,0,135,1,512,135,135
66433,66432,1024,1,513,136,136,0,85,186,128,8,0,0,136,1,512,136,136
66560,66560,2048,0,1025,284,284,0,188,256,204,52,0,0,256,1,512,284,284
66560,66560,1024,0,513,148,148,0,90,187,141,7,0,0,148,1,512,148,148
66560,66560,4096,0,37,7,7,0,4,13,7,0,0,0,7,0,0,7,7
66561,66560,2048,1,1025,285,285,0,187,256,208,48,0,0,256,1,512,285,285
66561,66560,1024,1,513,146,146,0,90,187,139,7,0,0,146,1,512,146,146
66561,66560,4096,1,37,8,8,0,5,9,7,1,0,0,8,1,512,8,8
66688,66688,1024,0,513,141,141,0,85,186,133,8,0,0,141,1,512,141,141
66689,66688,1024,1,513,143,143,0,87,186,134,9,0,0,143,1,512,143,143
66816,66816,2048,0,1025,272,272,0,177,256,126,130,0,0,256,1,512,272,272
66816,66816,1024,0,513,134,134,0,85,187,130,4,0,0,134,1,512,134,134
66817,66816,2048,1,1025,271,271,0,177,256,129,127,0,0,256,1,512,271,271
66817,66816,1024,1,513,136,136,0,88,188,132,4,0,0,136,1,512,136,136
66944,66944,1024,0,513,146,146,0,84,182,135,11,0,0,146,1,512,146,146
66945,66944,1024,1,513,146,146,0,86,182,135,11,0,0,146,1,512,146,146
67072,67072,2048,0,1025,284,283,0,158,256,209,47,0,0,256,1,512,283,283
67072,67072,1024,0,513,144,143,0,101,189,136,8,0,0,144,1,512,143,143
67072,67072,4096,0,37,7,7,0,6,13,7,0,0,0,7,0,0,7,7
67073,67072,2048,1,1025,282,282,0,154,256,211,45,0,0,256,1,512,282,282
67073,67072,1024,1,513,145,144,0,103,189,136,9,0,0,145,1,512,144,144
67073,67072,4096,1,37,6,6,0,5,10,5,1,0,0,6,1,512,6,6
67200,67200,1024,0,513,144,144,0,88,184,136,8,0,0,144,1,512,144,144
67201,67200,1024,1,513,145,145,0,91,186,138,7,0,0,145,1,512,145,145
67328,67328,2048,0,1025,288,287,0,185,256,193,63,0,0,256,1,512,287,287
67328,67328,1024,0,513,141,141,0,91,187,133,8,0,0,141,1,512,141,141
67329,67328,2048,1,1025,287,287,0,187,256,189,67,0,0,256,1,512,287,287
67329,67328,1024,1,513,138,138,0,91,189,131,7,0,0,138,1,512,138,138
67456,67456,1024,0,513,140,140,0,87,191,136,4,0,0,140,1,512,140,140
67457,67456,1024,1,513,140,140,0,84,192,136,4,0,0,140,1,512,140,140
67584,67584,2048,0,1025,294,294,0,190,256,177,79,0,0,256,1,512,294,294
67584,67584,1024,0,513,136,136,0,84,187,130,6,0,0,136,1,512,136,136
67584,67584,4096,0,37,7,7,0,6,13,7,0,0,0,7,0,0,7,7
67585,67584,2048,1,1025,291,291,0,188,256,189,67,0,0,256,1,512,291,291
67585,67584,1024,1,513,137,137,0,87,188,131,6,0,0,137,1,512,137,137
67585,67584,4096,1,37,6,5,0,5,10,6,0,0,0,6,0,0,5,5
67712,67712,1024,0,513,138,138,0,94,184,132,6,0,0,138,1,512,138,138
67713,67712,1024,1,513,139,139,0,95,184,133,6,0,0,139,1,512,139,139
67840,67840,2048,0,1025,287,286,0,182,256,222,34,0,0,256,1,512,286,286
67840,67840,1024,0,513,140,140,0,77,182,130,10,0,0,140,1,512,140,140
67841,67840,2048,1,1025,286,285,0,181,256,204,52,0,0,256,1,512,285,285
67841,67840,1024,1,513,140,140,0,80,181,130,10,0,0,140,1,512,140,140
67968,67968,1024,0,513,134,134,0,81,182,128,6,0,0,134,1,512,134,134
67969,67968,1024,1,513,135,135,0,84,182,129,6,0,0,135,1,512,135,135
68096,68096,2048,0,1025,285,284,0,184,256,127,129,0,0,256,1,512,284,284
68096,68096,1024,0,513,135,135,0,76,178,124,11,0,0,135,1,512,135,135
68096,68096,4096,0,37,7,7,0,6,12,7,0,0,0,7,0,0,7,7
68097,68096,2048,1,1025,285,284,0,183,256,109,147,0,0,256,1,512,284,284
68097,68096,1024,1,513,134,134,0,75,178,123,11,0,0,134,1,512,134,134
68097,68096,4096,1,37,8,8,0,4,10,7,1,0,0,8,1,512,8,8
68224,68224,1024,0,513,142,142,0,82,185,135,7,0,0,142,1,512,142,142
68225,68224,1024,1,513,142,142,0,81,184,134,8,0,0,142,1,512,142,142
68352,68352,2048,0,1025,287,287,0,178,256,181,75,0,0,256,1,512,287,287
68352,68352,1024,0,513,135,135,0,80,184,128,7,0,0,135,1,512,135,135
68353,68352,2048,1,1025,285,285,0,176,256,191,65,0,0,256,1,512,285,285
68353,68352,1024,1,513,136,136,0,84,184,130,6,0,0,136,1,512,136,136
68480,68480,1024,0,513,145,145,0,93,185,136,9,0,0,145,1,512,145,145
68481,68480,1024,1,513,144,144,0,95,184,136,8,0,0,144,1,512,144,144
68608,68608,2048,0,1025,278,277,0,178,256,165,91,0,0,256,1,512,277,277
68608,68608,1024,0,513,145,144,0,92,188,137,8,0,0,145,1,512,144,144
68608,68608,4096,0,37,9,9,0,7,9,8,1,0,0,9,1,512,9,9
68609,68608,2048,1,1025,276,276,0,177,256,169,87,0,0,256,1,512,276,276
68609,68608,1024,1,513,145,144,0,91,186,137,8,0,0,145,1,512,144,144
68609,68608,4096,1,37,9,8,0,5,11,8,1,0,0,9,1,512,8,8
68736,68736,1024,0,513,141,140,0,99,189,132,9,0,0,141,1,512,140,140
68737,68736,1024,1,513,142,141,0,99,187,133,9,0,0,142,1,512,141,141
68864,68864,2048,0,1025,297,297,0,194,256,215,41,0,0,256,1,512,297,297
68864,68864,1024,0,513,139,139,0,86,186,133,6,0,0,139,1,512,139,139
68865,68864,2048,1,1025,296,296,0,192,256,207,49,0,0,256,1,512,296,296
68865,68864,1024,1,513,138,138,0,89,185,132,6,0,0,138,1,512,138,138
68992,68992,1024,0,513,139,139,0,86,186,131,8,0,0,139,1,512,139,139
68993,68992,1024,1,513,137,137,0,85,185,129,8,0,0,137,1,512,137,137
69120,69120,2048,0,1025,289,289,0,197,256,198,58,0,0,256,1,512,289,289
69120,69120,1024,0,513,147,147,0,90,185,139,8,0,0,147,1,512,147,147
69120,69120,4096,0,37,8,8,0,6,10,7,1,0,0,8,1,512,8,8
69121,69120,2048,1,1025,288,288,0,197,256,210,46,0,0,256,1,512,288,288
69121,69120,1024,1,513,148,148,0,89,185,140,8,0,0,148,1,512,148,148
69121,69120,4096,1,37,8,8,0,8,12,8,0,0,0,8,0,0,8,8
69248,69248,1024,0,513,148,148,0,94,185,136,12,0,0,148,1,512,148,148
69249,69248,1024,1,513,148,148,0,97,185,136,12,0,0,148,1,512,148,148
69376,69376,2048,0,1025,284,284,0,180,256,201,55,0,0,256,1,512,284,284
69376,69376,1024,0,513,138,137,0,90,189,136,2,0,0,138,1,512,137,137
69377,69376,2048,1,1025,283,283,0,176,256,195,61,0,0,256,1,512,283,283
69377,69376,1024,1,513,139,138,0,90,189,137,2,0,0,139,1,512,138,138
69504,69504,1024,0,513,148,147,0,86,185,138,10,0,0,148,1,512,147,147
69505,69504,1024,1,513,148,147,0,86,185,139,9,0,0,148,1,512,147,147
69632,69632,2048,0,1025,287,287,0,181,256,213,43,0,0,256,1,512,287,287
69632,69632,1024,0,513,141,141,0,78,187,136,5,0,0,141,1,512,141,141
69632,69632,4096,0,37,9,9,0,5,11,9,0,0,0,9,0,0,9,9
69633,69632,2048,1,1025,288,288,0,182,256,214,42,0,0,256,1,512,288,288
69633,69632,1024,1,513,142,142,0,80,186,138,4,0,0,142,1,512,142,142
69633,69632,4096,1,37,7,7,0,4,11,7,0,0,0,7,0,0,7,7
69760,69760,1024,0,513,142,142,0,83,183,133,9,0,0,142,1,512,142,142
69761,69760,1024,1,513,142,142,0,86,182,133,9,0,0,142,1,512,142,142
69888,69888,2048,0,1025,289,289,0,191,256,200,56,0,0,256,1,512,289,289
69888,69888,1024,0,513,149,149,0,89,186,138,11,0,0,149,1,512,149,149
69889,69888,2048,1,1025,290,290,0,191,256,191,65,0,0,256,1,512,290,290
69889,69888,1024,1,513,149,149,0,87,185,137,12,0,0,149,1,512,149,149
70016,70016,1024,0,513,142,142,0,91,192,135,7,0,0,142,1,512,142,142
70017,70016,1024,1,513,141,141,0,90,192,135,6,0,0,141,1,512,141,141
70144,70144,2048,0,1025,285,285,0,184,256,213,43,0,0,256,1,512,285,285
70144,70144,1024,0,513,143,143,0,82,191,130,13,0,0,143,1,512,143,143
70144,70144,4096,0,37,7,6,0,3,11,7,0,0,0,7,0,0,6,6
70145,70144,2048,1,1025,285,285,0,184,256,217,39,0,0,256,1,512,285,285
70145,70144,1024,1,513,143,143,0,84,191,130,13,0,0,143,1,512,143,143
70145,70144,4096,1,37,6,5,0,5,11,6,0,0,0,6,0,0,5,5
70272,70272,1024,0,513,144,144,0,84,195,136,8,0,0,144,1,512,144,144
70273,70272,1024,1,513,143,143,0,84,195,136,7,0,0,143,1,512,143,143
70400,70400,2048,0,1025,281,280,0,183,256,186,70,0,0,256,1,512,280,280
70400,70400,1024,0,513,138,137,0,87,198,135,3,0,0,138,1,512,137,137
70401,70400,2048,1,1025,281,280,0,182,256,191,65,0,0,256,1,512,280,280
70401,70400,1024,1,513,139,138,0,85,196,135,4,0,0,139,1,512,138,138
70528,70528,1024,0,513,145,144,0,95,191,137,8,0,0,145,1,512,144,144
70529,70528,1024,1,513,147,146,0,95,190,140,7,0,0,147,1,512,146,146
70656,70656,2048,0,1025,290,288,0,173,256,168,88,0,0,256,1,512,288,288
70656,70656,1024,0,513,144,143,0,88,188,140,4,0,0,144,1,512,143,143
70656,70656,4096,0,37,9,8,0,4,11,9,0,0,0,9,0,0,8,8
70657,70656,2048,1,1025,288,287,0,173,256,183,73,0,0,256,1,512,287,287
70657,70656,1024,1,513,144,143,0,92,188,141,3,0,0,144,1,512,143,143
70657,70656,4096,1,37,8,7,0,4,10,8,0,0,0,8,0,0,7,7
70784,70784,1024,0,513,145,145,0,85,187,136,9,0,0,145,1,512,145,145
70785,70784,1024,1,513,144,144,0,84,186,136,8,0,0,144,1,512,144,144
70912,70912,2048,0,1025,276,275,0,181,256,194,62,0,0,256,1,512,275,275
70912,70912,1024,0,513,143,143,0,97,191,135,8,0,0,143,1,512,143,143
70913,70912,2048,1,1025,278,277,0,181,256,137,119,0,0,256,1,512,277,277
70913,70912,1024,1,513,144,144,0,96,189,135,9,0,0,144,1,512,144,144
71040,71040,1024,0,513,134,134,0,80,196,131,3,0,0,134,1,512,134,134
71041,71040,1024,1,513,134,134,0,83,195,131,3,0,0,134,1,512,134,134
71168,71168,2048,0,1025,278,277,0,170,256,118,138,0,0,256,1,512,277,277
71168,71168,1024,0,513,146,146,0,87,183,136,10,0,0,146,1,512,146,146
71168,71168,4096,0,37,8,7,0,4,11,8,0,0,0,8,0,0,7,7
71169,71168,2048,1,1025,276,275,0,169,256,143,113,0,0,256,1,512,275,275
71169,71168,1024,1,513,148,148,0,87,182,138,10,0,0,148,1,512,148,148
71169,71168,4096,1,37,5,5,0,5,9,5,0,0,0,5,0,0,5,5
71296,71296,1024,0,513,147,147,0,97,183,139,8,0,0,147,1,512,147,147
71297,71296,1024,1,513,148,148,0,98,182,140,8,0,0,148,1,512,148,148
71424,71424,2048,0,1025,285,284,0,180,256,101,155,0,0,256,1,512,284,284
71424,71424,1024,0,513,141,140,0,93,181,137,4,0,0,141,1,512,140,140
71425,71424,2048,1,1025,283,282,0,177,256,130,126,0,0,256,1,512,282,282
71425,71424,1024,1,513,143,142,0,94,182,139,4,0,0,143,1,512,142,142
71552,71552,1024,0,513,139,138,0,88,177,129,10,0,0,139,1,512,138,138
71553,71552,1024,1,513,139,138,0,89,178,129,10,0,0,139,1,512,138,138
71680,71680,2048,0,1025,288,287,0,179,256,215,41,0,0,256,1,512,287,287
71680,71680,1024,0,513,144,143,0,84,180,133,11,0,0,144,1,512,143,143
71680,71680,4096,0,37,6,5,0,4,11,6,0,0,0,6,0,0,5,5
71681,71680,2048,1,1025,289,288,0,178,256,208,48,0,0,256,1,512,288,288
71681,71680,1024,1,513,144,143,0,85,182,133,11,0,0,144,1,512,143,143
71681,71680,4096,1,37,8,8,0,5,9,7,1,0,0,8,1,512,8,8
71808,71808,1024,0,513,138,138,0,92,186,132,6,0,0,138,1,512,138,138
71809,71808,1024,1,513,140,140,0,94,187,133,7,0,0,140,1,512,140,140
71936,71936,2048,0,1025,288,287,0,173,256,200,56,0,0,256,1,512,287,287
71936,71936,1024,0,513,139,139,0,91,185,133,6,0,0,139,1,512,139,139
71937,71936,2048,1,1025,290,289,0,176,256,201,55,0,0,256,1,512,289,289
71937,71936,1024,1,513,141,141,0,94,187,135,6,0,0,141,1,512,141,141
72064,72064,1024,0,513,133,133,0,94,183,129,4,0,0,133,1,512,133,133
72065,72064,1024,1,513,133,133,0,95,184,129,4,0,0,133,1,512,133,133
72192,72192,2048,0,1025,288,287,0,175,256,88,168,0,0,256,1,512,287,287
72192,72192,1024,0,513,130,130,0,75,178,123,7,0,0,130,1,512,130,130
72192,72192,4096,0,37,8,7,0,3,11,8,0,0,0,8,0,0,7,7
72193,72192,2048,1,1025,282,282,0,173,256,140,116,0,0,256,1,512,282,282
72193,72192,1024,1,513,130,130,0,74,178,123,7,0,0,130,1,512,130,130
72193,72192,4096,1,37,9,8,0,5,10,9,0,0,0,9,0,0,8,8
72320,72320,1024,0,513,141,140,0,83,176,133,8,0,0,141,1,512,140,140
72321,72320,1024,1,513,141,140,0,84,176,134,7,0,0,141,1,512,140,140
72448,72448,2048,0,1025,286,286,0,188,256,220,36,0,0,256,1,512,286,286
72448,72448,1024,0,513,138,137,0,85,175,133,5,0,0,138,1,512,137,137
72449,72448,2048,1,1025,285,285,0,187,256,206,50,0,0,256,1,512,285,285
72449,72448,1024,1,513,138,137,0,85,175,133,5,0,0,138,1,512,137,137
72576,72576,1024,0,513,141,140,0,88,176,131,10,0,0,141,1,512,140,140
72577,72576,1024,1,513,140,139,0,89,175,130,10,0,0,140,1,512,139,139
72704,72704,2048,0,1025,282,281,0,182,256,218,38,0,0,256,1,512,281,281
72704,72704,1024,0,513,144,143,0,82,174,135,9,0,0,144,1,512,143,143
72704,72704,4096,0,37,7,6,0,5,10,7,0,0,0,7,0,0,6,6
72705,72704,2048,1,1025,281,281,0,179,256,222,34,0,0,256,1,512,281,281
72705,72704,1024,1,513,142,141,0,84,173,132,10,0,0,142,1,512,141,141
72705,72704,4096,1,37,8,8,0,6,10,8,0,0,0,8,0,0,8,8
72832,72832,1024,0,513,153,153,0,95,179,137,16,0,0,153,1,512,153,153
72833,72832,1024,1,513,153,153,0,95,179,139,14,0,0,153,1,512,153,153
72960,72960,2048,0,1025,292,292,0,182,256,191,65,0,0,256,1,512,292,292
72960,72960,1024,0,513,144,144,0,97,192,140,4,0,0,144,1,512,144,144
72961,72960,2048,1,1025,291,291,0,182,256,200,56,0,0,256,1,512,291,291
72961,72960,1024,1,513,145,145,0,98,190,141,4,0,0,145,1,512,145,145
73088,73088,1024,0,513,140,140,0,96,188,135,5,0,0,140,1,512,140,140
73089,73088,1024,1,513,140,140,0,98,185,134,6,0,0,140,1,512,140,140
73216,73216,2048,0,1025,287,287,0,188,256,139,117,0,0,256,1,512,287,287
73216,73216,1024,0,513,133,132,0,91,185,124,9,0,0,133,1,512,132,132
73216,73216,4096,0,37,7,7,0,5,9,6,1,0,0,7,1,512,7,7
73217,73216,2048,1,1025,286,286,0,186,256,95,161,0,0,256,1,512,286,286
73217,73216,1024,1,513,132,131,0,91,184,123,9,0,0,132,1,512,131,131
73217,73216,4096,1,37,8,7,0,5,10,8,0,0,0,8,0,0,7,7
73344,73344,1024,0,513,137,137,0,79,185,130,7,0,0,137,1,512,137,137
73345,73344,1024,1,513,136,136,0,79,184,129,7,0,0,136,1,512,136,136
73472,73472,2048,0,1025,288,288,0,187,256,192,64,0,0,256,1,512,288,288
73472,73472,1024,0,513,143,143,0,88,181,134,9,0,0,143,1,512,143,143
73473,73472,2048,1,1025,286,286,0,185,256,198,58,0,0,256,1,512,286,286
73473,73472,1024,1,513,142,142,0,87,180,133,9,0,0,142,1,512,142,142
73600,73600,1024,0,513,137,137,0,80,185,130,7,0,0,137,1,512,137,137
73601,73600,1024,1,513,138,138,0,80,183,130,8,0,0,138,1,512,138,138
73728,73728,2048,0,1025,284,284,0,184,256,219,37,0,0,256,1,512,284,284
73728,73728,1024,0,513,142,142,0,87,182,131,11,0,0,142,1,512,142,142
73728,73728,4096,0,37,10,10,0,5,9,9,1,0,0,10,1,512,10,10
73729,73728,2048,1,1025,282,282,0,184,256,215,41,0,0,256,1,512,282,282
73729,73728,1024,1,513,144,144,0,86,181,131,13,0,0,144,1,512,144,144
73729,73728,4096,1,37,7,6,0,5,10,7,0,0,0,7,0,0,6,6
73856,73856,1024,0,513,134,133,0,88,188,129,5,0,0,134,1,512,133,133
73857,73856,1024,1,513,136,135,0,89,190,131,5,0,0,136,1,512,135,135
73984,73984,2048,0,1025,282,281,0,182,256,206,50,0,0,256,1,512,281,281
73984,73984,1024,0,513,138,137,0,85,184,129,9,0,0,138,1,512,137,137
73985,73984,2048,1,1025,284,283,0,183,256,194,62,0,0,256,1,512,283,283
73985,73984,1024,1,513,139,138,0,85,186,131,8,0,0,139,1,512,138,138
74112,74112,1024,0,513,133,132,0,79,179,127,6,0,0,133,1,512,132,132
74113,74112,1024,1,513,134,133,0,81,182,129,5,0,0,134,1,512,133,133
74240,74240,2048,0,1025,280,280,0,182,256,132,124,0,0,256,1,512,280,280
74240,74240,1024,0,513,136,135,0,95,180,131,5,0,0,136,1,512,135,135
74240,74240,4096,0,37,8,7,0,5,10,7,1,0,0,8,1,512,7,7
74241,74240,2048,1,1025,280,280,0,181,256,116,140,0,0,256,1,512,280,280
74241,74240,1024,1,513,137,136,0,95,182,132,5,0,0,137,1,512,136,136
74241,74240,4096,1,37,7,6,0,5,10,7,0,0,0,7,0,0,6,6
74368,74368,1024,0,513,153,152,0,93,176,138,15,0,0,153,1,512,152,152
74369,74368,1024,1,513,153,152,0,96,178,138,15,0,0,153,1,512,152,152
74496,74496,2048,0,1025,287,287,0,181,256,209,47,0,0,256,1,512,287,287
74496,74496,1024,0,513,146,146,0,97,183,136,10,0,0,146,1,512,146,146
74497,74496,2048,1,1025,286,286,0,180,256,217,39,0,0,256,1,512,286,286
74497,74496,1024,1,513,145,145,0,98,184,136,9,0,0,145,1,512,145,145
74624,74624,1024,0,513,138,138,0,82,187,130,8,0,0,138,1,512,138,138
74625,74624,1024,1,513,139,139,0,84,187,131,8,0,0,139,1,512,139,139
74752,74752,2048,0,1025,286,285,0,186,256,191,65,0,0,256,1,512,285,285
74752,74752,1024,0,513,134,134,0,83,192,128,6,0,0,134,1,512,134,134
74752,74752,4096,0,37,10,9,0,5,11,9,1,0,0,10,1,512,9,9
74753,74752,2048,1,1025,284,283,0,187,256,198,58,0,0,256,1,512,283,283
74753,74752,1024,1,513,134,134,0,83,191,128,6,0,0,134,1,512,134,134
74753,74752,4096,1,37,8,8,0,6,10,8,0,0,0,8,0,0,8,8
74880,74880,1024,0,513,140,140,0,88,191,134,6,0,0,140,1,512,140,140
74881,74880,1024,1,513,141,141,0,89,190,135,6,0,0,141,1,512,141,141
75008,75008,2048,0,1025,290,289,0,163,256,146,110,0,0,256,1,512,289,289
75008,75008,1024,0,513,142,142,0,80,185,134,8,0,0,142,1,512,142,142
75009,75008,2048,1,1025,288,287,0,162,256,175,81,0,0,256,1,512,287,287
75009,75008,1024,1,513,141,141,0,82,184,133,8,0,0,141,1,512,141,141
75136,75136,1024,0,513,144,143,0,92,183,134,10,0,0,144,1,512,143,143
75137,75136,1024,1,513,143,142,0,91,182,133,10,0,0,143,1,512,142,142
75264,75264,2048,0,1025,285,284,0,174,256,105,151,0,0,256,1,512,284,284
75264,75264,1024,0,513,145,144,0,93,186,137,8,0,0,145,1,512,144,144
75264,75264,4096,0,37,9,8,0,6,12,9,0,0,0,9,0,0,8,8
75265,75264,2048,1,1025,282,281,0,172,256,109,147,0,0,256,1,512,281,281
75265,75264,1024,1,513,143,142,0,92,185,136,7,0,0,143,1,512,142,142
75265,75264,4096,1,37,7,6,0,6,10,7,0,0,0,7,0,0,6,6
75392,75392,1024,0,513,133,132,0,76,187,128,5,0,0,133,1,512,132,132
75393,75392,1024,1,513,134,133,0,79,186,129,5,0,0,134,1,512,133,133
75520,75520,2048,0,1025,283,282,0,178,256,204,52,0,0,256,1,512,282,282
75520,75520,1024,0,513,144,143,0,89,188,137,7,0,0,144,1,512,143,143
75521,75520,2048,1,1025,282,281,0,177,256,195,61,0,0,256,1,512,281,281
75521,75520,1024,1,513,145,144,0,91,187,137,8,0,0,145,1,512,144,144
75648,75648,1024,0,513,142,141,0,90,189,134,8,0,0,142,1,512,141,141
75649,75648,1024,1,513,143,142,0,90,188,135,8,0,0,143,1,512,142,142
75776,75776,2048,0,1025,291,290,0,175,256,196,60,0,0,256,1,512,290,290
75776,75776,1024,0,513,136,135,0,88,189,130,6,0,0,136,1,512,135,135
75776,75776,4096,0,37,7,7,0,6,12,7,0,0,0,7,0,0,7,7
75777,75776,2048,1,1025,291,290,0,177,256,183,73,0,0,256,1,512,290,290
75777,75776,1024,1,513,135,134,0,88,187,130,5,0,0,135,1,512,134,134
75777,75776,4096,1,37,6,6,0,5,9,6,0,0,0,6,0,0,6,6
75904,75904,1024,0,513,140,139,0,88,184,133,7,0,0,140,1,512,139,139
75905,75904,1024,1,513,141,140,0,88,182,134,7,0,0,141,1,512,140,140
76032,76032,2048,0,1025,278,277,0,165,256,207,49,0,0,256,1,512,277,277
76032,76032,1024,0,513,145,144,0,87,186,136,9,0,0,145,1,512,144,144
76033,76032,2048,1,1025,277,276,0,163,256,209,47,0,0,256,1,512,276,276
76033,76032,1024,1,513,145,144,0,87,185,136,9,0,0,145,1,512,144,144
76160,76160,1024,0,513,133,133,0,91,186,126,7,0,0,133,1,512,133,133
76161,76160,1024,1,513,132,132,0,92,185,125,7,0,0,132,1,512,132,132
76288,76288,2048,0,1025,274,273,0,177,256,153,103,0,0,256,1,512,273,273
76288,76288,1024,0,513,132,132,0,82,182,126,6,0,0,132,1,512,132,132
76288,76288,4096,0,37,8,7,0,6,12,8,0,0,0,8,0,0,7,7
76289,76288,2048,1,1025,274,273,0,177,256,148,108,0,0,256,1,512,273,273
76289,76288,1024,1,513,132,132,0,84,181,126,6,0,0,132,1,512,132,132
76289,76288,4096,1,37,8,8,0,4,9,7,1,0,0,8,1,512,8,8
76416,76416,1024,0,513,131,130,0,78,181,123,8,0,0,131,1,512,130,130
76417,76416,1024,1,513,133,132,0,80,181,126,7,0,0,133,1,512,132,132
76544,76544,2048,0,1025,278,278,0,170,256,203,53,0,0,256,1,512,278,278
76544,76544,1024,0,513,136,135,0,75,183,130,6,0,0,136,1,512,135,135
76545,76544,2048,1,1025,277,277,0,170,256,209,47,0,0,256,1,512,277,277
76545,76544,1024,1,513,137,136,0,77,181,130,7,0,0,137,1,512,136,136
76672,76672,1024,0,513,144,144,0,90,179,136,8,0,0,144,1,512,144,144
76673,76672,1024,1,513,144,144,0,92,179,137,7,0,0,144,1,512,144,144
76800,76800,2048,0,1025,303,303,0,186,256,208,48,0,0,256,1,512,303,303
76800,76800,1024,0,513,137,137,0,80,178,131,6,0,0,137,1,512,137,137
76800,76800,4096,0,37,9,8,0,7,11,9,0,0,0,9,0,0,8,8
76801,76800,2048,1,1025,302,302,0,183,256,210,46,0,0,256,1,512,302,302
76801,76800,1024,1,513,136,136,0,79,178,130,6,0,0,136,1,512,136,136
76801,76800,4096,1,37,8,7,0,6,10,8,0,0,0,8,0,0,7,7
76928,76928,1024,0,513,141,141,0,101,180,133,8,0,0,141,1,512,141,141
76929,76928,1024,1,513,140,140,0,101,181,134,6,0,0,140,1,512,140,140
77056,77056,2048,0,1025,286,286,0,193,256,150,106,0,0,256,1,512,286,286
77056,77056,1024,0,513,138,138,0,88,184,134,4,0,0,138,1,512,138,138
77057,77056,2048,1,1025,284,284,0,194,256,163,93,0,0,256,1,512,284,284
77057,77056,1024,1,513,137,137,0,88,182,133,4,0,0,137,1,512,137,137
77184,77184,1024,0,513,144,144,0,91,182,135,9,0,0,144,1,512,144,144
77185,77184,1024,1,513,143,143,0,92,181,133,10,0,0,143,1,512,143,143
77312,77312,2048,0,1025,285,284,0,176,256,218,38,0,0,256,1,512,284,284
77312,77312,1024,0,513,146,146,0,100,183,140,6,0,0,146,1,512,146,146
77312,77312,4096,0,37,7,7,0,7,10,7,0,0,0,7,0,0,7,7
77313,77312,2048,1,1025,284,283,0,176,256,217,39,0,0,256,1,512,283,283
77313,77312,1024,1,513,147,147,0,100,184,142,5,0,0,147,1,512,147,147
77313,77312,4096,1,37,8,7,0,5,9,7,1,0,0,8,1,512,7,7
77440,77440,1024,0,513,137,137,0,85,179,131,6,0,0,137,1,512,137,137
77441,77440,1024,1,513,138,138,0,86,179,132,6,0,0,138,1,512,138,138
77568,77568,2048,0,1025,278,277,0,190,256,124,132,0,0,256,1,512,277,277
77568,77568,1024,0,513,143,143,0,79,181,134,9,0,0,143,1,512,143,143
77569,77568,2048,1,1025,277,276,0,185,256,134,122,0,0,256,1,512,276,276
77569,77568,1024,1,513,142,142,0,79,180,133,9,0,0,142,1,512,142,142
77696,77696,1024,0,513,138,138,0,95,188,133,5,0,0,138,1,512,138,138
77697,77696,1024,1,513,138,138,0,98,187,134,4,0,0,138,1,512,138,138
77824,77824,2048,0,1025,281,281,0,177,256,202,54,0,0,256,1,512,281,281
77824,77824,1024,0,513,144,144,0,86,188,139,5,0,0,144,1,512,144,144
77824,77824,4096,0,37,9,8,0,6,9,8,1,0,0,9,1,512,8,8
77825,77824,2048,1,1025,281,281,0,177,256,200,56,0,0,256,1,512,281,281
77825,77824,1024,1,513,143,143,0,85,186,138,5,0,0,143,1,512,143,143
77825,77824,4096,1,37,7,7,0,5,10,7,0,0,0,7,0,0,7,7
77952,77952,1024,0,513,139,139,0,95,182,131,8,0,0,139,1,512,139,139
77953,77952,1024,1,513,142,142,0,97,180,132,10,0,0,142,1,512,142,142
78080,78080,2048,0,1025,292,292,0,177,256,204,52,0,0,256,1,512,292,292
78080,78080,1024,0,513,134,134,0,84,185,130,4,0,0,134,1,512,134,134
78081,78080,2048,1,1025,290,290,0,174,256,204,52,0,0,256,1,512,290,290
78081,78080,1024,1,513,133,133,0,85,187,130,3,0,0,133,1,512,133,133
78208,78208,1024,0,513,142,141,0,80,182,133,9,0,0,142,1,512,141,141
78209,78208,1024,1,513,143,142,0,82,183,133,10,0,0,143,1,512,142,142
78336,78336,2048,0,1025,291,291,0,186,256,194,62,0,0,256,1,512,291,291
78336,78336,1024,0,513,137,136,0,83,185,127,10,0,0,137,1,512,136,136
78336,78336,4096,0,37,8,8,0,6,10,7,1,0,0,8,1,512,8,8
78337,78336,2048,1,1025,291,291,0,185,256,192,64,0,0,256,1,512,291,291
78337,78336,1024,1,513,138,137,0,85,187,128,10,0,0,138,1,512,137,137
78337,78336,4096,1,37,7,7,0,6,10,7,0,0,0,7,0,0,7,7
78464,78464,1024,0,513,141,140,0,84,186,137,4,0,0,141,1,512,140,140
78465,78464,1024,1,513,141,140,0,89,189,138,3,0,0,141,1,512,140,140
78592,78592,2048,0,1025,295,295,0,198,256,153,103,0,0,256,1,512,295,295
78592,78592,1024,0,513,140,140,0,82,184,131,9,0,0,140,1,512,140,140
78593,78592,2048,1,1025,294,294,0,195,256,139,117,0,0,256,1,512,294,294
78593,78592,1024,1,513,139,139,0,81,186,131,8,0,0,139,1,512,139,139
78720,78720,1024,0,513,135,135,0,83,189,131,4,0,0,135,1,512,135,135
78721,78720,1024,1,513,135,135,0,83,190,131,4,0,0,135,1,512,135,135
78848,78848,2048,0,1025,279,279,0,176,256,200,56,0,0,256,1,512,279,279
78848,78848,1024,0,513,137,137,0,82,184,124,13,0,0,137,1,512,137,137
78848,78848,4096,0,37,9,9,0,5,11,8,1,0,0,9,1,512,9,9
78849,78848,2048,1,1025,279,279,0,176,256,199,57,0,0,256,1,512,279,279
78849,78848,1024,1,513,139,139,0,84,185,126,13,0,0,139,1,512,139,139
78849,78848,4096,1,37,7,7,0,4,10,7,0,0,0,7,0,0,7,7
78976,78976,1024,0,513,140,139,0,91,191,132,8,0,0,140,1,512,139,139
78977,78976,1024,1,513,142,141,0,93,191,134,8,0,0,142,1,512,141,141
79104,79104,2048,0,1025,280,279,0,175,256,140,116,0,0,256,1,512,279,279
79104,79104,1024,0,513,139,138,0,96,188,135,4,0,0,139,1,512,138,138
79105,79104,2048,1,1025,279,279,0,175,256,140,116,0,0,256,1,512,279,279
79105,79104,1024,1,513,140,139,0,95,187,136,4,0,0,140,1,512,139,139
79232,79232,1024,0,513,142,141,0,85,183,131,11,0,0,142,1,512,141,141
79233,79232,1024,1,513,143,142,0,84,183,133,10,0,0,143,1,512,142,142
79360,79360,2048,0,1025,284,284,0,178,256,221,35,0,0,256,1,512,284,284
79360,79360,1024,0,513,140,140,0,85,181,132,8,0,0,140,1,512,140,140
79360,79360,4096,0,37,10,9,0,6,12,10,0,0,0,10,0,0,9,9
79361,79360,2048,1,1025,282,282,0,176,256,217,39,0,0,256,1,512,282,282
79361,79360,1024,1,513,141,141,0,88,183,133,8,0,0,141,1,512,141,141
79361,79360,4096,1,37,8,7,0,6,10,8,0,0,0,8,0,0,7,7
79488,79488,1024,0,513,145,145,0,103,183,139,6,0,0,145,1,512,145,145
79489,79488,1024,1,513,145,145,0,104,184,139,6,0,0,145,1,512,145,145
79616,79616,2048,0,1025,273,273,0,167,256,215,41,0,0,256,1,512,273,273
79616,79616,1024,0,513,144,144,0,88,181,136,8,0,0,144,1,512,144,144
79617,79616,2048,1,1025,273,273,0,166,256,208,48,0,0,256,1,512,273,273
79617,79616,1024,1,513,144,144,0,89,183,137,7,0,0,144,1,512,144,144
79744,79744,1024,0,513,146,146,0,87,185,140,6,0,0,146,1,512,146,146
79745,79744,1024,1,513,147,147,0,88,186,141,6,0,0,147,1,512,147,147
79872,79872,2048,0,1025,276,276,0,182,256,158,98,0,0,256,1,512,276,276
79872,79872,1024,0,513,135,135,0,91,184,130,5,0,0,135,1,512,135,135
79872,79872,4096,0,37,8,7,0,6,12,8,0,0,0,8,0,0,7,7
79873,79872,2048,1,1025,275,275,0,182,256,165,91,0,0,256,1,512,275,275
79873,79872,1024,1,513,136,136,0,91,184,131,5,0,0,136,1,512,136,136
79873,79872,4096,1,37,8,8,0,4,10,7,1,0,0,8,1,512,8,8
80000,80000,1024,0,513,134,134,0,86,184,129,5,0,0,134,1,512,134,134
80001,80000,1024,1,513,136,136,0,87,184,131,5,0,0,136,1,512,136,136
80128,80128,2048,0,1025,293,293,0,175,256,216,40,0,0,256,1,512,293,293
80128,80128,1024,0,513,140,140,0,89,183,132,8,0,0,140,1,512,140,140
80129,80128,2048,1,1025,292,292,0,173,256,203,53,0,0,256,1,512,292,292
80129,80128,1024,1,513,141,141,0,91,183,133,8,0,0,141,1,512,141,141
80256,80256,1024,0,513,145,144,0,93,186,136,9,0,0,145,1,512,144,144
80257,80256,1024,1,513,145,144,0,94,186,135,10,0,0,145,1,512,144,144
80384,80384,2048,0,1025,289,288,0,189,256,188,68,0,0,256,1,512,288,288
80384,80384,1024,0,513,146,145,0,92,183,138,8,0,0,146,1,512,145,145
80384,80384,4096,0,37,8,7,0,5,12,8,0,0,0,8,0,0,7,7
80385,80384,2048,1,1025,288,287,0,186,256,189,67,0,0,256,1,512,287,287
80385,80384,1024,1,513,145,144,0,92,185,138,7,0,0,145,1,512,144,144
80385,80384,4096,1,37,7,6,0,6,11,7,0,0,0,7,0,0,6,6
80512,80512,1024,0,513,144,144,0,98,183,134,10,0,0,144,1,512,144,144
80513,80512,1024,1,513,143,143,0,98,184,133,10,0,0,143,1,512,143,143
80640,80640,2048,0,1025,270,269,0,180,256,221,35,0,0,256,1,512,269,269
80640,80640,1024,0,513,143,143,0,92,182,137,6,0,0,143,1,512,143,143
80641,80640,2048,1,1025,269,268,0,176,256,213,43,0,0,256,1,512,268,268
80641,80640,1024,1,513,143,143,0,92,183,137,6,0,0,143,1,512,143,143
80768,80768,1024,0,513,142,142,0,93,183,136,6,0,0,142,1,512,142,142
80769,80768,1024,1,513,143,143,0,93,183,138,5,0,0,143,1,512,143,143
80896,80896,2048,0,1025,285,285,0,171,256,161,95,0,0,256,1,512,285,285
80896,80896,1024,0,513,142,141,0,90,184,136,6,0,0,142,1,512,141,141
80896,80896,4096,0,37,8,8,0,5,12,8,0,0,0,8,0,0,8,8
80897,80896,2048,1,1025,283,283,0,168,256,169,87,0,0,256,1,512,283,283
80897,80896,1024,1,513,144,143,0,95,182,138,6,0,0,144,1,512,143,143
80897,80896,4096,1,37,7,7,0,5,10,7,0,0,0,7,0,0,7,7
81024,81024,1024,0,513,146,146,0,90,186,137,9,0,0,146,1,512,146,146
81025,81024,1024,1,513,146,146,0,91,184,137,9,0,0,146,1,512,146,146
81152,81152,2048,0,1025,290,290,0,182,256,213,43,0,0,256,1,512,290,290
81152,81152,1024,0,513,143,143,0,87,185,136,7,0,0,143,1,512,143,143
81153,81152,2048,1,1025,288,288,0,181,256,194,62,0,0,256,1,512,288,288
81153,81152,1024,1,513,144,144,0,88,183,137,7,0,0,144,1,512,144,144
81280,81280,1024,0,513,137,137,0,85,187,128,9,0,0,137,1,512,137,137
81281,81280,1024,1,513,135,135,0,85,186,126,9,0,0,135,1,512,135,135
81408,81408,2048,0,1025,280,280,0,179,256,199,57,0,0,256,1,512,280,280
81408,81408,1024,0,513,142,142,0,82,186,138,4,0,0,142,1,512,142,142
81408,81408,4096,0,37,7,7,0,6,12,7,0,0,0,7,0,0,7,7
81409,81408,2048,1,1025,278,278,0,177,256,193,63,0,0,256,1,512,278,278
81409,81408,1024,1,513,140,140,0,80,185,137,3,0,0,140,1,512,140,140
81409,81408,4096,1,37,8,8,0,4,10,7,1,0,0,8,1,512,8,8
81536,81536,1024,0,513,141,140,0,85,179,131,10,0,0,141,1,512,140,140
81537,81536,1024,1,513,142,141,0,87,178,132,10,0,0,142,1,512,141,141
81664,81664,2048,0,1025,287,287,0,173,256,141,115,0,0,256,1,512,287,287
81664,81664,1024,0,513,136,136,0,84,181,131,5,0,0,136,1,512,136,136
81665,81664,2048,1,1025,287,287,0,170,256,115,141,0,0,256,1,512,287,287
81665,81664,1024,1,513,135,135,0,84,180,130,5,0,0,135,1,512,135,135
81792,81792,1024,0,513,144,144,0,91,177,133,11,0,0,144,1,512,144,144
81793,81792,1024,1,513,143,143,0,90,177,133,10,0,0,143,1,512,143,143
81920,81920,2048,0,1025,289,288,0,190,256,149,107,0,0,256,1,512,288,288
81920,81920,1024,0,513,136,136,0,87,186,131,5,0,0,136,1,512,136,136
81920,81920,4096,0,37,5,5,0,5,9,5,0,0,0,5,0,0,5,5
81921,81920,2048,1,1025,288,287,0,189,256,142,114,0,0,256,1,512,287,287
81921,81920,1024,1,513,137,137,0,87,184,131,6,0,0,137,1,512,137,137
81921,81920,4096,1,37,7,6,0,6,10,6,1,0,0,7,1,512,6,6
82048,82048,1024,0,513,141,141,0,95,186,132,9,0,0,141,1,512,141,141
82049,82048,1024,1,513,140,140,0,95,185,131,9,0,0,140,1,512,140,140
82176,82176,2048,0,1025,290,289,0,195,256,79,177,0,0,256,1,512,289,289
82176,82176,1024,0,513,148,148,0,90,179,138,10,0,0,148,1,512,148,148
82177,82176,2048,1,1025,288,287,0,192,256,115,141,0,0,256,1,512,287,287
82177,82176,1024,1,513,147,147,0,90,178,138,9,0,0,147,1,512,147,147
82304,82304,1024,0,513,146,146,0,96,185,138,8,0,0,146,1,512,146,146
82305,82304,1024,1,513,147,147,0,99,182,138,9,0,0,147,1,512,147,147
82432,82432,2048,0,1025,284,284,0,179,256,180,76,0,0,256,1,512,284,284
82432,82432,1024,0,513,143,143,0,85,182,137,6,0,0,143,1,512,143,143
82432,82432,4096,0,37,7,7,0,5,9,6,1,0,0,7,1,512,7,7
82433,82432,2048,1,1025,284,284,0,177,256,148,108,0,0,256,1,512,284,284
82433,82432,1024,1,513,145,145,0,89,180,138,7,0,0,145,1,512,145,145
82433,82432,4096,1,37,7,7,0,5,11,7,0,0,0,7,0,0,7,7
82560,82560,1024,0,513,143,143,0,101,181,136,7,0,0,143,1,512,143,143
82561,82560,1024,1,513,144,144,0,103,180,136,8,0,0,144,1,512,144,144
82688,82688,2048,0,1025,269,268,0,174,256,71,185,0,0,256,1,512,268,268
82688,82688,1024,0,513,144,143,0,98,186,137,7,0,0,144,1,512,143,143
82689,82688,2048,1,1025,266,266,0,172,256,84,172,0,0,256,1,512,266,266
82689,82688,1024,1,513,143,142,0,99,186,138,5,0,0,143,1,512,142,142
82816,82816,1024,0,513,149,149,0,93,183,138,11,0,0,149,1,512,149,149
82817,82816,1024,1,513,148,148,0,93,181,137,11,0,0,148,1,512,148,148
82944,82944,2048,0,1025,264,264,0,152,256,224,32,0,0,256,1,512,264,264
82944,82944,1024,0,513,143,143,0,104,185,136,7,0,0,143,1,512,143,143
82944,82944,4096,0,37,10,10,0,5,9,8,2,0,0,10,1,512,10,10
82945,82944,2048,1,1025,263,263,0,150,256,217,39,0,0,256,1,512,263,263
82945,82944,1024,1,513,143,143,0,103,184,136,7,0,0,143,1,512,143,143
82945,82944,4096,1,37,8,7,0,5,11,8,0,0,0,8,0,0,7,7
83072,83072,1024,0,513,146,145,0,86,187,138,8,0,0,146,1,512,145,145
83073,83072,1024,1,513,146,145,0,85,187,138,8,0,0,146,1,512,145,145
83200,83200,2048,0,1025,280,280,0,184,256,211,45,0,0,256,1,512,280,280
83200,83200,1024,0,513,137,136,0,87,187,131,6,0,0,137,1,512,136,136
83201,83200,2048,1,1025,277,277,0,182,256,221,35,0,0,256,1,512,277,277
83201,83200,1024,1,513,138,137,0,91,187,132,6,0,0,138,1,512,137,137
83328,83328,1024,0,513,147,146,0,94,183,138,9,0,0,147,1,512,146,146
83329,83328,1024,1,513,147,146,0,94,182,138,9,0,0,147,1,512,146,146
83456,83456,2048,0,1025,277,277,0,170,256,183,73,0,0,256,1,512,277,277
83456,83456,1024,0,513,141,140,0,91,185,134,7,0,0,141,1,512,140,140
83456,83456,4096,0,37,9,8,0,6,10,8,1,0,0,9,1,512,8,8
83457,83456,2048,1,1025,277,277,0,168,256,179,77,0,0,256,1,512,277,277
83457,83456,1024,1,513,141,140,0,90,185,135,6,0,0,141,1,512,140,140
83457,83456,4096,1,37,8,8,0,5,10,8,0,0,0,8,0,0,8,8
83584,83584,1024,0,513,144,143,0,86,184,136,8,0,0,144,1,512,143,143
83585,83584,1024,1,513,145,144,0,87,182,135,10,0,0,145,1,512,144,144
83712,83712,2048,0,1025,272,272,0,179,256,213,43,0,0,256,1,512,272,272
83712,83712,1024,0,513,141,141,0,85,180,130,11,0,0,141,1,512,141,141
83713,83712,2048,1,1025,271,271,0,175,256,219,37,0,0,256,1,512,271,271
83713,83712,1024,1,513,138,138,0,85,182,129,9,0,0,138,1,512,138,138
83840,83840,1024,0,513,135,135,0,90,190,128,7,0,0,135,1,512,135,135
83841,83840,1024,1,513,135,135,0,88,190,128,7,0,0,135,1,512,135,135
83968,83968,2048,0,1025,281,281,0,172,256,202,54,0,0,256,1,512,281,281
83968,83968,1024,0,513,142,142,0,83,187,132,10,0,0,142,1,512,142,142
83968,83968,4096,0,37,9,8,0,6,11,8,1,0,0,9,1,512,8,8
83969,83968,2048,1,1025,282,282,0,173,256,184,72,0,0,256,1,512,282,282
83969,83968,1024,1,513,143,143,0,84,187,133,10,0,0,143,1,512,143,143
83969,83968,4096,1,37,6,6,0,4,9,5,1,0,0,6,1,512,6,6
84096,84096,1024,0,513,152,152,0,91,189,142,10,0,0,152,1,512,152,152
84097,84096,1024,1,513,150,150,0,91,188,141,9,0,0,150,1,512,150,150
84224,84224,2048,0,1025,287,286,0,178,256,138,118,0,0,256,1,512,286,286
84224,84224,1024,0,513,144,144,0,97,193,139,5,0,0,144,1,512,144,144
84225,84224,2048,1,1025,284,284,0,175,256,153,103,0,0,256,1,512,284,284
84225,84224,1024,1,513,144,144,0,98,191,139,5,0,0,144,1,512,144,144
84352,84352,1024,0,513,137,137,0,86,191,128,9,0,0,137,1,512,137,137
84353,84352,1024,1,513,139,139,0,85,189,129,10,0,0,139,1,512,139,139
84480,84480,2048,0,1025,283,283,0,193,256,154,102,0,0,256,1,512,283,283
84480,84480,1024,0,513,145,145,0,86,194,142,3,0,0,145,1,512,145,145
84480,84480,4096,0,37,8,8,0,5,12,7,1,0,0,8,1,512,8,8
84481,84480,2048,1,1025,280,280,0,190,256,166,90,0,0,256,1,512,280,280
84481,84480,1024,1,513,144,144,0,86,193,142,2,0,0,144,1,512,144,144
84481,84480,4096,1,37,8,7,0,5,10,8,0,0,0,8,0,0,7,7
84608,84608,1024,0,513,151,151,0,95,187,140,11,0,0,151,1,512,151,151
84609,84608,1024,1,513,149,149,0,94,184,138,11,0,0,149,1,512,149,149
84736,84736,2048,0,1025,270,269,0,172,256,210,46,0,0,256,1,512,269,269
84736,84736,1024,0,513,133,133,0,95,193,129,4,0,0,133,1,512,133,133
84737,84736,2048,1,1025,271,271,0,171,256,183,73,0,0,256,1,512,271,271
84737,84736,1024,1,513,132,132,0,91,190,128,4,0,0,132,1,512,132,132
84864,84864,1024,0,513,135,135,0,87,186,131,4,0,0,135,1,512,135,135
84865,84864,1024,1,513,134,134,0,86,184,130,4,0,0,134,1,512,134,134
84992,84992,2048,0,1025,266,266,0,161,256,190,66,0,0,256,1,512,266,266
84992,84992,1024,0,513,141,141,0,75,186,132,9,0,0,141,1,512,141,141
84992,84992,4096,0,37,7,6,0,6,13,7,0,0,0,7,0,0,6,6
84993,84992,2048,1,1025,264,264,0,163,256,210,46,0,0,256,1,512,264,264
84993,84992,1024,1,513,141,141,0,76,184,132,9,0,0,141,1,512,141,141
84993,84992,4096,1,37,7,7,0,6,10,7,0,0,0,7,0,0,7,7
85120,85120,1024,0,513,139,139,0,85,184,133,6,0,0,139,1,512,139,139
85121,85120,1024,1,513,141,141,0,87,182,135,6,0,0,141,1,512,141,141
85248,85248,2048,0,1025,282,282,0,171,256,128,128,0,0,256,1,512,282,282
85248,85248,1024,0,513,134,134,0,78,183,127,7,0,0,134,1,512,134,134
85249,85248,2048,1,1025,282,282,0,170,256,106,150,0,0,256,1,512,282,282
85249,85248,1024,1,513,133,133,0,80,181,126,7,0,0,133,1,512,133,133
85376,85376,1024,0,513,138,138,0,85,185,129,9,0,0,138,1,512,138,138
85377,85376,1024,1,513,138,138,0,84,184,129,9,0,0,138,1,512,138,138
85504,85504,2048,0,1025,292,292,0,189,256,180,76,0,0,256,1,512,292,292
85504,85504,1024,0,513,138,137,0,87,186,128,10,0,0,138,1,512,137,137
85504,85504,4096,0,37,7,6,0,5,12,7,0,0,0,7,0,0,6,6
85505,85504,2048,1,1025,291,291,0,189,256,185,71,0,0,256,1,512,291,291
85505,85504,1024,1,513,137,136,0,89,186,129,8,0,0,137,1,512,136,136
85505,85504,4096,1,37,8,7,0,4,10,8,0,0,0,8,0,0,7,7
85632,85632,1024,0,513,142,141,0,84,184,131,11,0,0,142,1,512,141,141
85633,85632,1024,1,513,142,141,0,82,183,131,11,0,0,142,1,512,141,141
85760,85760,2048,0,1025,290,290,0,203,256,215,41,0,0,256,1,512,290,290
85760,85760,1024,0,513,143,142,0,95,188,139,4,0,0,143,1,512,142,142
85761,85760,2048,1,1025,289,289,0,201,256,213,43,0,0,256,1,512,289,289
85761,85760,1024,1,513,143,142,0,95,187,139,4,0,0,143,1,512,142,142
85888,85888,1024,0,513,136,135,0,87,181,130,6,0,0,136,1,512,135,135
85889,85888,1024,1,513,137,136,0,90,180,131,6,0,0,137,1,512,136,136
86016,86016,2048,0,1025,275,275,0,165,256,208,48,0,0,256,1,512,275,275
86016,86016,1024,0,513,139,138,0,89,181,133,6,0,0,139,1,512,138,138
86016,86016,4096,0,37,9,8,0,6,12,9,0,0,0,9,0,0,8,8
86017,86016,2048,1,1025,274,274,0,166,256,206,50,0,0,256,1,512,274,274
86017,86016,1024,1,513,138,137,0,89,181,133,5,0,0,138,1,512,137,137
86017,86016,4096,1,37,7,6,0,4,9,7,0,0,0,7,0,0,6,6
86144,86144,1024,0,513,138,137,0,91,177,129,9,0,0,138,1,512,137,137
86145,86144,1024,1,513,139,138,0,91,176,129,10,0,0,139,1,512,138,138
86272,86272,2048,0,1025,279,278,0,181,256,191,65,0,0,256,1,512,278,278
86272,86272,1024,0,513,145,144,0,89,182,140,5,0,0,145,1,512,144,144
86273,86272,2048,1,1025,277,276,0,179,256,195,61,0,0,256,1,512,276,276
86273,86272,1024,1,513,145,144,0,91,182,142,3,0,0,145,1,512,144,144
86400,86400,1024,0,513,140,140,0,96,176,133,7,0,0,140,1,512,140,140
86401,86400,1024,1,513,140,140,0,97,173,133,7,0,0,140,1,512,140,140
86528,86528,2048,0,1025,285,284,0,163,256,124,132,0,0,256,1,512,284,284
86528,86528,1024,0,513,163,162,0,93,177,142,21,0,0,163,1,512,162,162
86528,86528,4096,0,37,8,8,0,6,9,6,2,0,0,8,1,512,8,8
86529,86528,2048,1,1025,287,285,0,171,256,109,147,0,0,256,1,512,285,285
86529,86528,1024,1,513,150,149,0,94,175,136,14,0,0,150,1,512,149,149
86529,86528,4096,1,37,7,6,0,4,9,6,1,0,0,7,1,512,6,6
86656,86656,1024,0,513,161,160,0,114,192,151,10,0,0,161,1,512,160,160
86657,86656,1024,1,513,148,148,0,103,182,142,6,0,0,148,1,512,148,148
86784,86784,2048,0,1025,300,299,0,170,256,59,197,0,0,256,1,512,299,299
86784,86784,1024,0,513,131,131,0,96,199,127,4,0,0,131,1,512,131,131
86785,86784,2048,1,1025,282,281,0,178,256,125,131,0,0,256,1,512,281,281
86785,86784,1024,1,513,129,129,0,95,185,126,3,0,0,129,1,512,129,129
86912,86912,1024,0,513,114,114,0,74,197,112,2,0,0,114,1,512,114,114
86913,86912,1024,1,513,116,115,0,82,182,115,1,0,0,116,1,512,115,115
87040,87040,2048,0,1025,286,285,0,199,256,223,33,0,0,256,1,512,285,285
87040,87040,1024,0,513,122,121,0,66,191,115,7,0,0,122,1,512,121,121
87040,87040,4096,0,37,6,6,0,5,11,6,0,0,0,6,0,0,6,6
87041,87040,2048,1,1025,270,269,0,183,256,186,70,0,0,256,1,512,269,269
87041,87040,1024,1,513,132,131,0,72,176,124,8,0,0,132,1,512,131,131
87041,87040,4096,1,37,6,5,0,4,10,6,0,0,0,6,0,0,5,5
87168,87168,1024,0,513,156,155,0,94,184,145,11,0,0,156,1,512,155,155
87169,87168,1024,1,513,159,159,0,105,170,142,17,0,0,159,1,512,159,159
87296,87296,2048,0,1025,245,245,0,175,256,219,26,0,0,245,1,512,245,245
87296,87296,1024,0,513,163,163,0,115,181,144,19,0,0,163,1,512,163,163
87297,87296,2048,1,1025,240,240,0,158,256,217,23,0,0,240,1,512,240,240
87297,87296,1024,1,513,148,148,0,102,180,137,11,0,0,148,1,512,148,148
87424,87424,1024,0,513,134,134,0,83,189,127,7,0,0,134,1,512,134,134
87425,87424,1024,1,513,135,135,0,75,185,125,10,0,0,135,1,512,135,135
87552,87552,2048,0,1025,239,239,0,144,256,214,25,0,0,239,1,512,239,239
87552,87552,1024,0,513,144,144,0,90,193,137,7,0,0,144,1,512,144,144
87552,87552,4096,0,37,5,5,0,4,11,5,0,0,0,5,0,0,5,5
87553,87552,2048,1,1025,255,255,0,158,256,207,48,0,0,255,1,512,255,255
87553,87552,1024,1,513,146,146,0,92,189,134,12,0,0,146,1,512,146,146
87553,87552,4096,1,37,7,7,0,4,9,6,1,0,0,7,1,512,7,7
87680,87680,1024,0,513,142,142,0,101,198,140,2,0,0,142,1,512,142,142
87681,87680,1024,1,513,141,141,0,102,197,139,2,0,0,141,1,512,141,141
87808,87808,2048,0,1025,283,283,0,165,256,187,69,0,0,256,1,512,283,283
87808,87808,1024,0,513,142,142,0,95,193,136,6,0,0,142,1,512,142,142
87809,87808,2048,1,1025,278,278,0,169,256,188,68,0,0,256,1,512,278,278
87809,87808,1024,1,513,141,141,0,95,188,133,8,0,0,141,1,512,141,141
87936,87936,1024,0,513,146,146,0,86,181,134,12,0,0,146,1,512,146,146
87937,87936,1024,1,513,146,146,0,84,184,134,12,0,0,146,1,512,146,146
88064,88064,2048,0,1025,301,301,0,210,256,172,84,0,0,256,1,512,301,301
88064,88064,1024,0,513,136,136,0,83,185,130,6,0,0,136,1,512,136,136
88064,88064,4096,0,37,6,6,0,3,11,5,1,0,0,6,1,512,6,6
88065,88064,2048,1,1025,297,296,0,185,256,150,106,0,0,256,1,512,296,296
88065,88064,1024,1,513,137,137,0,86,185,130,7,0,0,137,1,512,137,137
88065,88064,4096,1,37,6,6,0,5,10,6,0,0,0,6,0,0,6,6
88192,88192,1024,0,513,145,145,0,80,187,130,15,0,0,145,1,512,145,145
88193,88192,1024,1,513,145,145,0,83,189,130,15,0,0,145,1,512,145,145
88320,88320,2048,0,1025,289,288,0,177,256,195,61,0,0,256,1,512,288,288
88320,88320,1024,0,513,141,141,0,96,198,137,4,0,0,141,1,512,141,141
88321,88320,2048,1,1025,288,287,0,177,256,207,49,0,0,256,1,512,287,287
88321,88320,1024,1,513,142,142,0,97,200,137,5,0,0,142,1,512,142,142
88448,88448,1024,0,513,146,145,0,89,190,134,12,0,0,146,1,512,145,145
88449,88448,1024,1,513,145,144,0,90,192,133,12,0,0,145,1,512,144,144
88576,88576,2048,0,1025,293,292,0,180,256,169,87,0,0,256,1,512,292,292
88576,88576,1024,0,513,142,141,0,85,192,134,8,0,0,142,1,512,141,141
88576,88576,4096,0,37,7,7,0,5,10,6,1,0,0,7,1,512,7,7
88577,88576,2048,1,1025,293,292,0,186,256,172,84,0,0,256,1,512,292,292
88577,88576,1024,1,513,143,142,0,87,194,135,8,0,0,143,1,512,142,142
88577,88576,4096,1,37,5,5,0,5,10,5,0,0,0,5,0,0,5,5
88704,88704,1024,0,513,137,136,0,97,190,130,7,0,0,137,1,512,136,136
88705,88704,1024,1,513,136,135,0,96,191,130,6,0,0,136,1,512,135,135
88832,88832,2048,0,1025,272,271,0,175,256,170,86,0,0,256,1,512,271,271
88832,88832,1024,0,513,146,146,0,92,186,139,7,0,0,146,1,512,146,146
88833,88832,2048,1,1025,271,270,0,173,256,219,37,0,0,256,1,512,270,270
88833,88832,1024,1,513,146,146,0,94,186,138,8,0,0,146,1,512,146,146
88960,88960,1024,0,513,146,146,0,94,186,140,6,0,0,146,1,512,146,146
88961,88960,1024,1,513,144,144,0,94,185,137,7,0,0,144,1,512,144,144
89088,89088,2048,0,1025,282,282,0,175,256,148,108,0,0,256,1,512,282,282
89088,89088,1024,0,513,140,139,0,85,183,132,8,0,0,140,1,512,139,139
89088,89088,4096,0,37,5,5,0,2,8,5,0,0,0,5,0,0,5,5
89089,89088,2048,1,1025,282,282,0,174,256,168,88,0,0,256,1,512,282,282
89089,89088,1024,1,513,139,138,0,87,182,131,8,0,0,139,1,512,138,138
89089,89088,4096,1,37,6,6,0,4,9,6,0,0,0,6,0,0,6,6
89216,89216,1024,0,513,139,138,0,80,186,132,7,0,0,139,1,512,138,138
89217,89216,1024,1,513,140,139,0,79,185,132,8,0,0,140,1,512,139,139
89344,89344,2048,0,1025,280,280,0,185,256,165,91,0,0,256,1,512,280,280
89344,89344,1024,0,513,138,138,0,91,188,130,8,0,0,138,1,512,138,138
89345,89344,2048,1,1025,276,276,0,182,256,188,68,0,0,256,1,512,276,276
89345,89344,1024,1,513,139,139,0,92,189,131,8,0,0,139,1,512,139,139
89472,89472,1024,0,513,140,140,0,88,186,134,6,0,0,140,1,512,140,140
89473,89472,1024,1,513,141,141,0,92,185,135,6,0,0,141,1,512,141,141
89600,89600,2048,0,1025,280,280,0,172,256,148,108,0,0,256,1,512,280,280
89600,89600,1024,0,513,138,138,0,99,183,133,5,0,0,138,1,512,138,138
89600,89600,4096,0,37,5,5,0,3,8,5,0,0,0,5,0,0,5,5
89601,89600,2048,1,1025,278,278,0,170,256,161,95,0,0,256,1,512,278,278
89601,89600,1024,1,513,139,139,0,101,183,133,6,0,0,139,1,512,139,139
89601,89600,4096,1,37,7,7,0,5,7,7,0,0,0,7,0,0,7,7
89728,89728,1024,0,513,140,140,0,90,183,133,7,0,0,140,1,512,140,140
89729,89728,1024,1,513,139,139,0,90,184,133,6,0,0,139,1,512,139,139
89856,89856,2048,0,1025,278,278,0,180,256,184,72,0,0,256,1,512,278,278
89856,89856,1024,0,513,140,140,0,80,180,131,9,0,0,140,1,512,140,140
89857,89856,2048,1,1025,275,275,0,177,256,196,60,0,0,256,1,512,275,275
89857,89856,1024,1,513,139,139,0,82,180,130,9,0,0,139,1,512,139,139
89984,89984,1024,0,513,140,140,0,89,182,131,9,0,0,140,1,512,140,140
89985,89984,1024,1,513,141,141,0,91,181,132,9,0,0,141,1,512,141,141
90112,90112,2048,0,1025,275,274,0,180,256,141,115,0,0,256,1,512,274,274
90112,90112,1024,0,513,142,141,0,98,187,134,8,0,0,142,1,512,141,141
90112,90112,4096,0,37,9,9,0,3,7,5,4,0,0,9,1,512,9,9
90113,90112,2048,1,1025,273,272,0,180,256,175,81,0,0,256,1,512,272,272
90113,90112,1024,1,513,143,142,0,99,186,135,8,0,0,143,1,512,142,142
90113,90112,4096,1,37,4,4,0,3,7,4,0,0,0,4,0,0,4,4
90240,90240,1024,0,513,143,142,0,79,188,133,10,0,0,143,1,512,142,142
90241,90240,1024,1,513,143,142,0,79,187,132,11,0,0,143,1,512,142,142
90368,90368,2048,0,1025,288,287,0,180,256,177,79,0,0,256,1,512,287,287
90368,90368,1024,0,513,144,143,0,88,193,134,10,0,0,144,1,512,143,143
90369,90368,2048,1,1025,287,286,0,175,256,152,104,0,0,256,1,512,286,286
90369,90368,1024,1,513,143,142,0,87,192,133,10,0,0,143,1,512,142,142
90496,90496,1024,0,513,138,138,0,98,194,137,1,0,0,138,1,512,138,138
90497,90496,1024,1,513,137,137,0,99,194,136,1,0,0,137,1,512,137,137
90624,90624,2048,0,1025,282,282,0,174,256,161,95,0,0,256,1,512,282,282
90624,90624,1024,0,513,143,143,0,88,189,136,7,0,0,143,1,512,143,143
90624,90624,4096,0,37,9,9,0,5,11,8,1,0,0,9,1,512,9,9
90625,90624,2048,1,1025,281,281,0,174,256,203,53,0,0,256,1,512,281,281
90625,90624,1024,1,513,143,143,0,88,190,135,8,0,0,143,1,512,143,143
90625,90624,4096,1,37,7,7,0,4,7,6,1,0,0,7,1,512,7,7
90752,90752,1024,0,513,140,140,0,83,185,136,4,0,0,140,1,512,140,140
90753,90752,1024,1,513,140,140,0,81,187,135,5,0,0,140,1,512,140,140
90880,90880,2048,0,1025,292,292,0,185,256,103,153,0,0,256,1,512,292,292
90880,90880,1024,0,513,148,147,0,80,182,136,12,0,0,148,1,512,147,147
90881,90880,2048,1,1025,290,290,0,182,256,148,108,0,0,256,1,512,290,290
90881,90880,1024,1,513,145,144,0,81,184,134,11,0,0,145,1,512,144,144
91008,91008,1024,0,513,142,141,0,99,184,134,8,0,0,142,1,512,141,141
91009,91008,1024,1,513,141,140,0,97,185,133,8,0,0,141,1,512,140,140
91136,91136,2048,0,1025,280,280,0,187,256,217,39,0,0,256,1,512,280,280
91136,91136,1024,0,513,141,141,0,92,189,135,6,0,0,141,1,512,141,141
91136,91136,4096,0,37,7,7,0,4,12,7,0,0,0,7,0,0,7,7
91137,91136,2048,1,1025,278,278,0,186,256,218,38,0,0,256,1,512,278,278
91137,91136,1024,1,513,142,142,0,92,190,135,7,0,0,142,1,512,142,142
91137,91136,4096,1,37,5,5,0,5,8,5,0,0,0,5,0,0,5,5
91264,91264,1024,0,513,137,137,0,86,188,133,4,0,0,137,1,512,137,137
91265,91264,1024,1,513,137,137,0,88,189,133,4,0,0,137,1,512,137,137
91392,91392,2048,0,1025,276,276,0,173,256,179,77,0,0,256,1,512,276,276
91392,91392,1024,0,513,142,141,0,92,183,133,9,0,0,142,1,512,141,141
91393,91392,2048,1,1025,275,275,0,173,256,185,71,0,0,256,1,512,275,275
91393,91392,1024,1,513,143,142,0,92,183,134,9,0,0,143,1,512,142,142
91520,91520,1024,0,513,144,143,0,85,182,130,14,0,0,144,1,512,143,143
91521,91520,1024,1,513,145,144,0,86,182,131,14,0,0,145,1,512,144,144
91648,91648,2048,0,1025,282,282,0,174,256,146,110,0,0,256,1,512,282,282
91648,91648,1024,0,513,144,144,0,93,187,134,10,0,0,144,1,512,144,144
91648,91648,4096,0,37,8,7,0,4,12,8,0,0,0,8,0,0,7,7
91649,91648,2048,1,1025,281,281,0,170,256,156,100,0,0,256,1,512,281,281
91649,91648,1024,1,513,143,143,0,96,188,135,8,0,0,143,1,512,143,143
91649,91648,4096,1,37,6,5,0,5,8,5,1,0,0,6,1,512,5,5
91776,91776,1024,0,513,146,146,0,91,191,139,7,0,0,146,1,512,146,146
91777,91776,1024,1,513,144,144,0,90,191,139,5,0,0,144,1,512,144,144
91904,91904,2048,0,1025,282,282,0,184,256,193,63,0,0,256,1,512,282,282
91904,91904,1024,0,513,142,142,0,90,195,135,7,0,0,142,1,512,142,142
91905,91904,2048,1,1025,281,281,0,185,256,199,57,0,0,256,1,512,281,281
91905,91904,1024,1,513,144,144,0,90,192,136,8,0,0,144,1,512,144,144
92032,92032,1024,0,513,137,137,0,88,193,132,5,0,0,137,1,512,137,137
92033,92032,1024,1,513,138,138,0,89,191,133,5,0,0,138,1,512,138,138
92160,92160,2048,0,1025,286,286,0,179,256,173,83,0,0,256,1,512,286,286
92160,92160,1024,0,513,147,146,0,81,185,139,8,0,0,147,1,512,146,146
92160,92160,4096,0,37,10,10,0,6,12,10,0,0,0,10,0,0,10,10
92161,92160,2048,1,1025,285,285,0,180,256,178,78,0,0,256,1,512,285,285
92161,92160,1024,1,513,147,146,0,80,183,138,9,0,0,147,1,512,146,146
92161,92160,4096,1,37,6,5,0,5,8,6,0,0,0,6,0,0,5,5
92288,92288,1024,0,513,151,150,0,98,187,139,12,0,0,151,1,512,150,150
92289,92288,1024,1,513,151,150,0,99,186,139,12,0,0,151,1,512,150,150
92416,92416,2048,0,1025,291,291,0,175,256,90,166,0,0,256,1,512,291,291
92416,92416,1024,0,513,140,139,0,97,193,137,3,0,0,140,1,512,139,139
92417,92416,2048,1,1025,289,289,0,172,256,100,156,0,0,256,1,512,289,289
92417,92416,1024,1,513,139,138,0,98,194,137,2,0,0,139,1,512,138,138
92544,92544,1024,0,513,131,130,0,82,191,126,5,0,0,131,1,512,130,130
92545,92544,1024,1,513,130,129,0,84,190,125,5,0,0,130,1,512,129,129
92672,92672,2048,0,1025,286,285,0,178,256,95,161,0,0,256,1,512,285,285
92672,92672,1024,0,513,148,148,0,80,187,137,11,0,0,148,1,512,148,148
92672,92672,4096,0,37,8,7,0,4,12,8,0,0,0,8,0,0,7,7
92673,92672,2048,1,1025,282,281,0,174,256,193,63,0,0,256,1,512,281,281
92673,92672,1024,1,513,148,148,0,81,185,137,11,0,0,148,1,512,148,148
92673,92672,4096,1,37,7,7,0,5,8,6,1,0,0,7,1,512,7,7
92800,92800,1024,0,513,152,152,0,90,193,143,9,0,0,152,1,512,152,152
92801,92800,1024,1,513,151,151,0,90,191,142,9,0,0,151,1,512,151,151
92928,92928,2048,0,1025,288,287,0,175,256,213,43,0,0,256,1,512,287,287
92928,92928,1024,0,513,139,139,0,84,197,133,6,0,0,139,1,512,139,139
92929,92928,2048,1,1025,287,286,0,174,256,189,67,0,0,256,1,512,286,286
92929,92928,1024,1,513,140,140,0,85,194,133,7,0,0,140,1,512,140,140
93056,93056,1024,0,513,142,142,0,91,193,133,9,0,0,142,1,512,142,142
93057,93056,1024,1,513,141,141,0,93,192,133,8,0,0,141,1,512,141,141
93184,93184,2048,0,1025,293,292,0,180,256,193,63,0,0,256,1,512,292,292
93184,93184,1024,0,513,140,139,0,87,198,135,5,0,0,140,1,512,139,139
93184,93184,4096,0,37,6,6,0,4,10,6,0,0,0,6,0,0,6,6
93185,93184,2048,1,1025,291,291,0,179,256,188,68,0,0,256,1,512,291,291
93185,93184,1024,1,513,141,140,0,88,196,135,6,0,0,141,1,512,140,140
93185,93184,4096,1,37,7,7,0,6,8,7,0,0,0,7,0,0,7,7
93312,93312,1024,0,513,144,144,0,87,194,137,7,0,0,144,1,512,144,144
93313,93312,1024,1,513,145,145,0,87,193,138,7,0,0,145,1,512,145,145
93440,93440,2048,0,1025,283,283,0,186,256,216,40,0,0,256,1,512,283,283
93440,93440,1024,0,513,141,141,0,91,190,136,5,0,0,141,1,512,141,141
93441,93440,2048,1,1025,282,282,0,185,256,205,51,0,0,256,1,512,282,282
93441,93440,1024,1,513,141,141,0,91,189,136,5,0,0,141,1,512,141,141
93568,93568,1024,0,513,142,142,0,83,187,135,7,0,0,142,1,512,142,142
93569,93568,1024,1,513,140,140,0,85,186,133,7,0,0,140,1,512,140,140
93696,93696,2048,0,1025,275,275,0,161,256,200,56,0,0,256,1,512,275,275
93696,93696,1024,0,513,140,140,0,81,187,129,11,0,0,140,1,512,140,140
93696,93696,4096,0,37,7,7,0,6,10,6,1,0,0,7,1,512,7,7
93697,93696,2048,1,1025,274,274,0,162,256,196,60,0,0,256,1,512,274,274
93697,93696,1024,1,513,138,138,0,82,187,129,9,0,0,138,1,512,138,138
93697,93696,4096,1,37,6,6,0,6,8,6,0,0,0,6,0,0,6,6
93824,93824,1024,0,513,141,140,0,87,192,137,4,0,0,141,1,512,140,140
93825,93824,1024,1,513,141,140,0,88,190,136,5,0,0,141,1,512,140,140
93952,93952,2048,0,1025,283,283,0,167,256,192,64,0,0,256,1,512,283,283
93952,93952,1024,0,513,133,132,0,82,189,129,4,0,0,133,1,512,132,132
93953,93952,2048,1,1025,281,281,0,166,256,193,63,0,0,256,1,512,281,281
93953,93952,1024,1,513,133,132,0,82,187,128,5,0,0,133,1,512,132,132
94080,94080,1024,0,513,141,140,0,90,186,132,9,0,0,141,1,512,140,140
94081,94080,1024,1,513,144,143,0,90,185,133,11,0,0,144,1,512,143,143
94208,94208,2048,0,1025,284,283,0,168,256,75,181,0,0,256,1,512,283,283
94208,94208,1024,0,513,137,136,0,88,189,128,9,0,0,137,1,512,136,136
94208,94208,4096,0,37,8,8,0,5,11,7,1,0,0,8,1,512,8,8
94209,94208,2048,1,1025,280,280,0,165,256,96,160,0,0,256,1,512,280,280
94209,94208,1024,1,513,136,135,0,92,190,128,8,0,0,136,1,512,135,135
94209,94208,4096,1,37,5,5,0,5,8,5,0,0,0,5,0,0,5,5
94336,94336,1024,0,513,135,135,0,83,184,128,7,0,0,135,1,512,135,135
94337,94336,1024,1,513,135,135,0,83,184,128,7,0,0,135,1,512,135,135
94464,94464,2048,0,1025,267,267,0,178,256,212,44,0,0,256,1,512,267,267
94464,94464,1024,0,513,133,133,0,94,182,123,10,0,0,133,1,512,133,133
94465,94464,2048,1,1025,267,267,0,176,256,173,83,0,0,256,1,512,267,267
94465,94464,1024,1,513,131,131,0,94,182,121,10,0,0,131,1,512,131,131
94592,94592,1024,0,513,135,135,0,78,184,128,7,0,0,135,1,512,135,135
94593,94592,1024,1,513,135,135,0,79,184,127,8,0,0,135,1,512,135,135
94720,94720,2048,0,1025,279,279,0,172,256,88,168,0,0,256,1,512,279,279
94720,94720,1024,0,513,142,142,0,88,181,135,7,0,0,142,1,512,142,142
94720,94720,4096,0,37,6,6,0,5,10,6,0,0,0,6,0,0,6,6
94721,94720,2048,1,1025,274,274,0,170,256,116,140,0,0,256,1,512,274,274
94721,94720,1024,1,513,141,141,0,86,181,134,7,0,0,141,1,512,141,141
94721,94720,4096,1,37,6,6,0,4,8,6,0,0,0,6,0,0,6,6
94848,94848,1024,0,513,146,146,0,95,184,136,10,0,0,146,1,512,146,146
94849,94848,1024,1,513,146,146,0,93,183,136,10,0,0,146,1,512,146,146
94976,94976,2048,0,1025,281,281,0,168,256,211,45,0,0,256,1,512,281,281
94976,94976,1024,0,513,140,140,0,85,184,132,8,0,0,140,1,512,140,140
94977,94976,2048,1,1025,278,278,0,164,256,207,49,0,0,256,1,512,278,278
94977,94976,1024,1,513,139,139,0,85,183,130,9,0,0,139,1,512,139,139
95104,95104,1024,0,513,140,140,0,88,188,134,6,0,0,140,1,512,140,140
95105,95104,1024,1,513,141,141,0,88,188,134,7,0,0,141,1,512,141,141
95232,95232,2048,0,1025,285,285,0,165,256,184,72,0,0,256,1,512,285,285
95232,95232,1024,0,513,141,141,0,93,185,134,7,0,0,141,1,512,141,141
95232,95232,4096,0,37,7,7,0,4,9,6,1,0,0,7,1,512,7,7
95233,95232,2048,1,1025,284,284,0,161,256,179,77,0,0,256,1,512,284,284
95233,95232,1024,1,513,142,142,0,95,185,136,6,0,0,142,1,512,142,142
95233,95232,4096,1,37,6,6,0,4,8,6,0,0,0,6,0,0,6,6
95360,95360,1024,0,513,136,135,0,82,184,129,7,0,0,136,1,512,135,135
95361,95360,1024,1,513,137,136,0,83,183,130,7,0,0,137,1,512,136,136
95488,95488,2048,0,1025,277,277,0,187,256,192,64,0,0,256,1,512,277,277
95488,95488,1024,0,513,138,137,0,89,185,133,5,0,0,138,1,512,137,137
95489,95488,2048,1,1025,275,275,0,186,256,202,54,0,0,256,1,512,275,275
95489,95488,1024,1,513,137,136,0,89,184,132,5,0,0,137,1,512,136,136
95616,95616,1024,0,513,148,147,0,94,176,138,10,0,0,148,1,512,147,147
95617,95616,1024,1,513,146,145,0,93,176,137,9,0,0,146,1,512,145,145
95744,95744,2048,0,1025,284,284,0,177,256,172,84,0,0,256,1,512,284,284
95744,95744,1024,0,513,129,128,0,84,180,126,3,0,0,129,1,512,128,128
95744,95744,4096,0,37,7,7,0,6,9,7,0,0,0,7,0,0,7,7
95745,95744,2048,1,1025,282,282,0,174,256,173,83,0,0,256,1,512,282,282
95745,95744,1024,1,513,128,127,0,84,179,125,3,0,0,128,1,512,127,127
95745,95744,4096,1,37,6,6,0,5,8,6,0,0,0,6,0,0,6,6
95872,95872,1024,0,513,136,135,0,83,178,126,10,0,0,136,1,512,135,135
95873,95872,1024,1,513,137,136,0,84,176,127,10,0,0,137,1,512,136,136
96000,96000,2048,0,1025,271,270,0,166,256,221,35,0,0,256,1,512,270,270
96000,96000,1024,0,513,146,145,0,93,183,138,8,0,0,146,1,512,145,145
96001,96000,2048,1,1025,269,268,0,166,256,222,34,0,0,256,1,512,268,268
96001,96000,1024,1,513,146,145,0,93,180,137,9,0,0,146,1,512,145,145
96128,96128,1024,0,513,146,146,0,89,189,140,6,0,0,146,1,512,146,146
96129,96128,1024,1,513,145,145,0,90,187,139,6,0,0,145,1,512,145,145
96256,96256,2048,0,1025,277,277,0,179,256,210,46,0,0,256,1,512,277,277
96256,96256,1024,0,513,134,134,0,89,184,126,8,0,0,134,1,512,134,134
96256,96256,4096,0,37,8,8,0,6,9,8,0,0,0,8,0,0,8,8
96257,96256,2048,1,1025,276,276,0,176,256,210,46,0,0,256,1,512,276,276
96257,96256,1024,1,513,135,135,0,87,182,125,10,0,0,135,1,512,135,135
96257,96256,4096,1,37,5,5,0,5,7,5,0,0,0,5,0,0,5,5
96384,96384,1024,0,513,127,127,0,75,184,122,5,0,0,127,1,512,127,127
96385,96384,1024,1,513,127,127,0,77,184,122,5,0,0,127,1,512,127,127
96512,96512,2048,0,1025,284,284,0,172,256,137,119,0,0,256,1,512,284,284
96512,96512,1024,0,513,138,138,0,76,180,131,7,0,0,138,1,512,138,138
96513,96512,2048,1,1025,284,284,0,168,256,138,118,0,0,256,1,512,284,284
96513,96512,1024,1,513,134,134,0,77,181,128,6,0,0,134,1,512,134,134
96640,96640,1024,0,513,145,145,0,89,179,136,9,0,0,145,1,512,145,145
96641,96640,1024,1,513,144,144,0,85,179,135,9,0,0,144,1,512,144,144
96768,96768,2048,0,1025,290,290,0,168,256,163,93,0,0,256,1,512,290,290
96768,96768,1024,0,513,145,144,0,86,179,136,9,0,0,145,1,512,144,144
96768,96768,4096,0,37,9,8,0,5,9,7,2,0,0,9,1,512,8,8
96769,96768,2048,1,1025,288,288,0,168,256,170,86,0,0,256,1,512,288,288
96769,96768,1024,1,513,144,143,0,85,179,135,9,0,0,144,1,512,143,143
96769,96768,4096,1,37,8,7,0,4,7,7,1,0,0,8,1,512,7,7
96896,96896,1024,0,513,132,131,0,85,180,128,4,0,0,132,1,512,131,131
96897,96896,1024,1,513,130,129,0,84,179,126,4,0,0,130,1,512,129,129
97024,97024,2048,0,1025,280,280,0,177,256,212,44,0,0,256,1,512,280,280
97024,97024,1024,0,513,148,147,0,89,179,134,14,0,0,148,1,512,147,147
97025,97024,2048,1,1025,278,278,0,173,256,219,37,0,0,256,1,512,278,278
97025,97024,1024,1,513,147,146,0,89,177,134,13,0,0,147,1,512,146,146
97152,97152,1024,0,513,148,147,0,99,187,143,5,0,0,148,1,512,147,147
97153,97152,1024,1,513,147,146,0,99,185,141,6,0,0,147,1,512,146,146
97280,97280,2048,0,1025,278,278,0,187,256,165,91,0,0,256,1,512,278,278
97280,97280,1024,0,513,141,140,0,93,187,136,5,0,0,141,1,512,140,140
97280,97280,4096,0,37,8,8,0,6,11,8,0,0,0,8,0,0,8,8
97281,97280,2048,1,1025,276,276,0,185,256,177,79,0,0,256,1,512,276,276
97281,97280,1024,1,513,144,143,0,96,185,139,5,0,0,144,1,512,143,143
97281,97280,4096,1,37,5,5,0,4,8,5,0,0,0,5,0,0,5,5
97408,97408,1024,0,513,145,144,0,93,180,136,9,0,0,145,1,512,144,144
97409,97408,1024,1,513,148,147,0,97,179,137,11,0,0,148,1,512,147,147
97536,97536,2048,0,1025,278,276,0,167,256,151,105,0,0,256,1,512,276,276
97536,97536,1024,0,513,138,137,0,97,186,131,7,0,0,138,1,512,137,137
97537,97536,2048,1,1025,275,274,0,164,256,188,68,0,0,256,1,512,274,274
97537,97536,1024,1,513,136,135,0,100,187,130,6,0,0,136,1,512,135,135
97664,97664,1024,0,513,136,135,0,81,185,131,5,0,0,136,1,512,135,135
97665,97664,1024,1,513,135,134,0,81,185,130,5,0,0,135,1,512,134,134
97792,97792,2048,0,1025,286,285,0,174,256,177,79,0,0,256,1,512,285,285
97792,97792,1024,0,513,135,134,0,80,184,131,4,0,0,135,1,512,134,134
97792,97792,4096,0,37,9,9,0,6,11,8,1,0,0,9,1,512,9,9
97793,97792,2048,1,1025,284,283,0,172,256,166,90,0,0,256,1,512,283,283
97793,97792,1024,1,513,136,135,0,80,183,131,5,0,0,136,1,512,135,135
97793,97792,4096,1,37,5,5,0,4,8,5,0,0,0,5,0,0,5,5
97920,97920,1024,0,513,131,130,0,82,185,127,4,0,0,131,1,512,130,130
97921,97920,1024,1,513,132,131,0,85,184,128,4,0,0,132,1,512,131,131
98048,98048,2048,0,1025,269,268,0,182,256,94,162,0,0,256,1,512,268,268
98048,98048,1024,0,513,132,132,0,72,179,124,8,0,0,132,1,512,132,132
98049,98048,2048,1,1025,268,267,0,176,256,79,177,0,0,256,1,512,267,267
98049,98048,1024,1,513,133,133,0,75,178,125,8,0,0,133,1,512,133,133
98176,98176,1024,0,513,129,129,0,82,180,119,10,0,0,129,1,512,129,129
98177,98176,1024,1,513,132,132,0,83,179,120,12,0,0,132,1,512,132,132
98304,98304,2048,0,1025,275,275,0,170,256,164,92,0,0,256,1,512,275,275
98304,98304,1024,0,513,136,136,0,77,181,127,9,0,0,136,1,512,136,136
98304,98304,4096,0,37,6,6,0,3,12,6,0,0,0,6,0,0,6,6
98305,98304,2048,1,1025,274,274,0,170,256,164,92,0,0,256,1,512,274,274
98305,98304,1024,1,513,134,134,0,77,182,127,7,0,0,134,1,512,134,134
98305,98304,4096,1,37,5,5,0,5,8,5,0,0,0,5,0,0,5,5
98432,98432,1024,0,513,145,144,0,76,182,131,14,0,0,145,1,512,144,144
98433,98432,1024,1,513,145,144,0,78,181,131,14,0,0,145,1,512,144,144
98560,98560,2048,0,1025,293,293,0,182,256,191,65,0,0,256,1,512,293,293
98560,98560,1024,0,513,145,144,0,98,188,139,6,0,0,145,1,512,144,144
98561,98560,2048,1,1025,291,291,0,180,256,191,65,0,0,256,1,512,291,291
98561,98560,1024,1,513,146,145,0,99,187,140,6,0,0,146,1,512,145,145
98688,98688,1024,0,513,136,135,0,84,186,131,5,0,0,136,1,512,135,135
98689,98688,1024,1,513,136,135,0,85,185,130,6,0,0,136,1,512,135,135
98816,98816,2048,0,1025,278,278,0,179,256,212,44,0,0,256,1,512,278,278
98816,98816,1024,0,513,143,142,0,81,187,138,5,0,0,143,1,512,142,142
98816,98816,4096,0,37,8,7,0,4,11,8,0,0,0,8,0,0,7,7
98817,98816,2048,1,1025,276,276,0,179,256,217,39,0,0,256,1,512,276,276
98817,98816,1024,1,513,141,140,0,83,186,137,4,0,0,141,1,512,140,140
98817,98816,4096,1,37,6,6,0,5,8,5,1,0,0,6,1,512,6,6
98944,98944,1024,0,513,136,135,0,85,187,133,3,0,0,136,1,512,135,135
98945,98944,1024,1,513,135,134,0,85,185,132,3,0,0,135,1,512,134,134
99072,99072,2048,0,1025,280,280,0,201,256,208,48,0,0,256,1,512,280,280
99072,99072,1024,0,513,142,142,0,84,183,137,5,0,0,142,1,512,142,142
99073,99072,2048,1,1025,280,280,0,198,256,202,54,0,0,256,1,512,280,280
99073,99072,1024,1,513,142,142,0,85,181,137,5,0,0,142,1,512,142,142
99200,99200,1024,0,513,134,134,0,86,184,123,11,0,0,134,1,512,134,134
99201,99200,1024,1,513,134,134,0,86,182,122,12,0,0,134,1,512,134,134
99328,99328,2048,0,1025,284,284,0,183,256,186,70,0,0,256,1,512,284,284
99328,99328,1024,0,513,143,143,0,87,188,136,7,0,0,143,1,512,143,143
99328,99328,4096,0,37,10,10,0,6,11,8,2,0,0,10,1,512,10,10
99329,99328,2048,1,1025,283,282,0,183,256,197,59,0,0,256,1,512,282,282
99329,99328,1024,1,513,144,144,0,87,187,137,7,0,0,144,1,512,144,144
99329,99328,4096,1,37,6,6,0,5,6,5,1,0,0,6,1,512,6,6
99456,99456,1024,0,513,140,140,0,94,190,135,5,0,0,140,1,512,140,140
99457,99456,1024,1,513,138,138,0,95,189,133,5,0,0,138,1,512,138,138
99584,99584,2048,0,1025,285,284,0,165,256,130,126,0,0,256,1,512,284,284
99584,99584,1024,0,513,140,140,0,89,186,134,6,0,0,140,1,512,140,140
99585,99584,2048,1,1025,282,282,0,163,256,174,82,0,0,256,1,512,282,282
99585,99584,1024,1,513,139,139,0,87,186,134,5,0,0,139,1,512,139,139
99712,99712,1024,0,513,146,146,0,80,183,139,7,0,0,146,1,512,146,146
99713,99712,1024,1,513,146,146,0,77,182,139,7,0,0,146,1,512,146,146
99840,99840,2048,0,1025,281,281,0,193,256,161,95,0,0,256,1,512,281,281
99840,99840,1024,0,513,143,143,0,90,188,139,4,0,0,143,1,512,143,143
99840,99840,4096,0,37,8,8,0,5,13,7,1,0,0,8,1,512,8,8
99841,99840,2048,1,1025,278,278,0,190,256,155,101,0,0,256,1,512,278,278
99841,99840,1024,1,513,143,143,0,92,186,139,4,0,0,143,1,512,143,143
99841,99840,4096,1,37,6,6,0,5,7,5,1,0,0,6,1,512,6,6
99968,99968,1024,0,513,139,138,0,96,185,130,9,0,0,139,1,512,138,138
99969,99968,1024,1,513,140,139,0,97,183,131,9,0,0,140,1,512,139,139
100096,100096,2048,0,1025,282,280,0,170,256,106,150,0,0,256,1,512,280,280
100096,100096,1024,0,513,145,145,0,82,186,133,12,0,0,145,1,512,145,145
100097,100096,2048,1,1025,278,277,0,167,256,124,132,0,0,256,1,512,277,277
100097,100096,1024,1,513,146,146,0,85,184,133,13,0,0,146,1,512,146,146
100224,100224,1024,0,513,141,141,0,89,194,134,7,0,0,141,1,512,141,141
100225,100224,1024,1,513,143,143,0,91,193,136,7,0,0,143,1,512,143,143
100352,100352,2048,0,1025,284,284,0,190,256,226,30,0,0,256,1,512,284,284
100352,100352,1024,0,513,141,141,0,96,188,134,7,0,0,141,1,512,141,141
100352,100352,4096,0,37,7,6,0,5,14,7,0,0,0,7,0,0,6,6
100353,100352,2048,1,1025,279,279,0,187,256,222,34,0,0,256,1,512,279,279
100353,100352,1024,1,513,140,140,0,99,187,133,7,0,0,140,1,512,140,140
100353,100352,4096,1,37,6,6,0,5,8,6,0,0,0,6,0,0,6,6
100480,100480,1024,0,513,133,133,0,84,189,128,5,0,0,133,1,512,133,133
100481,100480,1024,1,513,133,133,0,84,188,128,5,0,0,133,1,512,133,133
100608,100608,2048,0,1025,288,288,0,180,256,194,62,0,0,256,1,512,288,288
100608,100608,1024,0,513,135,135,0,84,186,127,8,0,0,135,1,512,135,135
100609,100608,2048,1,1025,286,286,0,175,256,187,69,0,0,256,1,512,286,286
100609,100608,1024,1,513,136,136,0,84,186,128,8,0,0,136,1,512,136,136
100736,100736,1024,0,513,143,143,0,83,186,137,6,0,0,143,1,512,143,143
100737,100736,1024,1,513,143,143,0,84,186,137,6,0,0,143,1,512,143,143
100864,100864,2048,0,1025,297,297,0,178,256,163,93,0,0,256,1,512,297,297
100864,100864,1024,0,513,137,137,0,93,184,134,3,0,0,137,1,512,137,137
100864,100864,4096,0,37,7,7,0,4,13,7,0,0,0,7,0,0,7,7
100865,100864,2048,1,1025,295,295,0,174,256,156,100,0,0,256,1,512,295,295
100865,100864,1024,1,513,137,137,0,95,184,134,3,0,0,137,1,512,137,137
100865,100864,4096,1,37,5,5,0,5,8,5,0,0,0,5,0,0,5,5
100992,100992,1024,0,513,136,135,0,81,176,125,11,0,0,136,1,512,135,135
100993,100992,1024,1,513,136,135,0,83,176,126,10,0,0,136,1,512,135,135
101120,101120,2048,0,1025,286,286,0,195,256,129,127,0,0,256,1,512,286,286
101120,101120,1024,0,513,135,134,0,84,180,125,10,0,0,135,1,512,134,134
101121,101120,2048,1,1025,287,287,0,196,256,63,193,0,0,256,1,512,287,287
101121,101120,1024,1,513,137,136,0,86,179,127,10,0,0,137,1,512,136,136
101248,101248,1024,0,513,140,140,0,94,182,128,12,0,0,140,1,512,140,140
101249,101248,1024,1,513,140,140,0,93,181,128,12,0,0,140,1,512,140,140
101376,101376,2048,0,1025,280,280,0,165,256,222,34,0,0,256,1,512,280,280
101376,101376,1024,0,513,142,142,0,92,186,138,4,0,0,142,1,512,142,142
101376,101376,4096,0,37,7,6,0,4,13,7,0,0,0,7,0,0,6,6
101377,101376,2048,1,1025,279,279,0,162,256,219,37,0,0,256,1,512,279,279
101377,101376,1024,1,513,143,143,0,91,185,139,4,0,0,143,1,512,143,143
101377,101376,4096,1,37,7,7,0,5,7,6,1,0,0,7,1,512,7,7
101504,101504,1024,0,513,143,143,0,102,178,136,7,0,0,143,1,512,143,143
101505,101504,1024,1,513,141,141,0,103,178,136,5,0,0,141,1,512,141,141
101632,101632,2048,0,1025,282,281,0,175,256,208,48,0,0,256,1,512,281,281
101632,101632,1024,0,513,136,136,0,87,180,130,6,0,0,136,1,512,136,136
101633,101632,2048,1,1025,281,280,0,175,256,210,46,0,0,256,1,512,280,280
101633,101632,1024,1,513,136,136,0,86,178,129,7,0,0,136,1,512,136,136
101760,101760,1024,0,513,144,144,0,87,176,133,11,0,0,144,1,512,144,144
101761,101760,1024,1,513,147,147,0,91,176,135,12,0,0,147,1,512,147,147
101888,101888,2048,0,1025,282,281,0,175,256,192,64,0,0,256,1,512,281,281
101888,101888,1024,0,513,144,143,0,85,185,137,7,0,0,144,1,512,143,143
101888,101888,4096,0,37,8,7,0,4,10,8,0,0,0,8,0,0,7,7
101889,101888,2048,1,1025,280,279,0,176,256,195,61,0,0,256,1,512,279,279
101889,101888,1024,1,513,145,144,0,88,186,139,6,0,0,145,1,512,144,144
101889,101888,4096,1,37,6,6,0,5,7,6,0,0,0,6,0,0,6,6
102016,102016,1024,0,513,144,144,0,95,185,137,7,0,0,144,1,512,144,144
102017,102016,1024,1,513,144,144,0,97,185,137,7,0,0,144,1,512,144,144
102144,102144,2048,0,1025,278,278,0,170,256,150,106,0,0,256,1,512,278,278
102144,102144,1024,0,513,147,147,0,91,187,138,9,0,0,147,1,512,147,147
102145,102144,2048,1,1025,276,276,0,169,256,170,86,0,0,256,1,512,276,276
102145,102144,1024,1,513,148,148,0,91,187,138,10,0,0,148,1,512,148,148
102272,102272,1024,0,513,143,143,0,96,191,138,5,0,0,143,1,512,143,143
102273,102272,1024,1,513,142,142,0,97,193,138,4,0,0,142,1,512,142,142
102400,102400,2048,0,1025,272,272,0,182,256,229,27,0,0,256,1,512,272,272
102400,102400,1024,0,513,138,138,0,88,187,130,8,0,0,138,1,512,138,138
102400,102400,4096,0,37,9,8,0,6,10,7,2,0,0,9,1,512,8,8
102401,102400,2048,1,1025,269,269,0,180,256,230,26,0,0,256,1,512,269,269
102401,102400,1024,1,513,138,138,0,88,187,130,8,0,0,138,1,512,138,138
102401,102400,4096,1,37,7,7,0,5,7,6,1,0,0,7,1,512,7,7
102528,102528,1024,0,513,142,142,0,86,190,134,8,0,0,142,1,512,142,142
102529,102528,1024,1,513,141,141,0,86,191,132,9,0,0,141,1,512,141,141
102656,102656,2048,0,1025,284,284,0,176,256,170,86,0,0,256,1,512,284,284
102656,102656,1024,0,513,143,143,0,86,184,135,8,0,0,143,1,512,143,143
102657,102656,2048,1,1025,281,281,0,172,256,152,104,0,0,256,1,512,281,281
102657,102656,1024,1,513,140,140,0,84,186,133,7,0,0,140,1,512,140,140
102784,102784,1024,0,513,147,147,0,103,183,139,8,0,0,147,1,512,147,147
102785,102784,1024,1,513,146,146,0,103,183,138,8,0,0,146,1,512,146,146
102912,102912,2048,0,1025,289,289,0,181,256,147,109,0,0,256,1,512,289,289
102912,102912,1024,0,513,140,140,0,88,183,127,13,0,0,140,1,512,140,140
102912,102912,4096,0,37,8,7,0,5,12,7,1,0,0,8,1,512,7,7
102913,102912,2048,1,1025,287,287,0,178,256,137,119,0,0,256,1,512,287,287
102913,102912,1024,1,513,138,138,0,88,182,127,11,0,0,138,1,512,138,138
102913,102912,4096,1,37,6,6,0,4,8,6,0,0,0,6,0,0,6,6
103040,103040,1024,0,513,139,139,0,88,187,135,4,0,0,139,1,512,139,139
103041,103040,1024,1,513,139,139,0,89,184,134,5,0,0,139,1,512,139,139
103168,103168,2048,0,1025,275,275,0,176,256,224,32,0,0,256,1,512,275,275
103168,103168,1024,0,513,138,138,0,85,182,131,7,0,0,138,1,512,138,138
103169,103168,2048,1,1025,272,272,0,175,256,228,28,0,0,256,1,512,272,272
103169,103168,1024,1,513,138,138,0,86,180,131,7,0,0,138,1,512,138,138
103296,103296,1024,0,513,142,141,0,85,181,132,10,0,0,142,1,512,141,141
103297,103296,1024,1,513,142,141,0,86,180,133,9,0,0,142,1,512,141,141
103424,103424,2048,0,1025,278,277,0,179,256,207,49,0,0,256,1,512,277,277
103424,103424,1024,0,513,137,137,0,70,183,130,7,0,0,137,1,512,137,137
103424,103424,4096,0,37,8,8,0,6,12,7,1,0,0,8,1,512,8,8
103425,103424,2048,1,1025,277,277,0,178,256,186,70,0,0,256,1,512,277,277
103425,103424,1024,1,513,137,137,0,71,180,130,7,0,0,137,1,512,137,137
103425,103424,4096,1,37,6,6,0,4,8,6,0,0,0,6,0,0,6,6
103552,103552,1024,0,513,138,138,0,99,185,132,6,0,0,138,1,512,138,138
103553,103552,1024,1,513,137,137,0,98,183,131,6,0,0,137,1,512,137,137
103680,103680,2048,0,1025,278,278,0,187,256,140,116,0,0,256,1,512,278,278
103680,103680,1024,0,513,144,144,0,89,181,135,9,0,0,144,1,512,144,144
103681,103680,2048,1,1025,279,278,0,187,256,111,145,0,0,256,1,512,278,278
103681,103680,1024,1,513,144,144,0,89,180,136,8,0,0,144,1,512,144,144
103808,103808,1024,0,513,143,143,0,92,183,136,7,0,0,143,1,512,143,143
103809,103808,1024,1,513,143,143,0,92,182,136,7,0,0,143,1,512,143,143
103936,103936,2048,0,1025,278,278,0,182,256,180,76,0,0,256,1,512,278,278
103936,103936,1024,0,513,141,140,0,95,184,138,3,0,0,141,1,512,140,140
103936,103936,4096,0,37,9,9,0,3,12,9,0,0,0,9,0,0,9,9
103937,103936,2048,1,1025,276,276,0,180,256,213,43,0,0,256,1,512,276,276
103937,103936,1024,1,513,141,140,0,96,183,137,4,0,0,141,1,512,140,140
103937,103936,4096,1,37,6,6,0,4,8,6,0,0,0,6,0,0,6,6
104064,104064,1024,0,513,135,134,0,94,183,125,10,0,0,135,1,512,134,134
104065,104064,1024,1,513,137,136,0,95,183,126,11,0,0,137,1,512,136,136
104192,104192,2048,0,1025,283,283,0,157,256,148,108,0,0,256,1,512,283,283
104192,104192,1024,0,513,137,136,0,86,187,131,6,0,0,137,1,512,136,136
104193,104192,2048,1,1025,283,283,0,156,256,162,94,0,0,256,1,512,283,283
104193,104192,1024,1,513,136,135,0,85,188,131,5,0,0,136,1,512,135,135
104320,104320,1024,0,513,148,148,0,88,182,140,8,0,0,148,1,512,148,148
104321,104320,1024,1,513,148,148,0,88,182,140,8,0,0,148,1,512,148,148
104448,104448,2048,0,1025,283,283,0,187,256,81,175,0,0,256,1,512,283,283
104448,104448,1024,0,513,142,142,0,96,181,133,9,0,0,142,1,512,142,142
104448,104448,4096,0,37,8,7,0,5,12,8,0,0,0,8,0,0,7,7
104449,104448,2048,1,1025,280,280,0,183,256,122,134,0,0,256,1,512,280,280
104449,104448,1024,1,513,142,142,0,97,181,134,8,0,0,142,1,512,142,142
104449,104448,4096,1,37,6,6,0,6,7,6,0,0,0,6,0,0,6,6
104576,104576,1024,0,513,136,136,0,94,182,132,4,0,0,136,1,512,136,136
104577,104576,1024,1,513,136,136,0,94,181,132,4,0,0,136,1,512,136,136
104704,104704,2048,0,1025,286,285,0,170,256,224,32,0,0,256,1,512,285,285
104704,104704,1024,0,513,143,143,0,91,183,139,4,0,0,143,1,512,143,143
104705,104704,2048,1,1025,284,283,0,166,256,221,35,0,0,256,1,512,283,283
104705,104704,1024,1,513,142,142,0,91,180,137,5,0,0,142,1,512,142,142
104832,104832,1024,0,513,149,149,0,92,180,139,10,0,0,149,1,512,149,149
104833,104832,1024,1,513,149,149,0,93,179,139,10,0,0,149,1,512,149,149
104960,104960,2048,0,1025,275,275,0,186,256,204,52,0,0,256,1,512,275,275
104960,104960,1024,0,513,143,143,0,98,180,137,6,0,0,143,1,512,143,143
104960,104960,4096,0,37,8,8,0,4,11,7,1,0,0,8,1,512,8,8
104961,104960,2048,1,1025,275,275,0,186,256,182,74,0,0,256,1,512,275,275
104961,104960,1024,1,513,141,141,0,99,180,135,6,0,0,141,1,512,141,141
104961,104960,4096,1,37,7,7,0,5,7,6,1,0,0,7,1,512,7,7
105088,105088,1024,0,513,141,140,0,86,181,134,7,0,0,141,1,512,140,140
105089,105088,1024,1,513,142,141,0,88,181,134,8,0,0,142,1,512,141,141
105216,105216,2048,0,1025,282,282,0,170,256,191,65,0,0,256,1,512,282,282
105216,105216,1024,0,513,142,141,0,74,183,137,5,0,0,142,1,512,141,141
105217,105216,2048,1,1025,282,282,0,167,256,190,66,0,0,256,1,512,282,282
105217,105216,1024,1,513,143,142,0,75,183,138,5,0,0,143,1,512,142,142
105344,105344,1024,0,513,150,149,0,86,183,143,7,0,0,150,1,512,149,149
105345,105344,1024,1,513,150,149,0,89,183,143,7,0,0,150,1,512,149,149
105472,105472,2048,0,1025,297,297,0,195,256,200,56,0,0,256,1,512,297,297
105472,105472,1024,0,513,152,151,0,99,187,142,10,0,0,152,1,512,151,151
105472,105472,4096,0,37,7,7,0,6,12,7,0,0,0,7,0,0,7,7
105473,105472,2048,1,1025,293,293,0,193,256,203,53,0,0,256,1,512,293,293
105473,105472,1024,1,513,148,147,0,97,187,140,8,0,0,148,1,512,147,147
105473,105472,4096,1,37,7,7,0,5,8,7,0,0,0,7,0,0,7,7
105600,105600,1024,0,513,142,141,0,99,193,139,3,0,0,142,1,512,141,141
105601,105600,1024,1,513,141,140,0,96,191,138,3,0,0,141,1,512,140,140
105728,105728,2048,0,1025,295,294,0,189,256,148,108,0,0,256,1,512,294,294
105728,105728,1024,0,513,137,137,0,83,188,131,6,0,0,137,1,512,137,137
105729,105728,2048,1,1025,294,293,0,156,256,107,149,0,0,256,1,512,293,293
105729,105728,1024,1,513,174,174,0,63,185,152,22,0,0,174,1,512,174,174
105856,105856,1024,0,513,146,145,0,84,188,132,14,0,0,146,1,512,145,145
105857,105856,1024,1,513,163,162,0,134,203,157,6,0,0,163,1,512,162,162
105984,105984,2048,0,1025,288,288,0,177,256,75,181,0,0,256,1,512,288,288
105984,105984,1024,0,513,136,134,0,101,195,130,6,0,0,136,1,512,134,134
105984,105984,4096,0,37,10,10,0,6,11,10,0,0,0,10,0,0,10,10
105985,105984,2048,1,1025,335,335,0,189,256,54,202,0,0,256,1,512,335,335
105985,105984,1024,1,513,128,126,0,108,204,128,0,0,0,128,0,0,126,126
105985,105984,4096,1,37,7,6,0,6,8,6,1,0,0,7,1,512,6,6
106112,106112,1024,0,513,130,128,0,78,192,125,5,0,0,130,1,512,128,128
106113,106112,1024,1,513,108,106,0,77,200,105,3,0,0,108,1,512,106,106
106240,106240,2048,0,1025,279,278,0,190,256,223,33,0,0,256,1,512,278,278
106240,106240,1024,0,513,132,130,0,82,185,128,4,0,0,132,1,512,130,130
106241,106240,2048,1,1025,292,291,0,253,256,221,35,0,0,256,1,512,291,291
106241,106240,1024,1,513,122,120,0,71,189,119,3,0,0,122,1,512,120,120
106368,106368,1024,0,513,140,139,0,87,177,132,8,0,0,140,1,512,139,139
106369,106368,1024,1,513,157,155,0,96,179,144,13,0,0,157,1,512,155,155
106496,106496,2048,0,1025,267,267,0,171,256,225,31,0,0,256,1,512,267,267
106496,106496,1024,0,513,147,146,0,90,176,133,14,0,0,147,1,512,146,146
106496,106496,4096,0,37,7,7,0,7,11,7,0,0,0,7,0,0,7,7
106497,106496,2048,1,1025,229,229,0,173,256,206,23,0,0,229,1,512,229,229
106497,106496,1024,1,513,168,167,0,127,180,155,13,0,0,168,1,512,167,167
106497,106496,4096,1,37,6,6,0,6,9,6,0,0,0,6,0,0,6,6
106624,106624,1024,0,513,145,144,0,92,183,139,6,0,0,145,1,512,144,144
106625,106624,1024,1,513,143,142,0,67,181,130,13,0,0,143,1,512,142,142
106752,106752,2048,0,1025,257,256,0,159,256,188,68,0,0,256,1,512,256,256
106752,106752,1024,0,513,141,140,0,89,179,134,7,0,0,141,1,512,140,140
106753,106752,2048,1,1025,225,224,0,134,256,204,21,0,0,225,1,512,224,224
106753,106752,1024,1,513,142,141,0,87,190,128,14,0,0,142,1,512,141,141
106880,106880,1024,0,513,138,138,0,85,182,131,7,0,0,138,1,512,138,138
106881,106880,1024,1,513,139,139,0,87,204,135,4,0,0,139,1,512,139,139
107008,107008,2048,0,1025,282,280,0,170,256,172,84,0,0,256,1,512,280,280
107008,107008,1024,0,513,143,142,0,87,186,135,8,0,0,143,1,512,142,142
107008,107008,4096,0,37,6,5,0,4,11,6,0,0,0,6,0,0,5,5
107009,107008,2048,1,1025,296,294,0,177,256,185,71,0,0,256,1,512,294,294
107009,107008,1024,1,513,139,138,0,83,203,130,9,0,0,139,1,512,138,138
107009,107008,4096,1,37,5,5,0,4,9,4,1,0,0,5,1,512,5,5
107136,107136,1024,0,513,143,142,0,89,191,138,5,0,0,143,1,512,142,142
107137,107136,1024,1,513,142,141,0,88,196,137,5,0,0,142,1,512,141,141
107264,107264,2048,0,1025,296,295,0,188,256,189,67,0,0,256,1,512,295,295
107264,107264,1024,0,513,142,142,0,89,186,134,8,0,0,142,1,512,142,142
107265,107264,2048,1,1025,340,339,0,249,256,160,96,0,0,256,1,512,339,339
107265,107264,1024,1,513,141,141,0,88,186,132,9,0,0,141,1,512,141,141
107392,107392,1024,0,513,142,142,0,93,186,137,5,0,0,142,1,512,142,142
107393,107392,1024,1,513,141,141,0,94,188,136,5,0,0,141,1,512,141,141
107520,107520,2048,0,1025,284,283,0,181,256,175,81,0,0,256,1,512,283,283
107520,107520,1024,0,513,137,137,0,82,186,129,8,0,0,137,1,512,137,137
107520,107520,4096,0,37,9,9,0,3,11,9,0,0,0,9,0,0,9,9
107521,107520,2048,1,1025,303,302,0,195,256,187,69,0,0,256,1,512,302,302
107521,107520,1024,1,513,136,136,0,83,187,129,7,0,0,136,1,512,136,136
107521,107520,4096,1,37,6,6,0,4,9,6,0,0,0,6,0,0,6,6
107648,107648,1024,0,513,140,139,0,89,186,135,5,0,0,140,1,512,139,139
107649,107648,1024,1,513,137,136,0,86,186,132,5,0,0,137,1,512,136,136
107776,107776,2048,0,1025,285,284,0,179,256,215,41,0,0,256,1,512,284,284
107776,107776,1024,0,513,138,138,0,94,182,133,5,0,0,138,1,512,138,138
107777,107776,2048,1,1025,282,281,0,166,256,185,71,0,0,256,1,512,281,281
107777,107776,1024,1,513,138,138,0,95,182,134,4,0,0,138,1,512,138,138
107904,107904,1024,0,513,140,140,0,78,181,132,8,0,0,140,1,512,140,140
107905,107904,1024,1,513,140,140,0,79,179,130,10,0,0,140,1,512,140,140
108032,108032,2048,0,1025,277,276,0,172,256,138,118,0,0,256,1,512,276,276
108032,108032,1024,0,513,140,140,0,88,175,131,9,0,0,140,1,512,140,140
108032,108032,4096,0,37,7,6,0,4,10,7,0,0,0,7,0,0,6,6
108033,108032,2048,1,1025,275,274,0,170,256,153,103,0,0,256,1,512,274,274
108033,108032,1024,1,513,140,140,0,85,176,131,9,0,0,140,1,512,140,140
108033,108032,4096,1,37,6,6,0,6,8,6,0,0,0,6,0,0,6,6
108160,108160,1024,0,513,144,144,0,99,179,134,10,0,0,144,1,512,144,144
108161,108160,1024,1,513,142,142,0,96,180,133,9,0,0,142,1,512,142,142
108288,108288,2048,0,1025,284,284,0,180,256,218,38,0,0,256,1,512,284,284
108288,108288,1024,0,513,133,133,0,88,185,128,5,0,0,133,1,512,133,133
108289,108288,2048,1,1025,282,282,0,178,256,201,55,0,0,256,1,512,282,282
108289,108288,1024,1,513,134,134,0,90,184,129,5,0,0,134,1,512,134,134
108416,108416,1024,0,513,137,137,0,82,184,131,6,0,0,137,1,512,137,137
108417,108416,1024,1,513,136,136,0,83,183,130,6,0,0,136,1,512,136,136
108544,108544,2048,0,1025,269,269,0,172,256,129,127,0,0,256,1,512,269,269
108544,108544,1024,0,513,142,142,0,96,181,135,7,0,0,142,1,512,142,142
108544,108544,4096,0,37,5,5,0,5,9,5,0,0,0,5,0,0,5,5
108545,108544,2048,1,1025,268,268,0,171,256,123,133,0,0,256,1,512,268,268
108545,108544,1024,1,513,139,139,0,93,180,131,8,0,0,139,1,512,139,139
108545,108544,4096,1,37,8,8,0,5,7,7,1,0,0,8,1,512,8,8
108672,108672,1024,0,513,141,141,0,89,179,132,9,0,0,141,1,512,141,141
108673,108672,1024,1,513,139,139,0,86,179,130,9,0,0,139,1,512,139,139
108800,108800,2048,0,1025,271,271,0,168,256,220,36,0,0,256,1,512,271,271
108800,108800,1024,0,513,137,137,0,83,181,131,6,0,0,137,1,512,137,137
108801,108800,2048,1,1025,269,269,0,165,256,194,62,0,0,256,1,512,269,269
108801,108800,1024,1,513,136,136,0,82,182,130,6,0,0,136,1,512,136,136
108928,108928,1024,0,513,140,140,0,82,182,128,12,0,0,140,1,512,140,140
108929,108928,1024,1,513,138,138,0,80,182,128,10,0,0,138,1,512,138,138
109056,109056,2048,0,1025,284,284,0,178,256,199,57,0,0,256,1,512,284,284
109056,109056,1024,0,513,139,139,0,92,190,130,9,0,0,139,1,512,139,139
109056,109056,4096,0,37,7,6,0,5,9,6,1,0,0,7,1,512,6,6
109057,109056,2048,1,1025,283,283,0,176,256,213,43,0,0,256,1,512,283,283
109057,109056,1024,1,513,137,137,0,89,186,127,10,0,0,137,1,512,137,137
109057,109056,4096,1,37,7,7,0,4,8,7,0,0,0,7,0,0,7,7
109184,109184,1024,0,513,140,140,0,86,191,128,12,0,0,140,1,512,140,140
109185,109184,1024,1,513,139,139,0,85,187,126,13,0,0,139,1,512,139,139
109312,109312,2048,0,1025,277,276,0,163,256,123,133,0,0,256,1,512,276,276
109312,109312,1024,0,513,144,144,0,94,195,137,7,0,0,144,1,512,144,144
109313,109312,2048,1,1025,275,274,0,162,256,99,157,0,0,256,1,512,274,274
109313,109312,1024,1,513,141,141,0,94,192,134,7,0,0,141,1,512,141,141
109440,109440,1024,0,513,141,141,0,91,191,134,7,0,0,141,1,512,141,141
109441,109440,1024,1,513,142,142,0,89,189,135,7,0,0,142,1,512,142,142
109568,109568,2048,0,1025,275,275,0,170,256,194,62,0,0,256,1,512,275,275
109568,109568,1024,0,513,147,147,0,91,190,137,10,0,0,147,1,512,147,147
109568,109568,4096,0,37,7,6,0,5,10,7,0,0,0,7,0,0,6,6
109569,109568,2048,1,1025,273,273,0,166,256,176,80,0,0,256,1,512,273,273
109569,109568,1024,1,513,145,145,0,89,188,134,11,0,0,145,1,512,145,145
109569,109568,4096,1,37,8,8,0,6,8,7,1,0,0,8,1,512,8,8
109696,109696,1024,0,513,137,137,0,88,189,131,6,0,0,137,1,512,137,137
109697,109696,1024,1,513,139,139,0,90,188,133,6,0,0,139,1,512,139,139
109824,109824,2048,0,1025,279,279,0,170,256,203,53,0,0,256,1,512,279,279
109824,109824,1024,0,513,141,141,0,80,186,131,10,0,0,141,1,512,141,141
109825,109824,2048,1,1025,278,278,0,171,256,180,76,0,0,256,1,512,278,278
109825,109824,1024,1,513,139,139,0,78,186,130,9,0,0,139,1,512,139,139
109952,109952,1024,0,513,144,144,0,84,191,135,9,0,0,144,1,512,144,144
109953,109952,1024,1,513,141,141,0,87,190,135,6,0,0,141,1,512,141,141
110080,110080,2048,0,1025,288,288,0,183,256,182,74,0,0,256,1,512,288,288
110080,110080,1024,0,513,141,140,0,95,197,134,7,0,0,141,1,512,140,140
110080,110080,4096,0,37,8,7,0,6,9,8,0,0,0,8,0,0,7,7
110081,110080,2048,1,1025,286,286,0,182,256,192,64,0,0,256,1,512,286,286
110081,110080,1024,1,513,140,139,0,94,193,133,7,0,0,140,1,512,139,139
110081,110080,4096,1,37,10,9,0,6,9,9,1,0,0,10,1,512,9,9
110208,110208,1024,0,513,137,136,0,79,190,128,9,0,0,137,1,512,136,136
110209,110208,1024,1,513,139,138,0,78,187,129,10,0,0,139,1,512,138,138
110336,110336,2048,0,1025,283,282,0,175,256,218,38,0,0,256,1,512,282,282
110336,110336,1024,0,513,139,138,0,93,187,133,6,0,0,139,1,512,138,138
110337,110336,2048,1,1025,281,281,0,174,256,219,37,0,0,256,1,512,281,281
110337,110336,1024,1,513,137,136,0,92,184,131,6,0,0,137,1,512,136,136
110464,110464,1024,0,513,143,142,0,90,186,132,11,0,0,143,1,512,142,142
110465,110464,1024,1,513,141,140,0,90,184,130,11,0,0,141,1,512,140,140
110592,110592,2048,0,1025,284,284,0,173,256,133,123,0,0,256,1,512,284,284
110592,110592,1024,0,513,144,144,0,97,192,136,8,0,0,144,1,512,144,144
110592,110592,4096,0,37,8,7,0,7,8,8,0,0,0,8,0,0,7,7
110593,110592,2048,1,1025,282,282,0,171,256,114,142,0,0,256,1,512,282,282
110593,110592,1024,1,513,141,141,0,95,190,133,8,0,0,141,1,512,141,141
110593,110592,4096,1,37,10,9,0,5,10,9,1,0,0,10,1,512,9,9
110720,110720,1024,0,513,135,135,0,82,189,129,6,0,0,135,1,512,135,135
110721,110720,1024,1,513,135,135,0,85,187,130,5,0,0,135,1,512,135,135
110848,110848,2048,0,1025,287,287,0,199,256,192,64,0,0,256,1,512,287,287
110848,110848,1024,0,513,137,137,0,89,188,131,6,0,0,137,1,512,137,137
110849,110848,2048,1,1025,285,285,0,198,256,184,72,0,0,256,1,512,285,285
110849,110848,1024,1,513,135,135,0,90,184,130,5,0,0,135,1,512,135,135
110976,110976,1024,0,513,135,134,0,81,188,130,5,0,0,135,1,512,134,134
110977,110976,1024,1,513,133,132,0,79,183,127,6,0,0,133,1,512,132,132
111104,111104,2048,0,1025,288,288,0,170,256,202,54,0,0,256,1,512,288,288
111104,111104,1024,0,513,138,138,0,87,186,130,8,0,0,138,1,512,138,138
111104,111104,4096,0,37,7,6,0,6,8,7,0,0,0,7,0,0,6,6
111105,111104,2048,1,1025,286,286,0,169,256,200,56,0,0,256,1,512,286,286
111105,111104,1024,1,513,137,137,0,86,184,129,8,0,0,137,1,512,137,137
111105,111104,4096,1,37,10,9,0,7,11,10,0,0,0,10,0,0,9,9
111232,111232,1024,0,513,137,137,0,91,183,129,8,0,0,137,1,512,137,137
111233,111232,1024,1,513,137,137,0,88,180,128,9,0,0,137,1,512,137,137
111360,111360,2048,0,1025,292,292,0,199,256,204,52,0,0,256,1,512,292,292
111360,111360,1024,0,513,134,134,0,89,182,128,6,0,0,134,1,512,134,134
111361,111360,2048,1,1025,293,293,0,201,256,191,65,0,0,256,1,512,293,293
111361,111360,1024,1,513,134,134,0,89,182,128,6,0,0,134,1,512,134,134
111488,111488,1024,0,513,141,140,0,78,180,129,12,0,0,141,1,512,140,140
111489,111488,1024,1,513,140,139,0,78,180,129,11,0,0,140,1,512,139,139
111616,111616,2048,0,1025,268,268,0,168,256,114,142,0,0,256,1,512,268,268
111616,111616,1024,0,513,135,135,0,92,184,132,3,0,0,135,1,512,135,135
111616,111616,4096,0,37,8,7,0,6,8,8,0,0,0,8,0,0,7,7
111617,111616,2048,1,1025,268,268,0,167,256,96,160,0,0,256,1,512,268,268
111617,111616,1024,1,513,132,132,0,91,184,129,3,0,0,132,1,512,132,132
111617,111616,4096,1,37,9,8,0,7,11,9,0,0,0,9,0,0,8,8
111744,111744,1024,0,513,134,134,0,86,176,126,8,0,0,134,1,512,134,134
111745,111744,1024,1,513,132,132,0,87,177,125,7,0,0,132,1,512,132,132
111872,111872,2048,0,1025,273,273,0,160,256,222,34,0,0,256,1,512,273,273
111872,111872,1024,0,513,141,141,0,76,176,130,11,0,0,141,1,512,141,141
111873,111872,2048,1,1025,274,274,0,159,256,218,38,0,0,256,1,512,274,274
111873,111872,1024,1,513,138,138,0,75,175,128,10,0,0,138,1,512,138,138
112000,112000,1024,0,513,137,137,0,94,181,129,8,0,0,137,1,512,137,137
112001,112000,1024,1,513,134,134,0,90,177,126,8,0,0,134,1,512,134,134
112128,112128,2048,0,1025,285,285,0,180,256,115,141,0,0,256,1,512,285,285
112128,112128,1024,0,513,141,140,0,90,182,132,9,0,0,141,1,512,140,140
112128,112128,4096,0,37,8,7,0,7,8,8,0,0,0,8,0,0,7,7
112129,112128,2048,1,1025,282,282,0,177,256,133,123,0,0,256,1,512,282,282
112129,112128,1024,1,513,140,139,0,88,177,131,9,0,0,140,1,512,139,139
112129,112128,4096,1,37,9,8,0,7,11,9,0,0,0,9,0,0,8,8
112256,112256,1024,0,513,143,142,0,91,184,134,9,0,0,143,1,512,142,142
112257,112256,1024,1,513,143,142,0,91,180,134,9,0,0,143,1,512,142,142
112384,112384,2048,0,1025,280,280,0,182,256,203,53,0,0,256,1,512,280,280
112384,112384,1024,0,513,138,137,0,83,183,129,9,0,0,138,1,512,137,137
112385,112384,2048,1,1025,279,279,0,178,256,168,88,0,0,256,1,512,279,279
112385,112384,1024,1,513,140,139,0,81,180,130,10,0,0,140,1,512,139,139
112512,112512,1024,0,513,135,135,0,89,183,129,6,0,0,135,1,512,135,135
112513,112512,1024,1,513,133,133,0,88,181,128,5,0,0,133,1,512,133,133
112640,112640,2048,0,1025,287,286,0,190,256,177,79,0,0,256,1,512,286,286
112640,112640,1024,0,513,133,133,0,85,185,128,5,0,0,133,1,512,133,133
112640,112640,4096,0,37,6,6,0,6,8,6,0,0,0,6,0,0,6,6
112641,112640,2048,1,1025,285,284,0,188,256,190,66,0,0,256,1,512,284,284
112641,112640,1024,1,513,131,131,0,81,182,126,5,0,0,131,1,512,131,131
112641,112640,4096,1,37,9,9,0,8,10,8,1,0,0,9,1,512,9,9
112768,112768,1024,0,513,137,137,0,79,180,129,8,0,0,137,1,512,137,137
112769,112768,1024,1,513,137,137,0,78,181,129,8,0,0,137,1,512,137,137
112896,112896,2048,0,1025,275,275,0,173,256,196,60,0,0,256,1,512,275,275
112896,112896,1024,0,513,134,134,0,80,177,122,12,0,0,134,1,512,134,134
112897,112896,2048,1,1025,274,274,0,173,256,190,66,0,0,256,1,512,274,274
112897,112896,1024,1,513,133,133,0,78,177,121,12,0,0,133,1,512,133,133
113024,113024,1024,0,513,141,140,0,91,181,130,11,0,0,141,1,512,140,140
113025,113024,1024,1,513,140,139,0,91,180,131,9,0,0,140,1,512,139,139
113152,113152,2048,0,1025,280,280,0,181,256,200,56,0,0,256,1,512,280,280
113152,113152,1024,0,513,134,133,0,81,189,128,6,0,0,134,1,512,133,133
113152,113152,4096,0,37,7,7,0,6,8,7,0,0,0,7,0,0,7,7
113153,113152,2048,1,1025,277,277,0,181,256,213,43,0,0,256,1,512,277,277
113153,113152,1024,1,513,133,132,0,82,186,127,6,0,0,133,1,512,132,132
113153,113152,4096,1,37,9,9,0,7,11,9,0,0,0,9,0,0,9,9
113280,113280,1024,0,513,137,136,0,91,187,126,11,0,0,137,1,512,136,136
113281,113280,1024,1,513,136,135,0,91,184,126,10,0,0,136,1,512,135,135
113408,113408,2048,0,1025,285,285,0,162,256,183,73,0,0,256,1,512,285,285
113408,113408,1024,0,513,145,144,0,93,189,136,9,0,0,145,1,512,144,144
113409,113408,2048,1,1025,283,283,0,161,256,173,83,0,0,256,1,512,283,283
113409,113408,1024,1,513,146,145,0,93,184,135,11,0,0,146,1,512,145,145
113536,113536,1024,0,513,140,140,0,88,191,135,5,0,0,140,1,512,140,140
113537,113536,1024,1,513,136,136,0,85,188,131,5,0,0,136,1,512,136,136
113664,113664,2048,0,1025,290,288,0,192,256,142,114,0,0,256,1,512,288,288
113664,113664,1024,0,513,138,138,0,79,183,130,8,0,0,138,1,512,138,138
113664,113664,4096,0,37,8,7,0,7,8,8,0,0,0,8,0,0,7,7
113665,113664,2048,1,1025,289,288,0,190,256,90,166,0,0,256,1,512,288,288
113665,113664,1024,1,513,138,138,0,80,182,130,8,0,0,138,1,512,138,138
113665,113664,4096,1,37,10,9,0,8,11,10,0,0,0,10,0,0,9,9
113792,113792,1024,0,513,135,135,0,88,185,129,6,0,0,135,1,512,135,135
113793,113792,1024,1,513,135,135,0,89,182,128,7,0,0,135,1,512,135,135
113920,113920,2048,0,1025,286,285,0,182,256,194,62,0,0,256,1,512,285,285
113920,113920,1024,0,513,142,141,0,87,184,133,9,0,0,142,1,512,141,141
113921,113920,2048,1,1025,286,284,0,181,256,186,70,0,0,256,1,512,284,284
113921,113920,1024,1,513,139,138,0,84,182,129,10,0,0,139,1,512,138,138
114048,114048,1024,0,513,142,141,0,87,188,139,3,0,0,142,1,512,141,141
114049,114048,1024,1,513,139,138,0,84,187,136,3,0,0,139,1,512,138,138
114176,114176,2048,0,1025,289,288,0,184,256,182,74,0,0,256,1,512,288,288
114176,114176,1024,0,513,139,138,0,89,182,130,9,0,0,139,1,512,138,138
114176,114176,4096,0,37,7,6,0,6,8,7,0,0,0,7,0,0,6,6
114177,114176,2048,1,1025,287,287,0,183,256,216,40,0,0,256,1,512,287,287
114177,114176,1024,1,513,138,137,0,90,181,129,9,0,0,138,1,512,137,137
114177,114176,4096,1,37,11,10,0,8,11,11,0,0,0,11,0,0,10,10
114304,114304,1024,0,513,135,134,0,93,180,129,6,0,0,135,1,512,134,134
114305,114304,1024,1,513,137,136,0,92,179,130,7,0,0,137,1,512,136,136
114432,114432,2048,0,1025,286,286,0,178,256,225,31,0,0,256,1,512,286,286
114432,114432,1024,0,513,144,144,0,84,181,135,9,0,0,144,1,512,144,144
114433,114432,2048,1,1025,283,283,0,178,256,216,40,0,0,256,1,512,283,283
114433,114432,1024,1,513,145,145,0,86,180,136,9,0,0,145,1,512,145,145
114560,114560,1024,0,513,139,139,0,91,180,133,6,0,0,139,1,512,139,139
114561,114560,1024,1,513,137,137,0,91,179,131,6,0,0,137,1,512,137,137
114688,114688,2048,0,1025,282,282,0,173,256,189,67,0,0,256,1,512,282,282
114688,114688,1024,0,513,135,135,0,91,183,131,4,0,0,135,1,512,135,135
114688,114688,4096,0,37,8,7,0,6,8,8,0,0,0,8,0,0,7,7
114689,114688,2048,1,1025,282,282,0,171,256,183,73,0,0,256,1,512,282,282
114689,114688,1024,1,513,134,134,0,89,182,131,3,0,0,134,1,512,134,134
114689,114688,4096,1,37,10,9,0,5,11,9,1,0,0,10,1,512,9,9
114816,114816,1024,0,513,144,144,0,88,178,136,8,0,0,144,1,512,144,144
114817,114816,1024,1,513,142,142,0,87,177,134,8,0,0,142,1,512,142,142
114944,114944,2048,0,1025,278,277,0,184,256,188,68,0,0,256,1,512,277,277
114944,114944,1024,0,513,145,144,0,93,183,137,8,0,0,145,1,512,144,144
114945,114944,2048,1,1025,277,276,0,182,256,195,61,0,0,256,1,512,276,276
114945,114944,1024,1,513,143,142,0,90,182,137,6,0,0,143,1,512,142,142
115072,115072,1024,0,513,137,137,0,89,184,132,5,0,0,137,1,512,137,137
115073,115072,1024,1,513,138,138,0,90,182,133,5,0,0,138,1,512,138,138
115200,115200,2048,0,1025,280,279,0,175,256,135,121,0,0,256,1,512,279,279
115200,115200,1024,0,513,136,136,0,84,183,129,7,0,0,136,1,512,136,136
115200,115200,4096,0,37,7,6,0,6,8,7,0,0,0,7,0,0,6,6
115201,115200,2048,1,1025,282,281,0,174,256,89,167,0,0,256,1,512,281,281
115201,115200,1024,1,513,134,134,0,83,181,126,8,0,0,134,1,512,134,134
115201,115200,4096,1,37,9,9,0,7,12,8,1,0,0,9,1,512,9,9
115328,115328,1024,0,513,141,141,0,93,185,133,8,0,0,141,1,512,141,141
115329,115328,1024,1,513,141,141,0,93,184,133,8,0,0,141,1,512,141,141
115456,115456,2048,0,1025,288,287,0,179,256,110,146,0,0,256,1,512,287,287
115456,115456,1024,0,513,145,144,0,99,187,135,10,0,0,145,1,512,144,144
115457,115456,2048,1,1025,285,284,0,179,256,176,80,0,0,256,1,512,284,284
115457,115456,1024,1,513,146,145,0,100,186,136,10,0,0,146,1,512,145,145
115584,115584,1024,0,513,142,141,0,81,186,135,7,0,0,142,1,512,141,141
115585,115584,1024,1,513,143,142,0,80,185,137,6,0,0,143,1,512,142,142
115712,115712,2048,0,1025,281,280,0,180,256,175,81,0,0,256,1,512,280,280
115712,115712,1024,0,513,142,141,0,92,184,136,6,0,0,142,1,512,141,141
115712,115712,4096,0,37,6,6,0,5,8,6,0,0,0,6,0,0,6,6
115713,115712,2048,1,1025,278,277,0,177,256,181,75,0,0,256,1,512,277,277
115713,115712,1024,1,513,141,140,0,95,183,135,6,0,0,141,1,512,140,140
115713,115712,4096,1,37,9,9,0,7,13,9,0,0,0,9,0,0,9,9
115840,115840,1024,0,513,145,144,0,94,183,137,8,0,0,145,1,512,144,144
115841,115840,1024,1,513,142,141,0,91,182,134,8,0,0,142,1,512,141,141
115968,115968,2048,0,1025,290,290,0,183,256,227,29,0,0,256,1,512,290,290
115968,115968,1024,0,513,147,147,0,85,187,138,9,0,0,147,1,512,147,147
115969,115968,2048,1,1025,288,288,0,183,256,228,28,0,0,256,1,512,288,288
115969,115968,1024,1,513,145,145,0,84,186,137,8,0,0,145,1,512,145,145
116096,116096,1024,0,513,141,141,0,89,189,137,4,0,0,141,1,512,141,141
116097,116096,1024,1,513,142,142,0,88,187,137,5,0,0,142,1,512,142,142
116224,116224,2048,0,1025,286,286,0,181,256,198,58,0,0,256,1,512,286,286
116224,116224,1024,0,513,140,140,0,94,189,133,7,0,0,140,1,512,140,140
116224,116224,4096,0,37,8,8,0,5,8,7,1,0,0,8,1,512,8,8
116225,116224,2048,1,1025,283,283,0,178,256,204,52,0,0,256,1,512,283,283
116225,116224,1024,1,513,139,139,0,96,188,132,7,0,0,139,1,512,139,139
116225,116224,4096,1,37,9,9,0,6,13,9,0,0,0,9,0,0,9,9
116352,116352,1024,0,513,143,143,0,94,192,139,4,0,0,143,1,512,143,143
116353,116352,1024,1,513,141,141,0,92,191,137,4,0,0,141,1,512,141,141
116480,116480,2048,0,1025,286,285,0,176,256,186,70,0,0,256,1,512,285,285
116480,116480,1024,0,513,150,150,0,98,190,144,6,0,0,150,1,512,150,150
116481,116480,2048,1,1025,283,282,0,173,256,163,93,0,0,256,1,512,282,282
116481,116480,1024,1,513,147,147,0,96,189,142,5,0,0,147,1,512,147,147
116608,116608,1024,0,513,138,138,0,98,182,130,8,0,0,138,1,512,138,138
116609,116608,1024,1,513,139,139,0,99,181,131,8,0,0,139,1,512,139,139
116736,116736,2048,0,1025,279,278,0,165,256,162,94,0,0,256,1,512,278,278
116736,116736,1024,0,513,140,140,0,84,179,131,9,0,0,140,1,512,140,140
116736,116736,4096,0,37,8,8,0,8,9,8,0,0,0,8,0,0,8,8
116737,116736,2048,1,1025,279,278,0,163,256,157,99,0,0,256,1,512,278,278
116737,116736,1024,1,513,138,138,0,87,177,130,8,0,0,138,1,512,138,138
116737,116736,4096,1,37,8,8,0,7,13,8,0,0,0,8,0,0,8,8
116864,116864,1024,0,513,137,137,0,92,182,133,4,0,0,137,1,512,137,137
116865,116864,1024,1,513,138,138,0,91,179,133,5,0,0,138,1,512,138,138
116992,116992,2048,0,1025,278,278,0,162,256,201,55,0,0,256,1,512,278,278
116992,116992,1024,0,513,135,135,0,91,179,123,12,0,0,135,1,512,135,135
116993,116992,2048,1,1025,277,277,0,165,256,174,82,0,0,256,1,512,277,277
116993,116992,1024,1,513,133,133,0,87,178,122,11,0,0,133,1,512,133,133
117120,117120,1024,0,513,137,137,0,87,182,126,11,0,0,137,1,512,137,137
117121,117120,1024,1,513,137,137,0,89,181,127,10,0,0,137,1,512,137,137
117248,117248,2048,0,1025,277,277,0,170,256,160,96,0,0,256,1,512,277,277
117248,117248,1024,0,513,134,133,0,88,185,128,6,0,0,134,1,512,133,133
117248,117248,4096,0,37,7,7,0,5,9,7,0,0,0,7,0,0,7,7
117249,117248,2048,1,1025,274,274,0,169,256,170,86,0,0,256,1,512,274,274
117249,117248,1024,1,513,134,133,0,88,183,129,5,0,0,134,1,512,133,133
117249,117248,4096,1,37,10,9,0,7,12,9,1,0,0,10,1,512,9,9
117376,117376,1024,0,513,137,136,0,72,184,131,6,0,0,137,1,512,136,136
117377,117376,1024,1,513,134,133,0,70,182,129,5,0,0,134,1,512,133,133
117504,117504,2048,0,1025,283,283,0,182,256,206,50,0,0,256,1,512,283,283
117504,117504,1024,0,513,137,136,0,80,181,130,7,0,0,137,1,512,136,136
117505,117504,2048,1,1025,282,282,0,181,256,194,62,0,0,256,1,512,282,282
117505,117504,1024,1,513,136,135,0,77,178,129,7,0,0,136,1,512,135,135
117632,117632,1024,0,513,140,139,0,95,183,134,6,0,0,140,1,512,139,139
117633,117632,1024,1,513,141,140,0,96,180,135,6,0,0,141,1,512,140,140
117760,117760,2048,0,1025,270,269,0,161,256,219,37,0,0,256,1,512,269,269
117760,117760,1024,0,513,143,142,0,93,178,133,10,0,0,143,1,512,142,142
117760,117760,4096,0,37,8,8,0,6,8,8,0,0,0,8,0,0,8,8
117761,117760,2048,1,1025,268,267,0,162,256,221,35,0,0,256,1,512,267,267
117761,117760,1024,1,513,143,142,0,97,177,133,10,0,0,143,1,512,142,142
117761,117760,4096,1,37,11,10,0,8,12,10,1,0,0,11,1,512,10,10
117888,117888,1024,0,513,141,140,0,88,178,129,12,0,0,141,1,512,140,140
117889,117888,1024,1,513,141,140,0,86,176,127,14,0,0,141,1,512,140,140
118016,118016,2048,0,1025,289,288,0,154,256,134,122,0,0,256,1,512,288,288
118016,118016,1024,0,513,142,141,0,102,180,135,7,0,0,142,1,512,141,141
118017,118016,2048,1,1025,287,286,0,153,256,138,118,0,0,256,1,512,286,286
118017,118016,1024,1,513,140,139,0,102,182,134,6,0,0,140,1,512,139,139
118144,118144,1024,0,513,142,141,0,78,180,131,11,0,0,142,1,512,141,141
118145,118144,1024,1,513,139,138,0,78,181,129,10,0,0,139,1,512,138,138
118272,118272,2048,0,1025,276,275,0,181,256,206,50,0,0,256,1,512,275,275
118272,118272,1024,0,513,138,138,0,92,182,127,11,0,0,138,1,512,138,138
118272,118272,4096,0,37,7,7,0,7,8,7,0,0,0,7,0,0,7,7
118273,118272,2048,1,1025,276,275,0,177,256,163,93,0,0,256,1,512,275,275
118273,118272,1024,1,513,138,138,0,89,183,128,10,0,0,138,1,512,138,138
118273,118272,4096,1,37,10,10,0,8,13,10,0,0,0,10,0,0,10,10
118400,118400,1024,0,513,139,139,0,88,185,135,4,0,0,139,1,512,139,139
118401,118400,1024,1,513,138,138,0,88,184,134,4,0,0,138,1,512,138,138
118528,118528,2048,0,1025,262,262,0,180,256,171,85,0,0,256,1,512,262,262
118528,118528,1024,0,513,142,142,0,96,186,136,6,0,0,142,1,512,142,142
118529,118528,2048,1,1025,262,262,0,179,256,144,112,0,0,256,1,512,262,262
118529,118528,1024,1,513,142,142,0,97,184,136,6,0,0,142,1,512,142,142
118656,118656,1024,0,513,149,148,0,83,183,137,12,0,0,149,1,512,148,148
118657,118656,1024,1,513,147,146,0,83,181,137,10,0,0,147,1,512,146,146
118784,118784,2048,0,1025,280,280,0,165,256,209,47,0,0,256,1,512,280,280
118784,118784,1024,0,513,140,139,0,99,186,131,9,0,0,140,1,512,139,139
118784,118784,4096,0,37,7,6,0,5,8,7,0,0,0,7,0,0,6,6
118785,118784,2048,1,1025,280,280,0,161,256,210,46,0,0,256,1,512,280,280
118785,118784,1024,1,513,138,137,0,97,183,128,10,0,0,138,1,512,137,137
118785,118784,4096,1,37,10,10,0,7,13,9,1,0,0,10,1,512,10,10
118912,118912,1024,0,513,144,143,0,89,188,136,8,0,0,144,1,512,143,143
118913,118912,1024,1,513,142,141,0,86,186,135,7,0,0,142,1,512,141,141
119040,119040,2048,0,1025,292,292,0,178,256,184,72,0,0,256,1,512,292,292
119040,119040,1024,0,513,139,138,0,94,192,136,3,0,0,139,1,512,138,138
119041,119040,2048,1,1025,291,291,0,176,256,186,70,0,0,256,1,512,291,291
119041,119040,1024,1,513,138,137,0,94,189,135,3,0,0,138,1,512,137,137
119168,119168,1024,0,513,144,144,0,89,188,139,5,0,0,144,1,512,144,144
119169,119168,1024,1,513,143,143,0,87,186,138,5,0,0,143,1,512,143,143
119296,119296,2048,0,1025,281,280,0,181,256,208,48,0,0,256,1,512,280,280
119296,119296,1024,0,513,143,143,0,92,187,131,12,0,0,143,1,512,143,143
119296,119296,4096,0,37,8,8,0,5,8,7,1,0,0,8,1,512,8,8
119297,119296,2048,1,1025,280,280,0,181,256,206,50,0,0,256,1,512,280,280
119297,119296,1024,1,513,141,141,0,91,185,129,12,0,0,141,1,512,141,141
119297,119296,4096,1,37,8,8,0,7,14,8,0,0,0,8,0,0,8,8
119424,119424,1024,0,513,148,148,0,94,191,136,12,0,0,148,1,512,148,148
119425,119424,1024,1,513,149,149,0,94,189,137,12,0,0,149,1,512,149,149
119552,119552,2048,0,1025,270,270,0,171,256,208,48,0,0,256,1,512,270,270
119552,119552,1024,0,513,142,142,0,96,194,137,5,0,0,142,1,512,142,142
119553,119552,2048,1,1025,269,269,0,168,256,212,44,0,0,256,1,512,269,269
119553,119552,1024,1,513,144,144,0,97,192,139,5,0,0,144,1,512,144,144
119680,119680,1024,0,513,145,144,0,89,191,135,10,0,0,145,1,512,144,144
119681,119680,1024,1,513,145,144,0,90,189,136,9,0,0,145,1,512,144,144
119808,119808,2048,0,1025,277,277,0,165,256,189,67,0,0,256,1,512,277,277
119808,119808,1024,0,513,147,146,0,95,193,140,7,0,0,147,1,512,146,146
119808,119808,4096,0,37,7,6,0,6,9,7,0,0,0,7,0,0,6,6
119809,119808,2048,1,1025,276,276,0,163,256,195,61,0,0,256,1,512,276,276
119809,119808,1024,1,513,147,146,0,94,191,140,7,0,0,147,1,512,146,146
119809,119808,4096,1,37,8,8,0,7,13,8,0,0,0,8,0,0,8,8
119936,119936,1024,0,513,149,149,0,96,189,139,10,0,0,149,1,512,149,149
119937,119936,1024,1,513,149,149,0,94,187,139,10,0,0,149,1,512,149,149
120064,120064,2048,0,1025,275,274,0,177,256,144,112,0,0,256,1,512,274,274
120064,120064,1024,0,513,142,142,0,100,193,138,4,0,0,142,1,512,142,142
120065,120064,2048,1,1025,271,271,0,174,256,159,97,0,0,256,1,512,271,271
120065,120064,1024,1,513,141,141,0,101,192,138,3,0,0,141,1,512,141,141
120192,120192,1024,0,513,135,135,0,81,187,129,6,0,0,135,1,512,135,135
120193,120192,1024,1,513,133,133,0,78,186,128,5,0,0,133,1,512,133,133
120320,120320,2048,0,1025,278,278,0,176,256,205,51,0,0,256,1,512,278,278
120320,120320,1024,0,513,141,141,0,88,189,133,8,0,0,141,1,512,141,141
120320,120320,4096,0,37,7,6,0,5,9,7,0,0,0,7,0,0,6,6
120321,120320,2048,1,1025,277,277,0,173,256,193,63,0,0,256,1,512,277,277
120321,120320,1024,1,513,139,139,0,89,188,132,7,0,0,139,1,512,139,139
120321,120320,4096,1,37,8,7,0,6,12,8,0,0,0,8,0,0,7,7
120448,120448,1024,0,513,148,148,0,86,192,135,13,0,0,148,1,512,148,148
120449,120448,1024,1,513,146,146,0,86,190,134,12,0,0,146,1,512,146,146
120576,120576,2048,0,1025,294,294,0,191,256,215,41,0,0,256,1,512,294,294
120576,120576,1024,0,513,143,143,0,87,196,138,5,0,0,143,1,512,143,143
120577,120576,2048,1,1025,294,294,0,188,256,215,41,0,0,256,1,512,294,294
120577,120576,1024,1,513,142,142,0,86,193,137,5,0,0,142,1,512,142,142
120704,120704,1024,0,513,136,136,0,88,191,125,11,0,0,136,1,512,136,136
120705,120704,1024,1,513,134,134,0,88,188,123,11,0,0,134,1,512,134,134
120832,120832,2048,0,1025,285,285,0,176,256,146,110,0,0,256,1,512,285,285
120832,120832,1024,0,513,138,138,0,79,196,135,3,0,0,138,1,512,138,138
120832,120832,4096,0,37,8,7,0,6,9,8,0,0,0,8,0,0,7,7
120833,120832,2048,1,1025,285,285,0,176,256,141,115,0,0,256,1,512,285,285
120833,120832,1024,1,513,138,138,0,79,193,134,4,0,0,138,1,512,138,138
120833,120832,4096,1,37,10,9,0,7,11,10,0,0,0,10,0,0,9,9
120960,120960,1024,0,513,131,131,0,92,189,127,4,0,0,131,1,512,131,131
120961,120960,1024,1,513,132,132,0,92,188,129,3,0,0,132,1,512,132,132
121088,121088,2048,0,1025,272,272,0,177,256,216,40,0,0,256,1,512,272,272
121088,121088,1024,0,513,143,143,0,86,184,136,7,0,0,143,1,512,143,143
121089,121088,2048,1,1025,272,272,0,175,256,218,38,0,0,256,1,512,272,272
121089,121088,1024,1,513,141,141,0,85,182,134,7,0,0,141,1,512,141,141
121216,121216,1024,0,513,143,143,0,95,181,135,8,0,0,143,1,512,143,143
121217,121216,1024,1,513,143,143,0,93,179,134,9,0,0,143,1,512,143,143
121344,121344,2048,0,1025,276,276,0,173,256,189,67,0,0,256,1,512,276,276
121344,121344,1024,0,513,139,139,0,95,181,130,9,0,0,139,1,512,139,139
121344,121344,4096,0,37,7,6,0,6,9,7,0,0,0,7,0,0,6,6
121345,121344,2048,1,1025,275,275,0,171,256,193,63,0,0,256,1,512,275,275
121345,121344,1024,1,513,136,136,0,93,180,128,8,0,0,136,1,512,136,136
121345,121344,4096,1,37,9,8,0,7,10,8,1,0,0,9,1,512,8,8
121472,121472,1024,0,513,138,138,0,88,181,129,9,0,0,138,1,512,138,138
121473,121472,1024,1,513,138,138,0,89,180,129,9,0,0,138,1,512,138,138
121600,121600,2048,0,1025,275,275,0,176,256,174,82,0,0,256,1,512,275,275
121600,121600,1024,0,513,143,143,0,90,187,135,8,0,0,143,1,512,143,143
121601,121600,2048,1,1025,274,274,0,175,256,175,81,0,0,256,1,512,274,274
121601,121600,1024,1,513,140,140,0,93,186,133,7,0,0,140,1,512,140,140
121728,121728,1024,0,513,142,142,0,84,184,133,9,0,0,142,1,512,142,142
121729,121728,1024,1,513,139,139,0,83,182,130,9,0,0,139,1,512,139,139
121856,121856,2048,0,1025,285,284,0,174,256,212,44,0,0,256,1,512,284,284
121856,121856,1024,0,513,142,142,0,90,182,136,6,0,0,142,1,512,142,142
121856,121856,4096,0,37,6,5,0,5,8,6,0,0,0,6,0,0,5,5
121857,121856,2048,1,1025,286,285,0,177,256,206,50,0,0,256,1,512,285,285
121857,121856,1024,1,513,138,138,0,88,178,133,5,0,0,138,1,512,138,138
121857,121856,4096,1,37,9,8,0,6,11,9,0,0,0,9,0,0,8,8
121984,121984,1024,0,513,141,141,0,89,183,134,7,0,0,141,1,512,141,141
121985,121984,1024,1,513,140,140,0,85,178,131,9,0,0,140,1,512,140,140
122112,122112,2048,0,1025,279,278,0,183,256,183,73,0,0,256,1,512,278,278
122112,122112,1024,0,513,140,140,0,94,187,133,7,0,0,140,1,512,140,140
122113,122112,2048,1,1025,279,278,0,181,256,182,74,0,0,256,1,512,278,278
122113,122112,1024,1,513,140,140,0,95,184,133,7,0,0,140,1,512,140,140
122240,122240,1024,0,513,144,143,0,103,187,139,5,0,0,144,1,512,143,143
122241,122240,1024,1,513,143,142,0,103,185,138,5,0,0,143,1,512,142,142
122368,122368,2048,0,1025,276,276,0,175,256,174,82,0,0,256,1,512,276,276
122368,122368,1024,0,513,148,147,0,72,183,136,12,0,0,148,1,512,147,147
122368,122368,4096,0,37,8,8,0,5,8,8,0,0,0,8,0,0,8,8
122369,122368,2048,1,1025,276,276,0,173,256,156,100,0,0,256,1,512,276,276
122369,122368,1024,1,513,147,146,0,71,181,135,12,0,0,147,1,512,146,146
122369,122368,4096,1,37,9,8,0,6,11,9,0,0,0,9,0,0,8,8
122496,122496,1024,0,513,136,136,0,93,188,132,4,0,0,136,1,512,136,136
122497,122496,1024,1,513,137,137,0,94,186,133,4,0,0,137,1,512,137,137
122624,122624,2048,0,1025,284,283,0,173,256,77,179,0,0,256,1,512,283,283
122624,122624,1024,0,513,142,142,0,88,183,132,10,0,0,142,1,512,142,142
122625,122624,2048,1,1025,282,282,0,170,256,78,178,0,0,256,1,512,282,282
122625,122624,1024,1,513,140,140,0,89,183,130,10,0,0,140,1,512,140,140
122752,122752,1024,0,513,140,140,0,101,189,137,3,0,0,140,1,512,140,140
122753,122752,1024,1,513,137,137,0,99,189,134,3,0,0,137,1,512,137,137
122880,122880,2048,0,1025,292,292,0,176,256,186,70,0,0,256,1,512,292,292
122880,122880,1024,0,513,134,134,0,85,186,129,5,0,0,134,1,512,134,134
122880,122880,4096,0,37,8,8,0,6,8,8,0,0,0,8,0,0,8,8
122881,122880,2048,1,1025,288,288,0,173,256,210,46,0,0,256,1,512,288,288
122881,122880,1024,1,513,135,135,0,88,187,128,7,0,0,135,1,512,135,135
122881,122880,4096,1,37,10,10,0,6,11,10,0,0,0,10,0,0,10,10
123008,123008,1024,0,513,137,137,0,86,183,132,5,0,0,137,1,512,137,137
123009,123008,1024,1,513,136,136,0,87,185,132,4,0,0,136,1,512,136,136
123136,123136,2048,0,1025,280,279,0,182,256,146,110,0,0,256,1,512,279,279
123136,123136,1024,0,513,132,132,0,80,180,126,6,0,0,132,1,512,132,132
123137,123136,2048,1,1025,276,276,0,180,256,158,98,0,0,256,1,512,276,276
123137,123136,1024,1,513,130,130,0,80,180,126,4,0,0,130,1,512,130,130
123264,123264,1024,0,513,147,147,0,84,180,136,11,0,0,147,1,512,147,147
123265,123264,1024,1,513,146,146,0,84,178,136,10,0,0,146,1,512,146,146
123392,123392,2048,0,1025,279,279,0,183,256,215,41,0,0,256,1,512,279,279
123392,123392,1024,0,513,136,136,0,90,183,130,6,0,0,136,1,512,136,136
123392,123392,4096,0,37,7,7,0,7,8,7,0,0,0,7,0,0,7,7
123393,123392,2048,1,1025,279,279,0,181,256,207,49,0,0,256,1,512,279,279
123393,123392,1024,1,513,136,136,0,88,181,129,7,0,0,136,1,512,136,136
123393,123392,4096,1,37,8,8,0,7,11,7,1,0,0,8,1,512,8,8
123520,123520,1024,0,513,138,138,0,83,183,128,10,0,0,138,1,512,138,138
123521,123520,1024,1,513,136,136,0,84,181,127,9,0,0,136,1,512,136,136
123648,123648,2048,0,1025,282,281,0,177,256,189,67,0,0,256,1,512,281,281
123648,123648,1024,0,513,138,138,0,91,186,134,4,0,0,138,1,512,138,138
123649,123648,2048,1,1025,280,279,0,174,256,200,56,0,0,256,1,512,279,279
123649,123648,1024,1,513,137,137,0,89,182,133,4,0,0,137,1,512,137,137
123776,123776,1024,0,513,143,142,0,79,185,134,9,0,0,143,1,512,142,142
123777,123776,1024,1,513,142,141,0,81,181,133,9,0,0,142,1,512,141,141
123904,123904,2048,0,1025,290,289,0,170,256,206,50,0,0,256,1,512,289,289
123904,123904,1024,0,513,143,142,0,92,188,132,11,0,0,143,1,512,142,142
123904,123904,4096,0,37,8,8,0,7,8,8,0,0,0,8,0,0,8,8
123905,123904,2048,1,1025,289,288,0,170,256,204,52,0,0,256,1,512,288,288
123905,123904,1024,1,513,142,141,0,93,184,132,10,0,0,142,1,512,141,141
123905,123904,4096,1,37,8,7,0,6,12,8,0,0,0,8,0,0,7,7
124032,124032,1024,0,513,138,137,0,83,192,133,5,0,0,138,1,512,137,137
124033,124032,1024,1,513,136,135,0,85,187,132,4,0,0,136,1,512,135,135
124160,124160,2048,0,1025,281,280,0,197,256,203,53,0,0,256,1,512,280,280
124160,124160,1024,0,513,141,140,0,88,192,136,5,0,0,141,1,512,140,140
124161,124160,2048,1,1025,280,279,0,196,256,210,46,0,0,256,1,512,279,279
124161,124160,1024,1,513,141,140,0,85,186,135,6,0,0,141,1,512,140,140
124288,124288,1024,0,513,138,138,0,91,189,133,5,0,0,138,1,512,138,138
124289,124288,1024,1,513,140,140,0,90,184,134,6,0,0,140,1,512,140,140
124416,124416,2048,0,1025,277,277,0,168,256,171,85,0,0,256,1,512,277,277
124416,124416,1024,0,513,136,136,0,92,187,131,5,0,0,136,1,512,136,136
124416,124416,4096,0,37,8,8,0,7,8,8,0,0,0,8,0,0,8,8
124417,124416,2048,1,1025,278,277,0,167,256,151,105,0,0,256,1,512,277,277
124417,124416,1024,1,513,137,137,0,94,184,132,5,0,0,137,1,512,137,137
124417,124416,4096,1,37,9,9,0,5,11,9,0,0,0,9,0,0,9,9
124544,124544,1024,0,513,141,141,0,70,182,129,12,0,0,141,1,512,141,141
124545,124544,1024,1,513,139,139,0,72,181,128,11,0,0,139,1,512,139,139
124672,124672,2048,0,1025,288,287,0,179,256,194,62,0,0,256,1,512,287,287
124672,124672,1024,0,513,138,138,0,93,186,135,3,0,0,138,1,512,138,138
124673,124672,2048,1,1025,284,284,0,177,256,217,39,0,0,256,1,512,284,284
124673,124672,1024,1,513,136,136,0,92,184,133,3,0,0,136,1,512,136,136
124800,124800,1024,0,513,142,142,0,96,181,137,5,0,0,142,1,512,142,142
124801,124800,1024,1,513,141,141,0,94,179,136,5,0,0,141,1,512,141,141
124928,124928,2048,0,1025,297,297,0,191,256,181,75,0,0,256,1,512,297,297
124928,124928,1024,0,513,140,139,0,88,180,129,11,0,0,140,1,512,139,139
124928,124928,4096,0,37,6,6,0,5,8,6,0,0,0,6,0,0,6,6
124929,124928,2048,1,1025,293,293,0,187,256,191,65,0,0,256,1,512,293,293
124929,124928,1024,1,513,140,139,0,88,178,128,12,0,0,140,1,512,139,139
124929,124928,4096,1,37,11,11,0,8,11,10,1,0,0,11,1,512,11,11
125056,125056,1024,0,513,142,141,0,82,184,135,7,0,0,142,1,512,141,141
125057,125056,1024,1,513,138,137,0,82,184,132,6,0,0,138,1,512,137,137
125184,125184,2048,0,1025,275,274,0,179,256,140,116,0,0,256,1,512,274,274
125184,125184,1024,0,513,131,130,0,87,185,126,5,0,0,131,1,512,130,130
125185,125184,2048,1,1025,273,272,0,177,256,146,110,0,0,256,1,512,272,272
125185,125184,1024,1,513,130,129,0,84,184,124,6,0,0,130,1,512,129,129
125312,125312,1024,0,513,136,135,0,83,182,130,6,0,0,136,1,512,135,135
125313,125312,1024,1,513,134,133,0,81,183,128,6,0,0,134,1,512,133,133
125440,125440,2048,0,1025,269,268,0,178,256,162,94,0,0,256,1,512,268,268
125440,125440,1024,0,513,140,139,0,83,184,131,9,0,0,140,1,512,139,139
125440,125440,4096,0,37,7,7,0,6,8,7,0,0,0,7,0,0,7,7
125441,125440,2048,1,1025,269,268,0,175,256,138,118,0,0,256,1,512,268,268
125441,125440,1024,1,513,141,140,0,82,185,133,8,0,0,141,1,512,140,140
125441,125440,4096,1,37,10,10,0,8,12,10,0,0,0,10,0,0,10,10
125568,125568,1024,0,513,136,135,0,87,186,130,6,0,0,136,1,512,135,135
125569,125568,1024,1,513,135,134,0,89,186,129,6,0,0,135,1,512,134,134
125696,125696,2048,0,1025,276,275,0,180,256,195,61,0,0,256,1,512,275,275
125696,125696,1024,0,513,137,136,0,81,182,132,5,0,0,137,1,512,136,136
125697,125696,2048,1,1025,275,274,0,177,256,210,46,0,0,256,1,512,274,274
125697,125696,1024,1,513,137,136,0,80,182,132,5,0,0,137,1,512,136,136
125824,125824,1024,0,513,135,135,0,84,180,129,6,0,0,135,1,512,135,135
125825,125824,1024,1,513,134,134,0,84,179,128,6,0,0,134,1,512,134,134
125952,125952,2048,0,1025,287,286,0,185,256,215,41,0,0,256,1,512,286,286
125952,125952,1024,0,513,139,139,0,82,180,133,6,0,0,139,1,512,139,139
125952,125952,4096,0,37,8,7,0,6,8,8,0,0,0,8,0,0,7,7
125953,125952,2048,1,1025,285,284,0,182,256,209,47,0,0,256,1,512,284,284
125953,125952,1024,1,513,139,139,0,84,180,134,5,0,0,139,1,512,139,139
125953,125952,4096,1,37,10,9,0,9,12,10,0,0,0,10,0,0,9,9
126080,126080,1024,0,513,139,139,0,95,178,133,6,0,0,139,1,512,139,139
126081,126080,1024,1,513,137,137,0,94,177,131,6,0,0,137,1,512,137,137
126208,126208,2048,0,1025,280,279,0,175,256,177,79,0,0,256,1,512,279,279
126208,126208,1024,0,513,135,135,0,89,179,133,2,0,0,135,1,512,135,135
126209,126208,2048,1,1025,280,279,0,173,256,173,83,0,0,256,1,512,279,279
126209,126208,1024,1,513,137,137,0,88,178,133,4,0,0,137,1,512,137,137
126336,126336,1024,0,513,145,145,0,85,174,131,14,0,0,145,1,512,145,145
126337,126336,1024,1,513,144,144,0,84,175,131,13,0,0,144,1,512,144,144
126464,126464,2048,0,1025,282,281,0,196,256,195,61,0,0,256,1,512,281,281
126464,126464,1024,0,513,151,151,0,81,181,141,10,0,0,151,1,512,151,151
126464,126464,4096,0,37,7,6,0,6,8,7,0,0,0,7,0,0,6,6
126465,126464,2048,1,1025,281,280,0,194,256,190,66,0,0,256,1,512,280,280
126465,126464,1024,1,513,149,149,0,81,180,139,10,0,0,149,1,512,149,149
126465,126464,4096,1,37,9,8,0,8,12,9,0,0,0,9,0,0,8,8
126592,126592,1024,0,513,136,136,0,91,184,131,5,0,0,136,1,512,136,136
126593,126592,1024,1,513,138,138,0,90,185,132,6,0,0,138,1,512,138,138
126720,126720,2048,0,1025,266,266,0,169,256,162,94,0,0,256,1,512,266,266
126720,126720,1024,0,513,133,133,0,89,185,129,4,0,0,133,1,512,133,133
126721,126720,2048,1,1025,264,264,0,169,256,172,84,0,0,256,1,512,264,264
126721,126720,1024,1,513,132,132,0,88,187,128,4,0,0,132,1,512,132,132
126848,126848,1024,0,513,143,143,0,86,184,135,8,0,0,143,1,512,143,143
126849,126848,1024,1,513,143,143,0,85,184,136,7,0,0,143,1,512,143,143
126976,126976,2048,0,1025,274,273,0,171,256,166,90,0,0,256,1,512,273,273
126976,126976,1024,0,513,141,141,0,95,183,134,7,0,0,141,1,512,141,141
126976,126976,4096,0,37,8,7,0,6,8,8,0,0,0,8,0,0,7,7
126977,126976,2048,1,1025,272,271,0,172,256,178,78,0,0,256,1,512,271,271
126977,126976,1024,1,513,139,139,0,93,182,132,7,0,0,139,1,512,139,139
126977,126976,4096,1,37,10,9,0,8,12,10,0,0,0,10,0,0,9,9
127104,127104,1024,0,513,139,139,0,91,183,130,9,0,0,139,1,512,139,139
127105,127104,1024,1,513,138,138,0,89,183,129,9,0,0,138,1,512,138,138
127232,127232,2048,0,1025,278,278,0,186,256,217,39,0,0,256,1,512,278,278
127232,127232,1024,0,513,143,143,0,82,188,133,10,0,0,143,1,512,143,143
127233,127232,2048,1,1025,276,276,0,185,256,200,56,0,0,256,1,512,276,276
127233,127232,1024,1,513,141,141,0,81,186,132,9,0,0,141,1,512,141,141
127360,127360,1024,0,513,145,144,0,91,193,138,7,0,0,145,1,512,144,144
127361,127360,1024,1,513,144,143,0,92,190,137,7,0,0,144,1,512,143,143
127488,127488,2048,0,1025,280,280,0,174,256,157,99,0,0,256,1,512,280,280
127488,127488,1024,0,513,138,138,0,78,189,135,3,0,0,138,1,512,138,138
127488,127488,4096,0,37,7,6,0,6,8,7,0,0,0,7,0,0,6,6
127489,127488,2048,1,1025,279,279,0,175,256,140,116,0,0,256,1,512,279,279
127489,127488,1024,1,513,135,135,0,78,186,132,3,0,0,135,1,512,135,135
127489,127488,4096,1,37,8,7,0,6,11,8,0,0,0,8,0,0,7,7
127616,127616,1024,0,513,136,136,0,90,185,131,5,0,0,136,1,512,136,136
127617,127616,1024,1,513,134,134,0,87,182,130,4,0,0,134,1,512,134,134
127744,127744,2048,0,1025,278,278,0,176,256,157,99,0,0,256,1,512,278,278
127744,127744,1024,0,513,144,144,0,93,182,135,9,0,0,144,1,512,144,144
127745,127744,2048,1,1025,277,277,0,173,256,195,61,0,0,256,1,512,277,277
127745,127744,1024,1,513,142,142,0,91,178,132,10,0,0,142,1,512,142,142
127872,127872,1024,0,513,140,140,0,83,185,131,9,0,0,140,1,512,140,140
127873,127872,1024,1,513,140,140,0,84,181,129,11,0,0,140,1,512,140,140
128000,128000,2048,0,1025,288,288,0,184,256,166,90,0,0,256,1,512,288,288
128000,128000,1024,0,513,143,143,0,88,189,133,10,0,0,143,1,512,143,143
128000,128000,4096,0,37,7,6,0,5,8,6,1,0,0,7,1,512,6,6
128001,128000,2048,1,1025,289,289,0,182,256,110,146,0,0,256,1,512,289,289
128001,128000,1024,1,513,143,143,0,88,187,133,10,0,0,143,1,512,143,143
128001,128000,4096,1,37,10,9,0,6,11,10,0,0,0,10,0,0,9,9
128128,128128,1024,0,513,140,140,0,94,189,133,7,0,0,140,1,512,140,140
128129,128128,1024,1,513,138,138,0,93,187,131,7,0,0,138,1,512,138,138
128256,128256,2048,0,1025,280,280,0,179,256,184,72,0,0,256,1,512,280,280
128256,128256,1024,0,513,144,143,0,92,189,138,6,0,0,144,1,512,143,143
128257,128256,2048,1,1025,279,279,0,182,256,224,32,0,0,256,1,512,279,279
128257,128256,1024,1,513,141,140,0,87,187,135,6,0,0,141,1,512,140,140
128384,128384,1024,0,513,152,151,0,93,188,141,11,0,0,152,1,512,151,151
128385,128384,1024,1,513,152,151,0,93,185,141,11,0,0,152,1,512,151,151
128512,128512,2048,0,1025,285,285,0,175,256,220,36,0,0,256,1,512,285,285
128512,128512,1024,0,513,138,137,0,92,189,129,9,0,0,138,1,512,137,137
128512,128512,4096,0,37,7,6,0,6,9,7,0,0,0,7,0,0,6,6
128513,128512,2048,1,1025,284,284,0,173,256,214,42,0,0,256,1,512,284,284
128513,128512,1024,1,513,140,139,0,94,186,131,9,0,0,140,1,512,139,139
128513,128512,4096,1,37,8,7,0,6,10,8,0,0,0,8,0,0,7,7
128640,128640,1024,0,513,138,137,0,87,192,133,5,0,0,138,1,512,137,137
128641,128640,1024,1,513,139,138,0,88,189,133,6,0,0,139,1,512,138,138
128768,128768,2048,0,1025,291,291,0,188,256,147,109,0,0,256,1,512,291,291
128768,128768,1024,0,513,144,144,0,78,191,140,4,0,0,144,1,512,144,144
128769,128768,2048,1,1025,288,288,0,186,256,178,78,0,0,256,1,512,288,288
128769,128768,1024,1,513,142,142,0,79,189,138,4,0,0,142,1,512,142,142
128896,128896,1024,0,513,145,145,0,100,190,138,7,0,0,145,1,512,145,145
128897,128896,1024,1,513,141,141,0,99,187,135,6,0,0,141,1,512,141,141
129024,129024,2048,0,1025,286,286,0,184,256,113,143,0,0,256,1,512,286,286
129024,129024,1024,0,513,143,143,0,95,186,137,6,0,0,143,1,512,143,143
129024,129024,4096,0,37,7,6,0,5,9,7,0,0,0,7,0,0,6,6
129025,129024,2048,1,1025,283,283,0,182,256,145,111,0,0,256,1,512,283,283
129025,129024,1024,1,513,142,142,0,92,181,135,7,0,0,142,1,512,142,142
129025,129024,4096,1,37,11,10,0,7,10,9,2,0,0,11,1,512,10,10
129152,129152,1024,0,513,142,141,0,83,188,136,6,0,0,142,1,512,141,141
129153,129152,1024,1,513,140,139,0,80,184,135,5,0,0,140,1,512,139,139
129280,129280,2048,0,1025,289,289,0,192,256,225,31,0,0,256,1,512,289,289
129280,129280,1024,0,513,152,152,0,97,184,137,15,0,0,152,1,512,152,152
129281,129280,2048,1,1025,289,289,0,190,256,194,62,0,0,256,1,512,289,289
129281,129280,1024,1,513,151,151,0,97,179,136,15,0,0,151,1,512,151,151
129408,129408,1024,0,513,137,137,0,89,194,132,5,0,0,137,1,512,137,137
129409,129408,1024,1,513,135,135,0,86,190,130,5,0,0,135,1,512,135,135
129536,129536,2048,0,1025,281,281,0,195,256,200,56,0,0,256,1,512,281,281
129536,129536,1024,0,513,136,136,0,88,195,133,3,0,0,136,1,512,136,136
129536,129536,4096,0,37,8,7,0,6,8,8,0,0,0,8,0,0,7,7
129537,129536,2048,1,1025,280,280,0,194,256,200,56,0,0,256,1,512,280,280
129537,129536,1024,1,513,136,136,0,87,192,132,4,0,0,136,1,512,136,136
129537,129536,4096,1,37,9,8,0,7,12,9,0,0,0,9,0,0,8,8
129664,129664,1024,0,513,139,139,0,81,190,134,5,0,0,139,1,512,139,139
129665,129664,1024,1,513,137,137,0,80,189,132,5,0,0,137,1,512,137,137
129792,129792,2048,0,1025,279,279,0,186,256,199,57,0,0,256,1,512,279,279
129792,129792,1024,0,513,142,142,0,87,181,133,9,0,0,142,1,512,142,142
129793,129792,2048,1,1025,278,278,0,185,256,202,54,0,0,256,1,512,278,278
129793,129792,1024,1,513,143,143,0,86,181,134,9,0,0,143,1,512,143,143
129920,129920,1024,0,513,136,136,0,81,184,126,10,0,0,136,1,512,136,136
129921,129920,1024,1,513,136,136,0,81,185,127,9,0,0,136,1,512,136,136
130048,130048,2048,0,1025,283,282,0,169,256,210,46,0,0,256,1,512,282,282
130048,130048,1024,0,513,134,134,0,78,183,129,5,0,0,134,1,512,134,134
130048,130048,4096,0,37,6,5,0,5,8,6,0,0,0,6,0,0,5,5
130049,130048,2048,1,1025,280,279,0,168,256,209,47,0,0,256,1,512,279,279
130049,130048,1024,1,513,131,131,0,77,183,126,5,0,0,131,1,512,131,131
130049,130048,4096,1,37,9,8,0,5,12,9,0,0,0,9,0,0,8,8
130176,130176,1024,0,513,136,136,0,87,183,129,7,0,0,136,1,512,136,136
130177,130176,1024,1,513,135,135,0,83,183,127,8,0,0,135,1,512,135,135
130304,130304,2048,0,1025,283,282,0,188,256,200,56,0,0,256,1,512,282,282
130304,130304,1024,0,513,146,146,0,94,184,130,16,0,0,146,1,512,146,146
130305,130304,2048,1,1025,282,281,0,185,256,203,53,0,0,256,1,512,281,281
130305,130304,1024,1,513,145,145,0,94,185,130,15,0,0,145,1,512,145,145
130432,130432,1024,0,513,153,153,0,97,191,142,11,0,0,153,1,512,153,153
130433,130432,1024,1,513,149,149,0,94,190,139,10,0,0,149,1,512,149,149
130560,130560,2048,0,1025,279,278,0,185,256,143,113,0,0,256,1,512,278,278
130560,130560,1024,0,513,144,144,0,97,193,140,4,0,0,144,1,512,144,144
130560,130560,4096,0,37,8,7,0,5,8,8,0,0,0,8,0,0,7,7
130561,130560,2048,1,1025,279,278,0,184,256,128,128,0,0,256,1,512,278,278
130561,130560,1024,1,513,143,143,0,92,191,139,4,0,0,143,1,512,143,143
130561,130560,4096,1,37,8,8,0,5,11,8,0,0,0,8,0,0,8,8
130688,130688,1024,0,513,143,143,0,78,189,132,11,0,0,143,1,512,143,143
130689,130688,1024,1,513,144,144,0,77,187,133,11,0,0,144,1,512,144,144
130816,130816,2048,0,1025,280,279,0,188,256,226,30,0,0,256,1,512,279,279
130816,130816,1024,0,513,135,135,0,98,198,132,3,0,0,135,1,512,135,135
130817,130816,2048,1,1025,281,281,0,186,256,226,30,0,0,256,1,512,281,281
130817,130816,1024,1,513,134,134,0,97,196,131,3,0,0,134,1,512,134,134
130944,130944,1024,0,513,144,144,0,91,194,136,8,0,0,144,1,512,144,144
130945,130944,1024,1,513,141,141,0,91,192,134,7,0,0,141,1,512,141,141
131072,131072,2048,0,1025,297,297,0,188,256,74,182,0,0,256,1,512,297,297
131072,131072,1024,0,513,140,139,0,94,194,134,6,0,0,140,1,512,139,139
131072,131072,4096,0,37,7,7,0,6,8,7,0,0,0,7,0,0,7,7
131073,131072,2048,1,1025,295,295,0,188,256,88,168,0,0,256,1,512,295,295
131073,131072,1024,1,513,139,138,0,91,192,133,6,0,0,139,1,512,138,138
131073,131072,4096,1,37,8,8,0,6,11,8,0,0,0,8,0,0,8,8
131200,131200,1024,0,513,139,138,0,83,187,130,9,0,0,139,1,512,138,138
131201,131200,1024,1,513,139,138,0,85,185,132,7,0,0,139,1,512,138,138
131328,131328,2048,0,1025,289,289,0,173,256,219,37,0,0,256,1,512,289,289
131328,131328,1024,0,513,143,142,0,102,186,135,8,0,0,143,1,512,142,142
131329,131328,2048,1,1025,288,288,0,173,256,219,37,0,0,256,1,512,288,288
131329,131328,1024,1,513,141,140,0,103,181,134,7,0,0,141,1,512,140,140
131456,131456,1024,0,513,139,139,0,84,190,131,8,0,0,139,1,512,139,139
131457,131456,1024,1,513,139,139,0,82,185,130,9,0,0,139,1,512,139,139
131584,131584,2048,0,1025,281,280,0,184,256,200,56,0,0,256,1,512,280,280
131584,131584,1024,0,513,138,138,0,86,188,133,5,0,0,138,1,512,138,138
131584,131584,4096,0,37,6,6,0,6,8,6,0,0,0,6,0,0,6,6
131585,131584,2048,1,1025,279,278,0,180,256,210,46,0,0,256,1,512,278,278
131585,131584,1024,1,513,137,137,0,85,185,132,5,0,0,137,1,512,137,137
131585,131584,4096,1,37,9,9,0,7,10,9,0,0,0,9,0,0,9,9
131712,131712,1024,0,513,140,140,0,101,184,134,6,0,0,140,1,512,140,140
131713,131712,1024,1,513,142,142,0,102,181,136,6,0,0,142,1,512,142,142
131840,131840,2048,0,1025,280,279,0,179,256,213,43,0,0,256,1,512,279,279
131840,131840,1024,0,513,144,144,0,88,186,138,6,0,0,144,1,512,144,144
131841,131840,2048,1,1025,277,276,0,176,256,202,54,0,0,256,1,512,276,276
131841,131840,1024,1,513,143,143,0,88,184,138,5,0,0,143,1,512,143,143
131968,131968,1024,0,513,139,139,0,90,181,128,11,0,0,139,1,512,139,139
131969,131968,1024,1,513,137,137,0,90,179,127,10,0,0,137,1,512,137,137
132096,132096,2048,0,1025,272,271,0,178,256,222,34,0,0,256,1,512,271,271
132096,132096,1024,0,513,142,141,0,87,183,132,10,0,0,142,1,512,141,141
132096,132096,4096,0,37,7,7,0,6,8,7,0,0,0,7,0,0,7,7
132097,132096,2048,1,1025,272,271,0,178,256,210,46,0,0,256,1,512,271,271
132097,132096,1024,1,513,141,140,0,85,180,131,10,0,0,141,1,512,140,140
132097,132096,4096,1,37,8,8,0,8,10,8,0,0,0,8,0,0,8,8
132224,132224,1024,0,513,140,139,0,81,187,134,6,0,0,140,1,512,139,139
132225,132224,1024,1,513,140,139,0,80,184,134,6,0,0,140,1,512,139,139
132352,132352,2048,0,1025,284,282,0,178,256,187,69,0,0,256,1,512,282,282
132352,132352,1024,0,513,138,137,0,80,188,133,5,0,0,138,1,512,137,137
132353,132352,2048,1,1025,280,279,0,174,256,211,45,0,0,256,1,512,279,279
132353,132352,1024,1,513,136,135,0,82,186,131,5,0,0,136,1,512,135,135
132480,132480,1024,0,513,136,135,0,88,188,129,7,0,0,136,1,512,135,135
132481,132480,1024,1,513,136,135,0,88,185,129,7,0,0,136,1,512,135,135
132608,132608,2048,0,1025,279,277,0,191,256,177,79,0,0,256,1,512,277,277
132608,132608,1024,0,513,147,146,0,93,186,141,6,0,0,147,1,512,146,146
132608,132608,4096,0,37,8,7,0,7,8,8,0,0,0,8,0,0,7,7
132609,132608,2048,1,1025,277,276,0,190,256,178,78,0,0,256,1,512,276,276
132609,132608,1024,1,513,144,143,0,92,184,138,6,0,0,144,1,512,143,143
132609,132608,4096,1,37,10,9,0,7,10,9,1,0,0,10,1,512,9,9
132736,132736,1024,0,513,140,139,0,81,185,133,7,0,0,140,1,512,139,139
132737,132736,1024,1,513,138,137,0,79,183,132,6,0,0,138,1,512,137,137
132864,132864,2048,0,1025,279,278,0,176,256,118,138,0,0,256,1,512,278,278
132864,132864,1024,0,513,134,133,0,78,185,127,7,0,0,134,1,512,133,133
132865,132864,2048,1,1025,276,275,0,174,256,114,142,0,0,256,1,512,275,275
132865,132864,1024,1,513,133,132,0,77,182,126,7,0,0,133,1,512,132,132
132992,132992,1024,0,513,139,138,0,85,183,129,10,0,0,139,1,512,138,138
132993,132992,1024,1,513,137,136,0,85,181,126,11,0,0,137,1,512,136,136
133120,133120,2048,0,1025,282,281,0,182,256,228,28,0,0,256,1,512,281,281
133120,133120,1024,0,513,138,137,0,85,189,134,4,0,0,138,1,512,137,137
133120,133120,4096,0,37,7,6,0,6,8,7,0,0,0,7,0,0,6,6
133121,133120,2048,1,1025,282,281,0,181,256,221,35,0,0,256,1,512,281,281
133121,133120,1024,1,513,136,135,0,84,187,132,4,0,0,136,1,512,135,135
133121,133120,4096,1,37,9,8,0,6,11,9,0,0,0,9,0,0,8,8
133248,133248,1024,0,513,139,139,0,84,186,133,6,0,0,139,1,512,139,139
133249,133248,1024,1,513,138,138,0,84,182,131,7,0,0,138,1,512,138,138
133376,133376,2048,0,1025,285,284,0,175,256,199,57,0,0,256,1,512,284,284
133376,133376,1024,0,513,147,147,0,85,182,136,11,0,0,147,1,512,147,147
133377,133376,2048,1,1025,284,283,0,173,256,209,47,0,0,256,1,512,283,283
133377,133376,1024,1,513,145,145,0,84,180,134,11,0,0,145,1,512,145,145
133504,133504,1024,0,513,139,139,0,89,187,134,5,0,0,139,1,512,139,139
133505,133504,1024,1,513,136,136,0,84,184,131,5,0,0,136,1,512,136,136
133632,133632,2048,0,1025,296,296,0,189,256,153,103,0,0,256,1,512,296,296
133632,133632,1024,0,513,132,132,0,83,186,129,3,0,0,132,1,512,132,132
133632,133632,4096,0,37,8,8,0,6,8,7,1,0,0,8,1,512,8,8
133633,133632,2048,1,1025,297,296,0,187,256,146,110,0,0,256,1,512,296,296
133633,133632,1024,1,513,132,132,0,83,184,128,4,0,0,132,1,512,132,132
133633,133632,4096,1,37,9,9,0,6,10,9,0,0,0,9,0,0,9,9
133760,133760,1024,0,513,136,136,0,89,184,128,8,0,0,136,1,512,136,136
133761,133760,1024,1,513,136,136,0,87,183,128,8,0,0,136,1,512,136,136
133888,133888,2048,0,1025,290,289,0,182,256,108,148,0,0,256,1,512,289,289
133888,133888,1024,0,513,144,144,0,85,186,134,10,0,0,144,1,512,144,144
133889,133888,2048,1,1025,289,289,0,183,256,156,100,0,0,256,1,512,289,289
133889,133888,1024,1,513,141,141,0,89,185,131,10,0,0,141,1,512,141,141
134016,134016,1024,0,513,137,137,0,90,189,128,9,0,0,137,1,512,137,137
134017,134016,1024,1,513,134,134,0,86,187,126,8,0,0,134,1,512,134,134
134144,134144,2048,0,1025,281,281,0,178,256,175,81,0,0,256,1,512,281,281
134144,134144,1024,0,513,141,141,0,79,186,128,13,0,0,141,1,512,141,141
134144,134144,4096,0,37,7,7,0,7,9,7,0,0,0,7,0,0,7,7
134145,134144,2048,1,1025,279,279,0,180,256,165,91,0,0,256,1,512,279,279
134145,134144,1024,1,513,141,141,0,81,183,128,13,0,0,141,1,512,141,141
134145,134144,4096,1,37,9,9,0,6,10,8,1,0,0,9,1,512,9,9
134272,134272,1024,0,513,144,143,0,89,191,137,7,0,0,144,1,512,143,143
134273,134272,1024,1,513,143,142,0,87,187,135,8,0,0,143,1,512,142,142
134400,134400,2048,0,1025,275,274,0,179,256,206,50,0,0,256,1,512,274,274
134400,134400,1024,0,513,137,137,0,89,189,130,7,0,0,137,1,512,137,137
134401,134400,2048,1,1025,272,272,0,175,256,214,42,0,0,256,1,512,272,272
134401,134400,1024,1,513,135,135,0,91,186,128,7,0,0,135,1,512,135,135
134528,134528,1024,0,513,137,137,0,84,186,131,6,0,0,137,1,512,137,137
134529,134528,1024,1,513,136,136,0,80,182,129,7,0,0,136,1,512,136,136
134656,134656,2048,0,1025,288,287,0,183,256,132,124,0,0,256,1,512,287,287
134656,134656,1024,0,513,143,143,0,82,182,132,11,0,0,143,1,512,143,143
134656,134656,4096,0,37,6,6,0,5,9,6,0,0,0,6,0,0,6,6
134657,134656,2048,1,1025,286,286,0,181,256,133,123,0,0,256,1,512,286,286
134657,134656,1024,1,513,144,144,0,84,182,133,11,0,0,144,1,512,144,144
134657,134656,4096,1,37,10,10,0,7,11,9,1,0,0,10,1,512,10,10
134784,134784,1024,0,513,144,144,0,90,186,135,9,0,0,144,1,512,144,144
134785,134784,1024,1,513,142,142,0,89,184,134,8,0,0,142,1,512,142,142
134912,134912,2048,0,1025,279,279,0,175,256,214,42,0,0,256,1,512,279,279
134912,134912,1024,0,513,134,134,0,84,185,128,6,0,0,134,1,512,134,134
134913,134912,2048,1,1025,278,278,0,173,256,209,47,0,0,256,1,512,278,278
134913,134912,1024,1,513,135,135,0,82,183,128,7,0,0,135,1,512,135,135
135040,135040,1024,0,513,128,128,0,92,181,125,3,0,0,128,1,512,128,128
135041,135040,1024,1,513,127,127,0,92,181,124,3,0,0,127,1,512,127,127
135168,135168,2048,0,1025,270,269,0,167,256,207,49,0,0,256,1,512,269,269
135168,135168,1024,0,513,140,140,0,78,176,130,10,0,0,140,1,512,140,140
135168,135168,4096,0,37,8,7,0,5,9,8,0,0,0,8,0,0,7,7
135169,135168,2048,1,1025,269,269,0,165,256,210,46,0,0,256,1,512,269,269
135169,135168,1024,1,513,139,139,0,77,177,129,10,0,0,139,1,512,139,139
135169,135168,4096,1,37,8,7,0,6,12,8,0,0,0,8,0,0,7,7
135296,135296,1024,0,513,139,139,0,85,182,130,9,0,0,139,1,512,139,139
135297,135296,1024,1,513,139,139,0,87,183,130,9,0,0,139,1,512,139,139
135424,135424,2048,0,1025,271,271,0,169,256,186,70,0,0,256,1,512,271,271
135424,135424,1024,0,513,131,130,0,89,184,119,12,0,0,131,1,512,130,130
135425,135424,2048,1,1025,270,269,0,168,256,181,75,0,0,256,1,512,269,269
135425,135424,1024,1,513,129,128,0,89,184,118,11,0,0,129,1,512,128,128
135552,135552,1024,0,513,136,135,0,77,185,125,11,0,0,136,1,512,135,135
135553,135552,1024,1,513,136,135,0,77,184,125,11,0,0,136,1,512,135,135
135680,135680,2048,0,1025,290,289,0,177,256,194,62,0,0,256,1,512,289,289
135680,135680,1024,0,513,141,141,0,96,190,135,6,0,0,141,1,512,141,141
135680,135680,4096,0,37,7,6,0,6,9,7,0,0,0,7,0,0,6,6
135681,135680,2048,1,1025,286,286,0,177,256,218,38,0,0,256,1,512,286,286
135681,135680,1024,1,513,141,141,0,96,189,135,6,0,0,141,1,512,141,141
135681,135680,4096,1,37,11,10,0,7,12,10,1,0,0,11,1,512,10,10
135808,135808,1024,0,513,142,142,0,89,189,134,8,0,0,142,1,512,142,142
135809,135808,1024,1,513,141,141,0,88,187,133,8,0,0,141,1,512,141,141
135936,135936,2048,0,1025,277,277,0,167,256,174,82,0,0,256,1,512,277,277
135936,135936,1024,0,513,144,144,0,80,191,138,6,0,0,144,1,512,144,144
135937,135936,2048,1,1025,275,275,0,165,256,159,97,0,0,256,1,512,275,275
135937,135936,1024,1,513,143,143,0,77,189,137,6,0,0,143,1,512,143,143
136064,136064,1024,0,513,142,141,0,91,190,134,8,0,0,142,1,512,141,141
136065,136064,1024,1,513,140,139,0,91,189,132,8,0,0,140,1,512,139,139
136192,136192,2048,0,1025,285,285,0,176,256,203,53,0,0,256,1,512,285,285
136192,136192,1024,0,513,132,132,0,81,192,129,3,0,0,132,1,512,132,132
136192,136192,4096,0,37,6,5,0,5,9,6,0,0,0,6,0,0,5,5
136193,136192,2048,1,1025,283,283,0,172,256,205,51,0,0,256,1,512,283,283
136193,136192,1024,1,513,130,130,0,78,191,127,3,0,0,130,1,512,130,130
136193,136192,4096,1,37,10,9,0,8,13,9,1,0,0,10,1,512,9,9
136320,136320,1024,0,513,140,140,0,88,187,133,7,0,0,140,1,512,140,140
136321,136320,1024,1,513,139,139,0,85,186,132,7,0,0,139,1,512,139,139
136448,136448,2048,0,1025,278,278,0,183,256,208,48,0,0,256,1,512,278,278
136448,136448,1024,0,513,142,142,0,92,187,132,10,0,0,142,1,512,142,142
136449,136448,2048,1,1025,276,276,0,180,256,205,51,0,0,256,1,512,276,276
136449,136448,1024,1,513,141,141,0,94,185,132,9,0,0,141,1,512,141,141
136576,136576,1024,0,513,141,140,0,96,185,134,7,0,0,141,1,512,140,140
136577,136576,1024,1,513,141,140,0,94,183,134,7,0,0,141,1,512,140,140
136704,136704,2048,0,1025,280,280,0,174,256,177,79,0,0,256,1,512,280,280
136704,136704,1024,0,513,139,138,0,85,181,136,3,0,0,139,1,512,138,138
136704,136704,4096,0,37,7,6,0,5,9,7,0,0,0,7,0,0,6,6
136705,136704,2048,1,1025,281,281,0,172,256,148,108,0,0,256,1,512,281,281
136705,136704,1024,1,513,139,138,0,84,179,136,3,0,0,139,1,512,138,138
136705,136704,4096,1,37,11,10,0,8,13,9,2,0,0,11,1,512,10,10
136832,136832,1024,0,513,142,141,0,90,181,136,6,0,0,142,1,512,141,141
136833,136832,1024,1,513,142,141,0,89,179,136,6,0,0,142,1,512,141,141
136960,136960,2048,0,1025,282,282,0,188,256,168,88,0,0,256,1,512,282,282
136960,136960,1024,0,513,143,143,0,93,179,134,9,0,0,143,1,512,143,143
136961,136960,2048,1,1025,283,283,0,186,256,173,83,0,0,256,1,512,283,283
136961,136960,1024,1,513,143,143,0,92,178,134,9,0,0,143,1,512,143,143
137088,137088,1024,0,513,141,141,0,87,183,131,10,0,0,141,1,512,141,141
137089,137088,1024,1,513,141,141,0,87,183,131,10,0,0,141,1,512,141,141
137216,137216,2048,0,1025,278,278,0,180,256,127,129,0,0,256,1,512,278,278
137216,137216,1024,0,513,138,137,0,86,188,130,8,0,0,138,1,512,137,137
137216,137216,4096,0,37,8,7,0,6,8,8,0,0,0,8,0,0,7,7
137217,137216,2048,1,1025,277,277,0,179,256,175,81,0,0,256,1,512,277,277
137217,137216,1024,1,513,138,137,0,89,188,131,7,0,0,138,1,512,137,137
137217,137216,4096,1,37,10,10,0,8,14,10,0,0,0,10,0,0,10,10
137344,137344,1024,0,513,136,135,0,89,191,131,5,0,0,136,1,512,135,135
137345,137344,1024,1,513,135,134,0,86,191,130,5,0,0,135,1,512,134,134
137472,137472,2048,0,1025,282,282,0,178,256,215,41,0,0,256,1,512,282,282
137472,137472,1024,0,513,142,142,0,90,185,133,9,0,0,142,1,512,142,142
137473,137472,2048,1,1025,280,280,0,176,256,218,38,0,0,256,1,512,280,280
137473,137472,1024,1,513,140,140,0,88,185,131,9,0,0,140,1,512,140,140
137600,137600,1024,0,513,144,144,0,93,183,137,7,0,0,144,1,512,144,144
137601,137600,1024,1,513,146,146,0,91,183,139,7,0,0,146,1,512,146,146
137728,137728,2048,0,1025,279,279,0,162,256,140,116,0,0,256,1,512,279,279
137728,137728,1024,0,513,137,137,0,92,182,129,8,0,0,137,1,512,137,137
137728,137728,4096,0,37,7,6,0,6,8,7,0,0,0,7,0,0,6,6
137729,137728,2048,1,1025,279,279,0,162,256,117,139,0,0,256,1,512,279,279
137729,137728,1024,1,513,136,136,0,92,182,129,7,0,0,136,1,512,136,136
137729,137728,4096,1,37,10,9,0,6,14,10,0,0,0,10,0,0,9,9
137856,137856,1024,0,513,140,139,0,94,187,134,6,0,0,140,1,512,139,139
137857,137856,1024,1,513,139,138,0,92,186,133,6,0,0,139,1,512,138,138
137984,137984,2048,0,1025,284,284,0,167,256,181,75,0,0,256,1,512,284,284
137984,137984,1024,0,513,145,144,0,94,188,137,8,0,0,145,1,512,144,144
137985,137984,2048,1,1025,284,284,0,168,256,171,85,0,0,256,1,512,284,284
137985,137984,1024,1,513,145,144,0,93,187,137,8,0,0,145,1,512,144,144
138112,138112,1024,0,513,139,138,0,88,188,134,5,0,0,139,1,512,138,138
138113,138112,1024,1,513,138,137,0,91,187,133,5,0,0,138,1,512,137,137
138240,138240,2048,0,1025,283,283,0,177,256,193,63,0,0,256,1,512,283,283
138240,138240,1024,0,513,139,138,0,82,186,133,6,0,0,139,1,512,138,138
138240,138240,4096,0,37,7,7,0,6,8,7,0,0,0,7,0,0,7,7
138241,138240,2048,1,1025,282,282,0,178,256,201,55,0,0,256,1,512,282,282
138241,138240,1024,1,513,139,138,0,83,184,133,6,0,0,139,1,512,138,138
138241,138240,4096,1,37,8,8,0,7,13,8,0,0,0,8,0,0,8,8
138368,138368,1024,0,513,146,145,0,93,186,136,10,0,0,146,1,512,145,145
138369,138368,1024,1,513,144,143,0,92,184,135,9,0,0,144,1,512,143,143
138496,138496,2048,0,1025,275,275,0,183,256,195,61,0,0,256,1,512,275,275
138496,138496,1024,0,513,145,145,0,99,190,136,9,0,0,145,1,512,145,145
138497,138496,2048,1,1025,275,275,0,182,256,196,60,0,0,256,1,512,275,275
138497,138496,1024,1,513,141,141,0,98,188,132,9,0,0,141,1,512,141,141
138624,138624,1024,0,513,137,137,0,98,188,135,2,0,0,137,1,512,137,137
138625,138624,1024,1,513,135,135,0,97,186,133,2,0,0,135,1,512,135,135
138752,138752,2048,0,1025,272,272,0,161,256,210,46,0,0,256,1,512,272,272
138752,138752,1024,0,513,139,139,0,89,181,132,7,0,0,139,1,512,139,139
138752,138752,4096,0,37,8,7,0,6,8,8,0,0,0,8,0,0,7,7
138753,138752,2048,1,1025,269,269,0,162,256,209,47,0,0,256,1,512,269,269
138753,138752,1024,1,513,139,139,0,88,179,131,8,0,0,139,1,512,139,139
138753,138752,4096,1,37,9,9,0,7,12,8,1,0,0,9,1,512,9,9
138880,138880,1024,0,513,139,138,0,79,179,132,7,0,0,139,1,512,138,138
138881,138880,1024,1,513,137,136,0,78,177,130,7,0,0,137,1,512,136,136
139008,139008,2048,0,1025,287,287,0,173,256,207,49,0,0,256,1,512,287,287
139008,139008,1024,0,513,144,143,0,90,180,137,7,0,0,144,1,512,143,143
139009,139008,2048,1,1025,284,284,0,172,256,210,46,0,0,256,1,512,284,284
139009,139008,1024,1,513,143,142,0,88,179,136,7,0,0,143,1,512,142,142
139136,139136,1024,0,513,138,137,0,89,183,131,7,0,0,138,1,512,137,137
139137,139136,1024,1,513,138,137,0,88,181,129,9,0,0,138,1,512,137,137
139264,139264,2048,0,1025,284,284,0,175,256,200,56,0,0,256,1,512,284,284
139264,139264,1024,0,513,142,142,0,90,182,135,7,0,0,142,1,512,142,142
139264,139264,4096,0,37,7,6,0,6,8,7,0,0,0,7,0,0,6,6
139265,139264,2048,1,1025,283,283,0,175,256,191,65,0,0,256,1,512,283,283
139265,139264,1024,1,513,139,139,0,90,183,133,6,0,0,139,1,512,139,139
139265,139264,4096,1,37,10,10,0,8,13,10,0,0,0,10,0,0,10,10
139392,139392,1024,0,513,150,150,0,99,184,142,8,0,0,150,1,512,150,150
139393,139392,1024,1,513,148,148,0,98,182,139,9,0,0,148,1,512,148,148
139520,139520,2048,0,1025,284,284,0,194,256,183,73,0,0,256,1,512,284,284
139520,139520,1024,0,513,154,154,0,98,186,142,12,0,0,154,1,512,154,154
139521,139520,2048,1,1025,282,282,0,190,256,180,76,0,0,256,1,512,282,282
139521,139520,1024,1,513,153,153,0,96,186,142,11,0,0,153,1,512,153,153
139648,139648,1024,0,513,147,146,0,102,188,140,7,0,0,147,1,512,146,146
139649,139648,1024,1,513,147,146,0,100,187,140,7,0,0,147,1,512,146,146
139776,139776,2048,0,1025,271,271,0,176,256,118,138,0,0,256,1,512,271,271
139776,139776,1024,0,513,142,141,0,90,188,138,4,0,0,142,1,512,141,141
139776,139776,4096,0,37,8,7,0,6,8,8,0,0,0,8,0,0,7,7
139777,139776,2048,1,1025,270,270,0,174,256,143,113,0,0,256,1,512,270,270
139777,139776,1024,1,513,141,140,0,91,187,137,4,0,0,141,1,512,140,140
139777,139776,4096,1,37,10,9,0,5,13,10,0,0,0,10,0,0,9,9
139904,139904,1024,0,513,143,142,0,83,189,134,9,0,0,143,1,512,142,142
139905,139904,1024,1,513,142,141,0,83,187,135,7,0,0,142,1,512,141,141
140032,140032,2048,0,1025,277,277,0,160,256,187,69,0,0,256,1,512,277,277
140032,140032,1024,0,513,145,144,0,87,190,138,7,0,0,145,1,512,144,144
140033,140032,2048,1,1025,277,277,0,161,256,164,92,0,0,256,1,512,277,277
140033,140032,1024,1,513,145,144,0,85,186,136,9,0,0,145,1,512,144,144
140160,140160,1024,0,513,135,134,0,91,191,133,2,0,0,135,1,512,134,134
140161,140160,1024,1,513,134,133,0,89,189,132,2,0,0,134,1,512,133,133
140288,140288,2048,0,1025,278,277,0,190,256,228,28,0,0,256,1,512,277,277
140288,140288,1024,0,513,133,132,0,90,184,125,8,0,0,133,1,512,132,132
140288,140288,4096,0,37,8,7,0,7,8,8,0,0,0,8,0,0,7,7
140289,140288,2048,1,1025,276,275,0,188,256,228,28,0,0,256,1,512,275,275
140289,140288,1024,1,513,132,131,0,89,183,124,8,0,0,132,1,512,131,131
140289,140288,4096,1,37,8,7,0,5,12,8,0,0,0,8,0,0,7,7
140416,140416,1024,0,513,140,139,0,81,185,129,11,0,0,140,1,512,139,139
140417,140416,1024,1,513,136,135,0,79,184,126,10,0,0,136,1,512,135,135
140544,140544,2048,0,1025,280,279,0,176,256,177,79,0,0,256,1,512,279,279
140544,140544,1024,0,513,144,144,0,88,187,135,9,0,0,144,1,512,144,144
140545,140544,2048,1,1025,278,277,0,174,256,177,79,0,0,256,1,512,277,277
140545,140544,1024,1,513,146,146,0,86,185,135,11,0,0,146,1,512,146,146
140672,140672,1024,0,513,149,149,0,88,188,138,11,0,0,149,1,512,149,149
140673,140672,1024,1,513,148,148,0,87,188,137,11,0,0,148,1,512,148,148
140800,140800,2048,0,1025,275,274,0,174,256,193,63,0,0,256,1,512,274,274
140800,140800,1024,0,513,136,136,0,94,193,130,6,0,0,136,1,512,136,136
140800,140800,4096,0,37,7,7,0,5,8,6,1,0,0,7,1,512,7,7
140801,140800,2048,1,1025,276,275,0,174,256,181,75,0,0,256,1,512,275,275
140801,140800,1024,1,513,134,134,0,93,195,129,5,0,0,134,1,512,134,134
140801,140800,4096,1,37,8,8,0,7,12,8,0,0,0,8,0,0,8,8
140928,140928,1024,0,513,144,144,0,95,193,140,4,0,0,144,1,512,144,144
140929,140928,1024,1,513,144,144,0,90,194,140,4,0,0,144,1,512,144,144
141056,141056,2048,0,1025,274,273,0,151,256,208,48,0,0,256,1,512,273,273
141056,141056,1024,0,513,137,136,0,87,188,131,6,0,0,137,1,512,136,136
141057,141056,2048,1,1025,273,272,0,150,256,217,39,0,0,256,1,512,272,272
141057,141056,1024,1,513,140,139,0,88,189,133,7,0,0,140,1,512,139,139
141184,141184,1024,0,513,141,140,0,90,188,134,7,0,0,141,1,512,140,140
141185,141184,1024,1,513,140,139,0,92,190,134,6,0,0,140,1,512,139,139
141312,141312,2048,0,1025,279,278,0,177,256,186,70,0,0,256,1,512,278,278
141312,141312,1024,0,513,142,141,0,86,187,138,4,0,0,142,1,512,141,141
141312,141312,4096,0,37,8,8,0,5,9,7,1,0,0,8,1,512,8,8
141313,141312,2048,1,1025,276,275,0,176,256,199,57,0,0,256,1,512,275,275
141313,141312,1024,1,513,141,140,0,84,187,137,4,0,0,141,1,512,140,140
141313,141312,4096,1,37,8,8,0,8,12,8,0,0,0,8,0,0,8,8
141440,141440,1024,0,513,148,147,0,95,188,139,9,0,0,148,1,512,147,147
141441,141440,1024,1,513,142,141,0,93,189,134,8,0,0,142,1,512,141,141
141568,141568,2048,0,1025,276,275,0,169,256,88,168,0,0,256,1,512,275,275
141568,141568,1024,0,513,140,139,0,98,193,133,7,0,0,140,1,512,139,139
141569,141568,2048,1,1025,273,272,0,168,256,90,166,0,0,256,1,512,272,272
141569,141568,1024,1,513,139,138,0,95,193,134,5,0,0,139,1,512,138,138
141696,141696,1024,0,513,143,142,0,84,192,134,9,0,0,143,1,512,142,142
141697,141696,1024,1,513,140,139,0,84,190,130,10,0,0,140,1,512,139,139
141824,141824,2048,0,1025,278,277,0,171,256,113,143,0,0,256,1,512,277,277
141824,141824,1024,0,513,145,145,0,85,192,137,8,0,0,145,1,512,145,145
141824,141824,4096,0,37,7,7,0,7,10,7,0,0,0,7,0,0,7,7
141825,141824,2048,1,1025,277,276,0,170,256,79,177,0,0,256,1,512,276,276
141825,141824,1024,1,513,142,142,0,83,189,135,7,0,0,142,1,512,142,142
141825,141824,4096,1,37,10,10,0,8,11,9,1,0,0,10,1,512,10,10
141952,141952,1024,0,513,138,138,0,85,190,130,8,0,0,138,1,512,138,138
141953,141952,1024,1,513,136,136,0,84,187,128,8,0,0,136,1,512,136,136
142080,142080,2048,0,1025,287,287,0,164,256,125,131,0,0,256,1,512,287,287
142080,142080,1024,0,513,137,137,0,85,186,133,4,0,0,137,1,512,137,137
142081,142080,2048,1,1025,285,285,0,163,256,160,96,0,0,256,1,512,285,285
142081,142080,1024,1,513,139,139,0,84,184,135,4,0,0,139,1,512,139,139
142208,142208,1024,0,513,144,143,0,83,182,131,13,0,0,144,1,512,143,143
142209,142208,1024,1,513,143,142,0,83,180,130,13,0,0,143,1,512,142,142
142336,142336,2048,0,1025,282,282,0,176,256,191,65,0,0,256,1,512,282,282
142336,142336,1024,0,513,141,140,0,86,189,131,10,0,0,141,1,512,140,140
142336,142336,4096,0,37,7,6,0,6,10,7,0,0,0,7,0,0,6,6
142337,142336,2048,1,1025,282,282,0,176,256,165,91,0,0,256,1,512,282,282
142337,142336,1024,1,513,140,139,0,84,187,130,10,0,0,140,1,512,139,139
142337,142336,4096,1,37,10,10,0,8,12,9,1,0,0,10,1,512,10,10
142464,142464,1024,0,513,143,143,0,97,189,137,6,0,0,143,1,512,143,143
142465,142464,1024,1,513,142,142,0,96,189,136,6,0,0,142,1,512,142,142
142592,142592,2048,0,1025,285,285,0,189,256,230,26,0,0,256,1,512,285,285
142592,142592,1024,0,513,144,144,0,93,189,135,9,0,0,144,1,512,144,144
142593,142592,2048,1,1025,283,283,0,187,256,229,27,0,0,256,1,512,283,283
142593,142592,1024,1,513,143,143,0,91,190,134,9,0,0,143,1,512,143,143
142720,142720,1024,0,513,141,141,0,84,186,131,10,0,0,141,1,512,141,141
142721,142720,1024,1,513,140,140,0,85,186,130,10,0,0,140,1,512,140,140
142848,142848,2048,0,1025,286,286,0,186,256,193,63,0,0,256,1,512,286,286
142848,142848,1024,0,513,148,148,0,92,184,140,8,0,0,148,1,512,148,148
142848,142848,4096,0,37,8,7,0,6,10,8,0,0,0,8,0,0,7,7
142849,142848,2048,1,1025,285,285,0,184,256,204,52,0,0,256,1,512,285,285
142849,142848,1024,1,513,147,147,0,88,183,140,7,0,0,147,1,512,147,147
142849,142848,4096,1,37,9,8,0,6,11,8,1,0,0,9,1,512,8,8
142976,142976,1024,0,513,137,137,0,92,183,131,6,0,0,137,1,512,137,137
142977,142976,1024,1,513,137,137,0,91,181,131,6,0,0,137,1,512,137,137
143104,143104,2048,0,1025,279,279,0,185,256,197,59,0,0,256,1,512,279,279
143104,143104,1024,0,513,139,139,0,86,185,137,2,0,0,139,1,512,139,139
143105,143104,2048,1,1025,278,278,0,186,256,203,53,0,0,256,1,512,278,278
143105,143104,1024,1,513,135,135,0,84,183,133,2,0,0,135,1,512,135,135
143232,143232,1024,0,513,132,132,0,87,179,123,9,0,0,132,1,512,132,132
143233,143232,1024,1,513,129,129,0,83,178,121,8,0,0,129,1,512,129,129
143360,143360,2048,0,1025,274,274,0,170,256,211,45,0,0,256,1,512,274,274
143360,143360,1024,0,513,136,135,0,86,180,128,8,0,0,136,1,512,135,135
143360,143360,4096,0,37,8,7,0,7,9,8,0,0,0,8,0,0,7,7
143361,143360,2048,1,1025,272,272,0,168,256,208,48,0,0,256,1,512,272,272
143361,143360,1024,1,513,134,133,0,83,178,126,8,0,0,134,1,512,133,133
143361,143360,4096,1,37,10,9,0,6,12,10,0,0,0,10,0,0,9,9
143488,143488,1024,0,513,135,134,0,85,185,126,9,0,0,135,1,512,134,134
143489,143488,1024,1,513,136,135,0,85,182,127,9,0,0,136,1,512,135,135
143616,143616,2048,0,1025,289,289,0,171,256,193,63,0,0,256,1,512,289,289
143616,143616,1024,0,513,139,138,0,83,184,133,6,0,0,139,1,512,138,138
143617,143616,2048,1,1025,288,288,0,171,256,185,71,0,0,256,1,512,288,288
143617,143616,1024,1,513,138,137,0,83,181,131,7,0,0,138,1,512,137,137
143744,143744,1024,0,513,139,139,0,91,181,132,7,0,0,139,1,512,139,139
143745,143744,1024,1,513,135,135,0,86,180,130,5,0,0,135,1,512,135,135
143872,143872,2048,0,1025,275,275,0,163,256,105,151,0,0,256,1,512,275,275
143872,143872,1024,0,513,135,135,0,87,179,129,6,0,0,135,1,512,135,135
143872,143872,4096,0,37,6,6,0,6,8,6,0,0,0,6,0,0,6,6
143873,143872,2048,1,1025,274,274,0,163,256,109,147,0,0,256,1,512,274,274
143873,143872,1024,1,513,132,132,0,84,176,126,6,0,0,132,1,512,132,132
143873,143872,4096,1,37,9,9,0,7,12,8,1,0,0,9,1,512,9,9
144000,144000,1024,0,513,136,136,0,86,176,126,10,0,0,136,1,512,136,136
144001,144000,1024,1,513,136,136,0,86,173,126,10,0,0,136,1,512,136,136
144128,144128,2048,0,1025,281,280,0,179,256,219,37,0,0,256,1,512,280,280
144128,144128,1024,0,513,141,140,0,87,181,133,8,0,0,141,1,512,140,140
144129,144128,2048,1,1025,279,279,0,175,256,216,40,0,0,256,1,512,279,279
144129,144128,1024,1,513,141,140,0,86,177,132,9,0,0,141,1,512,140,140
144256,144256,1024,0,513,148,147,0,100,182,140,8,0,0,148,1,512,147,147
144257,144256,1024,1,513,147,146,0,97,179,138,9,0,0,147,1,512,146,146
144384,144384,2048,0,1025,278,278,0,169,256,204,52,0,0,256,1,512,278,278
144384,144384,1024,0,513,148,148,0,86,182,139,9,0,0,148,1,512,148,148
144384,144384,4096,0,37,7,7,0,5,8,7,0,0,0,7,0,0,7,7
144385,144384,2048,1,1025,275,275,0,168,256,218,38,0,0,256,1,512,275,275
144385,144384,1024,1,513,147,147,0,86,181,138,9,0,0,147,1,512,147,147
144385,144384,4096,1,37,9,9,0,6,12,8,1,0,0,9,1,512,9,9
144512,144512,1024,0,513,145,145,0,88,188,137,8,0,0,145,1,512,145,145
144513,144512,1024,1,513,144,144,0,89,187,137,7,0,0,144,1,512,144,144
144640,144640,2048,0,1025,272,272,0,169,256,174,82,0,0,256,1,512,272,272
144640,144640,1024,0,513,144,144,0,90,192,135,9,0,0,144,1,512,144,144
144641,144640,2048,1,1025,268,268,0,164,256,179,77,0,0,256,1,512,268,268
144641,144640,1024,1,513,143,143,0,90,190,132,11,0,0,143,1,512,143,143
144768,144768,1024,0,513,145,145,0,85,195,144,1,0,0,145,1,512,145,145
144769,144768,1024,1,513,144,144,0,84,195,143,1,0,0,144,1,512,144,144
144896,144896,2048,0,1025,285,285,0,180,256,156,100,0,0,256,1,512,285,285
144896,144896,1024,0,513,142,141,0,94,188,134,8,0,0,142,1,512,141,141
144896,144896,4096,0,37,7,7,0,7,8,7,0,0,0,7,0,0,7,7
144897,144896,2048,1,1025,282,282,0,176,256,153,103,0,0,256,1,512,282,282
144897,144896,1024,1,513,141,140,0,93,189,134,7,0,0,141,1,512,140,140
144897,144896,4096,1,37,8,8,0,7,13,8,0,0,0,8,0,0,8,8
145024,145024,1024,0,513,141,140,0,89,187,133,8,0,0,141,1,512,140,140
145025,145024,1024,1,513,141,140,0,90,186,132,9,0,0,141,1,512,140,140
145152,145152,2048,0,1025,281,281,0,179,256,171,85,0,0,256,1,512,281,281
145152,145152,1024,0,513,152,151,0,95,189,143,9,0,0,152,1,512,151,151
145153,145152,2048,1,1025,280,280,0,177,256,156,100,0,0,256,1,512,280,280
145153,145152,1024,1,513,149,148,0,95,189,140,9,0,0,149,1,512,148,148
145280,145280,1024,0,513,146,145,0,107,191,143,3,0,0,146,1,512,145,145
145281,145280,1024,1,513,144,143,0,105,190,141,3,0,0,144,1,512,143,143
145408,145408,2048,0,1025,276,275,0,173,256,188,68,0,0,256,1,512,275,275
145408,145408,1024,0,513,140,139,0,84,185,132,8,0,0,140,1,512,139,139
145408,145408,4096,0,37,6,5,0,5,8,6,0,0,0,6,0,0,5,5
145409,145408,2048,1,1025,273,273,0,171,256,203,53,0,0,256,1,512,273,273
145409,145408,1024,1,513,140,139,0,82,184,133,7,0,0,140,1,512,139,139
145409,145408,4096,1,37,10,10,0,6,13,10,0,0,0,10,0,0,10,10
145536,145536,1024,0,513,143,142,0,83,186,133,10,0,0,143,1,512,142,142
145537,145536,1024,1,513,143,142,0,82,184,133,10,0,0,143,1,512,142,142
145664,145664,2048,0,1025,278,277,0,187,256,224,32,0,0,256,1,512,277,277
145664,145664,1024,0,513,141,140,0,93,191,138,3,0,0,141,1,512,140,140
145665,145664,2048,1,1025,276,275,0,184,256,217,39,0,0,256,1,512,275,275
145665,145664,1024,1,513,139,138,0,93,188,136,3,0,0,139,1,512,138,138
145792,145792,1024,0,513,144,144,0,101,191,134,10,0,0,144,1,512,144,144
145793,145792,1024,1,513,144,144,0,97,188,135,9,0,0,144,1,512,144,144
145920,145920,2048,0,1025,293,292,0,168,256,168,88,0,0,256,1,512,292,292
145920,145920,1024,0,513,147,147,0,95,190,141,6,0,0,147,1,512,147,147
145920,145920,4096,0,37,8,8,0,5,8,8,0,0,0,8,0,0,8,8
145921,145920,2048,1,1025,289,288,0,169,256,144,112,0,0,256,1,512,288,288
145921,145920,1024,1,513,146,146,0,96,186,140,6,0,0,146,1,512,146,146
145921,145920,4096,1,37,9,9,0,7,11,9,0,0,0,9,0,0,9,9
146048,146048,1024,0,513,143,143,0,92,189,141,2,0,0,143,1,512,143,143
146049,146048,1024,1,513,140,140,0,92,186,136,4,0,0,140,1,512,140,140
146176,146176,2048,0,1025,283,282,0,192,256,134,122,0,0,256,1,512,282,282
146176,146176,1024,0,513,146,146,0,91,180,135,11,0,0,146,1,512,146,146
146177,146176,2048,1,1025,279,279,0,186,256,157,99,0,0,256,1,512,279,279
146177,146176,1024,1,513,146,146,0,90,180,135,11,0,0,146,1,512,146,146
146304,146304,1024,0,513,144,144,0,90,184,139,5,0,0,144,1,512,144,144
146305,146304,1024,1,513,142,142,0,89,184,137,5,0,0,142,1,512,142,142
146432,146432,2048,0,1025,273,273,0,184,256,224,32,0,0,256,1,512,273,273
146432,146432,1024,0,513,139,139,0,96,183,136,3,0,0,139,1,512,139,139
146432,146432,4096,0,37,7,7,0,6,8,7,0,0,0,7,0,0,7,7
146433,146432,2048,1,1025,270,270,0,181,256,221,35,0,0,256,1,512,270,270
146433,146432,1024,1,513,140,140,0,94,183,137,3,0,0,140,1,512,140,140
146433,146432,4096,1,37,10,10,0,7,11,9,1,0,0,10,1,512,10,10
146560,146560,1024,0,513,148,148,0,92,181,141,7,0,0,148,1,512,148,148
146561,146560,1024,1,513,149,149,0,93,181,142,7,0,0,149,1,512,149,149
146688,146688,2048,0,1025,285,285,0,188,256,201,55,0,0,256,1,512,285,285
146688,146688,1024,0,513,146,145,0,89,179,138,8,0,0,146,1,512,145,145
146689,146688,2048,1,1025,283,283,0,187,256,204,52,0,0,256,1,512,283,283
146689,146688,1024,1,513,145,144,0,87,180,138,7,0,0,145,1,512,144,144
146816,146816,1024,0,513,146,145,0,96,184,136,10,0,0,146,1,512,145,145
146817,146816,1024,1,513,145,144,0,95,183,135,10,0,0,145,1,512,144,144
146944,146944,2048,0,1025,280,280,0,175,256,194,62,0,0,256,1,512,280,280
146944,146944,1024,0,513,147,146,0,93,186,136,11,0,0,147,1,512,146,146
146944,146944,4096,0,37,6,6,0,6,8,6,0,0,0,6,0,0,6,6
146945,146944,2048,1,1025,279,279,0,174,256,186,70,0,0,256,1,512,279,279
146945,146944,1024,1,513,146,145,0,92,184,135,11,0,0,146,1,512,145,145
146945,146944,4096,1,37,7,7,0,7,12,7,0,0,0,7,0,0,7,7
147072,147072,1024,0,513,138,138,0,94,194,135,3,0,0,138,1,512,138,138
147073,147072,1024,1,513,135,135,0,92,192,132,3,0,0,135,1,512,135,135
147200,147200,2048,0,1025,272,272,0,179,256,194,62,0,0,256,1,512,272,272
147200,147200,1024,0,513,143,143,0,90,189,138,5,0,0,143,1,512,143,143
147201,147200,2048,1,1025,271,271,0,179,256,179,77,0,0,256,1,512,271,271
147201,147200,1024,1,513,144,144,0,89,187,138,6,0,0,144,1,512,144,144
147328,147328,1024,0,513,149,149,0,87,180,136,13,0,0,149,1,512,149,149
147329,147328,1024,1,513,148,148,0,88,180,137,11,0,0,148,1,512,148,148
147456,147456,2048,0,1025,272,272,0,176,256,194,62,0,0,256,1,512,272,272
147456,147456,1024,0,513,142,142,0,89,187,138,4,0,0,142,1,512,142,142
147456,147456,4096,0,37,7,7,0,6,8,7,0,0,0,7,0,0,7,7
147457,147456,2048,1,1025,273,272,0,174,256,159,97,0,0,256,1,512,272,272
147457,147456,1024,1,513,141,141,0,88,185,137,4,0,0,141,1,512,141,141
147457,147456,4096,1,37,9,9,0,6,12,9,0,0,0,9,0,0,9,9
147584,147584,1024,0,513,137,137,0,79,184,131,6,0,0,137,1,512,137,137
147585,147584,1024,1,513,134,134,0,79,183,127,7,0,0,134,1,512,134,134
147712,147712,2048,0,1025,273,272,0,181,256,179,77,0,0,256,1,512,272,272
147712,147712,1024,0,513,138,138,0,89,184,131,7,0,0,138,1,512,138,138
147713,147712,2048,1,1025,272,272,0,178,256,213,43,0,0,256,1,512,272,272
147713,147712,1024,1,513,138,138,0,87,184,131,7,0,0,138,1,512,138,138
147840,147840,1024,0,513,139,139,0,81,185,129,10,0,0,139,1,512,139,139
147841,147840,1024,1,513,139,139,0,80,185,129,10,0,0,139,1,512,139,139
147968,147968,2048,0,1025,290,290,0,189,256,212,44,0,0,256,1,512,290,290
147968,147968,1024,0,513,145,145,0,91,188,135,10,0,0,145,1,512,145,145
147968,147968,4096,0,37,7,7,0,7,8,7,0,0,0,7,0,0,7,7
147969,147968,2048,1,1025,286,286,0,191,256,229,27,0,0,256,1,512,286,286
147969,147968,1024,1,513,145,145,0,90,187,136,9,0,0,145,1,512,145,145
147969,147968,4096,1,37,8,8,0,7,12,8,0,0,0,8,0,0,8,8
148096,148096,1024,0,513,142,142,0,81,189,134,8,0,0,142,1,512,142,142
148097,148096,1024,1,513,140,140,0,82,188,134,6,0,0,140,1,512,140,140
148224,148224,2048,0,1025,276,276,0,179,256,178,78,0,0,256,1,512,276,276
148224,148224,1024,0,513,142,141,0,93,189,135,7,0,0,142,1,512,141,141
148225,148224,2048,1,1025,274,274,0,175,256,172,84,0,0,256,1,512,274,274
148225,148224,1024,1,513,140,139,0,89,186,133,7,0,0,140,1,512,139,139
148352,148352,1024,0,513,136,135,0,91,189,133,3,0,0,136,1,512,135,135
148353,148352,1024,1,513,136,135,0,88,187,133,3,0,0,136,1,512,135,135
148480,148480,2048,0,1025,279,279,0,173,256,193,63,0,0,256,1,512,279,279
148480,148480,1024,0,513,142,141,0,85,184,138,4,0,0,142,1,512,141,141
148480,148480,4096,0,37,6,6,0,5,8,6,0,0,0,6,0,0,6,6
148481,148480,2048,1,1025,278,278,0,171,256,180,76,0,0,256,1,512,278,278
148481,148480,1024,1,513,141,140,0,87,182,137,4,0,0,141,1,512,140,140
148481,148480,4096,1,37,9,8,0,6,11,8,1,0,0,9,1,512,8,8
148608,148608,1024,0,513,142,141,0,90,177,135,7,0,0,142,1,512,141,141
148609,148608,1024,1,513,142,141,0,90,176,135,7,0,0,142,1,512,141,141
148736,148736,2048,0,1025,278,278,0,172,256,212,44,0,0,256,1,512,278,278
148736,148736,1024,0,513,145,144,0,85,178,134,11,0,0,145,1,512,144,144
148737,148736,2048,1,1025,275,275,0,170,256,212,44,0,0,256,1,512,275,275
148737,148736,1024,1,513,142,141,0,83,177,131,11,0,0,142,1,512,141,141
148864,148864,1024,0,513,139,138,0,94,184,133,6,0,0,139,1,512,138,138
148865,148864,1024,1,513,137,136,0,94,183,130,7,0,0,137,1,512,136,136
148992,148992,2048,0,1025,283,283,0,181,256,200,56,0,0,256,1,512,283,283
148992,148992,1024,0,513,139,138,0,82,187,132,7,0,0,139,1,512,138,138
148992,148992,4096,0,37,8,7,0,5,7,7,1,0,0,8,1,512,7,7
148993,148992,2048,1,1025,282,282,0,178,256,188,68,0,0,256,1,512,282,282
148993,148992,1024,1,513,136,135,0,81,187,129,7,0,0,136,1,512,135,135
148993,148992,4096,1,37,11,10,0,8,11,11,0,0,0,11,0,0,10,10
149120,149120,1024,0,513,138,137,0,88,185,130,8,0,0,138,1,512,137,137
149121,149120,1024,1,513,138,137,0,87,185,129,9,0,0,138,1,512,137,137
149248,149248,2048,0,1025,275,274,0,166,256,128,128,0,0,256,1,512,274,274
149248,149248,1024,0,513,140,139,0,83,186,133,7,0,0,140,1,512,139,139
149249,149248,2048,1,1025,274,273,0,163,256,118,138,0,0,256,1,512,273,273
149249,149248,1024,1,513,139,138,0,85,186,132,7,0,0,139,1,512,138,138
149376,149376,1024,0,513,141,140,0,89,183,132,9,0,0,141,1,512,140,140
149377,149376,1024,1,513,139,138,0,89,182,132,7,0,0,139,1,512,138,138
149504,149504,2048,0,1025,280,278,0,173,256,158,98,0,0,256,1,512,278,278
149504,149504,1024,0,513,139,138,0,92,183,131,8,0,0,139,1,512,138,138
149504,149504,4096,0,37,8,7,0,7,8,8,0,0,0,8,0,0,7,7
149505,149504,2048,1,1025,278,277,0,173,256,169,87,0,0,256,1,512,277,277
149505,149504,1024,1,513,137,136,0,90,179,128,9,0,0,137,1,512,136,136
149505,149504,4096,1,37,10,9,0,8,11,10,0,0,0,10,0,0,9,9
149632,149632,1024,0,513,137,136,0,94,183,130,7,0,0,137,1,512,136,136
149633,149632,1024,1,513,134,133,0,94,181,128,6,0,0,134,1,512,133,133
149760,149760,2048,0,1025,278,277,0,169,256,178,78,0,0,256,1,512,277,277
149760,149760,1024,0,513,142,141,0,78,181,130,12,0,0,142,1,512,141,141
149761,149760,2048,1,1025,276,275,0,169,256,191,65,0,0,256,1,512,275,275
149761,149760,1024,1,513,141,140,0,78,178,130,11,0,0,141,1,512,140,140
149888,149888,1024,0,513,139,138,0,92,186,134,5,0,0,139,1,512,138,138
149889,149888,1024,1,513,139,138,0,91,183,134,5,0,0,139,1,512,138,138
150016,150016,2048,0,1025,260,259,0,171,256,219,37,0,0,256,1,512,259,259
150016,150016,1024,0,513,143,142,0,84,186,129,14,0,0,143,1,512,142,142
150016,150016,4096,0,37,7,6,0,6,8,7,0,0,0,7,0,0,6,6
150017,150016,2048,1,1025,258,257,0,169,256,220,36,0,0,256,1,512,257,257
150017,150016,1024,1,513,140,139,0,83,183,127,13,0,0,140,1,512,139,139
150017,150016,4096,1,37,10,9,0,9,11,10,0,0,0,10,0,0,9,9
150144,150144,1024,0,513,138,137,0,90,194,129,9,0,0,138,1,512,137,137
150145,150144,1024,1,513,137,136,0,89,191,128,9,0,0,137,1,512,136,136
150272,150272,2048,0,1025,280,279,0,180,256,150,106,0,0,256,1,512,279,279
150272,150272,1024,0,513,141,141,0,74,192,133,8,0,0,141,1,512,141,141
150273,150272,2048,1,1025,278,277,0,178,256,166,90,0,0,256,1,512,277,277
150273,150272,1024,1,513,141,141,0,74,190,134,7,0,0,141,1,512,141,141
150400,150400,1024,0,513,145,144,0,91,190,137,8,0,0,145,1,512,144,144
150401,150400,1024,1,513,144,143,0,93,189,136,8,0,0,144,1,512,143,143
150528,150528,2048,0,1025,286,285,0,170,256,198,58,0,0,256,1,512,285,285
150528,150528,1024,0,513,138,137,0,76,192,132,6,0,0,138,1,512,137,137
150528,150528,4096,0,37,8,7,0,6,8,8,0,0,0,8,0,0,7,7
150529,150528,2048,1,1025,287,286,0,169,256,112,144,0,0,256,1,512,286,286
150529,150528,1024,1,513,136,135,0,75,191,131,5,0,0,136,1,512,135,135
150529,150528,4096,1,37,10,10,0,8,11,10,0,0,0,10,0,0,10,10
150656,150656,1024,0,513,141,140,0,90,187,132,9,0,0,141,1,512,140,140
150657,150656,1024,1,513,137,136,0,87,185,129,8,0,0,137,1,512,136,136
150784,150784,2048,0,1025,273,272,0,175,256,212,44,0,0,256,1,512,272,272
150784,150784,1024,0,513,136,136,0,84,185,128,8,0,0,136,1,512,136,136
150785,150784,2048,1,1025,272,271,0,176,256,216,40,0,0,256,1,512,271,271
150785,150784,1024,1,513,136,136,0,83,181,129,7,0,0,136,1,512,136,136
150912,150912,1024,0,513,135,135,0,78,186,127,8,0,0,135,1,512,135,135
150913,150912,1024,1,513,135,135,0,79,181,126,9,0,0,135,1,512,135,135
151040,151040,2048,0,1025,292,292,0,175,256,177,79,0,0,256,1,512,292,292
151040,151040,1024,0,513,141,141,0,79,183,127,14,0,0,141,1,512,141,141
151040,151040,4096,0,37,7,7,0,7,8,7,0,0,0,7,0,0,7,7
151041,151040,2048,1,1025,291,291,0,176,256,191,65,0,0,256,1,512,291,291
151041,151040,1024,1,513,141,141,0,80,179,127,14,0,0,141,1,512,141,141
151041,151040,4096,1,37,9,9,0,8,11,9,0,0,0,9,0,0,9,9
151168,151168,1024,0,513,144,144,0,91,191,136,8,0,0,144,1,512,144,144
151169,151168,1024,1,513,144,144,0,92,187,136,8,0,0,144,1,512,144,144
151296,151296,2048,0,1025,283,283,0,186,256,140,116,0,0,256,1,512,283,283
151296,151296,1024,0,513,138,138,0,84,190,132,6,0,0,138,1,512,138,138
151297,151296,2048,1,1025,280,280,0,185,256,157,99,0,0,256,1,512,280,280
151297,151296,1024,1,513,135,135,0,85,188,130,5,0,0,135,1,512,135,135
151424,151424,1024,0,513,134,134,0,84,191,130,4,0,0,134,1,512,134,134
151425,151424,1024,1,513,135,135,0,85,188,130,5,0,0,135,1,512,135,135
151552,151552,2048,0,1025,284,284,0,200,256,140,116,0,0,256,1,512,284,284
151552,151552,1024,0,513,144,144,0,85,180,133,11,0,0,144,1,512,144,144
151552,151552,4096,0,37,6,6,0,5,8,6,0,0,0,6,0,0,6,6
151553,151552,2048,1,1025,284,284,0,199,256,142,114,0,0,256,1,512,284,284
151553,151552,1024,1,513,145,145,0,87,179,135,10,0,0,145,1,512,145,145
151553,151552,4096,1,37,10,10,0,9,11,10,0,0,0,10,0,0,10,10
151680,151680,1024,0,513,141,140,0,93,186,133,8,0,0,141,1,512,140,140
151681,151680,1024,1,513,141,140,0,93,184,133,8,0,0,141,1,512,140,140
151808,151808,2048,0,1025,275,275,0,190,256,181,75,0,0,256,1,512,275,275
151808,151808,1024,0,513,139,138,0,87,185,133,6,0,0,139,1,512,138,138
151809,151808,2048,1,1025,274,274,0,191,256,181,75,0,0,256,1,512,274,274
151809,151808,1024,1,513,138,137,0,86,183,132,6,0,0,138,1,512,137,137
151936,151936,1024,0,513,145,144,0,87,186,138,7,0,0,145,1,512,144,144
151937,151936,1024,1,513,146,145,0,86,184,139,7,0,0,146,1,512,145,145
152064,152064,2048,0,1025,282,282,0,169,256,223,33,0,0,256,1,512,282,282
152064,152064,1024,0,513,139,138,0,93,185,132,7,0,0,139,1,512,138,138
152064,152064,4096,0,37,7,7,0,5,8,7,0,0,0,7,0,0,7,7
152065,152064,2048,1,1025,282,282,0,166,256,220,36,0,0,256,1,512,282,282
152065,152064,1024,1,513,139,138,0,94,184,131,8,0,0,139,1,512,138,138
152065,152064,4096,1,37,8,8,0,7,11,8,0,0,0,8,0,0,8,8
152192,152192,1024,0,513,146,145,0,92,183,138,8,0,0,146,1,512,145,145
152193,152192,1024,1,513,146,145,0,92,183,138,8,0,0,146,1,512,145,145
152320,152320,2048,0,1025,282,281,0,178,256,166,90,0,0,256,1,512,281,281
152320,152320,1024,0,513,140,139,0,90,185,136,4,0,0,140,1,512,139,139
152321,152320,2048,1,1025,281,280,0,178,256,169,87,0,0,256,1,512,280,280
152321,152320,1024,1,513,141,140,0,92,185,137,4,0,0,141,1,512,140,140
152448,152448,1024,0,513,131,131,0,82,181,129,2,0,0,131,1,512,131,131
152449,152448,1024,1,513,132,132,0,81,182,129,3,0,0,132,1,512,132,132
152576,152576,2048,0,1025,273,272,0,177,256,172,84,0,0,256,1,512,272,272
152576,152576,1024,0,513,140,140,0,81,176,130,10,0,0,140,1,512,140,140
152576,152576,4096,0,37,8,8,0,7,8,8,0,0,0,8,0,0,8,8
152577,152576,2048,1,1025,271,270,0,176,256,193,63,0,0,256,1,512,270,270
152577,152576,1024,1,513,140,140,0,78,177,129,11,0,0,140,1,512,140,140
152577,152576,4096,1,37,10,9,0,5,11,10,0,0,0,10,0,0,9,9
152704,152704,1024,0,513,142,142,0,94,183,131,11,0,0,142,1,512,142,142
152705,152704,1024,1,513,140,140,0,90,185,131,9,0,0,140,1,512,140,140
152832,152832,2048,0,1025,271,271,0,173,256,159,97,0,0,256,1,512,271,271
152832,152832,1024,0,513,132,132,0,93,183,128,4,0,0,132,1,512,132,132
152833,152832,2048,1,1025,268,268,0,172,256,169,87,0,0,256,1,512,268,268
152833,152832,1024,1,513,133,133,0,93,184,128,5,0,0,133,1,512,133,133
152960,152960,1024,0,513,141,141,0,83,176,131,10,0,0,141,1,512,141,141
152961,152960,1024,1,513,139,139,0,84,178,130,9,0,0,139,1,512,139,139
153088,153088,2048,0,1025,281,281,0,180,256,191,65,0,0,256,1,512,281,281
153088,153088,1024,0,513,139,139,0,89,178,130,9,0,0,139,1,512,139,139
153088,153088,4096,0,37,6,6,0,6,8,6,0,0,0,6,0,0,6,6
153089,153088,2048,1,1025,280,280,0,179,256,174,82,0,0,256,1,512,280,280
153089,153088,1024,1,513,139,139,0,89,178,130,9,0,0,139,1,512,139,139
153089,153088,4096,1,37,11,11,0,8,11,9,2,0,0,11,1,512,11,11
153216,153216,1024,0,513,143,143,0,86,181,134,9,0,0,143,1,512,143,143
153217,153216,1024,1,513,142,142,0,86,180,133,9,0,0,142,1,512,142,142
153344,153344,2048,0,1025,284,284,0,182,256,199,57,0,0,256,1,512,284,284
153344,153344,1024,0,513,137,137,0,82,187,133,4,0,0,137,1,512,137,137
153345,153344,2048,1,1025,285,285,0,182,256,188,68,0,0,256,1,512,285,285
153345,153344,1024,1,513,138,138,0,83,187,134,4,0,0,138,1,512,138,138
153472,153472,1024,0,513,146,146,0,98,185,139,7,0,0,146,1,512,146,146
153473,153472,1024,1,513,145,145,0,100,186,138,7,0,0,145,1,512,145,145
153600,153600,2048,0,1025,278,278,0,182,256,192,64,0,0,256,1,512,278,278
153600,153600,1024,0,513,148,148,0,94,183,140,8,0,0,148,1,512,148,148
153600,153600,4096,0,37,8,8,0,6,8,8,0,0,0,8,0,0,8,8
153601,153600,2048,1,1025,276,276,0,181,256,202,54,0,0,256,1,512,276,276
153601,153600,1024,1,513,147,147,0,92,184,140,7,0,0,147,1,512,147,147
153601,153600,4096,1,37,10,10,0,8,13,10,0,0,0,10,0,0,10,10
153728,153728,1024,0,513,142,142,0,89,183,136,6,0,0,142,1,512,142,142
153729,153728,1024,1,513,141,141,0,88,183,135,6,0,0,141,1,512,141,141
153856,153856,2048,0,1025,275,275,0,180,256,221,35,0,0,256,1,512,275,275
153856,153856,1024,0,513,143,143,0,94,183,132,11,0,0,143,1,512,143,143
153857,153856,2048,1,1025,275,275,0,179,256,219,37,0,0,256,1,512,275,275
153857,153856,1024,1,513,142,142,0,92,183,131,11,0,0,142,1,512,142,142
153984,153984,1024,0,513,149,149,0,85,189,142,7,0,0,149,1,512,149,149
153985,153984,1024,1,513,148,148,0,84,189,141,7,0,0,148,1,512,148,148
154112,154112,2048,0,1025,280,280,0,172,256,208,48,0,0,256,1,512,280,280
154112,154112,1024,0,513,146,146,0,102,191,141,5,0,0,146,1,512,146,146
154112,154112,4096,0,37,7,7,0,7,8,7,0,0,0,7,0,0,7,7
154113,154112,2048,1,1025,280,280,0,170,256,204,52,0,0,256,1,512,280,280
154113,154112,1024,1,513,146,146,0,104,190,141,5,0,0,146,1,512,146,146
154113,154112,4096,1,37,10,10,0,8,13,10,0,0,0,10,0,0,10,10
154240,154240,1024,0,513,129,129,0,86,191,127,2,0,0,129,1,512,129,129
154241,154240,1024,1,513,129,129,0,86,190,127,2,0,0,129,1,512,129,129
154368,154368,2048,0,1025,281,281,0,180,256,212,44,0,0,256,1,512,281,281
154368,154368,1024,0,513,139,138,0,93,182,128,11,0,0,139,1,512,138,138
154369,154368,2048,1,1025,279,279,0,178,256,219,37,0,0,256,1,512,279,279
154369,154368,1024,1,513,139,138,0,93,181,128,11,0,0,139,1,512,138,138
154496,154496,1024,0,513,139,138,0,94,184,135,4,0,0,139,1,512,138,138
154497,154496,1024,1,513,137,136,0,95,183,133,4,0,0,137,1,512,136,136
154624,154624,2048,0,1025,287,287,0,187,256,137,119,0,0,256,1,512,287,287
154624,154624,1024,0,513,144,144,0,87,180,129,15,0,0,144,1,512,144,144
154624,154624,4096,0,37,6,6,0,6,8,6,0,0,0,6,0,0,6,6
154625,154624,2048,1,1025,285,285,0,186,256,152,104,0,0,256,1,512,285,285
154625,154624,1024,1,513,143,143,0,86,180,129,14,0,0,143,1,512,143,143
154625,154624,4096,1,37,11,10,0,6,13,11,0,0,0,11,0,0,10,10
154752,154752,1024,0,513,146,146,0,88,182,140,6,0,0,146,1,512,146,146
154753,154752,1024,1,513,144,144,0,88,181,138,6,0,0,144,1,512,144,144
154880,154880,2048,0,1025,290,290,0,183,256,196,60,0,0,256,1,512,290,290
154880,154880,1024,0,513,141,141,0,97,185,130,11,0,0,141,1,512,141,141
154881,154880,2048,1,1025,289,289,0,181,256,198,58,0,0,256,1,512,289,289
154881,154880,1024,1,513,140,140,0,97,184,129,11,0,0,140,1,512,140,140
155008,155008,1024,0,513,137,137,0,77,189,128,9,0,0,137,1,512,137,137
155009,155008,1024,1,513,138,138,0,78,187,129,9,0,0,138,1,512,138,138
155136,155136,2048,0,1025,282,281,0,180,256,126,130,0,0,256,1,512,281,281
155136,155136,1024,0,513,139,138,0,80,191,128,11,0,0,139,1,512,138,138
155136,155136,4096,0,37,8,8,0,6,8,8,0,0,0,8,0,0,8,8
155137,155136,2048,1,1025,278,278,0,178,256,142,114,0,0,256,1,512,278,278
155137,155136,1024,1,513,138,137,0,80,189,127,11,0,0,138,1,512,137,137
155137,155136,4096,1,37,9,9,0,7,13,9,0,0,0,9,0,0,9,9
155264,155264,1024,0,513,145,144,0,99,196,136,9,0,0,145,1,512,144,144
155265,155264,1024,1,513,145,144,0,99,194,137,8,0,0,145,1,512,144,144
155392,155392,2048,0,1025,283,282,0,170,256,224,32,0,0,256,1,512,282,282
155392,155392,1024,0,513,147,146,0,89,195,142,5,0,0,147,1,512,146,146
155393,155392,2048,1,1025,281,281,0,167,256,221,35,0,0,256,1,512,281,281
155393,155392,1024,1,513,145,144,0,92,195,141,4,0,0,145,1,512,144,144
155520,155520,1024,0,513,150,149,0,91,185,140,10,0,0,150,1,512,149,149
155521,155520,1024,1,513,149,148,0,90,185,139,10,0,0,149,1,512,148,148
155648,155648,2048,0,1025,285,285,0,169,256,193,63,0,0,256,1,512,285,285
155648,155648,1024,0,513,146,145,0,106,187,135,11,0,0,146,1,512,145,145
155648,155648,4096,0,37,8,8,0,7,8,8,0,0,0,8,0,0,8,8
155649,155648,2048,1,1025,284,284,0,166,256,193,63,0,0,256,1,512,284,284
155649,155648,1024,1,513,143,142,0,103,187,134,9,0,0,143,1,512,142,142
155649,155648,4096,1,37,10,10,0,9,13,10,0,0,0,10,0,0,10,10
155776,155776,1024,0,513,141,141,0,92,192,130,11,0,0,141,1,512,141,141
155777,155776,1024,1,513,140,140,0,89,189,130,10,0,0,140,1,512,140,140
155904,155904,2048,0,1025,288,288,0,185,256,205,51,0,0,256,1,512,288,288
155904,155904,1024,0,513,140,140,0,86,196,134,6,0,0,140,1,512,140,140
155905,155904,2048,1,1025,286,286,0,183,256,203,53,0,0,256,1,512,286,286
155905,155904,1024,1,513,138,138,0,87,192,132,6,0,0,138,1,512,138,138
156032,156032,1024,0,513,138,138,0,89,194,133,5,0,0,138,1,512,138,138
156033,156032,1024,1,513,135,135,0,86,191,129,6,0,0,135,1,512,135,135
156160,156160,2048,0,1025,276,274,0,174,256,163,93,0,0,256,1,512,274,274
156160,156160,1024,0,513,142,142,0,100,191,138,4,0,0,142,1,512,142,142
156160,156160,4096,0,37,6,6,0,5,8,6,0,0,0,6,0,0,6,6
156161,156160,2048,1,1025,274,273,0,173,256,152,104,0,0,256,1,512,273,273
156161,156160,1024,1,513,141,141,0,97,189,137,4,0,0,141,1,512,141,141
156161,156160,4096,1,37,8,8,0,7,13,8,0,0,0,8,0,0,8,8
156288,156288,1024,0,513,146,146,0,86,189,135,11,0,0,146,1,512,146,146
156289,156288,1024,1,513,146,146,0,84,186,135,11,0,0,146,1,512,146,146
156416,156416,2048,0,1025,277,277,0,180,256,184,72,0,0,256,1,512,277,277
156416,156416,1024,0,513,141,141,0,89,189,133,8,0,0,141,1,512,141,141
156417,156416,2048,1,1025,274,274,0,175,256,204,52,0,0,256,1,512,274,274
156417,156416,1024,1,513,139,139,0,90,187,131,8,0,0,139,1,512,139,139
156544,156544,1024,0,513,141,140,0,86,187,134,7,0,0,141,1,512,140,140
156545,156544,1024,1,513,140,139,0,86,185,134,6,0,0,140,1,512,139,139
156672,156672,2048,0,1025,283,283,0,186,256,168,88,0,0,256,1,512,283,283
156672,156672,1024,0,513,139,138,0,88,190,129,10,0,0,139,1,512,138,138
156672,156672,4096,0,37,7,7,0,5,8,7,0,0,0,7,0,0,7,7
156673,156672,2048,1,1025,281,281,0,181,256,180,76,0,0,256,1,512,281,281
156673,156672,1024,1,513,138,137,0,88,187,128,10,0,0,138,1,512,137,137
156673,156672,4096,1,37,9,9,0,5,13,9,0,0,0,9,0,0,9,9
156800,156800,1024,0,513,145,144,0,87,191,140,5,0,0,145,1,512,144,144
156801,156800,1024,1,513,143,142,0,91,188,139,4,0,0,143,1,512,142,142
156928,156928,2048,0,1025,285,284,0,193,256,219,37,0,0,256,1,512,284,284
156928,156928,1024,0,513,144,144,0,86,186,135,9,0,0,144,1,512,144,144
156929,156928,2048,1,1025,282,282,0,192,256,218,38,0,0,256,1,512,282,282
156929,156928,1024,1,513,143,143,0,85,183,134,9,0,0,143,1,512,143,143
157056,157056,1024,0,513,135,135,0,89,186,127,8,0,0,135,1,512,135,135
157057,157056,1024,1,513,134,134,0,87,182,126,8,0,0,134,1,512,134,134
157184,157184,2048,0,1025,285,285,0,189,256,221,35,0,0,256,1,512,285,285
157184,157184,1024,0,513,139,139,0,96,191,132,7,0,0,139,1,512,139,139
157184,157184,4096,0,37,7,7,0,7,8,7,0,0,0,7,0,0,7,7
157185,157184,2048,1,1025,283,283,0,186,256,218,38,0,0,256,1,512,283,283
157185,157184,1024,1,513,138,138,0,95,188,131,7,0,0,138,1,512,138,138
157185,157184,4096,1,37,10,10,0,8,11,9,1,0,0,10,1,512,10,10
157312,157312,1024,0,513,135,134,0,86,187,128,7,0,0,135,1,512,134,134
157313,157312,1024,1,513,136,135,0,87,184,129,7,0,0,136,1,512,135,135
157440,157440,2048,0,1025,291,291,0,204,256,199,57,0,0,256,1,512,291,291
157440,157440,1024,0,513,135,134,0,81,181,127,8,0,0,135,1,512,134,134
157441,157440,2048,1,1025,289,289,0,201,256,193,63,0,0,256,1,512,289,289
157441,157440,1024,1,513,133,132,0,81,179,125,8,0,0,133,1,512,132,132
157568,157568,1024,0,513,146,145,0,92,175,133,13,0,0,146,1,512,145,145
157569,157568,1024,1,513,144,143,0,90,173,132,12,0,0,144,1,512,143,143
157696,157696,2048,0,1025,278,278,0,186,256,171,85,0,0,256,1,512,278,278
157696,157696,1024,0,513,142,141,0,94,184,136,6,0,0,142,1,512,141,141
157696,157696,4096,0,37,6,6,0,6,8,6,0,0,0,6,0,0,6,6
157697,157696,2048,1,1025,277,277,0,184,256,170,86,0,0,256,1,512,277,277
157697,157696,1024,1,513,141,140,0,94,182,135,6,0,0,141,1,512,140,140
157697,157696,4096,1,37,8,8,0,5,12,8,0,0,0,8,0,0,8,8
157824,157824,1024,0,513,141,140,0,82,183,133,8,0,0,141,1,512,140,140
157825,157824,1024,1,513,141,140,0,82,181,132,9,0,0,141,1,512,140,140
157952,157952,2048,0,1025,277,277,0,169,256,152,104,0,0,256,1,512,277,277
157952,157952,1024,0,513,139,138,0,94,184,126,13,0,0,139,1,512,138,138
157953,157952,2048,1,1025,276,276,0,169,256,144,112,0,0,256,1,512,276,276
157953,157952,1024,1,513,139,138,0,92,184,126,13,0,0,139,1,512,138,138
158080,158080,1024,0,513,141,140,0,84,189,136,5,0,0,141,1,512,140,140
158081,158080,1024,1,513,140,139,0,83,189,135,5,0,0,140,1,512,139,139
158208,158208,2048,0,1025,274,273,0,176,256,160,96,0,0,256,1,512,273,273
158208,158208,1024,0,513,143,142,0,82,190,138,5,0,0,143,1,512,142,142
158208,158208,4096,0,37,7,7,0,5,8,7,0,0,0,7,0,0,7,7
158209,158208,2048,1,1025,271,270,0,175,256,169,87,0,0,256,1,512,270,270
158209,158208,1024,1,513,144,143,0,84,190,139,5,0,0,144,1,512,143,143
158209,158208,4096,1,37,9,9,0,8,12,9,0,0,0,9,0,0,9,9
158336,158336,1024,0,513,136,136,0,84,183,129,7,0,0,136,1,512,136,136
158337,158336,1024,1,513,133,133,0,85,185,127,6,0,0,133,1,512,133,133
158464,158464,2048,0,1025,279,278,0,164,256,225,31,0,0,256,1,512,278,278
158464,158464,1024,0,513,137,137,0,88,181,131,6,0,0,137,1,512,137,137
158465,158464,2048,1,1025,278,277,0,160,256,196,60,0,0,256,1,512,277,277
158465,158464,1024,1,513,137,137,0,87,182,131,6,0,0,137,1,512,137,137
158592,158592,1024,0,513,143,143,0,80,182,136,7,0,0,143,1,512,143,143
158593,158592,1024,1,513,142,142,0,82,181,135,7,0,0,142,1,512,142,142
158720,158720,2048,0,1025,276,275,0,176,256,141,115,0,0,256,1,512,275,275
158720,158720,1024,0,513,149,149,0,91,186,139,10,0,0,149,1,512,149,149
158720,158720,4096,0,37,7,7,0,7,7,7,0,0,0,7,0,0,7,7
158721,158720,2048,1,1025,275,274,0,177,256,142,114,0,0,256,1,512,274,274
158721,158720,1024,1,513,147,147,0,88,185,137,10,0,0,147,1,512,147,147
158721,158720,4096,1,37,9,9,0,8,12,9,0,0,0,9,0,0,9,9
158848,158848,1024,0,513,145,145,0,100,189,139,6,0,0,145,1,512,145,145
158849,158848,1024,1,513,144,144,0,100,187,137,7,0,0,144,1,512,144,144
158976,158976,2048,0,1025,288,287,0,183,256,190,66,0,0,256,1,512,287,287
158976,158976,1024,0,513,145,144,0,95,190,138,7,0,0,145,1,512,144,144
158977,158976,2048,1,1025,286,285,0,182,256,213,43,0,0,256,1,512,285,285
158977,158976,1024,1,513,145,144,0,96,189,139,6,0,0,145,1,512,144,144
159104,159104,1024,0,513,137,137,0,89,190,129,8,0,0,137,1,512,137,137
159105,159104,1024,1,513,136,136,0,89,188,129,7,0,0,136,1,512,136,136
159232,159232,2048,0,1025,282,281,0,167,256,129,127,0,0,256,1,512,281,281
159232,159232,1024,0,513,144,144,0,84,191,135,9,0,0,144,1,512,144,144
159232,159232,4096,0,37,7,6,0,6,7,6,1,0,0,7,1,512,6,6
159233,159232,2048,1,1025,280,279,0,167,256,124,132,0,0,256,1,512,279,279
159233,159232,1024,1,513,144,144,0,85,188,135,9,0,0,144,1,512,144,144
159233,159232,4096,1,37,10,10,0,8,12,9,1,0,0,10,1,512,10,10
159360,159360,1024,0,513,145,145,0,88,194,132,13,0,0,145,1,512,145,145
159361,159360,1024,1,513,145,145,0,90,192,133,12,0,0,145,1,512,145,145
159488,159488,2048,0,1025,282,281,0,176,256,164,92,0,0,256,1,512,281,281
159488,159488,1024,0,513,143,143,0,92,199,137,6,0,0,143,1,512,143,143
159489,159488,2048,1,1025,280,279,0,175,256,181,75,0,0,256,1,512,279,279
159489,159488,1024,1,513,138,138,0,91,196,135,3,0,0,138,1,512,138,138
159616,159616,1024,0,513,148,147,0,85,191,138,10,0,0,148,1,512,147,147
159617,159616,1024,1,513,146,145,0,84,187,136,10,0,0,146,1,512,145,145
159744,159744,2048,0,1025,287,287,0,181,256,154,102,0,0,256,1,512,287,287
159744,159744,1024,0,513,145,144,0,96,192,141,4,0,0,145,1,512,144,144
159744,159744,4096,0,37,8,7,0,6,8,8,0,0,0,8,0,0,7,7
159745,159744,2048,1,1025,288,288,0,179,256,131,125,0,0,256,1,512,288,288
159745,159744,1024,1,513,144,143,0,94,188,141,3,0,0,144,1,512,143,143
159745,159744,4096,1,37,10,9,0,8,12,10,0,0,0,10,0,0,9,9
159872,159872,1024,0,513,141,141,0,84,189,132,9,0,0,141,1,512,141,141
159873,159872,1024,1,513,138,138,0,81,184,129,9,0,0,138,1,512,138,138
160000,160000,2048,0,1025,276,276,0,169,256,200,56,0,0,256,1,512,276,276
160000,160000,1024,0,513,147,146,0,95,194,140,7,0,0,147,1,512,146,146
160001,160000,2048,1,1025,275,275,0,170,256,202,54,0,0,256,1,512,275,275
160001,160000,1024,1,513,145,144,0,95,189,137,8,0,0,145,1,512,144,144
160128,160128,1024,0,513,140,139,0,88,196,133,7,0,0,140,1,512,139,139
160129,160128,1024,1,513,136,135,0,85,193,129,7,0,0,136,1,512,135,135
160256,160256,2048,0,1025,277,276,0,162,256,152,104,0,0,256,1,512,276,276
160256,160256,1024,0,513,137,136,0,96,195,132,5,0,0,137,1,512,136,136
160256,160256,4096,0,37,8,7,0,6,8,8,0,0,0,8,0,0,7,7
160257,160256,2048,1,1025,276,275,0,159,256,152,104,0,0,256,1,512,275,275
160257,160256,1024,1,513,136,135,0,92,192,131,5,0,0,136,1,512,135,135
160257,160256,4096,1,37,11,10,0,8,12,11,0,0,0,11,0,0,10,10
160384,160384,1024,0,513,141,140,0,94,193,132,9,0,0,141,1,512,140,140
160385,160384,1024,1,513,139,138,0,92,188,130,9,0,0,139,1,512,138,138
160512,160512,2048,0,1025,285,284,0,181,256,221,35,0,0,256,1,512,284,284
160512,160512,1024,0,513,139,138,0,90,189,135,4,0,0,139,1,512,138,138
160513,160512,2048,1,1025,286,285,0,181,256,217,39,0,0,256,1,512,285,285
160513,160512,1024,1,513,138,137,0,91,186,134,4,0,0,138,1,512,137,137
160640,160640,1024,0,513,140,139,0,83,180,129,11,0,0,140,1,512,139,139
160641,160640,1024,1,513,138,137,0,83,179,128,10,0,0,138,1,512,137,137
160768,160768,2048,0,1025,272,271,0,183,256,201,55,0,0,256,1,512,271,271
160768,160768,1024,0,513,140,139,0,87,182,135,5,0,0,140,1,512,139,139
160768,160768,4096,0,37,7,7,0,5,8,7,0,0,0,7,0,0,7,7
160769,160768,2048,1,1025,273,272,0,185,256,189,67,0,0,256,1,512,272,272
160769,160768,1024,1,513,140,139,0,87,180,134,6,0,0,140,1,512,139,139
160769,160768,4096,1,37,9,8,0,6,12,9,0,0,0,9,0,0,8,8
160896,160896,1024,0,513,146,145,0,95,180,136,10,0,0,146,1,512,145,145
160897,160896,1024,1,513,144,143,0,94,179,135,9,0,0,144,1,512,143,143
161024,161024,2048,0,1025,283,282,0,169,256,159,97,0,0,256,1,512,282,282
161024,161024,1024,0,513,145,144,0,95,186,139,6,0,0,145,1,512,144,144
161025,161024,2048,1,1025,280,279,0,166,256,176,80,0,0,256,1,512,279,279
161025,161024,1024,1,513,145,144,0,94,183,138,7,0,0,145,1,512,144,144
161152,161152,1024,0,513,145,144,0,86,182,133,12,0,0,145,1,512,144,144
161153,161152,1024,1,513,144,143,0,87,180,132,12,0,0,144,1,512,143,143
161280,161280,2048,0,1025,278,277,0,176,256,218,38,0,0,256,1,512,277,277
161280,161280,1024,0,513,144,143,0,81,187,134,10,0,0,144,1,512,143,143
161280,161280,4096,0,37,7,6,0,5,8,7,0,0,0,7,0,0,6,6
161281,161280,2048,1,1025,275,274,0,175,256,222,34,0,0,256,1,512,274,274
161281,161280,1024,1,513,143,142,0,81,186,134,9,0,0,143,1,512,142,142
161281,161280,4096,1,37,11,10,0,6,12,11,0,0,0,11,0,0,10,10
161408,161408,1024,0,513,154,154,0,93,192,142,12,0,0,154,1,512,154,154
161409,161408,1024,1,513,149,149,0,88,190,137,12,0,0,149,1,512,149,149
161536,161536,2048,0,1025,279,278,0,179,256,213,43,0,0,256,1,512,278,278
161536,161536,1024,0,513,141,141,0,81,196,137,4,0,0,141,1,512,141,141
161537,161536,2048,1,1025,279,278,0,178,256,194,62,0,0,256,1,512,278,278
161537,161536,1024,1,513,140,140,0,80,195,136,4,0,0,140,1,512,140,140
161664,161664,1024,0,513,139,139,0,96,193,134,5,0,0,139,1,512,139,139
161665,161664,1024,1,513,141,141,0,97,192,136,5,0,0,141,1,512,141,141
161792,161792,2048,0,1025,293,293,0,183,256,151,105,0,0,256,1,512,293,293
161792,161792,1024,0,513,145,144,0,87,188,136,9,0,0,145,1,512,144,144
161792,161792,4096,0,37,8,7,0,6,8,8,0,0,0,8,0,0,7,7
161793,161792,2048,1,1025,291,291,0,181,256,163,93,0,0,256,1,512,291,291
161793,161792,1024,1,513,144,143,0,88,188,136,8,0,0,144,1,512,143,143
161793,161792,4096,1,37,10,9,0,8,12,9,1,0,0,10,1,512,9,9
161920,161920,1024,0,513,142,141,0,94,192,135,7,0,0,142,1,512,141,141
161921,161920,1024,1,513,141,140,0,94,191,134,7,0,0,141,1,512,140,140
162048,162048,2048,0,1025,289,289,0,166,256,179,77,0,0,256,1,512,289,289
162048,162048,1024,0,513,137,137,0,92,186,130,7,0,0,137,1,512,137,137
162049,162048,2048,1,1025,289,289,0,165,256,136,120,0,0,256,1,512,289,289
162049,162048,1024,1,513,135,135,0,88,185,128,7,0,0,135,1,512,135,135
162176,162176,1024,0,513,138,138,0,89,184,132,6,0,0,138,1,512,138,138
162177,162176,1024,1,513,137,137,0,88,184,131,6,0,0,137,1,512,137,137
162304,162304,2048,0,1025,278,278,0,190,256,163,93,0,0,256,1,512,278,278
162304,162304,1024,0,513,139,139,0,82,181,134,5,0,0,139,1,512,139,139
162304,162304,4096,0,37,8,7,0,6,8,7,1,0,0,8,1,512,7,7
162305,162304,2048,1,1025,277,277,0,189,256,173,83,0,0,256,1,512,277,277
162305,162304,1024,1,513,136,136,0,81,182,132,4,0,0,136,1,512,136,136
162305,162304,4096,1,37,10,9,0,6,13,10,0,0,0,10,0,0,9,9
162432,162432,1024,0,513,139,139,0,78,180,134,5,0,0,139,1,512,139,139
162433,162432,1024,1,513,136,136,0,74,180,132,4,0,0,136,1,512,136,136
162560,162560,2048,0,1025,285,285,0,177,256,201,55,0,0,256,1,512,285,285
162560,162560,1024,0,513,139,139,0,89,178,132,7,0,0,139,1,512,139,139
162561,162560,2048,1,1025,284,284,0,176,256,190,66,0,0,256,1,512,284,284
162561,162560,1024,1,513,137,137,0,86,176,131,6,0,0,137,1,512,137,137
162688,162688,1024,0,513,137,137,0,87,178,129,8,0,0,137,1,512,137,137
162689,162688,1024,1,513,136,136,0,87,176,129,7,0,0,136,1,512,136,136
162816,162816,2048,0,1025,288,288,0,178,256,211,45,0,0,256,1,512,288,288
162816,162816,1024,0,513,142,142,0,82,178,130,12,0,0,142,1,512,142,142
162816,162816,4096,0,37,7,6,0,5,9,7,0,0,0,7,0,0,6,6
162817,162816,2048,1,1025,287,287,0,176,256,214,42,0,0,256,1,512,287,287
162817,162816,1024,1,513,139,139,0,79,175,127,12,0,0,139,1,512,139,139
162817,162816,4096,1,37,8,7,0,5,12,8,0,0,0,8,0,0,7,7
162944,162944,1024,0,513,146,146,0,101,184,140,6,0,0,146,1,512,146,146
162945,162944,1024,1,513,144,144,0,100,180,138,6,0,0,144,1,512,144,144
163072,163072,2048,0,1025,277,276,0,176,256,177,79,0,0,256,1,512,276,276
163072,163072,1024,0,513,133,133,0,91,181,128,5,0,0,133,1,512,133,133
163073,163072,2048,1,1025,276,276,0,175,256,180,76,0,0,256,1,512,276,276
163073,163072,1024,1,513,131,131,0,90,178,126,5,0,0,131,1,512,131,131
163200,163200,1024,0,513,142,142,0,84,177,130,12,0,0,142,1,512,142,142
163201,163200,1024,1,513,141,141,0,81,175,129,12,0,0,141,1,512,141,141
163328,163328,2048,0,1025,283,282,0,188,256,148,108,0,0,256,1,512,282,282
163328,163328,1024,0,513,150,149,0,96,181,138,12,0,0,150,1,512,149,149
163328,163328,4096,0,37,7,6,0,6,9,7,0,0,0,7,0,0,6,6
163329,163328,2048,1,1025,280,279,0,186,256,205,51,0,0,256,1,512,279,279
163329,163328,1024,1,513,150,149,0,96,178,137,13,0,0,150,1,512,149,149
163329,163328,4096,1,37,10,9,0,6,12,10,0,0,0,10,0,0,9,9
163456,163456,1024,0,513,143,142,0,90,187,137,6,0,0,143,1,512,142,142
163457,163456,1024,1,513,142,141,0,89,185,136,6,0,0,142,1,512,141,141
163584,163584,2048,0,1025,281,280,0,176,256,196,60,0,0,256,1,512,280,280
163584,163584,1024,0,513,142,141,0,86,188,136,6,0,0,142,1,512,141,141
163585,163584,2048,1,1025,279,278,0,176,256,183,73,0,0,256,1,512,278,278
163585,163584,1024,1,513,140,139,0,86,188,135,5,0,0,140,1,512,139,139
163712,163712,1024,0,513,140,139,0,86,187,133,7,0,0,140,1,512,139,139
163713,163712,1024,1,513,138,137,0,88,186,131,7,0,0,138,1,512,137,137
163840,163840,2048,0,1025,285,284,0,185,256,181,75,0,0,256,1,512,284,284
163840,163840,1024,0,513,147,146,0,82,186,137,10,0,0,147,1,512,146,146
163840,163840,4096,0,37,7,6,0,5,9,7,0,0,0,7,0,0,6,6
163841,163840,2048,1,1025,283,282,0,183,256,179,77,0,0,256,1,512,282,282
163841,163840,1024,1,513,145,144,0,81,185,135,10,0,0,145,1,512,144,144
163841,163840,4096,1,37,8,7,0,6,12,8,0,0,0,8,0,0,7,7
163968,163968,1024,0,513,141,140,0,93,188,134,7,0,0,141,1,512,140,140
163969,163968,1024,1,513,140,139,0,93,187,132,8,0,0,140,1,512,139,139
164096,164096,2048,0,1025,283,281,0,170,256,170,86,0,0,256,1,512,281,281
164096,164096,1024,0,513,135,134,0,70,186,129,6,0,0,135,1,512,134,134
164097,164096,2048,1,1025,280,279,0,169,256,176,80,0,0,256,1,512,279,279
164097,164096,1024,1,513,136,135,0,72,186,130,6,0,0,136,1,512,135,135
164224,164224,1024,0,513,147,146,0,96,186,137,10,0,0,147,1,512,146,146
164225,164224,1024,1,513,146,145,0,96,186,136,10,0,0,146,1,512,145,145
164352,164352,2048,0,1025,282,281,0,167,256,212,44,0,0,256,1,512,281,281
164352,164352,1024,0,513,146,145,0,89,191,136,10,0,0,146,1,512,145,145
164352,164352,4096,0,37,8,7,0,6,9,8,0,0,0,8,0,0,7,7
164353,164352,2048,1,1025,280,279,0,167,256,213,43,0,0,256,1,512,279,279
164353,164352,1024,1,513,142,141,0,88,190,134,8,0,0,142,1,512,141,141
164353,164352,4096,1,37,9,8,0,6,12,9,0,0,0,9,0,0,8,8
164480,164480,1024,0,513,134,133,0,86,186,131,3,0,0,134,1,512,133,133
164481,164480,1024,1,513,133,132,0,83,184,129,4,0,0,133,1,512,132,132
164608,164608,2048,0,1025,282,281,0,186,256,207,49,0,0,256,1,512,281,281
164608,164608,1024,0,513,140,139,0,101,181,136,4,0,0,140,1,512,139,139
164609,164608,2048,1,1025,282,281,0,185,256,184,72,0,0,256,1,512,281,281
164609,164608,1024,1,513,140,139,0,101,180,136,4,0,0,140,1,512,139,139
164736,164736,1024,0,513,142,142,0,86,182,137,5,0,0,142,1,512,142,142
164737,164736,1024,1,513,140,140,0,84,182,135,5,0,0,140,1,512,140,140
164864,164864,2048,0,1025,281,279,0,167,256,182,74,0,0,256,1,512,279,279
164864,164864,1024,0,513,148,148,0,94,179,139,9,0,0,148,1,512,148,148
164864,164864,4096,0,37,8,7,0,6,8,8,0,0,0,8,0,0,7,7
164865,164864,2048,1,1025,278,277,0,166,256,192,64,0,0,256,1,512,277,277
164865,164864,1024,1,513,145,145,0,91,179,136,9,0,0,145,1,512,145,145
164865,164864,4096,1,37,10,9,0,8,10,9,1,0,0,10,1,512,9,9
164992,164992,1024,0,513,146,146,0,99,177,142,4,0,0,146,1,512,146,146
164993,164992,1024,1,513,145,145,0,95,177,141,4,0,0,145,1,512,145,145
165120,165120,2048,0,1025,278,277,0,179,256,178,78,0,0,256,1,512,277,277
165120,165120,1024,0,513,145,145,0,84,177,135,10,0,0,145,1,512,145,145
165121,165120,2048,1,1025,276,275,0,178,256,194,62,0,0,256,1,512,275,275
165121,165120,1024,1,513,145,145,0,84,177,135,10,0,0,145,1,512,145,145
165248,165248,1024,0,513,139,138,0,89,180,134,5,0,0,139,1,512,138,138
165249,165248,1024,1,513,138,137,0,87,181,133,5,0,0,138,1,512,137,137
165376,165376,2048,0,1025,275,275,0,179,256,222,34,0,0,256,1,512,275,275
165376,165376,1024,0,513,138,138,0,78,182,131,7,0,0,138,1,512,138,138
165376,165376,4096,0,37,7,6,0,5,8,7,0,0,0,7,0,0,6,6
165377,165376,2048,1,1025,272,272,0,178,256,221,35,0,0,256,1,512,272,272
165377,165376,1024,1,513,136,136,0,78,182,128,8,0,0,136,1,512,136,136
165377,165376,4096,1,37,10,9,0,8,11,10,0,0,0,10,0,0,9,9
165504,165504,1024,0,513,135,135,0,93,183,127,8,0,0,135,1,512,135,135
165505,165504,1024,1,513,133,133,0,88,184,126,7,0,0,133,1,512,133,133
165632,165632,2048,0,1025,277,277,0,175,256,206,50,0,0,256,1,512,277,277
165632,165632,1024,0,513,136,136,0,83,184,129,7,0,0,136,1,512,136,136
165633,165632,2048,1,1025,277,277,0,172,256,203,53,0,0,256,1,512,277,277
165633,165632,1024,1,513,134,134,0,83,183,129,5,0,0,134,1,512,134,134
165760,165760,1024,0,513,139,139,0,82,185,135,4,0,0,139,1,512,139,139
165761,165760,1024,1,513,138,138,0,81,183,134,4,0,0,138,1,512,138,138
165888,165888,2048,0,1025,280,280,0,170,256,179,77,0,0,256,1,512,280,280
165888,165888,1024,0,513,143,143,0,93,176,134,9,0,0,143,1,512,143,143
165888,165888,4096,0,37,7,6,0,5,8,7,0,0,0,7,0,0,6,6
165889,165888,2048,1,1025,279,279,0,169,256,171,85,0,0,256,1,512,279,279
165889,165888,1024,1,513,140,140,0,93,173,131,9,0,0,140,1,512,140,140
165889,165888,4096,1,37,9,9,0,7,10,8,1,0,0,9,1,512,9,9
166016,166016,1024,0,513,136,136,0,79,177,129,7,0,0,136,1,512,136,136
166017,166016,1024,1,513,137,137,0,79,174,130,7,0,0,137,1,512,137,137
166144,166144,2048,0,1025,291,291,0,185,256,82,174,0,0,256,1,512,291,291
166144,166144,1024,0,513,136,136,0,83,180,129,7,0,0,136,1,512,136,136
166145,166144,2048,1,1025,291,291,0,181,256,56,200,0,0,256,1,512,291,291
166145,166144,1024,1,513,134,134,0,82,176,127,7,0,0,134,1,512,134,134
166272,166272,1024,0,513,135,135,0,88,183,127,8,0,0,135,1,512,135,135
166273,166272,1024,1,513,133,133,0,86,179,126,7,0,0,133,1,512,133,133
166400,166400,2048,0,1025,285,284,0,183,256,221,35,0,0,256,1,512,284,284
166400,166400,1024,0,513,133,133,0,82,188,125,8,0,0,133,1,512,133,133
166400,166400,4096,0,37,7,7,0,6,8,6,1,0,0,7,1,512,7,7
166401,166400,2048,1,1025,284,283,0,185,256,221,35,0,0,256,1,512,283,283
166401,166400,1024,1,513,132,132,0,81,184,125,7,0,0,132,1,512,132,132
166401,166400,4096,1,37,10,9,0,5,11,9,1,0,0,10,1,512,9,9
166528,166528,1024,0,513,142,142,0,87,189,134,8,0,0,142,1,512,142,142
166529,166528,1024,1,513,140,140,0,87,185,133,7,0,0,140,1,512,140,140
166656,166656,2048,0,1025,290,290,0,194,256,203,53,0,0,256,1,512,290,290
166656,166656,1024,0,513,140,140,0,95,184,135,5,0,0,140,1,512,140,140
166657,166656,2048,1,1025,290,290,0,195,256,204,52,0,0,256,1,512,290,290
166657,166656,1024,1,513,137,137,0,94,179,131,6,0,0,137,1,512,137,137
166784,166784,1024,0,513,137,136,0,81,179,130,7,0,0,137,1,512,136,136
166785,166784,1024,1,513,136,135,0,80,176,128,8,0,0,136,1,512,135,135
166912,166912,2048,0,1025,286,286,0,186,256,215,41,0,0,256,1,512,286,286
166912,166912,1024,0,513,142,142,0,88,179,130,12,0,0,142,1,512,142,142
166912,166912,4096,0,37,8,7,0,6,9,8,0,0,0,8,0,0,7,7
166913,166912,2048,1,1025,285,285,0,187,256,214,42,0,0,256,1,512,285,285
166913,166912,1024,1,513,142,142,0,85,178,128,14,0,0,142,1,512,142,142
166913,166912,4096,1,37,9,8,0,8,12,9,0,0,0,9,0,0,8,8
167040,167040,1024,0,513,132,132,0,80,186,126,6,0,0,132,1,512,132,132
167041,167040,1024,1,513,132,132,0,81,187,126,6,0,0,132,1,512,132,132
167168,167168,2048,0,1025,284,283,0,169,256,167,89,0,0,256,1,512,283,283
167168,167168,1024,0,513,139,139,0,84,185,131,8,0,0,139,1,512,139,139
167169,167168,2048,1,1025,279,279,0,167,256,175,81,0,0,256,1,512,279,279
167169,167168,1024,1,513,138,138,0,84,185,130,8,0,0,138,1,512,138,138
167296,167296,1024,0,513,148,148,0,96,182,135,13,0,0,148,1,512,148,148
167297,167296,1024,1,513,145,145,0,94,183,134,11,0,0,145,1,512,145,145
167424,167424,2048,0,1025,274,274,0,169,256,183,73,0,0,256,1,512,274,274
167424,167424,1024,0,513,143,142,0,90,189,134,9,0,0,143,1,512,142,142
167424,167424,4096,0,37,6,6,0,5,9,6,0,0,0,6,0,0,6,6
167425,167424,2048,1,1025,272,272,0,165,256,176,80,0,0,256,1,512,272,272
167425,167424,1024,1,513,142,141,0,91,188,133,9,0,0,142,1,512,141,141
167425,167424,4096,1,37,10,9,0,7,12,10,0,0,0,10,0,0,9,9
167552,167552,1024,0,513,139,138,0,93,182,131,8,0,0,139,1,512,138,138
167553,167552,1024,1,513,139,138,0,93,181,131,8,0,0,139,1,512,138,138
167680,167680,2048,0,1025,284,283,0,172,256,82,174,0,0,256,1,512,283,283
167680,167680,1024,0,513,150,149,0,87,185,138,12,0,0,150,1,512,149,149
167681,167680,2048,1,1025,282,282,0,170,256,95,161,0,0,256,1,512,282,282
167681,167680,1024,1,513,150,149,0,87,184,138,12,0,0,150,1,512,149,149
167808,167808,1024,0,513,147,146,0,106,191,141,6,0,0,147,1,512,146,146
167809,167808,1024,1,513,146,145,0,105,189,140,6,0,0,146,1,512,145,145
167936,167936,2048,0,1025,284,283,0,172,256,214,42,0,0,256,1,512,283,283
167936,167936,1024,0,513,148,147,0,101,189,138,10,0,0,148,1,512,147,147
167936,167936,4096,0,37,8,8,0,6,9,8,0,0,0,8,0,0,8,8
167937,167936,2048,1,1025,281,280,0,172,256,218,38,0,0,256,1,512,280,280
167937,167936,1024,1,513,149,148,0,100,187,138,11,0,0,149,1,512,148,148
167937,167936,4096,1,37,8,7,0,5,12,8,0,0,0,8,0,0,7,7
168064,168064,1024,0,513,140,139,0,87,191,133,7,0,0,140,1,512,139,139
168065,168064,1024,1,513,140,139,0,82,191,133,7,0,0,140,1,512,139,139
168192,168192,2048,0,1025,275,274,0,186,256,211,45,0,0,256,1,512,274,274
168192,168192,1024,0,513,139,139,0,81,188,130,9,0,0,139,1,512,139,139
168193,168192,2048,1,1025,275,274,0,182,256,190,66,0,0,256,1,512,274,274
168193,168192,1024,1,513,141,141,0,82,189,131,10,0,0,141,1,512,141,141
168320,168320,1024,0,513,147,147,0,85,189,135,12,0,0,147,1,512,147,147
168321,168320,1024,1,513,145,145,0,86,192,135,10,0,0,145,1,512,145,145
168448,168448,2048,0,1025,281,280,0,192,256,175,81,0,0,256,1,512,280,280
168448,168448,1024,0,513,144,144,0,94,192,138,6,0,0,144,1,512,144,144
168448,168448,4096,0,37,7,6,0,6,9,7,0,0,0,7,0,0,6,6
168449,168448,2048,1,1025,278,277,0,190,256,188,68,0,0,256,1,512,277,277
168449,168448,1024,1,513,142,142,0,89,194,137,5,0,0,142,1,512,142,142
168449,168448,4096,1,37,10,9,0,6,12,9,1,0,0,10,1,512,9,9
168576,168576,1024,0,513,140,140,0,86,188,131,9,0,0,140,1,512,140,140
168577,168576,1024,1,513,137,137,0,86,187,129,8,0,0,137,1,512,137,137
168704,168704,2048,0,1025,285,285,0,174,256,211,45,0,0,256,1,512,285,285
168704,168704,1024,0,513,145,145,0,92,189,134,11,0,0,145,1,512,145,145
168705,168704,2048,1,1025,284,284,0,173,256,180,76,0,0,256,1,512,284,284
168705,168704,1024,1,513,142,142,0,91,186,132,10,0,0,142,1,512,142,142
168832,168832,1024,0,513,139,139,0,92,193,135,4,0,0,139,1,512,139,139
168833,168832,1024,1,513,138,138,0,90,189,134,4,0,0,138,1,512,138,138
168960,168960,2048,0,1025,290,290,0,190,256,154,102,0,0,256,1,512,290,290
168960,168960,1024,0,513,140,140,0,82,191,133,7,0,0,140,1,512,140,140
168960,168960,4096,0,37,7,7,0,5,9,7,0,0,0,7,0,0,7,7
168961,168960,2048,1,1025,287,287,0,188,256,164,92,0,0,256,1,512,287,287
168961,168960,1024,1,513,139,139,0,83,187,132,7,0,0,139,1,512,139,139
168961,168960,4096,1,37,10,10,0,7,12,10,0,0,0,10,0,0,10,10
169088,169088,1024,0,513,144,143,0,88,188,138,6,0,0,144,1,512,143,143
169089,169088,1024,1,513,143,142,0,91,184,137,6,0,0,143,1,512,142,142
169216,169216,2048,0,1025,280,279,0,174,256,216,40,0,0,256,1,512,279,279
169216,169216,1024,0,513,147,146,0,83,188,136,11,0,0,147,1,512,146,146
169217,169216,2048,1,1025,278,278,0,172,256,213,43,0,0,256,1,512,278,278
169217,169216,1024,1,513,148,147,0,80,183,137,11,0,0,148,1,512,147,147
169344,169344,1024,0,513,142,142,0,89,192,134,8,0,0,142,1,512,142,142
169345,169344,1024,1,513,141,141,0,89,188,133,8,0,0,141,1,512,141,141
169472,169472,2048,0,1025,282,282,0,175,256,205,51,0,0,256,1,512,282,282
169472,169472,1024,0,513,139,139,0,87,193,133,6,0,0,139,1,512,139,139
169472,169472,4096,0,37,7,7,0,6,9,7,0,0,0,7,0,0,7,7
169473,169472,2048,1,1025,279,279,0,174,256,206,50,0,0,256,1,512,279,279
169473,169472,1024,1,513,138,138,0,87,191,132,6,0,0,138,1,512,138,138
169473,169472,4096,1,37,9,9,0,8,12,8,1,0,0,9,1,512,9,9
169600,169600,1024,0,513,145,145,0,95,192,139,6,0,0,145,1,512,145,145
169601,169600,1024,1,513,144,144,0,93,191,139,5,0,0,144,1,512,144,144
169728,169728,2048,0,1025,283,283,0,186,256,184,72,0,0,256,1,512,283,283
169728,169728,1024,0,513,141,141,0,94,189,131,10,0,0,141,1,512,141,141
169729,169728,2048,1,1025,283,283,0,186,256,164,92,0,0,256,1,512,283,283
169729,169728,1024,1,513,139,139,0,95,187,130,9,0,0,139,1,512,139,139
169856,169856,1024,0,513,140,139,0,89,185,131,9,0,0,140,1,512,139,139
169857,169856,1024,1,513,140,139,0,87,182,130,10,0,0,140,1,512,139,139
169984,169984,2048,0,1025,286,286,0,181,256,189,67,0,0,256,1,512,286,286
169984,169984,1024,0,513,141,140,0,86,186,135,6,0,0,141,1,512,140,140
169984,169984,4096,0,37,7,7,0,6,9,7,0,0,0,7,0,0,7,7
169985,169984,2048,1,1025,283,283,0,179,256,196,60,0,0,256,1,512,283,283
169985,169984,1024,1,513,140,139,0,86,184,134,6,0,0,140,1,512,139,139
169985,169984,4096,1,37,10,10,0,9,13,10,0,0,0,10,0,0,10,10
170112,170112,1024,0,513,141,141,0,86,187,132,9,0,0,141,1,512,141,141
170113,170112,1024,1,513,140,140,0,85,185,131,9,0,0,140,1,512,140,140
170240,170240,2048,0,1025,277,277,0,175,256,132,124,0,0,256,1,512,277,277
170240,170240,1024,0,513,139,139,0,87,189,129,10,0,0,139,1,512,139,139
170241,170240,2048,1,1025,275,275,0,174,256,124,132,0,0,256,1,512,275,275
170241,170240,1024,1,513,137,137,0,83,187,127,10,0,0,137,1,512,137,137
170368,170368,1024,0,513,138,138,0,80,193,132,6,0,0,138,1,512,138,138
170369,170368,1024,1,513,136,136,0,81,191,130,6,0,0,136,1,512,136,136
170496,170496,2048,0,1025,280,280,0,177,256,197,59,0,0,256,1,512,280,280
170496,170496,1024,0,513,142,141,0,102,189,129,13,0,0,142,1,512,141,141
170496,170496,4096,0,37,7,7,0,6,9,7,0,0,0,7,0,0,7,7
170497,170496,2048,1,1025,281,281,0,177,256,180,76,0,0,256,1,512,281,281
170497,170496,1024,1,513,140,139,0,100,186,129,11,0,0,140,1,512,139,139
170497,170496,4096,1,37,10,10,0,9,13,10,0,0,0,10,0,0,10,10
170624,170624,1024,0,513,137,136,0,85,195,132,5,0,0,137,1,512,136,136
170625,170624,1024,1,513,137,136,0,85,192,132,5,0,0,137,1,512,136,136
170752,170752,2048,0,1025,279,279,0,177,256,212,44,0,0,256,1,512,279,279
170752,170752,1024,0,513,140,139,0,91,192,135,5,0,0,140,1,512,139,139
170753,170752,2048,1,1025,279,279,0,177,256,215,41,0,0,256,1,512,279,279
170753,170752,1024,1,513,137,136,0,90,189,132,5,0,0,137,1,512,136,136
170880,170880,1024,0,513,142,141,0,88,185,131,11,0,0,142,1,512,141,141
170881,170880,1024,1,513,140,139,0,86,182,129,11,0,0,140,1,512,139,139
171008,171008,2048,0,1025,275,275,0,177,256,190,66,0,0,256,1,512,275,275
171008,171008,1024,0,513,146,145,0,96,187,140,6,0,0,146,1,512,145,145
171008,171008,4096,0,37,7,7,0,7,8,7,0,0,0,7,0,0,7,7
171009,171008,2048,1,1025,273,273,0,175,256,202,54,0,0,256,1,512,273,273
171009,171008,1024,1,513,148,147,0,96,184,141,7,0,0,148,1,512,147,147
171009,171008,4096,1,37,8,8,0,8,11,8,0,0,0,8,0,0,8,8
171136,171136,1024,0,513,144,143,0,88,185,137,7,0,0,144,1,512,143,143
171137,171136,1024,1,513,143,142,0,87,183,136,7,0,0,143,1,512,142,142
171264,171264,2048,0,1025,280,279,0,170,256,164,92,0,0,256,1,512,279,279
171264,171264,1024,0,513,145,144,0,94,181,141,4,0,0,145,1,512,144,144
171265,171264,2048,1,1025,279,278,0,168,256,173,83,0,0,256,1,512,278,278
171265,171264,1024,1,513,142,141,0,91,179,138,4,0,0,142,1,512,141,141
171392,171392,1024,0,513,138,137,0,95,178,126,12,0,0,138,1,512,137,137
171393,171392,1024,1,513,138,137,0,95,177,126,12,0,0,138,1,512,137,137
171520,171520,2048,0,1025,277,276,0,170,256,183,73,0,0,256,1,512,276,276
171520,171520,1024,0,513,142,141,0,88,186,132,10,0,0,142,1,512,141,141
171520,171520,4096,0,37,6,6,0,6,8,6,0,0,0,6,0,0,6,6
171521,171520,2048,1,1025,276,275,0,168,256,169,87,0,0,256,1,512,275,275
171521,171520,1024,1,513,140,139,0,87,185,131,9,0,0,140,1,512,139,139
171521,171520,4096,1,37,10,10,0,8,10,9,1,0,0,10,1,512,10,10
171648,171648,1024,0,513,139,139,0,83,189,131,8,0,0,139,1,512,139,139
171649,171648,1024,1,513,136,136,0,79,187,129,7,0,0,136,1,512,136,136
171776,171776,2048,0,1025,273,272,0,180,256,169,87,0,0,256,1,512,272,272
171776,171776,1024,0,513,141,141,0,91,191,136,5,0,0,141,1,512,141,141
171777,171776,2048,1,1025,273,272,0,177,256,160,96,0,0,256,1,512,272,272
171777,171776,1024,1,513,139,139,0,86,189,134,5,0,0,139,1,512,139,139
171904,171904,1024,0,513,140,140,0,99,190,135,5,0,0,140,1,512,140,140
171905,171904,1024,1,513,140,140,0,99,187,134,6,0,0,140,1,512,140,140
172032,172032,2048,0,1025,274,273,0,167,256,180,76,0,0,256,1,512,273,273
172032,172032,1024,0,513,146,146,0,102,188,142,4,0,0,146,1,512,146,146
172032,172032,4096,0,37,8,8,0,6,8,8,0,0,0,8,0,0,8,8
172033,172032,2048,1,1025,271,270,0,166,256,205,51,0,0,256,1,512,270,270
172033,172032,1024,1,513,146,146,0,101,186,142,4,0,0,146,1,512,146,146
172033,172032,4096,1,37,9,9,0,6,11,8,1,0,0,9,1,512,9,9
172160,172160,1024,0,513,148,148,0,107,181,141,7,0,0,148,1,512,148,148
172161,172160,1024,1,513,148,148,0,105,179,141,7,0,0,148,1,512,148,148
172288,172288,2048,0,1025,277,276,0,168,256,205,51,0,0,256,1,512,276,276
172288,172288,1024,0,513,140,139,0,92,184,135,5,0,0,140,1,512,139,139
172289,172288,2048,1,1025,275,274,0,165,256,205,51,0,0,256,1,512,274,274
172289,172288,1024,1,513,141,140,0,91,182,136,5,0,0,141,1,512,140,140
172416,172416,1024,0,513,139,138,0,92,182,132,7,0,0,139,1,512,138,138
172417,172416,1024,1,513,137,136,0,94,183,130,7,0,0,137,1,512,136,136
172544,172544,2048,0,1025,285,284,0,191,256,219,37,0,0,256,1,512,284,284
172544,172544,1024,0,513,142,142,0,78,185,135,7,0,0,142,1,512,142,142
172544,172544,4096,0,37,7,6,0,6,8,7,0,0,0,7,0,0,6,6
172545,172544,2048,1,1025,284,283,0,189,256,219,37,0,0,256,1,512,283,283
172545,172544,1024,1,513,139,139,0,79,186,134,5,0,0,139,1,512,139,139
172545,172544,4096,1,37,9,9,0,6,12,9,0,0,0,9,0,0,9,9
172672,172672,1024,0,513,131,131,0,83,187,122,9,0,0,131,1,512,131,131
172673,172672,1024,1,513,127,127,0,83,185,119,8,0,0,127,1,512,127,127
172800,172800,2048,0,1025,278,278,0,174,256,167,89,0,0,256,1,512,278,278
172800,172800,1024,0,513,140,140,0,80,184,130,10,0,0,140,1,512,140,140
172801,172800,2048,1,1025,275,275,0,172,256,176,80,0,0,256,1,512,275,275
172801,172800,1024,1,513,138,138,0,80,182,129,9,0,0,138,1,512,138,138
172928,172928,1024,0,513,142,142,0,78,185,132,10,0,0,142,1,512,142,142
172929,172928,1024,1,513,141,141,0,76,180,131,10,0,0,141,1,512,141,141
173056,173056,2048,0,1025,288,288,0,181,256,192,64,0,0,256,1,512,288,288
173056,173056,1024,0,513,146,146,0,85,189,140,6,0,0,146,1,512,146,146
173056,173056,4096,0,37,6,6,0,5,8,6,0,0,0,6,0,0,6,6
173057,173056,2048,1,1025,288,288,0,180,256,154,102,0,0,256,1,512,288,288
173057,173056,1024,1,513,146,146,0,86,184,139,7,0,0,146,1,512,146,146
173057,173056,4096,1,37,9,9,0,8,12,8,1,0,0,9,1,512,9,9
173184,173184,1024,0,513,141,141,0,99,187,137,4,0,0,141,1,512,141,141
173185,173184,1024,1,513,140,140,0,99,184,137,3,0,0,140,1,512,140,140
173312,173312,2048,0,1025,281,281,0,182,256,206,50,0,0,256,1,512,281,281
173312,173312,1024,0,513,136,136,0,84,188,126,10,0,0,136,1,512,136,136
173313,173312,2048,1,1025,281,281,0,181,256,214,42,0,0,256,1,512,281,281
173313,173312,1024,1,513,137,137,0,83,184,127,10,0,0,137,1,512,137,137
173440,173440,1024,0,513,134,134,0,80,193,123,11,0,0,134,1,512,134,134
173441,173440,1024,1,513,133,133,0,81,189,123,10,0,0,133,1,512,133,133
173568,173568,2048,0,1025,288,288,0,183,256,184,72,0,0,256,1,512,288,288
173568,173568,1024,0,513,146,146,0,88,195,138,8,0,0,146,1,512,146,146
173568,173568,4096,0,37,8,8,0,6,8,8,0,0,0,8,0,0,8,8
173569,173568,2048,1,1025,287,287,0,183,256,179,77,0,0,256,1,512,287,287
173569,173568,1024,1,513,145,145,0,88,193,137,8,0,0,145,1,512,145,145
173569,173568,4096,1,37,9,9,0,6,13,9,0,0,0,9,0,0,9,9
173696,173696,1024,0,513,146,146,0,91,195,139,7,0,0,146,1,512,146,146
173697,173696,1024,1,513,146,146,0,91,193,139,7,0,0,146,1,512,146,146
173824,173824,2048,0,1025,287,286,0,196,256,153,103,0,0,256,1,512,286,286
173824,173824,1024,0,513,139,138,0,97,191,134,5,0,0,139,1,512,138,138
173825,173824,2048,1,1025,285,284,0,193,256,151,105,0,0,256,1,512,284,284
173825,173824,1024,1,513,138,137,0,94,190,134,4,0,0,138,1,512,137,137
173952,173952,1024,0,513,137,136,0,83,188,131,6,0,0,137,1,512,136,136
173953,173952,1024,1,513,135,134,0,83,186,129,6,0,0,135,1,512,134,134
174080,174080,2048,0,1025,277,276,0,168,256,158,98,0,0,256,1,512,276,276
174080,174080,1024,0,513,143,142,0,99,188,134,9,0,0,143,1,512,142,142
174080,174080,4096,0,37,7,7,0,7,8,7,0,0,0,7,0,0,7,7
174081,174080,2048,1,1025,276,275,0,166,256,159,97,0,0,256,1,512,275,275
174081,174080,1024,1,513,144,143,0,97,186,135,9,0,0,144,1,512,143,143
174081,174080,4096,1,37,9,9,0,8,12,9,0,0,0,9,0,0,9,9
174208,174208,1024,0,513,146,145,0,91,190,142,4,0,0,146,1,512,145,145
174209,174208,1024,1,513,144,143,0,89,188,140,4,0,0,144,1,512,143,143
174336,174336,2048,0,1025,264,263,0,158,256,217,39,0,0,256,1,512,263,263
174336,174336,1024,0,513,147,147,0,87,184,138,9,0,0,147,1,512,147,147
174337,174336,2048,1,1025,261,260,0,156,256,222,34,0,0,256,1,512,260,260
174337,174336,1024,1,513,145,145,0,87,182,137,8,0,0,145,1,512,145,145
174464,174464,1024,0,513,143,143,0,89,183,133,10,0,0,143,1,512,143,143
174465,174464,1024,1,513,143,143,0,91,179,134,9,0,0,143,1,512,143,143
174592,174592,2048,0,1025,276,276,0,169,256,156,100,0,0,256,1,512,276,276
174592,174592,1024,0,513,138,138,0,89,186,131,7,0,0,138,1,512,138,138
174592,174592,4096,0,37,6,6,0,6,8,6,0,0,0,6,0,0,6,6
174593,174592,2048,1,1025,275,275,0,168,256,148,108,0,0,256,1,512,275,275
174593,174592,1024,1,513,137,137,0,87,183,130,7,0,0,137,1,512,137,137
174593,174592,4096,1,37,9,9,0,7,12,9,0,0,0,9,0,0,9,9
174720,174720,1024,0,513,135,134,0,90,186,131,4,0,0,135,1,512,134,134
174721,174720,1024,1,513,136,135,0,89,183,132,4,0,0,136,1,512,135,135
174848,174848,2048,0,1025,275,275,0,183,256,184,72,0,0,256,1,512,275,275
174848,174848,1024,0,513,136,136,0,84,182,128,8,0,0,136,1,512,136,136
174849,174848,2048,1,1025,274,274,0,180,256,192,64,0,0,256,1,512,274,274
174849,174848,1024,1,513,136,136,0,86,179,129,7,0,0,136,1,512,136,136
174976,174976,1024,0,513,146,146,0,83,178,130,16,0,0,146,1,512,146,146
174977,174976,1024,1,513,146,146,0,84,174,129,17,0,0,146,1,512,146,146
175104,175104,2048,0,1025,271,271,0,186,256,213,43,0,0,256,1,512,271,271
175104,175104,1024,0,513,139,139,0,97,184,133,6,0,0,139,1,512,139,139
175104,175104,4096,0,37,7,7,0,6,8,7,0,0,0,7,0,0,7,7
175105,175104,2048,1,1025,269,269,0,187,256,204,52,0,0,256,1,512,269,269
175105,175104,1024,1,513,138,138,0,97,183,133,5,0,0,138,1,512,138,138
175105,175104,4096,1,37,7,7,0,7,12,7,0,0,0,7,0,0,7,7
175232,175232,1024,0,513,142,142,0,68,186,130,12,0,0,142,1,512,142,142
175233,175232,1024,1,513,140,140,0,70,185,129,11,0,0,140,1,512,140,140
175360,175360,2048,0,1025,277,276,0,155,256,156,100,0,0,256,1,512,276,276
175360,175360,1024,0,513,146,146,0,95,187,138,8,0,0,146,1,512,146,146
175361,175360,2048,1,1025,275,275,0,153,256,167,89,0,0,256,1,512,275,275
175361,175360,1024,1,513,146,146,0,94,185,138,8,0,0,146,1,512,146,146
175488,175488,1024,0,513,138,137,0,92,189,132,6,0,0,138,1,512,137,137
175489,175488,1024,1,513,136,135,0,93,188,131,5,0,0,136,1,512,135,135
175616,175616,2048,0,1025,283,282,0,177,256,177,79,0,0,256,1,512,282,282
175616,175616,1024,0,513,147,146,0,80,190,139,8,0,0,147,1,512,146,146
175616,175616,4096,0,37,7,7,0,7,8,7,0,0,0,7,0,0,7,7
175617,175616,2048,1,1025,282,281,0,176,256,180,76,0,0,256,1,512,281,281
175617,175616,1024,1,513,146,145,0,79,188,137,9,0,0,146,1,512,145,145
175617,175616,4096,1,37,9,9,0,6,11,9,0,0,0,9,0,0,9,9
175744,175744,1024,0,513,139,138,0,96,190,133,6,0,0,139,1,512,138,138
175745,175744,1024,1,513,137,136,0,96,189,131,6,0,0,137,1,512,136,136
175872,175872,2048,0,1025,285,283,0,172,256,74,182,0,0,256,1,512,283,283
175872,175872,1024,0,513,134,133,0,92,192,126,8,0,0,134,1,512,133,133
175873,175872,2048,1,1025,281,280,0,170,256,104,152,0,0,256,1,512,280,280
175873,175872,1024,1,513,134,133,0,91,190,126,8,0,0,134,1,512,133,133
176000,176000,1024,0,513,145,144,0,82,190,134,11,0,0,145,1,512,144,144
176001,176000,1024,1,513,144,143,0,81,188,133,11,0,0,144,1,512,143,143
176128,176128,2048,0,1025,284,283,0,179,256,221,35,0,0,256,1,512,283,283
176128,176128,1024,0,513,141,140,0,95,190,138,3,0,0,141,1,512,140,140
176128,176128,4096,0,37,6,6,0,6,7,6,0,0,0,6,0,0,6,6
176129,176128,2048,1,1025,280,279,0,177,256,221,35,0,0,256,1,512,279,279
176129,176128,1024,1,513,139,138,0,94,189,136,3,0,0,139,1,512,138,138
176129,176128,4096,1,37,9,9,0,7,11,8,1,0,0,9,1,512,9,9
176256,176256,1024,0,513,138,137,0,80,185,132,6,0,0,138,1,512,137,137
176257,176256,1024,1,513,137,136,0,81,183,131,6,0,0,137,1,512,136,136
176384,176384,2048,0,1025,280,279,0,183,256,203,53,0,0,256,1,512,279,279
176384,176384,1024,0,513,142,141,0,95,185,136,6,0,0,142,1,512,141,141
176385,176384,2048,1,1025,278,277,0,179,256,167,89,0,0,256,1,512,277,277
176385,176384,1024,1,513,143,142,0,94,183,137,6,0,0,143,1,512,142,142
176512,176512,1024,0,513,138,137,0,87,183,128,10,0,0,138,1,512,137,137
176513,176512,1024,1,513,138,137,0,87,182,127,11,0,0,138,1,512,137,137
176640,176640,2048,0,1025,292,291,0,169,256,204,52,0,0,256,1,512,291,291
176640,176640,1024,0,513,145,144,0,88,184,136,9,0,0,145,1,512,144,144
176640,176640,4096,0,37,8,7,0,5,7,7,1,0,0,8,1,512,7,7
176641,176640,2048,1,1025,290,289,0,169,256,215,41,0,0,256,1,512,289,289
176641,176640,1024,1,513,143,142,0,86,184,135,8,0,0,143,1,512,142,142
176641,176640,4096,1,37,9,8,0,6,11,8,1,0,0,9,1,512,8,8
176768,176768,1024,0,513,140,139,0,96,183,135,5,0,0,140,1,512,139,139
176769,176768,1024,1,513,138,137,0,94,183,133,5,0,0,138,1,512,137,137
176896,176896,2048,0,1025,279,278,0,197,256,196,60,0,0,256,1,512,278,278
176896,176896,1024,0,513,145,144,0,97,180,135,10,0,0,145,1,512,144,144
176897,176896,2048,1,1025,278,277,0,195,256,198,58,0,0,256,1,512,277,277
176897,176896,1024,1,513,146,145,0,98,180,136,10,0,0,146,1,512,145,145
177024,177024,1024,0,513,143,142,0,96,181,135,8,0,0,143,1,512,142,142
177025,177024,1024,1,513,143,142,0,96,179,136,7,0,0,143,1,512,142,142
177152,177152,2048,0,1025,283,282,0,171,256,203,53,0,0,256,1,512,282,282
177152,177152,1024,0,513,141,140,0,89,183,136,5,0,0,141,1,512,140,140
177152,177152,4096,0,37,8,7,0,7,8,8,0,0,0,8,0,0,7,7
177153,177152,2048,1,1025,283,282,0,170,256,200,56,0,0,256,1,512,282,282
177153,177152,1024,1,513,140,139,0,90,180,135,5,0,0,140,1,512,139,139
177153,177152,4096,1,37,7,6,0,5,11,7,0,0,0,7,0,0,6,6
177280,177280,1024,0,513,139,138,0,86,184,130,9,0,0,139,1,512,138,138
177281,177280,1024,1,513,141,140,0,85,182,130,11,0,0,141,1,512,140,140
177408,177408,2048,0,1025,278,277,0,177,256,168,88,0,0,256,1,512,277,277
177408,177408,1024,0,513,149,148,0,99,188,140,9,0,0,149,1,512,148,148
177409,177408,2048,1,1025,275,274,0,176,256,198,58,0,0,256,1,512,274,274
177409,177408,1024,1,513,148,147,0,99,188,141,7,0,0,148,1,512,147,147
177536,177536,1024,0,513,142,141,0,91,187,133,9,0,0,142,1,512,141,141
177537,177536,1024,1,513,139,138,0,90,186,132,7,0,0,139,1,512,138,138
177664,177664,2048,0,1025,280,278,0,176,256,129,127,0,0,256,1,512,278,278
177664,177664,1024,0,513,127,126,0,79,189,120,7,0,0,127,1,512,126,126
177664,177664,4096,0,37,6,5,0,5,8,6,0,0,0,6,0,0,5,5
177665,177664,2048,1,1025,278,277,0,175,256,148,108,0,0,256,1,512,277,277
177665,177664,1024,1,513,127,126,0,76,186,120,7,0,0,127,1,512,126,126
177665,177664,4096,1,37,10,9,0,5,11,10,0,0,0,10,0,0,9,9
177792,177792,1024,0,513,142,141,0,90,187,133,9,0,0,142,1,512,141,141
177793,177792,1024,1,513,144,143,0,90,184,134,10,0,0,144,1,512,143,143
177920,177920,2048,0,1025,284,283,0,174,256,76,180,0,0,256,1,512,283,283
177920,177920,1024,0,513,153,152,0,85,191,143,10,0,0,153,1,512,152,152
177921,177920,2048,1,1025,281,280,0,174,256,77,179,0,0,256,1,512,280,280
177921,177920,1024,1,513,150,149,0,87,189,140,10,0,0,150,1,512,149,149
178048,178048,1024,0,513,150,149,0,100,192,143,7,0,0,150,1,512,149,149
178049,178048,1024,1,513,151,150,0,96,189,144,7,0,0,151,1,512,150,150
178176,178176,2048,0,1025,286,285,0,184,256,212,44,0,0,256,1,512,285,285
178176,178176,1024,0,513,150,149,0,90,195,147,3,0,0,150,1,512,149,149
178176,178176,4096,0,37,8,7,0,5,8,8,0,0,0,8,0,0,7,7
178177,178176,2048,1,1025,284,283,0,182,256,207,49,0,0,256,1,512,283,283
178177,178176,1024,1,513,149,148,0,89,193,146,3,0,0,149,1,512,148,148
178177,178176,4096,1,37,10,9,0,6,11,10,0,0,0,10,0,0,9,9
178304,178304,1024,0,513,145,144,0,103,194,140,5,0,0,145,1,512,144,144
178305,178304,1024,1,513,142,141,0,102,192,137,5,0,0,142,1,512,141,141
178432,178432,2048,0,1025,283,282,0,188,256,184,72,0,0,256,1,512,282,282
178432,178432,1024,0,513,143,143,0,88,194,139,4,0,0,143,1,512,143,143
178433,178432,2048,1,1025,280,279,0,185,256,193,63,0,0,256,1,512,279,279
178433,178432,1024,1,513,142,142,0,89,193,139,3,0,0,142,1,512,142,142
178560,178560,1024,0,513,146,146,0,92,190,135,11,0,0,146,1,512,146,146
178561,178560,1024,1,513,145,145,0,91,188,134,11,0,0,145,1,512,145,145
178688,178688,2048,0,1025,291,290,0,188,256,196,60,0,0,256,1,512,290,290
178688,178688,1024,0,513,143,143,0,91,189,133,10,0,0,143,1,512,143,143
178688,178688,4096,0,37,7,7,0,6,8,7,0,0,0,7,0,0,7,7
178689,178688,2048,1,1025,290,289,0,187,256,182,74,0,0,256,1,512,289,289
178689,178688,1024,1,513,142,142,0,87,188,133,9,0,0,142,1,512,142,142
178689,178688,4096,1,37,9,9,0,7,11,7,2,0,0,9,1,512,9,9
178816,178816,1024,0,513,142,142,0,88,195,136,6,0,0,142,1,512,142,142
178817,178816,1024,1,513,143,143,0,88,193,136,7,0,0,143,1,512,143,143
178944,178944,2048,0,1025,286,285,0,187,256,183,73,0,0,256,1,512,285,285
178944,178944,1024,0,513,147,147,0,103,198,142,5,0,0,147,1,512,147,147
178945,178944,2048,1,1025,284,283,0,184,256,184,72,0,0,256,1,512,283,283
178945,178944,1024,1,513,146,146,0,103,196,141,5,0,0,146,1,512,146,146
179072,179072,1024,0,513,144,143,0,97,195,141,3,0,0,144,1,512,143,143
179073,179072,1024,1,513,142,141,0,95,193,139,3,0,0,142,1,512,141,141
179200,179200,2048,0,1025,276,275,0,170,256,224,32,0,0,256,1,512,275,275
179200,179200,1024,0,513,144,144,0,89,185,139,5,0,0,144,1,512,144,144
179200,179200,4096,0,37,7,7,0,6,8,6,1,0,0,7,1,512,7,7
179201,179200,2048,1,1025,277,276,0,170,256,209,47,0,0,256,1,512,276,276
179201,179200,1024,1,513,142,142,0,87,184,137,5,0,0,142,1,512,142,142
179201,179200,4096,1,37,9,8,0,6,13,9,0,0,0,9,0,0,8,8
179328,179328,1024,0,513,140,140,0,92,183,132,8,0,0,140,1,512,140,140
179329,179328,1024,1,513,139,139,0,92,183,131,8,0,0,139,1,512,139,139
179456,179456,2048,0,1025,274,273,0,161,256,185,71,0,0,256,1,512,273,273
179456,179456,1024,0,513,139,138,0,87,185,131,8,0,0,139,1,512,138,138
179457,179456,2048,1,1025,273,272,0,159,256,170,86,0,0,256,1,512,272,272
179457,179456,1024,1,513,139,138,0,86,183,130,9,0,0,139,1,512,138,138
179584,179584,1024,0,513,133,133,0,83,185,128,5,0,0,133,1,512,133,133
179585,179584,1024,1,513,131,131,0,83,183,126,5,0,0,131,1,512,131,131
179712,179712,2048,0,1025,280,279,0,170,256,193,63,0,0,256,1,512,279,279
179712,179712,1024,0,513,142,142,0,85,180,130,12,0,0,142,1,512,142,142
179712,179712,4096,0,37,8,7,0,6,9,8,0,0,0,8,0,0,7,7
179713,179712,2048,1,1025,278,277,0,166,256,186,70,0,0,256,1,512,277,277
179713,179712,1024,1,513,141,141,0,84,178,129,12,0,0,141,1,512,141,141
179713,179712,4096,1,37,11,10,0,6,13,11,0,0,0,11,0,0,10,10
179840,179840,1024,0,513,141,141,0,91,188,134,7,0,0,141,1,512,141,141
179841,179840,1024,1,513,139,139,0,88,186,133,6,0,0,139,1,512,139,139
179968,179968,2048,0,1025,289,288,0,172,256,137,119,0,0,256,1,512,288,288
179968,179968,1024,0,513,144,144,0,84,185,132,12,0,0,144,1,512,144,144
179969,179968,2048,1,1025,289,288,0,171,256,119,137,0,0,256,1,512,288,288
179969,179968,1024,1,513,142,142,0,83,183,130,12,0,0,142,1,512,142,142
180096,180096,1024,0,513,150,150,0,91,189,140,10,0,0,150,1,512,150,150
180097,180096,1024,1,513,149,149,0,88,187,139,10,0,0,149,1,512,149,149
180224,180224,2048,0,1025,274,274,0,181,256,118,138,0,0,256,1,512,274,274
180224,180224,1024,0,513,147,147,0,96,192,146,1,0,0,147,1,512,147,147
180224,180224,4096,0,37,8,7,0,6,9,8,0,0,0,8,0,0,7,7
180225,180224,2048,1,1025,271,271,0,179,256,176,80,0,0,256,1,512,271,271
180225,180224,1024,1,513,147,147,0,96,189,145,2,0,0,147,1,512,147,147
180225,180224,4096,1,37,10,9,0,6,13,10,0,0,0,10,0,0,9,9
180352,180352,1024,0,513,144,144,0,96,188,137,7,0,0,144,1,512,144,144
180353,180352,1024,1,513,143,143,0,98,186,136,7,0,0,143,1,512,143,143
180480,180480,2048,0,1025,291,290,0,176,256,183,73,0,0,256,1,512,290,290
180480,180480,1024,0,513,141,140,0,94,189,134,7,0,0,141,1,512,140,140
180481,180480,2048,1,1025,288,287,0,173,256,157,99,0,0,256,1,512,287,287
180481,180480,1024,1,513,140,139,0,93,189,134,6,0,0,140,1,512,139,139
180608,180608,1024,0,513,140,139,0,78,183,132,8,0,0,140,1,512,139,139
180609,180608,1024,1,513,138,137,0,77,182,131,7,0,0,138,1,512,137,137
180736,180736,2048,0,1025,290,289,0,194,256,216,40,0,0,256,1,512,289,289
180736,180736,1024,0,513,139,138,0,89,184,134,5,0,0,139,1,512,138,138
180736,180736,4096,0,37,7,6,0,6,9,7,0,0,0,7,0,0,6,6
180737,180736,2048,1,1025,290,289,0,194,256,203,53,0,0,256,1,512,289,289
180737,180736,1024,1,513,140,139,0,89,182,135,5,0,0,140,1,512,139,139
180737,180736,4096,1,37,9,9,0,6,13,9,0,0,0,9,0,0,9,9
180864,180864,1024,0,513,139,138,0,97,184,135,4,0,0,139,1,512,138,138
180865,180864,1024,1,513,137,136,0,97,182,133,4,0,0,137,1,512,136,136
180992,180992,2048,0,1025,288,288,0,194,256,216,40,0,0,256,1,512,288,288
180992,180992,1024,0,513,141,140,0,86,179,132,9,0,0,141,1,512,140,140
180993,180992,2048,1,1025,285,285,0,191,256,220,36,0,0,256,1,512,285,285
180993,180992,1024,1,513,140,139,0,86,177,131,9,0,0,140,1,512,139,139
181120,181120,1024,0,513,145,144,0,86,182,139,6,0,0,145,1,512,144,144
181121,181120,1024,1,513,146,145,0,86,180,139,7,0,0,146,1,512,145,145
181248,181248,2048,0,1025,276,275,0,174,256,194,62,0,0,256,1,512,275,275
181248,181248,1024,0,513,143,142,0,89,182,133,10,0,0,143,1,512,142,142
181248,181248,4096,0,37,7,6,0,5,9,7,0,0,0,7,0,0,6,6
181249,181248,2048,1,1025,275,274,0,172,256,193,63,0,0,256,1,512,274,274
181249,181248,1024,1,513,141,140,0,91,182,131,10,0,0,141,1,512,140,140
181249,181248,4096,1,37,9,8,0,6,13,9,0,0,0,9,0,0,8,8
181376,181376,1024,0,513,142,141,0,87,187,136,6,0,0,142,1,512,141,141
181377,181376,1024,1,513,140,139,0,86,186,135,5,0,0,140,1,512,139,139
181504,181504,2048,0,1025,281,280,0,179,256,163,93,0,0,256,1,512,280,280
181504,181504,1024,0,513,134,133,0,74,185,127,7,0,0,134,1,512,133,133
181505,181504,2048,1,1025,281,280,0,179,256,142,114,0,0,256,1,512,280,280
181505,181504,1024,1,513,132,131,0,73,183,125,7,0,0,132,1,512,131,131
181632,181632,1024,0,513,138,137,0,77,185,129,9,0,0,138,1,512,137,137
181633,181632,1024,1,513,133,132,0,76,184,126,7,0,0,133,1,512,132,132
181760,181760,2048,0,1025,280,279,0,185,256,126,130,0,0,256,1,512,279,279
181760,181760,1024,0,513,143,142,0,80,184,135,8,0,0,143,1,512,142,142
181760,181760,4096,0,37,7,7,0,6,9,7,0,0,0,7,0,0,7,7
181761,181760,2048,1,1025,278,277,0,183,256,155,101,0,0,256,1,512,277,277
181761,181760,1024,1,513,145,144,0,80,180,136,9,0,0,145,1,512,144,144
181761,181760,4096,1,37,9,9,0,6,13,9,0,0,0,9,0,0,9,9
181888,181888,1024,0,513,144,144,0,90,188,136,8,0,0,144,1,512,144,144
181889,181888,1024,1,513,144,144,0,90,185,135,9,0,0,144,1,512,144,144
182016,182016,2048,0,1025,286,284,0,178,256,188,68,0,0,256,1,512,284,284
182016,182016,1024,0,513,139,139,0,88,186,133,6,0,0,139,1,512,139,139
182017,182016,2048,1,1025,285,284,0,177,256,175,81,0,0,256,1,512,284,284
182017,182016,1024,1,513,139,139,0,86,184,132,7,0,0,139,1,512,139,139
182144,182144,1024,0,513,138,138,0,89,185,128,10,0,0,138,1,512,138,138
182145,182144,1024,1,513,138,138,0,88,184,128,10,0,0,138,1,512,138,138
182272,182272,2048,0,1025,284,284,0,174,256,204,52,0,0,256,1,512,284,284
182272,182272,1024,0,513,142,141,0,80,187,134,8,0,0,142,1,512,141,141
182272,182272,4096,0,37,6,6,0,5,8,6,0,0,0,6,0,0,6,6
182273,182272,2048,1,1025,284,283,0,172,256,190,66,0,0,256,1,512,283,283
182273,182272,1024,1,513,141,140,0,78,186,134,7,0,0,141,1,512,140,140
182273,182272,4096,1,37,10,9,0,8,12,10,0,0,0,10,0,0,9,9
182400,182400,1024,0,513,144,143,0,81,190,137,7,0,0,144,1,512,143,143
182401,182400,1024,1,513,143,142,0,82,188,135,8,0,0,143,1,512,142,142
182528,182528,2048,0,1025,288,287,0,185,256,118,138,0,0,256,1,512,287,287
182528,182528,1024,0,513,138,137,0,86,186,129,9,0,0,138,1,512,137,137
182529,182528,2048,1,1025,285,285,0,183,256,136,120,0,0,256,1,512,285,285
182529,182528,1024,1,513,139,138,0,85,186,130,9,0,0,139,1,512,138,138
182656,182656,1024,0,513,134,133,0,95,190,129,5,0,0,134,1,512,133,133
182657,182656,1024,1,513,134,133,0,95,191,129,5,0,0,134,1,512,133,133
182784,182784,2048,0,1025,279,278,0,174,256,195,61,0,0,256,1,512,278,278
182784,182784,1024,0,513,136,135,0,83,188,130,6,0,0,136,1,512,135,135
182784,182784,4096,0,37,8,7,0,5,8,8,0,0,0,8,0,0,7,7
182785,182784,2048,1,1025,275,275,0,170,256,200,56,0,0,256,1,512,275,275
182785,182784,1024,1,513,133,132,0,82,188,127,6,0,0,133,1,512,132,132
182785,182784,4096,1,37,10,9,0,7,12,10,0,0,0,10,0,0,9,9
182912,182912,1024,0,513,142,141,0,89,183,131,11,0,0,142,1,512,141,141
182913,182912,1024,1,513,140,139,0,89,182,131,9,0,0,140,1,512,139,139
183040,183040,2048,0,1025,284,283,0,179,256,178,78,0,0,256,1,512,283,283
183040,183040,1024,0,513,141,141,0,96,183,135,6,0,0,141,1,512,141,141
183041,183040,2048,1,1025,280,280,0,174,256,202,54,0,0,256,1,512,280,280
183041,183040,1024,1,513,140,140,0,95,180,134,6,0,0,140,1,512,140,140
183168,183168,1024,0,513,145,145,0,86,182,136,9,0,0,145,1,512,145,145
183169,183168,1024,1,513,145,145,0,86,178,136,9,0,0,145,1,512,145,145
183296,183296,2048,0,1025,279,278,0,177,256,172,84,0,0,256,1,512,278,278
183296,183296,1024,0,513,140,139,0,96,185,137,3,0,0,140,1,512,139,139
183296,183296,4096,0,37,8,7,0,6,8,8,0,0,0,8,0,0,7,7
183297,183296,2048,1,1025,276,276,0,175,256,160,96,0,0,256,1,512,276,276
183297,183296,1024,1,513,140,139,0,97,181,137,3,0,0,140,1,512,139,139
183297,183296,4096,1,37,10,9,0,7,11,10,0,0,0,10,0,0,9,9
183424,183424,1024,0,513,146,145,0,82,182,137,9,0,0,146,1,512,145,145
183425,183424,1024,1,513,143,142,0,83,180,135,8,0,0,143,1,512,142,142
183552,183552,2048,0,1025,283,283,0,171,256,216,40,0,0,256,1,512,283,283
183552,183552,1024,0,513,147,146,0,95,182,138,9,0,0,147,1,512,146,146
183553,183552,2048,1,1025,280,280,0,169,256,220,36,0,0,256,1,512,280,280
183553,183552,1024,1,513,144,143,0,90,180,136,8,0,0,144,1,512,143,143
183680,183680,1024,0,513,145,144,0,87,187,139,6,0,0,145,1,512,144,144
183681,183680,1024,1,513,146,145,0,88,184,139,7,0,0,146,1,512,145,145
183808,183808,2048,0,1025,281,281,0,191,256,199,57,0,0,256,1,512,281,281
183808,183808,1024,0,513,136,136,0,82,187,126,10,0,0,136,1,512,136,136
183808,183808,4096,0,37,7,6,0,6,8,7,0,0,0,7,0,0,6,6
183809,183808,2048,1,1025,279,279,0,191,256,197,59,0,0,256,1,512,279,279
183809,183808,1024,1,513,138,138,0,83,185,127,11,0,0,138,1,512,138,138
183809,183808,4096,1,37,10,9,0,7,11,9,1,0,0,10,1,512,9,9
183936,183936,1024,0,513,140,140,0,87,188,137,3,0,0,140,1,512,140,140
183937,183936,1024,1,513,137,137,0,87,187,134,3,0,0,137,1,512,137,137
184064,184064,2048,0,1025,275,275,0,189,256,194,62,0,0,256,1,512,275,275
184064,184064,1024,0,513,140,140,0,93,184,132,8,0,0,140,1,512,140,140
184065,184064,2048,1,1025,274,274,0,183,256,191,65,0,0,256,1,512,274,274
184065,184064,1024,1,513,138,138,0,92,182,128,10,0,0,138,1,512,138,138
184192,184192,1024,0,513,138,137,0,85,184,129,9,0,0,138,1,512,137,137
184193,184192,1024,1,513,137,136,0,86,183,127,10,0,0,137,1,512,136,136
184320,184320,2048,0,1025,291,291,0,163,256,145,111,0,0,256,1,512,291,291
184320,184320,1024,0,513,138,138,0,83,183,132,6,0,0,138,1,512,138,138
184320,184320,4096,0,37,7,6,0,5,8,7,0,0,0,7,0,0,6,6
184321,184320,2048,1,1025,291,291,0,163,256,143,113,0,0,256,1,512,291,291
184321,184320,1024,1,513,138,138,0,84,184,132,6,0,0,138,1,512,138,138
184321,184320,4096,1,37,10,10,0,7,12,10,0,0,0,10,0,0,10,10
184448,184448,1024,0,513,137,137,0,96,184,129,8,0,0,137,1,512,137,137
184449,184448,1024,1,513,135,135,0,95,184,127,8,0,0,135,1,512,135,135
184576,184576,2048,0,1025,285,284,0,185,256,93,163,0,0,256,1,512,284,284
184576,184576,1024,0,513,140,140,0,77,182,130,10,0,0,140,1,512,140,140
184577,184576,2048,1,1025,280,280,0,184,256,122,134,0,0,256,1,512,280,280
184577,184576,1024,1,513,139,139,0,76,182,130,9,0,0,139,1,512,139,139
184704,184704,1024,0,513,142,142,0,95,184,133,9,0,0,142,1,512,142,142
184705,184704,1024,1,513,143,143,0,94,183,134,9,0,0,143,1,512,143,143
184832,184832,2048,0,1025,287,287,0,187,256,143,113,0,0,256,1,512,287,287
184832,184832,1024,0,513,146,146,0,92,185,141,5,0,0,146,1,512,146,146
184832,184832,4096,0,37,7,7,0,6,8,7,0,0,0,7,0,0,7,7
184833,184832,2048,1,1025,282,282,0,184,256,141,115,0,0,256,1,512,282,282
184833,184832,1024,1,513,145,145,0,94,185,140,5,0,0,145,1,512,145,145
184833,184832,4096,1,37,11,11,0,7,12,10,1,0,0,11,1,512,11,11
184960,184960,1024,0,513,142,142,0,88,185,133,9,0,0,142,1,512,142,142
184961,184960,1024,1,513,142,142,0,87,185,133,9,0,0,142,1,512,142,142
185088,185088,2048,0,1025,284,283,0,185,256,218,38,0,0,256,1,512,283,283
185088,185088,1024,0,513,139,138,0,83,185,134,5,0,0,139,1,512,138,138
185089,185088,2048,1,1025,282,281,0,182,256,214,42,0,0,256,1,512,281,281
185089,185088,1024,1,513,138,137,0,82,186,133,5,0,0,138,1,512,137,137
185216,185216,1024,0,513,137,136,0,89,185,128,9,0,0,137,1,512,136,136
185217,185216,1024,1,513,136,135,0,89,186,128,8,0,0,136,1,512,135,135
185344,185344,2048,0,1025,285,285,0,170,256,186,70,0,0,256,1,512,285,285
185344,185344,1024,0,513,137,136,0,86,188,133,4,0,0,137,1,512,136,136
185344,185344,4096,0,37,6,6,0,6,8,6,0,0,0,6,0,0,6,6
185345,185344,2048,1,1025,285,285,0,168,256,173,83,0,0,256,1,512,285,285
185345,185344,1024,1,513,137,136,0,84,188,133,4,0,0,137,1,512,136,136
185345,185344,4096,1,37,9,9,0,9,13,9,0,0,0,9,0,0,9,9
185472,185472,1024,0,513,142,141,0,85,184,132,10,0,0,142,1,512,141,141
185473,185472,1024,1,513,141,140,0,86,183,131,10,0,0,141,1,512,140,140
185600,185600,2048,0,1025,286,286,0,191,256,211,45,0,0,256,1,512,286,286
185600,185600,1024,0,513,138,137,0,84,188,132,6,0,0,138,1,512,137,137
185601,185600,2048,1,1025,285,285,0,190,256,217,39,0,0,256,1,512,285,285
185601,185600,1024,1,513,138,137,0,85,187,133,5,0,0,138,1,512,137,137
185728,185728,1024,0,513,137,137,0,92,180,132,5,0,0,137,1,512,137,137
185729,185728,1024,1,513,136,136,0,90,179,131,5,0,0,136,1,512,136,136
185856,185856,2048,0,1025,285,283,0,181,256,179,77,0,0,256,1,512,283,283
185856,185856,1024,0,513,141,140,0,87,180,132,9,0,0,141,1,512,140,140
185856,185856,4096,0,37,7,6,0,5,8,7,0,0,0,7,0,0,6,6
185857,185856,2048,1,1025,281,280,0,180,256,187,69,0,0,256,1,512,280,280
185857,185856,1024,1,513,139,138,0,85,179,130,9,0,0,139,1,512,138,138
185857,185856,4096,1,37,9,8,0,7,13,9,0,0,0,9,0,0,8,8
185984,185984,1024,0,513,140,139,0,92,180,131,9,0,0,140,1,512,139,139
185985,185984,1024,1,513,139,138,0,91,179,131,8,0,0,139,1,512,138,138
186112,186112,2048,0,1025,280,279,0,183,256,185,71,0,0,256,1,512,279,279
186112,186112,1024,0,513,143,143,0,79,181,137,6,0,0,143,1,512,143,143
186113,186112,2048,1,1025,281,280,0,180,256,150,106,0,0,256,1,512,280,280
186113,186112,1024,1,513,143,143,0,79,179,137,6,0,0,143,1,512,143,143
186240,186240,1024,0,513,145,144,0,94,180,137,8,0,0,145,1,512,144,144
186241,186240,1024,1,513,143,142,0,95,177,136,7,0,0,143,1,512,142,142
186368,186368,2048,0,1025,280,279,0,175,256,172,84,0,0,256,1,512,279,279
186368,186368,1024,0,513,144,143,0,98,184,138,6,0,0,144,1,512,143,143
186368,186368,4096,0,37,8,7,0,6,7,7,1,0,0,8,1,512,7,7
186369,186368,2048,1,1025,275,274,0,174,256,206,50,0,0,256,1,512,274,274
186369,186368,1024,1,513,143,142,0,98,181,137,6,0,0,143,1,512,142,142
186369,186368,4096,1,37,9,8,0,6,12,8,1,0,0,9,1,512,8,8
186496,186496,1024,0,513,134,134,0,91,185,131,3,0,0,134,1,512,134,134
186497,186496,1024,1,513,132,132,0,90,182,130,2,0,0,132,1,512,132,132
186624,186624,2048,0,1025,280,279,0,172,256,160,96,0,0,256,1,512,279,279
186624,186624,1024,0,513,135,135,0,75,182,124,11,0,0,135,1,512,135,135
186625,186624,2048,1,1025,278,277,0,169,256,153,103,0,0,256,1,512,277,277
186625,186624,1024,1,513,137,137,0,76,179,124,13,0,0,137,1,512,137,137
186752,186752,1024,0,513,136,136,0,83,185,128,8,0,0,136,1,512,136,136
186753,186752,1024,1,513,135,135,0,84,184,128,7,0,0,135,1,512,135,135
186880,186880,2048,0,1025,278,278,0,164,256,211,45,0,0,256,1,512,278,278
186880,186880,1024,0,513,137,137,0,88,184,128,9,0,0,137,1,512,137,137
186880,186880,4096,0,37,7,6,0,6,8,7,0,0,0,7,0,0,6,6
186881,186880,2048,1,1025,277,277,0,164,256,211,45,0,0,256,1,512,277,277
186881,186880,1024,1,513,136,136,0,86,182,127,9,0,0,136,1,512,136,136
186881,186880,4096,1,37,9,9,0,7,13,9,0,0,0,9,0,0,9,9
187008,187008,1024,0,513,143,143,0,85,181,132,11,0,0,143,1,512,143,143
187009,187008,1024,1,513,142,142,0,85,180,130,12,0,0,142,1,512,142,142
187136,187136,2048,0,1025,285,285,0,179,256,96,160,0,0,256,1,512,285,285
187136,187136,1024,0,513,140,140,0,80,186,131,9,0,0,140,1,512,140,140
187137,187136,2048,1,1025,286,286,0,180,256,88,168,0,0,256,1,512,286,286
187137,187136,1024,1,513,139,139,0,79,187,130,9,0,0,139,1,512,139,139
187264,187264,1024,0,513,138,138,0,88,191,133,5,0,0,138,1,512,138,138
187265,187264,1024,1,513,136,136,0,89,192,132,4,0,0,136,1,512,136,136
187392,187392,2048,0,1025,279,279,0,178,256,167,89,0,0,256,1,512,279,279
187392,187392,1024,0,513,145,144,0,88,189,135,10,0,0,145,1,512,144,144
187392,187392,4096,0,37,7,7,0,5,8,7,0,0,0,7,0,0,7,7
187393,187392,2048,1,1025,278,278,0,177,256,170,86,0,0,256,1,512,278,278
187393,187392,1024,1,513,143,142,0,83,189,133,10,0,0,143,1,512,142,142
187393,187392,4096,1,37,8,8,0,7,11,8,0,0,0,8,0,0,8,8
187520,187520,1024,0,513,150,149,0,92,190,138,12,0,0,150,1,512,149,149
187521,187520,1024,1,513,149,148,0,89,189,136,13,0,0,149,1,512,148,148
187648,187648,2048,0,1025,288,288,0,189,256,202,54,0,0,256,1,512,288,288
187648,187648,1024,0,513,144,143,0,92,192,140,4,0,0,144,1,512,143,143
187649,187648,2048,1,1025,287,287,0,188,256,217,39,0,0,256,1,512,287,287
187649,187648,1024,1,513,142,141,0,90,192,139,3,0,0,142,1,512,141,141
187776,187776,1024,0,513,138,137,0,90,190,134,4,0,0,138,1,512,137,137
187777,187776,1024,1,513,138,137,0,90,188,134,4,0,0,138,1,512,137,137
187904,187904,2048,0,1025,294,294,0,167,256,207,49,0,0,256,1,512,294,294
187904,187904,1024,0,513,141,140,0,86,189,134,7,0,0,141,1,512,140,140
187904,187904,4096,0,37,7,7,0,6,8,7,0,0,0,7,0,0,7,7
187905,187904,2048,1,1025,291,291,0,165,256,204,52,0,0,256,1,512,291,291
187905,187904,1024,1,513,140,139,0,87,187,133,7,0,0,140,1,512,139,139
187905,187904,4096,1,37,10,10,0,6,11,8,2,0,0,10,1,512,10,10
188032,188032,1024,0,513,138,138,0,94,187,132,6,0,0,138,1,512,138,138
188033,188032,1024,1,513,136,136,0,91,185,130,6,0,0,136,1,512,136,136
188160,188160,2048,0,1025,283,282,0,194,256,190,66,0,0,256,1,512,282,282
188160,188160,1024,0,513,146,146,0,90,185,141,5,0,0,146,1,512,146,146
188161,188160,2048,1,1025,282,281,0,193,256,184,72,0,0,256,1,512,281,281
188161,188160,1024,1,513,143,143,0,87,183,138,5,0,0,143,1,512,143,143
188288,188288,1024,0,513,145,145,0,94,185,139,6,0,0,145,1,512,145,145
188289,188288,1024,1,513,143,143,0,92,185,138,5,0,0,143,1,512,143,143
188416,188416,2048,0,1025,277,276,0,179,256,146,110,0,0,256,1,512,276,276
188416,188416,1024,0,513,142,142,0,99,186,137,5,0,0,142,1,512,142,142
188416,188416,4096,0,37,7,6,0,6,8,7,0,0,0,7,0,0,6,6
188417,188416,2048,1,1025,276,275,0,177,256,152,104,0,0,256,1,512,275,275
188417,188416,1024,1,513,142,142,0,99,184,136,6,0,0,142,1,512,142,142
188417,188416,4096,1,37,9,8,0,7,13,9,0,0,0,9,0,0,8,8
188544,188544,1024,0,513,133,133,0,93,184,127,6,0,0,133,1,512,133,133
188545,188544,1024,1,513,132,132,0,92,183,127,5,0,0,132,1,512,132,132
188672,188672,2048,0,1025,279,279,0,172,256,204,52,0,0,256,1,512,279,279
188672,188672,1024,0,513,143,143,0,88,182,134,9,0,0,143,1,512,143,143
188673,188672,2048,1,1025,277,277,0,172,256,212,44,0,0,256,1,512,277,277
188673,188672,1024,1,513,143,143,0,89,181,135,8,0,0,143,1,512,143,143
188800,188800,1024,0,513,149,149,0,92,186,143,6,0,0,149,1,512,149,149
188801,188800,1024,1,513,147,147,0,91,185,141,6,0,0,147,1,512,147,147
188928,188928,2048,0,1025,278,278,0,174,256,164,92,0,0,256,1,512,278,278
188928,188928,1024,0,513,139,139,0,91,187,130,9,0,0,139,1,512,139,139
188928,188928,4096,0,37,8,7,0,5,8,8,0,0,0,8,0,0,7,7
188929,188928,2048,1,1025,278,278,0,171,256,156,100,0,0,256,1,512,278,278
188929,188928,1024,1,513,140,140,0,90,185,131,9,0,0,140,1,512,140,140
188929,188928,4096,1,37,11,10,0,8,13,11,0,0,0,11,0,0,10,10
189056,189056,1024,0,513,133,133,0,88,186,131,2,0,0,133,1,512,133,133
189057,189056,1024,1,513,135,135,0,92,185,133,2,0,0,135,1,512,135,135
189184,189184,2048,0,1025,286,286,0,184,256,143,113,0,0,256,1,512,286,286
189184,189184,1024,0,513,138,138,0,88,183,132,6,0,0,138,1,512,138,138
189185,189184,2048,1,1025,286,286,0,184,256,141,115,0,0,256,1,512,286,286
189185,189184,1024,1,513,137,137,0,87,182,131,6,0,0,137,1,512,137,137
189312,189312,1024,0,513,140,140,0,89,185,132,8,0,0,140,1,512,140,140
189313,189312,1024,1,513,139,139,0,88,184,131,8,0,0,139,1,512,139,139
189440,189440,2048,0,1025,272,272,0,176,256,192,64,0,0,256,1,512,272,272
189440,189440,1024,0,513,142,141,0,98,181,135,7,0,0,142,1,512,141,141
189440,189440,4096,0,37,8,7,0,7,8,8,0,0,0,8,0,0,7,7
189441,189440,2048,1,1025,271,271,0,174,256,196,60,0,0,256,1,512,271,271
189441,189440,1024,1,513,140,139,0,96,183,134,6,0,0,140,1,512,139,139
189441,189440,4096,1,37,9,9,0,8,12,9,0,0,0,9,0,0,9,9
189568,189568,1024,0,513,141,140,0,83,184,131,10,0,0,141,1,512,140,140
189569,189568,1024,1,513,142,141,0,83,185,132,10,0,0,142,1,512,141,141
189696,189696,2048,0,1025,283,283,0,168,256,107,149,0,0,256,1,512,283,283
189696,189696,1024,0,513,136,135,0,91,185,129,7,0,0,136,1,512,135,135
189697,189696,2048,1,1025,280,280,0,165,256,138,118,0,0,256,1,512,280,280
189697,189696,1024,1,513,138,137,0,93,186,131,7,0,0,138,1,512,137,137
189824,189824,1024,0,513,144,143,0,83,185,135,9,0,0,144,1,512,143,143
189825,189824,1024,1,513,142,141,0,83,186,134,8,0,0,142,1,512,141,141
189952,189952,2048,0,1025,280,280,0,189,256,168,88,0,0,256,1,512,280,280
189952,189952,1024,0,513,154,153,0,104,186,145,9,0,0,154,1,512,153,153
189952,189952,4096,0,37,7,6,0,5,8,7,0,0,0,7,0,0,6,6
189953,189952,2048,1,1025,280,280,0,186,256,130,126,0,0,256,1,512,280,280
189953,189952,1024,1,513,150,149,0,103,185,141,9,0,0,150,1,512,149,149
189953,189952,4096,1,37,9,8,0,7,12,9,0,0,0,9,0,0,8,8
190080,190080,1024,0,513,142,141,0,93,186,136,6,0,0,142,1,512,141,141
190081,190080,1024,1,513,143,142,0,92,186,137,6,0,0,143,1,512,142,142
190208,190208,2048,0,1025,275,274,0,165,256,210,46,0,0,256,1,512,274,274
190208,190208,1024,0,513,148,147,0,98,186,139,9,0,0,148,1,512,147,147
190209,190208,2048,1,1025,275,274,0,164,256,208,48,0,0,256,1,512,274,274
190209,190208,1024,1,513,148,147,0,100,185,139,9,0,0,148,1,512,147,147
190336,190336,1024,0,513,143,142,0,86,186,135,8,0,0,143,1,512,142,142
190337,190336,1024,1,513,141,140,0,85,184,135,6,0,0,141,1,512,140,140
190464,190464,2048,0,1025,284,282,0,167,256,159,97,0,0,256,1,512,282,282
190464,190464,1024,0,513,141,140,0,101,190,132,9,0,0,141,1,512,140,140
190464,190464,4096,0,37,8,7,0,6,8,8,0,0,0,8,0,0,7,7
190465,190464,2048,1,1025,280,279,0,166,256,180,76,0,0,256,1,512,279,279
190465,190464,1024,1,513,139,138,0,99,186,130,9,0,0,139,1,512,138,138
190465,190464,4096,1,37,10,10,0,6,12,9,1,0,0,10,1,512,10,10
190592,190592,1024,0,513,135,135,0,86,190,130,5,0,0,135,1,512,135,135
190593,190592,1024,1,513,134,134,0,84,187,129,5,0,0,134,1,512,134,134
190720,190720,2048,0,1025,267,266,0,175,256,176,80,0,0,256,1,512,266,266
190720,190720,1024,0,513,143,143,0,85,189,134,9,0,0,143,1,512,143,143
190721,190720,2048,1,1025,265,264,0,174,256,190,66,0,0,256,1,512,264,264
190721,190720,1024,1,513,143,143,0,85,186,133,10,0,0,143,1,512,143,143
190848,190848,1024,0,513,139,139,0,92,186,132,7,0,0,139,1,512,139,139
190849,190848,1024,1,513,140,140,0,93,184,133,7,0,0,140,1,512,140,140
190976,190976,2048,0,1025,278,278,0,162,256,196,60,0,0,256,1,512,278,278
190976,190976,1024,0,513,146,145,0,91,182,136,10,0,0,146,1,512,145,145
190976,190976,4096,0,37,6,6,0,6,8,6,0,0,0,6,0,0,6,6
190977,190976,2048,1,1025,274,274,0,159,256,220,36,0,0,256,1,512,274,274
190977,190976,1024,1,513,143,142,0,87,181,134,9,0,0,143,1,512,142,142
190977,190976,4096,1,37,10,10,0,6,13,9,1,0,0,10,1,512,10,10
191104,191104,1024,0,513,139,138,0,73,181,131,8,0,0,139,1,512,138,138
191105,191104,1024,1,513,138,137,0,73,180,130,8,0,0,138,1,512,137,137
191232,191232,2048,0,1025,278,278,0,182,256,90,166,0,0,256,1,512,278,278
191232,191232,1024,0,513,147,146,0,92,187,135,12,0,0,147,1,512,146,146
191233,191232,2048,1,1025,276,276,0,183,256,71,185,0,0,256,1,512,276,276
191233,191232,1024,1,513,145,144,0,92,186,133,12,0,0,145,1,512,144,144
191360,191360,1024,0,513,146,145,0,91,194,143,3,0,0,146,1,512,145,145
191361,191360,1024,1,513,144,143,0,88,193,142,2,0,0,144,1,512,143,143
191488,191488,2048,0,1025,279,279,0,173,256,212,44,0,0,256,1,512,279,279
191488,191488,1024,0,513,141,140,0,90,192,130,11,0,0,141,1,512,140,140
191488,191488,4096,0,37,6,6,0,5,8,6,0,0,0,6,0,0,6,6
191489,191488,2048,1,1025,278,278,0,171,256,215,41,0,0,256,1,512,278,278
191489,191488,1024,1,513,143,142,0,92,189,131,12,0,0,143,1,512,142,142
191489,191488,4096,1,37,9,9,0,6,13,9,0,0,0,9,0,0,9,9
191616,191616,1024,0,513,145,144,0,91,194,138,7,0,0,145,1,512,144,144
191617,191616,1024,1,513,145,144,0,93,192,138,7,0,0,145,1,512,144,144
191744,191744,2048,0,1025,286,285,0,177,256,216,40,0,0,256,1,512,285,285
191744,191744,1024,0,513,141,141,0,93,193,134,7,0,0,141,1,512,141,141
191745,191744,2048,1,1025,284,283,0,177,256,218,38,0,0,256,1,512,283,283
191745,191744,1024,1,513,139,139,0,92,191,132,7,0,0,139,1,512,139,139
191872,191872,1024,0,513,151,151,0,92,191,141,10,0,0,151,1,512,151,151
191873,191872,1024,1,513,149,149,0,89,189,139,10,0,0,149,1,512,149,149
192000,192000,2048,0,1025,287,286,0,175,256,184,72,0,0,256,1,512,286,286
192000,192000,1024,0,513,141,141,0,88,194,135,6,0,0,141,1,512,141,141
192000,192000,4096,0,37,8,7,0,5,8,7,1,0,0,8,1,512,7,7
