/*******************************************************************************
 * Size: 72 px
 * Bpp: 4
 * Opts: --font /tmp/ardor-SairaCondensed-SemiBold.ttf --size 72 --bpp 4 --format lvgl --lv-include lvgl.h --lv-font-name ardor_font_saira_cond_semibold_72 -r 0x20-0x7E,0xB7 -o src/ui/fonts/SairaCondSemibold72.c
 ******************************************************************************/

#ifdef LV_LVGL_H_INCLUDE_SIMPLE
#include "lvgl.h"
#else
#include "lvgl.h"
#endif

#ifndef ARDOR_FONT_SAIRA_COND_SEMIBOLD_72
#define ARDOR_FONT_SAIRA_COND_SEMIBOLD_72 1
#endif

#if ARDOR_FONT_SAIRA_COND_SEMIBOLD_72

/*-----------------
 *    BITMAPS
 *----------------*/

/*Store the image of the glyphs*/
static LV_ATTRIBUTE_LARGE_CONST const uint8_t glyph_bitmap[] = {
    /* U+0020 " " */

    /* U+0021 "!" */
    0xff, 0xfe, 0x80, 0xf, 0xff, 0x30, 0x80, 0x7e,
    0xf3, 0x0, 0xfc, 0x20, 0x1f, 0xc6, 0x20, 0x1f,
    0xce, 0x1, 0xf8, 0x44, 0x1, 0xf9, 0xcc, 0x3,
    0xf1, 0x8, 0x7, 0xe1, 0xe0, 0xf, 0xe3, 0x0,
    0xf8, 0x40, 0x40, 0x3e, 0x30, 0x70, 0xf, 0x84,
    0x4, 0x3, 0xe7, 0x3, 0x0, 0xf8, 0x40, 0x40,
    0x3e, 0x20, 0x0, 0x80, 0x7b, 0xc0, 0x6, 0x1,
    0xe1, 0x0, 0x8, 0x7, 0x8c, 0x0, 0xe0, 0x1e,
    0x60, 0x1, 0x0, 0x78, 0x40, 0x2, 0x1, 0xe3,
    0x0, 0x78, 0x7, 0x84, 0x0, 0x40, 0x1c, 0x20,
    0x10, 0x80, 0x71, 0x80, 0x4e, 0x1, 0xc2, 0x1,
    0x10, 0x7, 0x30, 0x4, 0x20, 0x1c, 0x60, 0x1f,
    0xc2, 0x1, 0xb3, 0x3a, 0x40, 0x31, 0x9f, 0x8,
    0x7, 0xff, 0x78, 0xd9, 0xbf, 0x5, 0xcc, 0xfe,
    0x10, 0xf, 0xff, 0xd0,

    /* U+0022 "\"" */
    0x9f, 0xff, 0x70, 0x5, 0x5f, 0xfe, 0xc0, 0xf,
    0xff, 0xa1, 0x80, 0x7f, 0x9c, 0x40, 0x3c, 0x20,
    0x11, 0x80, 0x78, 0x7c, 0x3, 0xce, 0x1, 0x8,
    0x7, 0x8c, 0x40, 0x3c, 0x20, 0x17, 0x80, 0x78,
    0x4c, 0x3, 0xc6, 0x1, 0x8, 0x7, 0xbc, 0x40,
    0x3c, 0x20, 0x11, 0x80, 0x78, 0x5c, 0x3, 0xde,
    0x1, 0x8, 0x7, 0x8c, 0x40, 0x3c, 0x20, 0x13,
    0x80, 0x78, 0x4c, 0x3, 0xc6, 0x1, 0x10, 0x7,
    0x9c, 0x40, 0x3c, 0x20, 0x10, 0x80, 0x78, 0x40,
    0x40, 0x39, 0xc0, 0x3f, 0xc6, 0x6, 0x1, 0xc4,
    0x1, 0x84, 0x3, 0x84, 0x4, 0x3, 0x84, 0x3,
    0x18, 0x6, 0x10, 0x3, 0x80, 0x7f, 0x84, 0x3,
    0x18, 0x2, 0x73, 0x38, 0x3, 0xbb, 0x33, 0x78,
    0x0,

    /* U+0023 "#" */
    0x0, 0xff, 0x7f, 0xf8, 0x3, 0xe8, 0xff, 0xe7,
    0x0, 0xff, 0xe0, 0x8, 0x7, 0x10, 0x7, 0xc4,
    0x1, 0xc4, 0x1, 0xff, 0xc0, 0x50, 0xe, 0x60,
    0xf, 0x98, 0x3, 0x9c, 0x3, 0xff, 0x80, 0x40,
    0x1c, 0x40, 0x1f, 0x18, 0x7, 0x10, 0x7, 0xff,
    0x3, 0x80, 0x3b, 0xc0, 0x3c, 0x20, 0x1c, 0x40,
    0x1f, 0xfc, 0x13, 0x0, 0xe2, 0x0, 0xf1, 0x0,
    0x73, 0x0, 0x7f, 0xf0, 0x58, 0x3, 0x98, 0x3,
    0xca, 0x1, 0xc6, 0x1, 0xff, 0xc1, 0x20, 0xe,
    0x20, 0xf, 0x70, 0x7, 0x70, 0x7, 0xff, 0x0,
    0x80, 0x38, 0x80, 0x3e, 0x20, 0xe, 0x20, 0xf,
    0xfe, 0x3, 0x0, 0x73, 0x0, 0x7c, 0xe0, 0x1c,
    0xa0, 0x1f, 0xfc, 0x3, 0x0, 0xe3, 0x0, 0xf8,
    0x80, 0x38, 0x40, 0x3f, 0xf8, 0x1c, 0x1, 0xdc,
    0x1, 0xe1, 0x0, 0xe3, 0x0, 0xff, 0xe0, 0x90,
    0x7, 0x10, 0x7, 0x94, 0x3, 0x98, 0x3, 0xc3,
    0x77, 0xe4, 0x0, 0xe8, 0xbb, 0xf4, 0x80, 0x73,
    0xdd, 0xe8, 0x0, 0x22, 0x78, 0x3, 0xc6, 0x89,
    0xe2, 0x0, 0xe2, 0x44, 0xe0, 0xf, 0xff, 0xf8,
    0x7, 0xff, 0xb8, 0x7f, 0xf9, 0x0, 0x3a, 0xff,
    0xfd, 0x80, 0x1c, 0x9f, 0xfd, 0x80, 0x1f, 0x30,
    0x7, 0x30, 0x7, 0x94, 0x3, 0x88, 0x3, 0xff,
    0x82, 0x40, 0x1c, 0x40, 0x1e, 0xe0, 0xe, 0xf0,
    0xf, 0xfe, 0x1, 0x0, 0x71, 0x0, 0x7c, 0x40,
    0x1c, 0x40, 0x1f, 0xfc, 0x6, 0x0, 0xe6, 0x0,
    0xf9, 0xc0, 0x39, 0x80, 0x3f, 0xf8, 0x6, 0x1,
    0xc6, 0x1, 0xf1, 0x0, 0x71, 0x0, 0x7f, 0xf0,
    0x38, 0x3, 0xb8, 0x3, 0xc2, 0x1, 0xc4, 0x1,
    0xff, 0xc1, 0x50, 0xe, 0x20, 0xf, 0x28, 0x7,
    0x38, 0x7, 0xff, 0x4, 0x80, 0x39, 0x40, 0x3c,
    0x40, 0x1c, 0x40, 0x1f, 0xfc, 0x11, 0x0, 0xe1,
    0x0, 0xf7, 0x0, 0x77, 0x0, 0x7f, 0xf0, 0xc,
    0x3, 0x88, 0x3, 0xe2, 0x0, 0xe5, 0x0, 0xfb,
    0x7f, 0xf6, 0x0, 0x71, 0x7f, 0xfc, 0xa0, 0x1d,
    0x9f, 0xfc, 0x60, 0x1f, 0xff, 0xf0, 0xf, 0xff,
    0x72, 0x27, 0x0, 0x79, 0x13, 0xe2, 0x0, 0xe3,
    0x44, 0xf0, 0x84, 0xdd, 0xd0, 0x1, 0xc7, 0x77,
    0xf3, 0x80, 0x77, 0xdd, 0xf8, 0x80, 0x39, 0x80,
    0x39, 0x80, 0x3e, 0x60, 0xe, 0x20, 0xf, 0xfe,
    0x1, 0x0, 0x76, 0x80, 0x7c, 0x60, 0x1c, 0x20,
    0x1f, 0xfc, 0xe, 0x0, 0xe2, 0x0, 0xf0, 0x80,
    0x71, 0x0, 0x7f, 0xf0, 0x48, 0x3, 0x98, 0x3,
    0xc4, 0x1, 0xce, 0x1, 0xff, 0xc1, 0x60, 0xe,
    0x20, 0xf, 0x28, 0x7, 0x10, 0x7, 0xff, 0x4,
    0x80, 0x38, 0x40, 0x3d, 0xc0, 0x1d, 0xc0, 0x1f,
    0xfc, 0x2, 0x0, 0xe3, 0x0, 0xf8, 0x80, 0x38,
    0x80, 0x3f, 0xf8, 0xc, 0x1, 0xcc, 0x1, 0xf3,
    0x80, 0x72, 0x80, 0x7f, 0xf0, 0x8, 0x3, 0x88,
    0x3, 0xe2, 0x0, 0xe1, 0x0, 0xff, 0xe0, 0x70,
    0x7, 0x70, 0x7, 0x84, 0x3, 0x88, 0x3, 0xff,
    0x82, 0x40, 0x1c, 0xa0, 0x1e, 0x50, 0xe, 0x60,
    0xf, 0xfe, 0xb, 0x0, 0x71, 0x0, 0x78, 0x80,
    0x38, 0xc0, 0x3f, 0xc0,

    /* U+0024 "$" */
    0x0, 0xfe, 0x78, 0x8c, 0xe0, 0x1f, 0xfc, 0x68,
    0x77, 0xd2, 0x1, 0xff, 0xff, 0x0, 0xff, 0xec,
    0x2c, 0xe8, 0x7, 0xf, 0xf6, 0x4b, 0x18, 0x7,
    0xcf, 0xf4, 0xc4, 0x1, 0xf0, 0x9b, 0x4e, 0x40,
    0x6, 0x1c, 0x80, 0xf, 0xfe, 0x4e, 0x98, 0x7,
    0xff, 0x25, 0xcc, 0x3, 0xff, 0x95, 0x20, 0x1f,
    0xfc, 0xa4, 0x10, 0xf, 0xf0, 0x90, 0x80, 0x7f,
    0x60, 0x7, 0xe7, 0xdf, 0xed, 0xef, 0xfb, 0x6e,
    0x70, 0x0, 0x60, 0x1f, 0x34, 0x10, 0x7, 0xc4,
    0x8c, 0x80, 0x6, 0x0, 0xfb, 0x40, 0x3f, 0xf9,
    0x6c, 0x1, 0xff, 0xc3, 0x30, 0xf, 0x8c, 0x3,
    0xff, 0x96, 0x60, 0x1f, 0xfc, 0x33, 0x0, 0xf9,
    0x80, 0x3f, 0xf8, 0x62, 0x1, 0xf6, 0x80, 0x7f,
    0xf0, 0xd8, 0x3, 0xe6, 0xc9, 0x64, 0x31, 0x0,
    0xfe, 0xd0, 0xf, 0xc6, 0xd3, 0x79, 0xdf, 0x90,
    0x60, 0x1c, 0x80, 0x1f, 0xfc, 0x33, 0x7c, 0xd3,
    0x0, 0x8c, 0x80, 0x3f, 0xf8, 0xa5, 0x86, 0x1,
    0x70, 0x7, 0xff, 0x1f, 0x80, 0x23, 0xb1, 0x0,
    0xff, 0xe2, 0x92, 0x80, 0x49, 0xd2, 0x60, 0x1f,
    0xfc, 0x4e, 0x0, 0xe6, 0xce, 0xb8, 0x53, 0x10,
    0xf, 0xf2, 0x0, 0x7c, 0x28, 0xf5, 0x9d, 0xcb,
    0x40, 0xf, 0xc4, 0x1, 0xff, 0xc0, 0x14, 0xb0,
    0xf, 0xc2, 0x1, 0xff, 0xc3, 0x40, 0xf, 0x9c,
    0x3, 0xff, 0x86, 0x20, 0x1f, 0x8, 0x7, 0xff,
    0x6c, 0x40, 0x3e, 0x10, 0xf, 0xfe, 0x1b, 0x80,
    0x7c, 0xe0, 0x1f, 0xfc, 0x22, 0x30, 0xf, 0x88,
    0x19, 0xc, 0x40, 0x3f, 0x27, 0x80, 0x7e, 0x11,
    0x4d, 0xe7, 0x7f, 0xbb, 0x76, 0xef, 0xb2, 0x0,
    0xf9, 0x0, 0x3f, 0x9, 0x14, 0x20, 0x1f, 0xed,
    0x0, 0xff, 0xe5, 0xb, 0x0, 0x7f, 0xf2, 0xac,
    0x3, 0xff, 0x95, 0xa, 0x1, 0xff, 0xc8, 0x2b,
    0x70, 0x8, 0x76, 0x59, 0x8, 0x40, 0x3f, 0x1b,
    0x5e, 0xa0, 0x7, 0x13, 0x4d, 0xef, 0x7f, 0x80,
    0x38, 0x72, 0x50, 0x3, 0xff, 0xfe, 0x1, 0xff,
    0xd8, 0x87, 0x7d, 0x20, 0x1f, 0xc0,

    /* U+0025 "%" */
    0x0, 0xe2, 0x56, 0x77, 0x94, 0xc0, 0x3f, 0xfa,
    0xed, 0xba, 0xa9, 0x88, 0xab, 0x3e, 0x0, 0x3f,
    0xf8, 0xbb, 0xff, 0x90, 0x3, 0xfa, 0xa4, 0x80,
    0x3f, 0x9f, 0x40, 0x3f, 0xf8, 0x6a, 0x40, 0x12,
    0x20, 0x3, 0xf3, 0x28, 0x7, 0xff, 0x0, 0xa4,
    0x3, 0xff, 0x85, 0x0, 0x1a, 0x0, 0x3f, 0xac,
    0x3, 0xff, 0x84, 0xc0, 0x1f, 0xfc, 0x16, 0x20,
    0x9, 0xc, 0x3, 0xf1, 0x10, 0x3, 0x1e, 0x7f,
    0xb5, 0x0, 0x39, 0x0, 0x3f, 0xf8, 0x10, 0x1,
    0xa0, 0x3, 0xf9, 0xc0, 0x3a, 0xc, 0x0, 0x52,
    0x1, 0xc6, 0x1, 0xff, 0x38, 0x80, 0x4a, 0x60,
    0x1f, 0xc4, 0x1, 0xc8, 0x1, 0x88, 0x3, 0xb8,
    0x3, 0xfe, 0x90, 0xd, 0x0, 0x1f, 0xee, 0x0,
    0xff, 0x88, 0x3, 0x10, 0x7, 0xf9, 0xc4, 0x2,
    0x62, 0x0, 0xff, 0x18, 0x6, 0x10, 0xf, 0x8,
    0x6, 0x70, 0xf, 0xe1, 0x90, 0xd, 0x0, 0x1f,
    0xf0, 0x80, 0x7f, 0xf3, 0xa4, 0x40, 0x26, 0x10,
    0xf, 0xfe, 0x21, 0x80, 0x7f, 0xc2, 0x1, 0xf8,
    0x5c, 0x3, 0x40, 0x7, 0xff, 0x31, 0xc0, 0x3f,
    0xf8, 0x32, 0x1, 0x9c, 0x40, 0x3f, 0xf8, 0xe,
    0x1, 0xff, 0xcc, 0x17, 0x0, 0xd2, 0x1, 0xff,
    0xda, 0x80, 0xd, 0x2, 0x1, 0xff, 0xc1, 0x70,
    0xf, 0xfe, 0x59, 0x30, 0x4, 0x2e, 0x1, 0xff,
    0xce, 0x70, 0xf, 0xfa, 0x0, 0x34, 0x80, 0x7f,
    0xf2, 0xc, 0x3, 0xfe, 0x10, 0xe, 0x25, 0x0,
    0x85, 0xc0, 0x3f, 0xf8, 0x62, 0x1, 0xff, 0xca,
    0x80, 0xd, 0x0, 0x1f, 0xfc, 0x43, 0x0, 0xc2,
    0x1, 0xe1, 0x0, 0xce, 0x1, 0x8d, 0x40, 0x22,
    0x60, 0xf, 0xfe, 0x27, 0x0, 0x7f, 0xc4, 0x1,
    0x88, 0x3, 0x40, 0x6, 0x80, 0xf, 0xfe, 0x29,
    0x0, 0x72, 0x0, 0x62, 0x0, 0xee, 0x0, 0x8d,
    0x0, 0x22, 0x50, 0xf, 0xfe, 0x2b, 0x80, 0x74,
    0x18, 0x0, 0xa4, 0x3, 0x8c, 0x2, 0xf0, 0xd,
    0x0, 0x1c, 0x26, 0x64, 0x32, 0x0, 0xf8, 0x88,
    0x1, 0x8f, 0x3f, 0xda, 0x80, 0x1c, 0x80, 0x4,
    0x30, 0x8, 0xd4, 0x0, 0x33, 0xdc, 0xcc, 0x5e,
    0x6f, 0xe3, 0x0, 0x75, 0x80, 0x7f, 0xf0, 0x98,
    0x2, 0x80, 0xd, 0x0, 0x4, 0xe6, 0x10, 0xf,
    0x8e, 0x70, 0x3, 0x32, 0x80, 0x7f, 0xf0, 0xe,
    0x40, 0xa, 0x60, 0x11, 0xa0, 0xd, 0x0, 0x7f,
    0xf0, 0xe, 0x80, 0x35, 0x49, 0x0, 0x7e, 0x18,
    0xc0, 0xa, 0x0, 0x37, 0x80, 0x18, 0x40, 0x3f,
    0xf8, 0x2a, 0x40, 0x19, 0xb7, 0xae, 0xa6, 0x55,
    0x7b, 0xce, 0x1, 0x29, 0x0, 0x48, 0x60, 0xb,
    0x0, 0xe4, 0x88, 0x38, 0x80, 0x72, 0x80, 0x78,
    0x51, 0x59, 0x8a, 0x84, 0x1, 0xd0, 0x1, 0xa0,
    0x2, 0x30, 0xc, 0x76, 0xee, 0x8f, 0x0, 0xed,
    0x0, 0xff, 0xe3, 0x31, 0x0, 0x4a, 0x60, 0x1,
    0x0, 0xeb, 0x0, 0xc2, 0x60, 0x19, 0xc0, 0x3f,
    0xf8, 0xd0, 0x1, 0xa0, 0x2, 0x20, 0xe, 0x20,
    0xe, 0x50, 0xc, 0x60, 0x1f, 0xfc, 0x57, 0x10,
    0x9, 0x88, 0x2, 0x70, 0xe, 0x10, 0xe, 0x10,
    0xc, 0x20, 0x1f, 0xfc, 0x59, 0x0, 0xd0, 0x1,
    0x84, 0x3, 0xff, 0xaa, 0xe2, 0x1, 0x30, 0x80,
    0x7f, 0x9c, 0x3, 0xbc, 0x3, 0x84, 0x3, 0xff,
    0x84, 0x32, 0x1, 0xa0, 0x3, 0x8c, 0x3, 0xff,
    0x8a, 0x60, 0x1f, 0xfc, 0x29, 0x10, 0x9, 0xc4,
    0x3, 0xff, 0xb2, 0x2e, 0x1, 0xa4, 0x3, 0xff,
    0xb5, 0x0, 0x1a, 0x4, 0x3, 0xff, 0xb2, 0x2c,
    0x1, 0xb, 0x80, 0x7f, 0xf6, 0xa0, 0x3, 0x48,
    0x7, 0xe3, 0x0, 0xff, 0xe2, 0x98, 0x7, 0xfc,
    0x4c, 0x1, 0xb, 0x80, 0x7f, 0xf6, 0xa0, 0x3,
    0x40, 0x7, 0xf0, 0x80, 0x73, 0x80, 0x77, 0x80,
    0x70, 0x80, 0x7f, 0x89, 0x40, 0x22, 0x60, 0xf,
    0xe7, 0x0, 0xe1, 0x0, 0xe1, 0x0, 0xff, 0xe2,
    0x40, 0x6, 0x80, 0xf, 0xf0, 0x80, 0x71, 0x80,
    0x71, 0x80, 0x62, 0x0, 0xff, 0x1a, 0x80, 0x44,
    0xa0, 0x1f, 0xe2, 0x0, 0xef, 0x0, 0xe7, 0x0,
    0xcc, 0x1, 0xfe, 0x80, 0xd, 0x0, 0x1f, 0xfc,
    0x2, 0x0, 0xcc, 0x80, 0x13, 0x90, 0x6, 0x30,
    0xf, 0xe3, 0x40, 0x8, 0xd4, 0x3, 0xff, 0x80,
    0xa0, 0x1d, 0x7f, 0xf4, 0x0, 0x75, 0x80, 0x7f,
    0x78, 0x6, 0x80, 0xf, 0xfe, 0xd, 0x0, 0x7f,
    0xf0, 0x8c, 0xc0, 0x1f, 0x90, 0xc0, 0x23, 0x40,
    0xf, 0xfe, 0x9, 0x48, 0x7, 0xff, 0x0, 0x78,
    0x3, 0xfa, 0x0, 0x37, 0x80, 0x7f, 0xf0, 0xda,
    0xcc, 0x3, 0xf9, 0x70, 0x80, 0x3f, 0xb3, 0xff,
    0x18, 0x7, 0xff, 0x11, 0x33, 0xae, 0x62, 0x29,
    0xbf, 0xa2, 0x0, 0x80,

    /* U+0026 "&" */
    0x0, 0xff, 0x89, 0x19, 0xdf, 0x32, 0xa1, 0x8,
    0x7, 0xff, 0x1d, 0x27, 0x7f, 0x6e, 0x62, 0x34,
    0xd5, 0xef, 0x7e, 0xdc, 0x29, 0x0, 0x7f, 0xcb,
    0xb6, 0xc4, 0x1, 0xff, 0xc2, 0x24, 0x7a, 0xe0,
    0xf, 0xf5, 0x50, 0x80, 0x3f, 0xfa, 0x74, 0xa0,
    0x1f, 0xfd, 0x47, 0x50, 0xf, 0xfe, 0xac, 0x80,
    0x7f, 0xf5, 0x5c, 0x40, 0x3f, 0x89, 0x5e, 0x26,
    0x55, 0x32, 0x88, 0x3b, 0x21, 0x0, 0x7f, 0x58,
    0x7, 0xe5, 0xdd, 0x54, 0x3b, 0x31, 0x59, 0x8e,
    0xe8, 0x9b, 0xdf, 0xc0, 0xf, 0x8c, 0x3, 0xe6,
    0xa2, 0x0, 0xff, 0xe5, 0x98, 0x7, 0xe8, 0x0,
    0xff, 0xe6, 0xb8, 0x7, 0xc6, 0x20, 0x1f, 0xfc,
    0xd1, 0x0, 0xf9, 0x80, 0x3f, 0xf9, 0xc6, 0x1,
    0xf1, 0x0, 0x7f, 0xf3, 0x8c, 0x3, 0xff, 0xf2,
    0xc0, 0x1f, 0x8, 0x7, 0xff, 0x38, 0x80, 0x3e,
    0x30, 0xf, 0xfe, 0x70, 0x90, 0x7, 0x9c, 0x3,
    0xff, 0x9e, 0x80, 0x1e, 0x22, 0x0, 0x7f, 0xf3,
    0xac, 0x3, 0xe9, 0x0, 0xff, 0xe7, 0x12, 0x80,
    0x79, 0x31, 0x48, 0x3, 0xff, 0x99, 0x44, 0x1,
    0xe3, 0xad, 0xff, 0xc0, 0x1b, 0xbf, 0xff, 0xf8,
    0x14, 0x1, 0x62, 0x0, 0x7f, 0xf5, 0x46, 0xe9,
    0x0, 0x3f, 0xfa, 0xa9, 0x82, 0x1, 0xff, 0xd3,
    0x8e, 0x81, 0x0, 0xff, 0xe8, 0x8e, 0x38, 0x7,
    0xff, 0x53, 0x4c, 0x3, 0xf8, 0x48, 0xa0, 0xf,
    0xfe, 0x1, 0x17, 0x18, 0x31, 0x80, 0x7c, 0xfb,
    0xfd, 0xbb, 0x0, 0x7f, 0xc5, 0xbb, 0xd2, 0x16,
    0x1, 0xf5, 0x41, 0x0, 0x7f, 0xf2, 0xc8, 0x80,
    0x1e, 0x35, 0x0, 0xff, 0xe6, 0xa0, 0x7, 0xd6,
    0x1, 0xff, 0xce, 0xe0, 0xf, 0x8c, 0x3, 0xff,
    0x9c, 0x40, 0x1f, 0x38, 0x7, 0xff, 0x38, 0x40,
    0x3e, 0x10, 0xf, 0xff, 0x8b, 0x80, 0x7c, 0x20,
    0x1f, 0xfc, 0xe7, 0x0, 0xf9, 0xc0, 0x3f, 0xf9,
    0xc2, 0x1, 0xf1, 0x80, 0x7f, 0xf3, 0x88, 0x3,
    0xec, 0x0, 0xff, 0xe7, 0x70, 0x7, 0xc8, 0x60,
    0x1f, 0xfc, 0xd4, 0x0, 0xfd, 0xa6, 0x1, 0xff,
    0xcc, 0x21, 0x0, 0xf8, 0x73, 0x10, 0xc8, 0x67,
    0x22, 0xb0, 0x7, 0xff, 0xd, 0x80, 0x3f, 0x8d,
    0xe6, 0xf3, 0x2b, 0xa9, 0x10, 0xf, 0xfe, 0x14,
    0x88, 0x7, 0xff, 0x54, 0x68, 0x3, 0xff, 0xac,
    0x96, 0x20, 0x1f, 0xfd, 0x54, 0xf5, 0x0, 0xff,
    0xea, 0x8d, 0x74, 0x20, 0x80, 0x7f, 0xf0, 0x84,
    0xd6, 0x24, 0x3, 0xff, 0x80, 0x2f, 0x7d, 0xb9,
    0x53, 0x11, 0xa6, 0x57, 0x9b, 0xfd, 0x94, 0xe8,
    0x1, 0xe0,

    /* U+0027 "'" */
    0x9f, 0xff, 0x70, 0x7, 0xff, 0x4c, 0xc4, 0x3,
    0xc3, 0xe0, 0x1e, 0x71, 0x0, 0xf0, 0x98, 0x7,
    0x8c, 0x40, 0x3c, 0x2e, 0x1, 0xef, 0x10, 0xf,
    0x9, 0x80, 0x78, 0xc4, 0x3, 0xc2, 0x2, 0x1,
    0xce, 0x6, 0x1, 0xc4, 0x2, 0x1, 0xc2, 0xe,
    0x1, 0xf4, 0xe6, 0x70, 0x0,

    /* U+0028 "(" */
    0x0, 0xfc, 0x7f, 0xfe, 0x20, 0xf, 0xdc, 0x1,
    0xce, 0x40, 0x1f, 0x41, 0x0, 0x61, 0x90, 0xf,
    0x89, 0xc0, 0x3a, 0x44, 0x3, 0xee, 0x0, 0xe1,
    0x70, 0xf, 0x94, 0xc0, 0x3a, 0x0, 0x3f, 0x40,
    0x7, 0xb, 0x0, 0x7c, 0xc4, 0x1, 0xd2, 0x1,
    0xfa, 0x0, 0x3c, 0xc0, 0x1f, 0x28, 0x80, 0x71,
    0x88, 0x7, 0xdc, 0x1, 0xeb, 0x0, 0xf8, 0x50,
    0x3, 0xc8, 0x1, 0xf2, 0x0, 0x7c, 0x60, 0x1f,
    0x60, 0x7, 0x88, 0x3, 0xf2, 0x0, 0x79, 0xc0,
    0x3f, 0x10, 0x7, 0xb4, 0x3, 0xe3, 0x0, 0xf8,
    0x80, 0x3e, 0x50, 0xf, 0x98, 0x3, 0xee, 0x0,
    0xf8, 0x40, 0x3e, 0x20, 0xf, 0x88, 0x3, 0xe6,
    0x0, 0xff, 0xe1, 0x88, 0x7, 0x84, 0x3, 0xf1,
    0x80, 0x78, 0xc0, 0x3f, 0x8, 0x7, 0x84, 0x3,
    0xff, 0x96, 0x20, 0x1f, 0x38, 0x7, 0xff, 0x2c,
    0xc0, 0x3f, 0xf9, 0x62, 0x1, 0xff, 0xff, 0x0,
    0xff, 0xf4, 0x8, 0x7, 0xc6, 0x1, 0xff, 0xc3,
    0x10, 0xf, 0xfe, 0x5b, 0x80, 0x7f, 0xf0, 0xc4,
    0x3, 0xf0, 0x80, 0x7f, 0xf0, 0xc8, 0x3, 0xc6,
    0x1, 0xf9, 0xc0, 0x3c, 0x20, 0x1f, 0x88, 0x3,
    0xe1, 0x0, 0xfb, 0x80, 0x3e, 0x30, 0xf, 0x88,
    0x3, 0xe6, 0x0, 0xf9, 0xc0, 0x3e, 0x20, 0xf,
    0x88, 0x3, 0xee, 0x0, 0xfc, 0x60, 0x1e, 0x20,
    0xf, 0xc8, 0x1, 0xe7, 0x0, 0xfd, 0x60, 0x1e,
    0x20, 0xf, 0xc6, 0x20, 0x1e, 0x40, 0xf, 0xce,
    0x1, 0xec, 0x0, 0xfd, 0x60, 0x1e, 0x40, 0xf,
    0xc4, 0x80, 0x1c, 0x64, 0x1, 0xfa, 0x0, 0x3d,
    0x40, 0x1f, 0x8d, 0x40, 0x39, 0xc4, 0x3, 0xf4,
    0x0, 0x7a, 0x40, 0x3f, 0x13, 0x80, 0x73, 0x88,
    0x7, 0xe8, 0x10, 0xe, 0x90, 0xf, 0xeb, 0x0,
    0xe7, 0x20, 0xf, 0xca, 0x80, 0x1d, 0x20, 0x1f,
    0xd4, 0x67, 0xce, 0x40,

    /* U+0029 ")" */
    0x7f, 0xfe, 0xd0, 0xf, 0xce, 0x20, 0x18, 0xa0,
    0x3, 0xf5, 0x80, 0x73, 0x98, 0x7, 0xca, 0x60,
    0x1d, 0xe0, 0x1f, 0xa0, 0x3, 0x8d, 0x80, 0x3e,
    0x43, 0x0, 0xe8, 0x0, 0xfd, 0x0, 0x1c, 0x30,
    0x1, 0xf2, 0x10, 0x7, 0x38, 0x80, 0x7d, 0x40,
    0x1e, 0x90, 0xf, 0x98, 0x3, 0xcc, 0x1, 0xf0,
    0x90, 0x7, 0xa, 0x80, 0x7c, 0x80, 0x1e, 0xe0,
    0xf, 0xb0, 0x3, 0xc8, 0x1, 0xf3, 0x80, 0x7c,
    0x60, 0x1e, 0x20, 0xf, 0x90, 0x3, 0xe2, 0x0,
    0xf6, 0x80, 0x7c, 0xc0, 0x1e, 0x70, 0xf, 0x88,
    0x3, 0xc4, 0x1, 0xf7, 0x0, 0x7c, 0x40, 0x1e,
    0x10, 0xf, 0x84, 0x3, 0xc6, 0x1, 0xf3, 0x0,
    0x78, 0x40, 0x3e, 0x30, 0xf, 0x38, 0x7, 0xc2,
    0x1, 0xe1, 0x0, 0xfb, 0xc0, 0x3f, 0xf8, 0x42,
    0x1, 0xe3, 0x0, 0xf8, 0xc0, 0x3f, 0xf9, 0x22,
    0x1, 0xf0, 0x80, 0x7f, 0xfb, 0xdc, 0x3, 0xff,
    0xa2, 0xe0, 0x1f, 0xfe, 0x71, 0x0, 0xf8, 0x40,
    0x3f, 0xf9, 0x26, 0x1, 0xf1, 0x80, 0x7f, 0xf0,
    0x84, 0x3, 0xc2, 0x1, 0xf7, 0x80, 0x79, 0xc0,
    0x3e, 0x10, 0xf, 0x8, 0x7, 0xc6, 0x1, 0xe3,
    0x0, 0xf9, 0x80, 0x3d, 0xc0, 0x1f, 0x10, 0x7,
    0x84, 0x3, 0xe1, 0x0, 0xf1, 0x0, 0x78, 0xc0,
    0x3e, 0x50, 0xf, 0x28, 0x7, 0xc2, 0x1, 0xef,
    0x0, 0xf1, 0x80, 0x7c, 0x80, 0x1e, 0x50, 0xf,
    0x9, 0x0, 0x7b, 0xc0, 0x3c, 0xe0, 0x1f, 0x38,
    0x7, 0xa8, 0x3, 0xc4, 0x20, 0x1c, 0x66, 0x0,
    0xf5, 0x0, 0x7a, 0x40, 0x3e, 0x60, 0xe, 0x25,
    0x0, 0xf2, 0x88, 0x7, 0x48, 0x7, 0xd0, 0x1,
    0xc8, 0x80, 0xf, 0x29, 0x0, 0x74, 0x80, 0x7d,
    0x60, 0x1c, 0xc4, 0x1, 0xe7, 0x10, 0xc, 0x30,
    0x1, 0xe1, 0x80, 0xe, 0xb1, 0x0, 0xf3, 0x99,
    0xf2, 0xa8, 0x3, 0xe0,

    /* U+002A "*" */
    0x0, 0xfe, 0xcf, 0xfc, 0x1, 0xff, 0xc6, 0x70,
    0x8, 0x40, 0x3f, 0xf8, 0xc4, 0x1, 0x18, 0x7,
    0xfc, 0x20, 0x1e, 0x10, 0x8, 0x40, 0x3c, 0x20,
    0x1b, 0x6c, 0x40, 0x37, 0x80, 0x4e, 0x1, 0xd1,
    0xe2, 0x0, 0x53, 0x4f, 0x50, 0x8, 0x40, 0x22,
    0x0, 0x8f, 0x5c, 0x64, 0x1, 0x0, 0x1, 0xaa,
    0x0, 0x8, 0x2, 0x10, 0x3, 0xe1, 0x0, 0x1c,
    0x9c, 0x80, 0x32, 0xf2, 0x38, 0x5, 0xe5, 0x90,
    0x1, 0xd2, 0xac, 0x1, 0xc3, 0x72, 0x1, 0x66,
    0x98, 0x7, 0x24, 0x14, 0xf3, 0x80, 0x72, 0x80,
    0x48, 0x1, 0xcb, 0xb6, 0x60, 0x1, 0x8e, 0x81,
    0x0, 0xff, 0x36, 0xd1, 0x0, 0x78, 0x5f, 0xa0,
    0x3, 0xe5, 0xe9, 0x20, 0xf, 0xe1, 0x88, 0x0,
    0x7c, 0xb6, 0x40, 0x1f, 0x8a, 0x79, 0xc0, 0x3f,
    0x97, 0x6c, 0xc0, 0x31, 0xde, 0xb0, 0x7, 0xff,
    0x5, 0x33, 0xa, 0x11, 0x88, 0x1, 0xcb, 0x60,
    0x14, 0xb8, 0x7, 0x1d, 0x5d, 0x0, 0x70, 0xd5,
    0x0, 0x30, 0xc6, 0x10, 0x7, 0x71, 0x38, 0x4,
    0x9e, 0xa0, 0x20, 0x17, 0x1, 0xeb, 0x80, 0x46,
    0xa1, 0x2, 0x13, 0x62, 0x0, 0x30, 0x8, 0xc0,
    0x28, 0xb2, 0xf, 0x0, 0xab, 0x58, 0x3, 0x70,
    0x4, 0x20, 0x19, 0x36, 0x8c, 0x2, 0x42, 0x0,
    0xe1, 0x0, 0x98, 0x3, 0xca, 0x1, 0xff, 0x18,
    0x4, 0x60, 0x1f, 0xfc, 0x66, 0x0, 0x84, 0x3,
    0xff, 0x8d, 0x15, 0x58, 0x3, 0xf8,

    /* U+002B "+" */
    0x0, 0xfe, 0x2a, 0xaf, 0x20, 0x7, 0xff, 0x1d,
    0x95, 0x7c, 0x60, 0x1f, 0xff, 0xf0, 0xf, 0xff,
    0xf8, 0x7, 0xff, 0xfc, 0x37, 0xff, 0xf5, 0x80,
    0x7a, 0x3f, 0xff, 0x80, 0x3f, 0xff, 0xe0, 0x1f,
    0xff, 0x15, 0x5f, 0xe4, 0x0, 0xf1, 0xaa, 0xff,
    0x4, 0x55, 0x7e, 0xf0, 0xf, 0x5d, 0x57, 0xf0,
    0x7, 0xff, 0xfc, 0x3, 0xff, 0xfe, 0x1, 0xff,
    0xf7,

    /* U+002C "," */
    0x16, 0x6f, 0xc6, 0xb3, 0x3f, 0x90, 0x3, 0xff,
    0xf2, 0x29, 0xfe, 0xe0, 0xf, 0xfe, 0x19, 0x80,
    0x46, 0x1, 0xc2, 0x1, 0x8, 0x7, 0x30, 0x4,
    0x80, 0x1c, 0x40, 0x4, 0x90, 0xc, 0x41, 0x9d,
    0x62, 0x1, 0xa8, 0x8, 0x40, 0x38, 0x9c, 0x3,
    0xe3, 0xf0, 0xc, 0x26, 0xd7, 0x84, 0x0,

    /* U+002D "-" */
    0x2, 0x2f, 0xfe, 0x13, 0x6e, 0xff, 0xf0, 0x70,
    0x3, 0xff, 0xfe, 0x1, 0xff, 0xc3,

    /* U+002E "." */
    0x16, 0x6f, 0xc6, 0xb3, 0x3f, 0x90, 0x3, 0xff,
    0xf4,

    /* U+002F "/" */
    0x0, 0xff, 0xe0, 0xcf, 0xff, 0x98, 0x3, 0xff,
    0x82, 0xa0, 0x1e, 0x40, 0xf, 0xfe, 0x9, 0x80,
    0x70, 0x90, 0x7, 0xff, 0x1, 0x0, 0x3c, 0xa0,
    0x1f, 0xfc, 0x1c, 0x0, 0xf6, 0x0, 0x7f, 0xf0,
    0x50, 0x3, 0xc8, 0x1, 0xff, 0xc1, 0x30, 0xf,
    0x18, 0x7, 0xff, 0x0, 0xc0, 0x3c, 0x80, 0x1f,
    0xfc, 0x14, 0x0, 0xf1, 0x80, 0x7f, 0xf0, 0x70,
    0x3, 0xd8, 0x1, 0xff, 0xc1, 0x50, 0xf, 0x20,
    0x7, 0xff, 0x0, 0x84, 0x3, 0x8c, 0x3, 0xff,
    0x82, 0x80, 0x1e, 0x40, 0xf, 0xfe, 0xe, 0x0,
    0x7b, 0x40, 0x3f, 0xf8, 0x28, 0x1, 0xe4, 0x0,
    0xff, 0xe0, 0x10, 0x80, 0x71, 0x8, 0x7, 0xff,
    0x1, 0xc0, 0x3c, 0x80, 0x1f, 0xfc, 0x1c, 0x0,
    0xf6, 0x0, 0x7f, 0xf0, 0x50, 0x3, 0xce, 0x1,
    0xff, 0xc0, 0x12, 0x0, 0xe1, 0x20, 0xf, 0xfe,
    0x2, 0x0, 0x79, 0x0, 0x3f, 0xf8, 0x3a, 0x1,
    0xec, 0x0, 0xff, 0xe0, 0xa0, 0x7, 0x90, 0x3,
    0xff, 0x82, 0x60, 0x1c, 0x24, 0x1, 0xff, 0xc0,
    0x40, 0xf, 0x28, 0x7, 0xff, 0x7, 0x0, 0x3d,
    0x80, 0x1f, 0xfc, 0x13, 0x0, 0xf2, 0x0, 0x7f,
    0xf0, 0x50, 0x3, 0xc6, 0x1, 0xff, 0xc0, 0x30,
    0xf, 0x18, 0x7, 0xff, 0x5, 0x0, 0x3c, 0x80,
    0x1f, 0xfc, 0x1c, 0x0, 0xf6, 0x0, 0x7f, 0xf0,
    0x54, 0x3, 0xc8, 0x1, 0xff, 0xc0, 0x21, 0x0,
    0xe3, 0x0, 0xff, 0xe0, 0xa0, 0x7, 0x94, 0x3,
    0xff, 0x83, 0x80, 0x1e, 0xc0, 0xf, 0xfe, 0xa,
    0x0, 0x79, 0x0, 0x3f, 0xf8, 0x2, 0x20, 0xe,
    0x21, 0x0, 0xff, 0xe0, 0x20, 0x7, 0x90, 0x3,
    0xff, 0x83, 0x80, 0x1e, 0xf0, 0xf, 0xfe, 0xa,
    0x0, 0x79, 0x0, 0x3f, 0xf8, 0x2, 0x40, 0x1c,
    0x24, 0x1, 0xff, 0xc0, 0x50, 0xf, 0x20, 0x7,
    0xff, 0x7, 0x0, 0x3d, 0x80, 0x1f, 0xfc, 0x14,
    0x0, 0xf2, 0x80, 0x7f, 0xf0, 0x4c, 0x3, 0xc6,
    0x1, 0xff, 0xc0, 0x40, 0xf, 0x20, 0x7, 0xff,
    0x4, 0xc0, 0x3d, 0x80, 0x1f, 0xfc, 0x1c, 0x0,
    0xf2, 0x0, 0x7f, 0xf0, 0x50, 0x3, 0xc6, 0x1,
    0xff, 0xc0, 0x30, 0xf, 0x18, 0x7, 0xff, 0x5,
    0x0, 0x3c, 0x80, 0x1f, 0xfc, 0x1d, 0x0, 0xf6,
    0x0, 0x7f, 0xf0, 0x50, 0x3, 0xca, 0x1, 0xff,
    0xc0, 0x21, 0x0, 0xe2, 0x10, 0xf, 0xfe, 0x2,
    0x0, 0x79, 0x0, 0x3f, 0xf8, 0x38, 0x1, 0xec,
    0x0, 0xff, 0xe0, 0xb8, 0x7, 0x90, 0x3, 0xff,
    0x82,

    /* U+0030 "0" */
    0x0, 0xfe, 0x24, 0x66, 0x3b, 0xcc, 0xa6, 0x1,
    0xff, 0xc4, 0x6b, 0xfd, 0xb9, 0x94, 0x45, 0x35,
    0x9f, 0xb0, 0x40, 0x1f, 0xe5, 0xe9, 0x40, 0xf,
    0xfe, 0x1, 0x3e, 0xc8, 0x7, 0xe6, 0xa1, 0x0,
    0xff, 0xe2, 0xb6, 0x0, 0x78, 0xe4, 0x3, 0xff,
    0x90, 0x72, 0x1, 0xdc, 0x1, 0xff, 0xca, 0x63,
    0x0, 0x90, 0x80, 0x3f, 0xf9, 0x72, 0x1, 0x68,
    0x7, 0xfc, 0x24, 0x20, 0x1f, 0xe5, 0x0, 0x90,
    0x3, 0xf3, 0xef, 0xf6, 0xf7, 0xd1, 0x0, 0x7e,
    0x30, 0x12, 0x0, 0xf9, 0xa0, 0x80, 0x39, 0x7c,
    0x3, 0xf2, 0x1, 0x0, 0x7e, 0xb0, 0xf, 0xc4,
    0x80, 0x1f, 0x70, 0x30, 0x7, 0xc2, 0x40, 0x1f,
    0xd8, 0x1, 0xf1, 0x1, 0x80, 0x7c, 0x40, 0x1f,
    0xe2, 0x0, 0xf9, 0xc0, 0x40, 0x3e, 0x60, 0xf,
    0xf3, 0x0, 0x7c, 0x21, 0xc0, 0x1f, 0x18, 0x7,
    0xf8, 0x40, 0x3e, 0x30, 0xf, 0xe1, 0x0, 0xff,
    0x18, 0x7, 0xc2, 0x6, 0x1, 0xf7, 0x80, 0x7f,
    0xf2, 0x4, 0x3, 0xff, 0x8c, 0x20, 0x1f, 0xfd,
    0x91, 0x70, 0xf, 0x84, 0x3, 0xff, 0xc8, 0x60,
    0x1f, 0xfd, 0x11, 0x0, 0xff, 0xff, 0x80, 0x7f,
    0xff, 0xc0, 0x3f, 0xfd, 0x2, 0x1, 0xff, 0xff,
    0x0, 0xff, 0x1b, 0x80, 0x7c, 0x20, 0x1f, 0xfe,
    0x41, 0x10, 0x7, 0xff, 0x18, 0x40, 0x3f, 0x8c,
    0x3, 0xef, 0x0, 0xff, 0xe8, 0x8, 0x7, 0xf8,
    0xc0, 0x3e, 0x10, 0xe0, 0xf, 0x8c, 0x3, 0xfc,
    0x20, 0x1f, 0x18, 0x8, 0x7, 0xcc, 0x1, 0xfe,
    0x60, 0xf, 0x84, 0xc, 0x3, 0xe2, 0x0, 0xff,
    0x10, 0x7, 0xce, 0xc, 0x1, 0xf0, 0x90, 0x7,
    0xf6, 0x0, 0x7c, 0x40, 0x40, 0x1f, 0xac, 0x3,
    0xf1, 0x20, 0x7, 0xdc, 0x2, 0x40, 0x1f, 0x34,
    0x10, 0x7, 0x2f, 0x80, 0x7e, 0x40, 0x2, 0x0,
    0x7e, 0x7d, 0xfe, 0xde, 0xfa, 0x20, 0xf, 0xc6,
    0x0, 0xd0, 0xf, 0xf8, 0x48, 0x40, 0x3f, 0xca,
    0x1, 0x21, 0x0, 0x7f, 0xf2, 0xe4, 0x3, 0x70,
    0x7, 0xff, 0x29, 0x8c, 0x3, 0x1c, 0x80, 0x7f,
    0xf2, 0xe, 0x40, 0x3c, 0xd4, 0x20, 0x1f, 0xfc,
    0x56, 0xc0, 0xf, 0xcb, 0xd2, 0x80, 0x1f, 0xfc,
    0x2, 0x7d, 0x90, 0xf, 0xf9, 0xaf, 0xf6, 0xe6,
    0x51, 0x14, 0xd6, 0x7e, 0xc1, 0x0, 0x78,

    /* U+0031 "1" */
    0x0, 0xfc, 0x79, 0xff, 0xe0, 0xf, 0x15, 0x61,
    0x80, 0x7f, 0x86, 0x75, 0x40, 0x3f, 0xe8, 0xe6,
    0x0, 0xff, 0x9b, 0x9c, 0x3, 0xff, 0x80, 0xd2,
    0x20, 0x1f, 0xff, 0x81, 0x0, 0xff, 0xe0, 0xa5,
    0xe8, 0x7, 0xfc, 0xdb, 0x68, 0x1, 0xfc, 0x71,
    0xd2, 0x40, 0x1f, 0xf2, 0xb8, 0x80, 0x7f, 0xff,
    0xc0, 0x3f, 0xff, 0xe0, 0x1f, 0xff, 0xf0, 0xf,
    0xff, 0xf8, 0x7, 0xff, 0xfc, 0x3, 0xff, 0xfe,
    0x1, 0xff, 0xff, 0x0, 0xff, 0xf2, 0x0,

    /* U+0032 "2" */
    0x0, 0xf8, 0x8d, 0x19, 0x8e, 0xf9, 0x90, 0x80,
    0x3f, 0xc4, 0xd3, 0x9d, 0xfb, 0x97, 0x32, 0x88,
    0xd3, 0x7b, 0xf8, 0xc0, 0x1f, 0x2c, 0xb1, 0x88,
    0x7, 0xff, 0x8, 0xe7, 0x4c, 0x3, 0xff, 0x9c,
    0x58, 0x60, 0x1f, 0xfc, 0xfd, 0x10, 0xf, 0xfe,
    0x70, 0xc8, 0x7, 0xff, 0x3d, 0xc0, 0x3f, 0xe1,
    0x11, 0x8, 0x80, 0x3f, 0xf8, 0xa, 0x0, 0x38,
    0xab, 0xde, 0xff, 0x77, 0x37, 0xb9, 0xfd, 0x2,
    0x1, 0xfb, 0x0, 0x8, 0xea, 0x84, 0x20, 0x1f,
    0x85, 0xf4, 0x3, 0xf2, 0x80, 0x7f, 0xf1, 0x8d,
    0x80, 0x3e, 0x20, 0xf, 0xfe, 0x3e, 0x0, 0x7c,
    0x20, 0x1f, 0xfc, 0x76, 0x0, 0xff, 0xe7, 0x88,
    0x7, 0xe1, 0x0, 0xff, 0xf5, 0x88, 0x7, 0xff,
    0x18, 0x40, 0x3f, 0xf9, 0xea, 0x1, 0xf0, 0x80,
    0x7f, 0xf1, 0xf0, 0x3, 0xe2, 0x0, 0xff, 0xe3,
    0x22, 0x80, 0x7c, 0xc0, 0x1f, 0xfc, 0x55, 0xb0,
    0xf, 0xda, 0x1, 0xff, 0xc3, 0x2a, 0xa0, 0x7,
    0xf2, 0x80, 0x7f, 0xf0, 0x46, 0x75, 0x40, 0x3f,
    0x8c, 0x80, 0x3f, 0xf8, 0xf, 0xcc, 0x1, 0xff,
    0x78, 0x7, 0xfc, 0xbd, 0x0, 0x1f, 0xfc, 0x8,
    0x30, 0xf, 0xe3, 0xca, 0x10, 0xf, 0xfe, 0x3,
    0xb8, 0x3, 0xf0, 0xd6, 0x18, 0x7, 0xff, 0x0,
    0x6e, 0x0, 0x3f, 0x2f, 0x28, 0x7, 0xff, 0x6,
    0x39, 0x0, 0x3f, 0x35, 0x0, 0x7f, 0xf0, 0x5f,
    0x9c, 0x3, 0xf8, 0xe4, 0x3, 0xff, 0x80, 0xdd,
    0x2, 0x1, 0xfe, 0x80, 0xf, 0xf9, 0x76, 0x44,
    0x3, 0xfe, 0x24, 0x0, 0xfe, 0x4d, 0xa2, 0x0,
    0xff, 0xe0, 0xa0, 0x7, 0xe2, 0xbb, 0x10, 0x7,
    0xff, 0xf, 0xc0, 0x3e, 0x1c, 0x40, 0xf, 0xfe,
    0x29, 0x0, 0x7c, 0xc2, 0x1, 0xff, 0xc6, 0x60,
    0xf, 0xb0, 0x3, 0xff, 0x8e, 0x60, 0x1f, 0x38,
    0x7, 0xff, 0x1c, 0x40, 0x3e, 0x10, 0xf, 0xff,
    0xf8, 0x7, 0xff, 0xd1, 0x57, 0xff, 0x8c, 0x1,
    0xfe, 0x8a, 0xaf, 0xfe, 0x28, 0x80, 0x7f, 0xff,
    0xc0, 0x3f, 0xff, 0xe0, 0x1f, 0xfc, 0x60,

    /* U+0033 "3" */
    0x0, 0xf0, 0x9a, 0x33, 0x1d, 0xf2, 0xa0, 0x80,
    0x7f, 0xcb, 0x17, 0xbf, 0xd9, 0x73, 0x28, 0x8d,
    0x57, 0xdc, 0xa4, 0x0, 0xf8, 0x69, 0xd0, 0x80,
    0x3f, 0xf8, 0x22, 0xb7, 0xa8, 0x1, 0xff, 0xce,
    0x2b, 0x70, 0xf, 0xfe, 0x7c, 0x28, 0x7, 0xff,
    0x3e, 0xc0, 0x3f, 0xf9, 0xe2, 0xe0, 0x1f, 0xf0,
    0x90, 0x88, 0x3, 0xff, 0x81, 0x40, 0x1, 0x79,
    0xbc, 0xef, 0xfb, 0xb7, 0xb9, 0xfb, 0x24, 0x1,
    0xf8, 0x84, 0x1, 0xc, 0x86, 0x20, 0x1f, 0x89,
    0xb4, 0x80, 0x3f, 0x28, 0x7, 0xff, 0x1b, 0x80,
    0x3f, 0x10, 0x7, 0xff, 0x18, 0xc4, 0x3, 0xee,
    0x0, 0xff, 0xe3, 0x90, 0x7, 0xff, 0x3d, 0x80,
    0x3e, 0x10, 0xf, 0xfe, 0x78, 0x80, 0x7f, 0xf3,
    0xfc, 0x3, 0xff, 0x8e, 0x20, 0x1f, 0x8, 0x7,
    0xff, 0x1d, 0x80, 0x3e, 0x50, 0xf, 0xfe, 0x39,
    0x0, 0x7c, 0x60, 0x1f, 0xfc, 0x67, 0x0, 0xf8,
    0xc0, 0x3f, 0xf8, 0xc7, 0x0, 0x1f, 0x48, 0x7,
    0xe5, 0x5f, 0x99, 0xef, 0x0, 0x3e, 0x25, 0x0,
    0xfd, 0x75, 0x5e, 0x98, 0x40, 0xf, 0xde, 0x1,
    0xff, 0xcd, 0x2d, 0x20, 0xf, 0xfe, 0x59, 0xce,
    0x90, 0x7, 0xff, 0x31, 0xcc, 0x3, 0xff, 0x9c,
    0x95, 0xa6, 0x1, 0xff, 0xce, 0x2c, 0x50, 0xf,
    0xfe, 0x7d, 0x18, 0x7, 0xee, 0xff, 0xfb, 0xad,
    0x0, 0x3f, 0x40, 0x7, 0xff, 0x10, 0x52, 0xd8,
    0x3, 0xe4, 0x20, 0xf, 0xfe, 0x34, 0x88, 0x7,
    0xc8, 0x1, 0xff, 0xc7, 0x70, 0xf, 0xb0, 0x3,
    0xff, 0x8f, 0xe0, 0x1f, 0x30, 0x7, 0xff, 0x1c,
    0x80, 0x3e, 0x20, 0xf, 0xfe, 0x3b, 0x80, 0x7c,
    0x20, 0x1f, 0xff, 0xf6, 0x0, 0xff, 0xe7, 0xe8,
    0x7, 0xc2, 0x1, 0xff, 0xc7, 0x50, 0xf, 0x88,
    0x3, 0xff, 0x8c, 0xe4, 0x1, 0xf3, 0x0, 0xb2,
    0x99, 0x8, 0x7, 0xe1, 0x4a, 0x80, 0xf, 0xda,
    0x5, 0x35, 0x9b, 0xdf, 0xee, 0xe6, 0xeb, 0xbf,
    0xad, 0x40, 0x3f, 0x94, 0x3, 0xf8, 0x44, 0x44,
    0x10, 0xf, 0xfe, 0x1, 0x90, 0x7, 0xff, 0x3a,
    0x0, 0x3f, 0xf9, 0xca, 0x80, 0x1f, 0xfc, 0xd5,
    0xa0, 0xf, 0xfe, 0x60, 0xcd, 0x0, 0x63, 0x96,
    0x42, 0x0, 0xff, 0xe0, 0x8a, 0x4f, 0x30, 0x7,
    0x9a, 0x6f, 0x7f, 0xb2, 0xe6, 0x51, 0x1a, 0x6f,
    0x7a, 0xd8, 0x3, 0xe0,

    /* U+0034 "4" */
    0x0, 0xff, 0x93, 0xff, 0xf2, 0x0, 0x7f, 0xf2,
    0x78, 0x3, 0xe1, 0x40, 0xf, 0xfe, 0x4a, 0x80,
    0x7c, 0xc0, 0x1f, 0xfc, 0x95, 0x0, 0xfd, 0x40,
    0x1f, 0xfc, 0x9f, 0x0, 0xf8, 0x88, 0x1, 0xff,
    0xc9, 0x50, 0xf, 0xa8, 0x3, 0xff, 0x92, 0xa0,
    0x1f, 0x98, 0x3, 0xff, 0x93, 0xc0, 0x1f, 0x20,
    0x80, 0x7f, 0xf2, 0x5, 0x0, 0x3e, 0xe0, 0xf,
    0xfe, 0x4b, 0x80, 0x7e, 0x50, 0xf, 0xfe, 0x4d,
    0x0, 0x7c, 0xa0, 0x1f, 0xfc, 0x91, 0x30, 0xf,
    0xb8, 0x3, 0xff, 0x92, 0xc0, 0x1f, 0xa, 0x0,
    0x7f, 0xf2, 0x6c, 0x3, 0xe6, 0x0, 0xff, 0xe4,
    0x91, 0x80, 0x7d, 0x60, 0x1f, 0xfc, 0x95, 0x0,
    0xf8, 0x8c, 0x3, 0xff, 0x93, 0x40, 0x1f, 0x50,
    0x7, 0xff, 0x24, 0xc8, 0x3, 0xe6, 0x0, 0xed,
    0xff, 0xe7, 0x0, 0xfe, 0xb0, 0xf, 0x90, 0x40,
    0x38, 0x80, 0x3f, 0xf8, 0x6c, 0x1, 0xf6, 0x80,
    0x71, 0x0, 0x7f, 0xf0, 0xcc, 0x40, 0x3e, 0x60,
    0xe, 0x60, 0xf, 0xfe, 0x1d, 0x0, 0x7c, 0xa0,
    0x1e, 0x20, 0xf, 0xfe, 0x1b, 0x80, 0x7d, 0xc0,
    0x1e, 0xe0, 0xf, 0xfe, 0x12, 0x8, 0x7, 0x85,
    0x0, 0x3c, 0x60, 0x1f, 0xfc, 0x2d, 0x0, 0xf9,
    0xc0, 0x3e, 0x60, 0xf, 0xfe, 0x13, 0x0, 0x7d,
    0x40, 0x1f, 0x10, 0x7, 0xff, 0x5, 0x40, 0x3e,
    0x23, 0x0, 0xf1, 0x0, 0x7f, 0xf0, 0xbc, 0x3,
    0xea, 0x0, 0xf9, 0x80, 0x3f, 0xf8, 0x4a, 0x1,
    0xf2, 0x80, 0x7c, 0x40, 0x1f, 0xfc, 0x15, 0x0,
    0xf8, 0xc8, 0x3, 0xef, 0x0, 0xff, 0xe0, 0xf0,
    0x7, 0xd4, 0x1, 0xf8, 0x80, 0x3f, 0xf8, 0x2,
    0x80, 0x1f, 0x4f, 0xff, 0xe4, 0x0, 0xfa, 0x3f,
    0xf1, 0x0, 0x7f, 0xff, 0xc0, 0x3f, 0xff, 0xe0,
    0x1f, 0xfd, 0x73, 0xbb, 0xff, 0xe2, 0x90, 0x7,
    0xcd, 0x77, 0x81, 0x13, 0xff, 0x8a, 0x20, 0x1f,
    0x72, 0x26, 0x0, 0xff, 0xff, 0x80, 0x7f, 0xff,
    0xc0, 0x3f, 0xff, 0xe0, 0x1f, 0xfe, 0xa0,

    /* U+0035 "5" */
    0x3f, 0xff, 0xfe, 0x5a, 0x80, 0x7f, 0xff, 0xc0,
    0x3f, 0xff, 0xe0, 0x1f, 0xfc, 0xa4, 0xaa, 0xff,
    0xe1, 0xb8, 0x7, 0xf8, 0xd5, 0x7f, 0xf8, 0x64,
    0x1, 0xff, 0xff, 0x0, 0xff, 0xff, 0x80, 0x7f,
    0xff, 0xc0, 0x3f, 0xfa, 0x42, 0x68, 0x85, 0x44,
    0x10, 0x7, 0xff, 0x15, 0xff, 0xb2, 0xed, 0x57,
    0x6d, 0xfb, 0x60, 0xf, 0xfe, 0x6a, 0x4f, 0x20,
    0x7, 0xff, 0x34, 0x6d, 0x80, 0x3f, 0xf9, 0xd2,
    0x80, 0x1f, 0xfc, 0xe9, 0x0, 0xff, 0xe7, 0x12,
    0x80, 0x7f, 0xf3, 0xbc, 0x5, 0x5e, 0x6f, 0x75,
    0xdf, 0xfb, 0xb2, 0x50, 0x3, 0xf9, 0x0, 0xaa,
    0x19, 0x8, 0x82, 0x1, 0x84, 0xda, 0xec, 0x1,
    0xf8, 0x48, 0x3, 0xff, 0x88, 0x8e, 0x1, 0xf9,
    0x80, 0x3f, 0xf8, 0xb2, 0x1, 0xf8, 0x80, 0x3f,
    0xf8, 0xa2, 0x20, 0xf, 0xb8, 0x3, 0xff, 0x8c,
    0xa0, 0x1f, 0xfc, 0xe1, 0x0, 0xf8, 0x40, 0x3f,
    0xfd, 0x22, 0x1, 0xff, 0xe1, 0x10, 0xf, 0xbc,
    0x3, 0xff, 0x8c, 0xc0, 0x1f, 0x8, 0x7, 0xff,
    0x14, 0x48, 0x3, 0xe2, 0x0, 0xff, 0xe2, 0xb0,
    0x7, 0xe6, 0x0, 0xff, 0xe2, 0x1c, 0x0, 0x7e,
    0x23, 0x64, 0x32, 0x0, 0xfc, 0x29, 0x38, 0x1,
    0xf9, 0x1, 0x26, 0xf3, 0x7f, 0xdd, 0xcd, 0xd7,
    0x7f, 0x5b, 0x0, 0x7f, 0x68, 0x7, 0xe1, 0x11,
    0x10, 0x40, 0x3f, 0xf8, 0x2c, 0x1, 0xff, 0xcd,
    0x70, 0xf, 0xfe, 0x69, 0xc0, 0x7, 0xff, 0x30,
    0xf4, 0x3, 0xff, 0x98, 0xf8, 0x20, 0x12, 0xc3,
    0x18, 0x80, 0x7f, 0xf0, 0x4e, 0x3a, 0x0, 0x38,
    0x9e, 0x73, 0xbf, 0x72, 0xa6, 0x23, 0x4d, 0x67,
    0xe3, 0x88, 0x7, 0x80,

    /* U+0036 "6" */
    0x0, 0xff, 0x89, 0x59, 0xdf, 0x32, 0x18, 0x80,
    0x7f, 0xf0, 0x89, 0xf3, 0xf6, 0xa6, 0x23, 0x4d,
    0xe7, 0x73, 0x25, 0x44, 0x3, 0xe1, 0x9d, 0x83,
    0x0, 0xff, 0xe0, 0x9, 0xb5, 0x58, 0x7, 0x8b,
    0x18, 0x3, 0xff, 0x9a, 0x38, 0x40, 0x1f, 0xfc,
    0xea, 0x10, 0xf, 0xfe, 0x72, 0x20, 0x3, 0xff,
    0x9f, 0xe0, 0x1f, 0xfc, 0x1, 0x11, 0x8, 0x80,
    0x3f, 0xc2, 0x80, 0x1f, 0x8a, 0x33, 0xfb, 0x9b,
    0xdc, 0xfe, 0xdb, 0x97, 0xc0, 0x9, 0xc0, 0x3f,
    0x2e, 0xb9, 0x80, 0x7c, 0x24, 0x8d, 0xc, 0x1,
    0x60, 0x7, 0xc5, 0x40, 0x1f, 0xfc, 0x77, 0x0,
    0xfa, 0xc0, 0x3f, 0xf9, 0x4, 0x1, 0xf3, 0x80,
    0x7f, 0xf1, 0xcc, 0x3, 0xe1, 0x10, 0x7, 0xff,
    0x1d, 0x80, 0x3e, 0x20, 0xf, 0xfe, 0x41, 0x80,
    0x7c, 0xe0, 0x1f, 0xfc, 0x8e, 0x0, 0xf8, 0x80,
    0x3f, 0xf9, 0x2, 0x1, 0xff, 0xd0, 0x30, 0xf,
    0x84, 0x3, 0xff, 0x90, 0x20, 0x1f, 0x78, 0x7,
    0x12, 0x2a, 0x90, 0xc8, 0x3, 0xff, 0x8e, 0x75,
    0xfb, 0x75, 0x4b, 0xcd, 0xfb, 0x50, 0xe, 0x70,
    0xf, 0xe8, 0xc5, 0x0, 0xfe, 0x4a, 0xc1, 0x0,
    0xff, 0xe0, 0x4b, 0x80, 0x7f, 0xf0, 0x4f, 0x40,
    0x21, 0x0, 0xfa, 0x18, 0x3, 0xff, 0x86, 0x6e,
    0x1, 0xff, 0xd0, 0x90, 0xf, 0xfe, 0x80, 0xa8,
    0x7, 0xff, 0x43, 0x0, 0x3f, 0xe7, 0xce, 0xff,
    0xba, 0xd4, 0x3, 0xf2, 0x0, 0x7f, 0xa6, 0xc,
    0x40, 0x21, 0x4a, 0x40, 0xf, 0x88, 0x4, 0x3,
    0xf3, 0x0, 0x7f, 0x78, 0x7, 0xe1, 0x0, 0xfc,
    0x60, 0x1f, 0xe5, 0x0, 0xfc, 0x60, 0x1f, 0x98,
    0x3, 0xfc, 0x20, 0x1f, 0x85, 0xc0, 0x3e, 0x30,
    0xf, 0xf8, 0x40, 0x3e, 0x70, 0xf, 0xfe, 0x41,
    0x80, 0x7e, 0x10, 0xf, 0xfe, 0x81, 0x80, 0x7f,
    0xf4, 0x4, 0x3, 0xe3, 0x0, 0xff, 0xe4, 0x78,
    0x7, 0xc2, 0x1, 0xff, 0xc7, 0x72, 0x0, 0xf9,
    0xc0, 0x3f, 0xe3, 0x0, 0xf8, 0x58, 0x3, 0xe3,
    0x0, 0xff, 0x84, 0x3, 0xe2, 0x20, 0x7, 0xe3,
    0x0, 0xfe, 0x30, 0xf, 0x84, 0x4, 0x40, 0x1f,
    0x48, 0x7, 0xf5, 0x0, 0x7c, 0x40, 0x4, 0x0,
    0xf9, 0x60, 0x80, 0x38, 0x5d, 0x80, 0x3e, 0x50,
    0x7, 0x80, 0x7e, 0x7d, 0xfe, 0xde, 0xfe, 0x80,
    0xf, 0xd8, 0x0, 0x50, 0xf, 0xf8, 0x48, 0x40,
    0x3f, 0xe4, 0x0, 0x98, 0x3, 0xff, 0x96, 0xc2,
    0x1, 0x40, 0x80, 0x7f, 0xf2, 0x46, 0x0, 0x30,
    0xd0, 0x7, 0xff, 0x26, 0x84, 0x3, 0x93, 0x4,
    0x3, 0xff, 0x8a, 0x58, 0x80, 0x1f, 0x1f, 0x49,
    0x80, 0x7f, 0xf0, 0x5, 0x6b, 0x4c, 0x3, 0xfc,
    0xd9, 0xfb, 0x73, 0x11, 0xd3, 0x7b, 0xd4, 0xa0,
    0x1e,

    /* U+0037 "7" */
    0x5f, 0xff, 0xfe, 0x71, 0x80, 0x7f, 0xff, 0xc0,
    0x3f, 0xff, 0xe0, 0x1f, 0xfc, 0x64, 0xaa, 0xff,
    0xe2, 0xa0, 0x7, 0xc2, 0x62, 0xab, 0xff, 0xc5,
    0x60, 0xf, 0x9c, 0x3, 0xff, 0x8c, 0x64, 0x1,
    0xf5, 0x0, 0x7f, 0xf1, 0xa8, 0x3, 0xe1, 0x30,
    0xf, 0xfe, 0x33, 0x80, 0x7c, 0xe0, 0x1f, 0xfc,
    0x63, 0x10, 0xf, 0xa8, 0x3, 0xff, 0x8d, 0x40,
    0x1f, 0x9, 0x80, 0x7f, 0xf1, 0x9c, 0x3, 0xe7,
    0x0, 0xff, 0xe3, 0x20, 0x80, 0x7d, 0x40, 0x1f,
    0xfc, 0x6d, 0x0, 0xf8, 0x4c, 0x3, 0xff, 0x8c,
    0xe0, 0x1f, 0x38, 0x7, 0xff, 0x19, 0x4, 0x3,
    0xea, 0x0, 0xff, 0xe3, 0x70, 0x7, 0xc2, 0x60,
    0x1f, 0xfc, 0x65, 0x0, 0xf9, 0xc0, 0x3f, 0xf8,
    0xca, 0x1, 0xfa, 0x80, 0x3f, 0xf8, 0xde, 0x1,
    0xf0, 0x98, 0x7, 0xff, 0x19, 0x40, 0x3e, 0x70,
    0xf, 0xfe, 0x32, 0x80, 0x7e, 0xa0, 0xf, 0xfe,
    0x37, 0x0, 0x7c, 0x26, 0x1, 0xff, 0xc5, 0x14,
    0x0, 0xf9, 0xc0, 0x3f, 0xf8, 0xce, 0x1, 0xfa,
    0x80, 0x3f, 0xf8, 0xda, 0x1, 0xf0, 0x98, 0x7,
    0xff, 0x14, 0x50, 0x3, 0xe6, 0x0, 0xff, 0xe3,
    0x38, 0x7, 0xeb, 0x0, 0xff, 0xe3, 0x50, 0x7,
    0xc2, 0x60, 0x1f, 0xfc, 0x51, 0x30, 0xf, 0x98,
    0x3, 0xff, 0x8c, 0xc0, 0x1f, 0xac, 0x3, 0xff,
    0x8d, 0x60, 0x1f, 0x9, 0x80, 0x7f, 0xf1, 0x48,
    0xc0, 0x3e, 0x60, 0xf, 0xfe, 0x32, 0x80, 0x7e,
    0xb0, 0xf, 0xfe, 0x35, 0x0, 0x7c, 0x26, 0x1,
    0xff, 0xc5, 0x22, 0x0, 0x7c, 0xc0, 0x1f, 0xfc,
    0x65, 0x0, 0xfd, 0x60, 0x1f, 0xfc, 0x6a, 0x0,
    0xf8, 0x4c, 0x3, 0xff, 0x8a, 0x44, 0x0, 0xf9,
    0x80, 0x3f, 0xf8, 0xd4, 0x1, 0xfa, 0xc0, 0x3f,
    0xf8, 0xca, 0x1, 0xf0, 0x98, 0x7, 0xff, 0x14,
    0xc8, 0x3, 0xe6, 0x0, 0xff, 0xe3, 0x58, 0x7,
    0xeb, 0x0, 0xff, 0xe3, 0x30, 0x7, 0xc2, 0x60,
    0x1f, 0xfc, 0x53, 0x10, 0xf, 0x98, 0x3, 0xff,
    0x8d, 0x40, 0x1f, 0xac, 0x3, 0xff, 0x84,

    /* U+0038 "8" */
    0x0, 0xfe, 0x14, 0x56, 0x77, 0xca, 0x84, 0x1,
    0xff, 0xc4, 0x5a, 0xee, 0x5d, 0x4c, 0x46, 0xab,
    0xde, 0xa5, 0x0, 0xff, 0x93, 0x69, 0x44, 0x3,
    0xfe, 0x15, 0xae, 0x50, 0xf, 0xcf, 0x64, 0x1,
    0xff, 0xc5, 0x1a, 0x90, 0xf, 0x34, 0x0, 0x7f,
    0xf2, 0x5a, 0x0, 0x30, 0xc8, 0x7, 0xff, 0x2d,
    0xc8, 0x2, 0x90, 0xf, 0xfe, 0x6c, 0x0, 0x4c,
    0x1, 0xfe, 0x23, 0x44, 0x10, 0x7, 0xf9, 0x40,
    0x4, 0x20, 0x1f, 0xa7, 0xf7, 0x2e, 0xdb, 0xf4,
    0x20, 0x1f, 0x90, 0x1c, 0x3, 0xf4, 0xb0, 0x7,
    0xcb, 0x40, 0x1f, 0x8c, 0x8, 0x3, 0xf3, 0x0,
    0x7f, 0x21, 0x0, 0x7d, 0xc1, 0xe0, 0x1f, 0x18,
    0x7, 0xfc, 0xe0, 0x1f, 0x18, 0x8, 0x7, 0xcc,
    0x1, 0xff, 0x10, 0x7, 0xc2, 0x1, 0xfc, 0x60,
    0x1f, 0xf7, 0x80, 0x7f, 0xf6, 0xc4, 0x3, 0xff,
    0x9e, 0x21, 0xc0, 0x1f, 0x18, 0x7, 0xfd, 0xe0,
    0x1f, 0x10, 0x10, 0x7, 0xc2, 0x1, 0xff, 0x8,
    0x7, 0xdc, 0xa, 0x1, 0xf3, 0x0, 0x7f, 0xc4,
    0x1, 0xf2, 0x80, 0x90, 0x7, 0x88, 0x40, 0x3f,
    0x85, 0x0, 0x3e, 0x30, 0x5, 0x0, 0x7d, 0x60,
    0x1f, 0xd0, 0x1, 0xf3, 0x0, 0x4c, 0x20, 0x1e,
    0x5c, 0x53, 0x11, 0x89, 0x6d, 0x80, 0x3e, 0xb0,
    0x8, 0x6c, 0x3, 0xe3, 0xac, 0xee, 0xb6, 0x90,
    0x3, 0xe9, 0x20, 0xc, 0xb4, 0x1, 0xff, 0xc9,
    0x96, 0x0, 0xf2, 0xf3, 0x8, 0x7, 0xff, 0x11,
    0xb5, 0x80, 0x3f, 0xd, 0xb8, 0x7, 0xff, 0xd,
    0x68, 0x80, 0x3f, 0x15, 0xeb, 0x0, 0x7f, 0xf0,
    0xd7, 0x30, 0x60, 0x1e, 0x5d, 0x40, 0xf, 0xfe,
    0x39, 0xe3, 0x80, 0x62, 0xa0, 0xf, 0xfe, 0x5c,
    0x20, 0x5, 0x20, 0x1f, 0x9b, 0x3b, 0xfe, 0xec,
    0x70, 0xf, 0xd2, 0x0, 0x14, 0x0, 0xfa, 0xa4,
    0xc4, 0x2, 0x13, 0x8c, 0x0, 0xf8, 0x8c, 0x1c,
    0x3, 0xe3, 0x50, 0xf, 0xe3, 0x50, 0xf, 0xac,
    0x3c, 0x3, 0xe4, 0x0, 0xff, 0xb0, 0x3, 0xe4,
    0x2, 0x0, 0xfb, 0x80, 0x3f, 0xe5, 0x0, 0xf8,
    0x81, 0xc0, 0x3e, 0x30, 0xf, 0xf8, 0x40, 0x3e,
    0x10, 0x10, 0xf, 0x84, 0x3, 0xfe, 0x30, 0xf,
    0xc2, 0x60, 0x1f, 0xfd, 0x91, 0x0, 0xff, 0x8c,
    0x3, 0xf8, 0xc0, 0x3e, 0x30, 0xf, 0xf8, 0x40,
    0x3f, 0x8, 0x80, 0x3e, 0xe0, 0xf, 0xf9, 0x80,
    0x3f, 0x9c, 0x3, 0xe3, 0x0, 0xff, 0xb0, 0x3,
    0xe1, 0x2, 0x0, 0xf9, 0xc, 0x3, 0xf8, 0x58,
    0x3, 0xe2, 0xc, 0x0, 0xfd, 0xaa, 0x1, 0xf1,
    0xe0, 0x7, 0xe4, 0x4, 0x0, 0xfc, 0x35, 0xfb,
    0x77, 0x67, 0xe1, 0x0, 0x7e, 0xc0, 0x14, 0x0,
    0xff, 0x12, 0x24, 0x60, 0x1f, 0xe1, 0x40, 0x7,
    0x80, 0x7f, 0xf3, 0x64, 0x2, 0x46, 0x0, 0xff,
    0xe5, 0x9b, 0x80, 0x69, 0x50, 0xf, 0xfe, 0x49,
    0xe8, 0x7, 0xaa, 0x44, 0x3, 0xff, 0x8c, 0xf8,
    0x20, 0x1f, 0x37, 0x52, 0x8, 0x7, 0xff, 0x1,
    0x27, 0xa0, 0x3, 0xfe, 0x5b, 0xed, 0xba, 0x98,
    0x8d, 0x37, 0xbf, 0x6c, 0x20, 0x1e,

    /* U+0039 "9" */
    0x0, 0xfe, 0x13, 0x56, 0x77, 0xcc, 0x84, 0x1,
    0xff, 0xc3, 0x3a, 0xee, 0x65, 0x4c, 0x46, 0x9b,
    0xdf, 0xc6, 0x0, 0xff, 0x16, 0x61, 0x44, 0x3,
    0xff, 0x80, 0x73, 0xc8, 0x1, 0xf1, 0x61, 0x80,
    0x7f, 0xf1, 0x46, 0xd4, 0x3, 0xde, 0x20, 0x1f,
    0xfc, 0x8a, 0x20, 0xd, 0x4, 0x1, 0xff, 0xca,
    0x80, 0xc, 0xc0, 0x1f, 0xfc, 0xb5, 0x10, 0x1,
    0x88, 0x7, 0xf8, 0x48, 0x40, 0x3f, 0xe6, 0x0,
    0x20, 0x7, 0xe7, 0xdf, 0xed, 0xef, 0xe8, 0x0,
    0xfd, 0x80, 0xd, 0x0, 0xf9, 0x20, 0x80, 0x38,
    0x5d, 0xc0, 0x1f, 0x20, 0x1, 0x80, 0x3e, 0xe0,
    0xf, 0xe9, 0x0, 0xfc, 0x40, 0x40, 0x1f, 0x38,
    0x7, 0xf0, 0x90, 0x7, 0xcc, 0x2, 0x1, 0xf1,
    0x0, 0x7f, 0x98, 0x3, 0xe2, 0x10, 0xf, 0xfe,
    0x39, 0x0, 0x7d, 0xc6, 0x1, 0xff, 0xc7, 0x10,
    0xf, 0x84, 0x3, 0xff, 0x91, 0xe0, 0x1f, 0x18,
    0x7, 0xff, 0x40, 0x40, 0x3f, 0xfa, 0xe, 0x1,
    0xff, 0xd0, 0x10, 0xf, 0xe1, 0x0, 0xff, 0x78,
    0x7, 0xe3, 0x0, 0xfc, 0x40, 0x1f, 0xe2, 0x0,
    0xf8, 0xc4, 0x3, 0xf2, 0x80, 0x7f, 0x9c, 0x3,
    0xf8, 0x80, 0x3e, 0xa0, 0xf, 0xe4, 0x20, 0xf,
    0xe6, 0x0, 0xf8, 0xed, 0x4, 0x2, 0x13, 0x7b,
    0x0, 0xfc, 0x20, 0x60, 0x1f, 0x92, 0xfb, 0xfe,
    0xec, 0x80, 0xf, 0xfa, 0xc0, 0x3f, 0xfa, 0x6,
    0x40, 0x1f, 0xfd, 0xb, 0x0, 0xff, 0xe6, 0x88,
    0x1, 0x90, 0x3, 0xff, 0x86, 0x94, 0x1, 0xff,
    0x5a, 0x0, 0x7f, 0xf0, 0x52, 0x80, 0x3f, 0xf8,
    0x37, 0x48, 0x1, 0xfc, 0x75, 0x62, 0x1, 0xf8,
    0xc0, 0x39, 0x6f, 0xf7, 0x2a, 0xab, 0xcf, 0xc5,
    0x0, 0xff, 0xe3, 0x91, 0xaa, 0xc8, 0x60, 0x1c,
    0x60, 0x1f, 0x8, 0x7, 0xff, 0x41, 0xc0, 0x3f,
    0xf9, 0x2, 0x1, 0xf0, 0x80, 0x7f, 0xf2, 0x3c,
    0x3, 0xe3, 0x0, 0xff, 0xe4, 0x10, 0x7, 0xdc,
    0x1, 0xff, 0xc8, 0x60, 0xf, 0x88, 0x3, 0xff,
    0x90, 0x60, 0x1f, 0x30, 0x7, 0xff, 0x1d, 0x0,
    0x3f, 0x18, 0x7, 0xff, 0x1e, 0x0, 0x3e, 0x20,
    0xf, 0xfe, 0x3c, 0x18, 0x7, 0xc8, 0x1, 0x2c,
    0x32, 0x10, 0x80, 0x7c, 0x4d, 0xae, 0x1, 0xfa,
    0x80, 0x2d, 0x79, 0xbd, 0xef, 0xee, 0x6f, 0x73,
    0xf6, 0x48, 0x3, 0xf0, 0x98, 0x7, 0xf8, 0x44,
    0x42, 0x20, 0xf, 0xfe, 0x4, 0x0, 0x7f, 0xf3,
    0xc9, 0x80, 0x3f, 0xf9, 0xc3, 0xe0, 0x1f, 0xfc,
    0xe1, 0xd2, 0x0, 0xff, 0xe6, 0xaf, 0x98, 0x7,
    0xa6, 0x9d, 0x4, 0x3, 0xff, 0x80, 0x6f, 0xb4,
    0x20, 0x1f, 0xa, 0xc5, 0xf7, 0x36, 0xe6, 0x51,
    0x14, 0xd6, 0x7e, 0x41, 0x0, 0x7c,

    /* U+003A ":" */
    0x4f, 0xff, 0xce, 0x1, 0xff, 0xfa, 0x59, 0x9f,
    0xc8, 0x2c, 0xdf, 0x8c, 0x3, 0xff, 0xfe, 0x1,
    0xff, 0xff, 0x0, 0xff, 0xe4, 0xb, 0x37, 0xe3,
    0x59, 0x9f, 0xc8, 0x1, 0xff, 0xfa,

    /* U+003B ";" */
    0x4f, 0xff, 0xce, 0x1, 0xff, 0xfa, 0x59, 0x9f,
    0xc8, 0x2c, 0xdf, 0x8c, 0x3, 0xff, 0xfe, 0x1,
    0xff, 0xff, 0x0, 0xff, 0xe4, 0xb, 0x37, 0xe3,
    0x59, 0x9f, 0xc8, 0x1, 0xff, 0xf9, 0x14, 0xff,
    0x70, 0x7, 0xff, 0xc, 0xc0, 0x23, 0x0, 0xe1,
    0x0, 0x84, 0x3, 0x98, 0x2, 0x40, 0xe, 0x20,
    0x2, 0x48, 0x6, 0x20, 0xce, 0xb1, 0x0, 0xd4,
    0x4, 0x20, 0x1c, 0x4e, 0x1, 0xf1, 0xf8, 0x6,
    0x13, 0x6b, 0xc2, 0x0, 0x0,

    /* U+003C "<" */
    0x0, 0xff, 0xe6, 0x90, 0x7, 0xff, 0x31, 0xb3,
    0x40, 0x3f, 0xf9, 0x27, 0x5f, 0x26, 0x1, 0xff,
    0xc7, 0x17, 0xdc, 0x50, 0xf, 0xfe, 0x42, 0xdf,
    0x41, 0x0, 0x7f, 0xf1, 0xce, 0x7a, 0x90, 0x3,
    0xff, 0x8e, 0x2d, 0xb8, 0xc2, 0x1, 0xff, 0xc7,
    0x4a, 0xe9, 0x20, 0xf, 0xfe, 0xb, 0x0, 0x71,
    0x47, 0x5a, 0x80, 0x7f, 0xf0, 0x52, 0xbe, 0x40,
    0x26, 0xcd, 0x71, 0x0, 0xff, 0xe0, 0x1c, 0xf5,
    0xa8, 0x5, 0x1f, 0x26, 0x1, 0xff, 0xc0, 0x27,
    0xdc, 0x61, 0x0, 0xe5, 0x0, 0xff, 0xe0, 0xb,
    0x66, 0xc1, 0x0, 0x7f, 0xf1, 0xd2, 0xba, 0x4c,
    0x3, 0xff, 0x8e, 0x73, 0xd6, 0xa0, 0x1f, 0xfc,
    0xa2, 0xe2, 0x0, 0xff, 0xe6, 0xb, 0xe6, 0xb8,
    0x80, 0x7f, 0xf3, 0xa, 0x3a, 0xd4, 0x3, 0xfe,
    0x50, 0xf, 0xfe, 0xa, 0x57, 0xd2, 0x0, 0x7e,
    0x8f, 0x93, 0x0, 0xff, 0xe0, 0xad, 0xf4, 0x10,
    0x7, 0xcd, 0x9a, 0xe2, 0x1, 0xff, 0xc0, 0x17,
    0xdc, 0x61, 0x0, 0xf1, 0x47, 0x5a, 0x80, 0x7f,
    0xf0, 0x4e, 0x7a, 0xc0, 0x3f, 0x25, 0x74, 0x10,
    0x7, 0xff, 0x5, 0x0, 0x3f, 0xc2, 0xfb, 0x8c,
    0x20, 0x1f, 0xfc, 0xc3, 0x9e, 0xa4, 0x0, 0xff,
    0xe6, 0xad, 0xf4, 0x10, 0x7, 0xff, 0x30, 0x5f,
    0x6d, 0x40, 0x3f, 0xf9, 0xa9, 0x5f, 0x26, 0x1,
    0xff, 0xcd, 0x6c, 0xd0,

    /* U+003D "=" */
    0x9b, 0xbf, 0xfe, 0x68, 0x22, 0x7f, 0xf3, 0x80,
    0x3f, 0xff, 0xe0, 0x1f, 0xff, 0x1d, 0xff, 0xff,
    0xe6, 0x80, 0x7f, 0xff, 0xc0, 0x3f, 0xfe, 0x33,
    0x77, 0xff, 0xcd, 0x4, 0x4f, 0xfe, 0x70, 0x7,
    0xff, 0xfc, 0x3, 0xff, 0xe2,

    /* U+003E ">" */
    0x20, 0xf, 0xfe, 0x77, 0xeb, 0x88, 0x7, 0xff,
    0x30, 0xa3, 0xad, 0x40, 0x3f, 0xf9, 0xa9, 0x5d,
    0x24, 0x1, 0xff, 0xcc, 0x16, 0xdc, 0x61, 0x0,
    0xff, 0xe6, 0x1c, 0xf5, 0x20, 0x7, 0xff, 0x35,
    0x6f, 0xa0, 0x80, 0x3f, 0xd4, 0x20, 0x1f, 0xfc,
    0x1, 0x7d, 0xc5, 0x0, 0xfc, 0xfd, 0x6a, 0x1,
    0xff, 0xc1, 0x3a, 0xf9, 0x30, 0xf, 0x92, 0xbe,
    0x90, 0x3, 0xff, 0x82, 0xd9, 0xae, 0x20, 0x1f,
    0x2d, 0xf4, 0x18, 0x7, 0xff, 0x0, 0xa3, 0xac,
    0x3, 0xf0, 0xbe, 0x6b, 0x88, 0x7, 0xff, 0x1,
    0x0, 0x3f, 0xe2, 0x8e, 0xb6, 0x0, 0xff, 0xe6,
    0xa4, 0xfd, 0x20, 0x7, 0xff, 0x30, 0x88, 0xc0,
    0x1f, 0xfc, 0xa6, 0xcd, 0x82, 0x0, 0xff, 0xe3,
    0xa5, 0x7c, 0x98, 0x7, 0xff, 0x1c, 0xa3, 0xad,
    0x40, 0x3f, 0xf8, 0x28, 0x1, 0xc2, 0xfb, 0xa7,
    0x10, 0xf, 0xfe, 0x1, 0x47, 0x58, 0x4, 0xb7,
    0xd0, 0x40, 0x1f, 0xfc, 0x16, 0xcd, 0x71, 0x0,
    0x47, 0xd2, 0x0, 0x7f, 0xf0, 0x4e, 0xbe, 0x4c,
    0x3, 0x94, 0x3, 0xff, 0x82, 0x2f, 0xb8, 0xa0,
    0x1f, 0xfc, 0x85, 0xbe, 0x82, 0x0, 0xff, 0xe3,
    0x9c, 0xf5, 0x20, 0x7, 0xff, 0x1c, 0x5b, 0x71,
    0x84, 0x3, 0xff, 0x8e, 0x95, 0xd2, 0x40, 0x1f,
    0xfc, 0x72, 0x8e, 0xb5, 0x0, 0xff, 0xe4, 0xfe,
    0xb8, 0x80, 0x7f, 0xf2, 0xc0,

    /* U+003F "?" */
    0x0, 0xc2, 0x68, 0xac, 0xef, 0x32, 0x8, 0x7,
    0xe7, 0xad, 0xfe, 0xcb, 0xa9, 0x88, 0xa6, 0xfb,
    0x90, 0x20, 0x1d, 0xa, 0x40, 0x1f, 0xfc, 0x1,
    0x7e, 0x70, 0xf, 0xfe, 0x54, 0x50, 0x7, 0xff,
    0x29, 0x58, 0x3, 0xff, 0x95, 0x20, 0x1f, 0xfc,
    0xb6, 0x0, 0xf0, 0x88, 0x84, 0x3, 0xff, 0x81,
    0x41, 0x37, 0xbd, 0xfd, 0xcd, 0xef, 0xf5, 0x98,
    0x7, 0xe3, 0x6, 0x42, 0x10, 0xf, 0x93, 0xc,
    0x3, 0xf1, 0x0, 0x7f, 0xf0, 0x64, 0x3, 0xf3,
    0x0, 0x7f, 0xf0, 0x50, 0x3, 0xf0, 0x80, 0x7f,
    0xf0, 0x44, 0x3, 0xf1, 0x80, 0x7f, 0xf8, 0x4c,
    0x3, 0xff, 0x94, 0x20, 0x1f, 0xfc, 0x13, 0x0,
    0xfc, 0xc0, 0x1f, 0xfc, 0x1a, 0x0, 0xfc, 0x40,
    0x1f, 0xfc, 0x5, 0x60, 0xf, 0x88, 0x3, 0xff,
    0x81, 0x14, 0x1, 0xf9, 0x40, 0x3f, 0xc7, 0xae,
    0x1, 0xfd, 0x40, 0x1f, 0xd3, 0x84, 0x1, 0xfc,
    0xc4, 0x1, 0xf1, 0x6b, 0x0, 0x7f, 0x92, 0x40,
    0x3f, 0x79, 0x0, 0x7f, 0x96, 0xc0, 0x3f, 0x31,
    0x0, 0x7f, 0xd, 0x50, 0x3, 0xfb, 0x40, 0x3f,
    0x9f, 0x94, 0x3, 0xfc, 0xa0, 0x1f, 0x1f, 0x40,
    0x7, 0xff, 0x0, 0x40, 0x3c, 0x58, 0x20, 0x1f,
    0xfc, 0x8a, 0x0, 0xff, 0xe5, 0x10, 0x7, 0xff,
    0x28, 0x40, 0x3f, 0xff, 0xe0, 0x1f, 0xfd, 0x4c,
    0xcf, 0x90, 0x3, 0xff, 0x86, 0x67, 0xf0, 0x7,
    0xff, 0xfc, 0x3, 0xff, 0xa8, 0x8c, 0xdf, 0x80,
    0x3f, 0xf8, 0x5f, 0x33, 0xf8, 0x3, 0xff, 0xfe,
    0x1, 0xff, 0xff, 0x0, 0xff, 0xe4, 0x80,

    /* U+0040 "@" */
    0x0, 0xff, 0xe0, 0x92, 0x2b, 0x31, 0xdf, 0xcc,
    0xc5, 0x43, 0x10, 0xf, 0xfe, 0x4a, 0xc6, 0x77,
    0xed, 0xd4, 0xca, 0x23, 0xd3, 0x2a, 0xbc, 0xef,
    0xda, 0x62, 0x0, 0xff, 0xe0, 0x8c, 0xfd, 0x39,
    0x88, 0x7, 0xff, 0x1c, 0x96, 0x77, 0x10, 0x3,
    0xfc, 0xbc, 0xc0, 0x1f, 0xfd, 0x3, 0xba, 0x0,
    0xfc, 0xb4, 0x1, 0xe4, 0x78, 0x9a, 0xad, 0x77,
    0xaa, 0xb4, 0xc3, 0xa8, 0x80, 0x72, 0xd8, 0x7,
    0x8e, 0x80, 0x32, 0x5f, 0xdc, 0x3b, 0x2a, 0xe4,
    0x4c, 0xab, 0x99, 0xe2, 0xbb, 0x18, 0x3, 0x24,
    0x0, 0x74, 0x0, 0x69, 0xb4, 0x0, 0xff, 0xe5,
    0x1c, 0xe0, 0x80, 0x4e, 0x20, 0x11, 0xa0, 0x5,
    0xc, 0x1, 0xff, 0xce, 0x3d, 0x0, 0xd2, 0x1,
    0x58, 0x4, 0x4e, 0x1, 0xff, 0xd0, 0x36, 0x0,
    0x94, 0x2, 0x40, 0xa, 0xc0, 0x3f, 0xfa, 0x56,
    0x1, 0x10, 0x80, 0xc, 0x2, 0x70, 0xf, 0xfe,
    0x91, 0x10, 0x2, 0x50, 0x20, 0x8, 0x84, 0x3,
    0xff, 0xa6, 0x80, 0x11, 0x83, 0x0, 0x4e, 0x1,
    0xff, 0xd4, 0xf0, 0xb, 0x80, 0x40, 0x22, 0x0,
    0xff, 0x8d, 0x15, 0x9d, 0xe6, 0x41, 0x0, 0xff,
    0x88, 0x2, 0x30, 0x20, 0xb, 0x80, 0x3e, 0x7b,
    0xef, 0xcb, 0xa9, 0x88, 0xa6, 0xfb, 0x18, 0x3,
    0xf9, 0x80, 0x26, 0xf, 0x0, 0x8c, 0x3, 0xeb,
    0x41, 0x0, 0xff, 0x8e, 0x70, 0x3, 0xf1, 0x80,
    0x42, 0x2, 0x1, 0x8, 0x7, 0xff, 0x2c, 0xec,
    0x3, 0xe1, 0x0, 0x8c, 0xc, 0x2, 0x70, 0xf,
    0xfe, 0x62, 0x28, 0x7, 0xf8, 0x40, 0x40, 0x3f,
    0xfa, 0x3c, 0x1, 0xff, 0xc4, 0x10, 0xf, 0x95,
    0x4d, 0x10, 0x9a, 0xa4, 0xc2, 0x80, 0x7c, 0x80,
    0x1f, 0x8, 0x6, 0x70, 0xf, 0xfa, 0x6a, 0x5d,
    0xcc, 0xaa, 0x67, 0xad, 0x0, 0xf8, 0x80, 0x3f,
    0xc2, 0x1, 0xff, 0xcb, 0x26, 0x0, 0xf3, 0x0,
    0x7f, 0xc2, 0x1, 0x18, 0x7, 0xff, 0x1f, 0xc0,
    0x3c, 0x20, 0x1e, 0x30, 0x8, 0xc0, 0x3f, 0xf9,
    0x86, 0x1, 0xe2, 0x0, 0xff, 0xeb, 0x88, 0x7,
    0xff, 0xc0, 0x4c, 0x3, 0xff, 0xa5, 0xe0, 0x1f,
    0xfc, 0xd6, 0xbe, 0xff, 0xfa, 0xc0, 0x3f, 0xfa,
    0x45, 0xd2, 0x82, 0x1, 0xff, 0xda, 0xc1, 0x0,
    0xff, 0xee, 0x38, 0x80, 0x7f, 0xf7, 0x6c, 0x3,
    0xc6, 0xcd, 0xc8, 0x1, 0xff, 0xd1, 0x30, 0xe,
    0x5c, 0x99, 0xef, 0x0, 0xff, 0xe2, 0x89, 0x80,
    0x7f, 0x10, 0x7, 0xbc, 0x3, 0xff, 0xae, 0x20,
    0x1e, 0x60, 0xf, 0xfe, 0x41, 0x80, 0x46, 0x1,
    0xfe, 0x70, 0xf, 0x8, 0x7, 0x84, 0x3, 0xff,
    0x8a, 0x22, 0x0, 0xff, 0xe2, 0x8, 0x7, 0x8c,
    0x3, 0xff, 0x82, 0x20, 0x1f, 0x8c, 0x3, 0xff,
    0x80, 0xe0, 0x1e, 0xf0, 0xf, 0xfe, 0x20, 0x83,
    0x80, 0x7f, 0x38, 0x7, 0x8c, 0x3, 0x85, 0x80,
    0x3f, 0xf8, 0x4, 0x1, 0x10, 0x7, 0x8, 0x7,
    0x10, 0x7, 0xa1, 0x44, 0x5, 0x30, 0x3, 0xff,
    0x82, 0x80, 0x12, 0x80, 0x80, 0x7f, 0x8, 0x7,
    0xd5, 0xdf, 0xd6, 0x40, 0x1f, 0xfc, 0x1, 0xa0,
    0xb, 0x0, 0xc0, 0x27, 0x0, 0xf2, 0x0, 0x7f,
    0xf0, 0x14, 0x3, 0xcb, 0x77, 0x67, 0x18, 0x4,
    0x80, 0x20, 0x10, 0x80, 0x7b, 0x80, 0x3f, 0xe1,
    0x80, 0xf, 0x12, 0x24, 0x60, 0x19, 0x44, 0x3c,
    0x2, 0x30, 0xf, 0x29, 0x80, 0x7f, 0xac, 0x80,
    0x3f, 0xf8, 0x43, 0x60, 0x1, 0x0, 0x84, 0x3,
    0xed, 0x30, 0xf, 0xd2, 0xa0, 0x20, 0x1f, 0xe1,
    0x37, 0xf1, 0x0, 0x18, 0x5, 0xe0, 0x1f, 0xe,
    0x52, 0x90, 0x88, 0xdf, 0x98, 0x1, 0xdf, 0xff,
    0xee, 0xc8, 0x10, 0x9, 0x80, 0x23, 0x0, 0xfe,
    0x5a, 0xde, 0xe6, 0x40, 0x80, 0x7f, 0xf2, 0x48,
    0x2, 0x50, 0xf, 0xfe, 0xd0, 0x88, 0x0, 0x24,
    0x1, 0xff, 0xda, 0x40, 0x9, 0x40, 0x3f, 0xfb,
    0x5e, 0x1, 0x48, 0x7, 0xff, 0x69, 0x4, 0x0,
    0x34, 0x1, 0xff, 0xd9, 0x19, 0x0, 0x96, 0x84,
    0x3, 0xff, 0xb0, 0xe6, 0x1, 0x2f, 0x52, 0x90,
    0x7, 0xff, 0x5b, 0x48, 0x3, 0x2d, 0x6f, 0xf7,
    0x37, 0x7f, 0xf8, 0x3d, 0xd3, 0x80, 0x7f, 0xf0,
    0x87, 0x5c, 0x3, 0xe1, 0x11, 0x17, 0xff, 0x4,
    0x46, 0xf0, 0xf, 0xfe, 0x24, 0x6b, 0x90, 0x7,
    0xff, 0x70, 0xa3, 0x7a, 0xe5, 0x94, 0xc8, 0x44,
    0x1, 0xff, 0xcd,

    /* U+0041 "A" */
    0x0, 0xff, 0x8f, 0xff, 0xfe, 0xe0, 0xf, 0xfe,
    0x52, 0x0, 0x7f, 0xc2, 0x20, 0xf, 0xfe, 0x4e,
    0x0, 0x7f, 0xf0, 0x10, 0x3, 0xff, 0x92, 0xa0,
    0x1f, 0xfc, 0xd, 0x0, 0xff, 0xe4, 0x10, 0x80,
    0x7f, 0xf0, 0x10, 0x3, 0xff, 0x90, 0xe0, 0x1f,
    0xfc, 0x13, 0x0, 0xff, 0xe4, 0x60, 0x7, 0xff,
    0x8, 0xc0, 0x3f, 0xf8, 0xe8, 0x1, 0xff, 0xc2,
    0x40, 0xf, 0xfe, 0x39, 0x0, 0x7a, 0x0, 0x3e,
    0xd0, 0xf, 0xfe, 0x32, 0x0, 0x7c, 0x86, 0x1,
    0xe4, 0x0, 0xff, 0xe3, 0x60, 0x7, 0xc6, 0xa0,
    0x1e, 0x12, 0x0, 0xff, 0xe2, 0x98, 0x7, 0x8c,
    0x3c, 0x3, 0xe7, 0x0, 0xff, 0xe2, 0xa0, 0x7,
    0x94, 0x14, 0x3, 0xec, 0x0, 0xff, 0xe2, 0x10,
    0x7, 0xde, 0x6, 0x1, 0xf2, 0x0, 0x7f, 0xf1,
    0x10, 0x3, 0xe5, 0x0, 0x18, 0x7, 0x88, 0x3,
    0xff, 0x89, 0x80, 0x1f, 0x18, 0x1, 0x40, 0x3e,
    0x40, 0xf, 0xfe, 0x1b, 0x80, 0x78, 0xc0, 0x2f,
    0x0, 0xf8, 0xc0, 0x3f, 0xf8, 0x42, 0x40, 0x1e,
    0x50, 0x9, 0x0, 0x3e, 0xc0, 0xf, 0xfe, 0x12,
    0x80, 0x7d, 0xe0, 0x11, 0x0, 0x7c, 0x80, 0x1f,
    0xfc, 0x2c, 0x0, 0xf9, 0x0, 0x31, 0x80, 0x7c,
    0x40, 0x1f, 0xfc, 0x14, 0x0, 0xf8, 0x80, 0x32,
    0x80, 0x7c, 0x80, 0x1f, 0xfc, 0x13, 0x0, 0xf1,
    0x80, 0x77, 0x80, 0x7d, 0x80, 0x1f, 0xfc, 0x3,
    0x0, 0xf9, 0x40, 0x39, 0x0, 0x3e, 0x70, 0xf,
    0xfe, 0x2, 0x0, 0x7d, 0x80, 0x1c, 0x40, 0x1f,
    0x10, 0x80, 0x7f, 0xda, 0x1, 0xf3, 0x80, 0x78,
    0xc0, 0x3e, 0x50, 0xf, 0xf9, 0x0, 0x3e, 0x20,
    0xf, 0x28, 0x7, 0xd8, 0x1, 0xfe, 0x11, 0x0,
    0x79, 0x0, 0x3e, 0xf0, 0xf, 0x90, 0x3, 0xfc,
    0x80, 0x1f, 0x18, 0x7, 0xc8, 0x1, 0xf1, 0x80,
    0x7f, 0xb0, 0x3, 0xed, 0x0, 0xf8, 0x80, 0x3f,
    0x18, 0x7, 0xf2, 0x80, 0x7c, 0xe0, 0x1f, 0x8c,
    0x3, 0xe5, 0x0, 0xfe, 0x30, 0xf, 0x99, 0x13,
    0xf3, 0x80, 0x7d, 0x80, 0x1f, 0x90, 0x3, 0xf5,
    0xdf, 0xf2, 0x0, 0x7c, 0x80, 0x1f, 0x8c, 0x3,
    0xff, 0x9a, 0x22, 0x0, 0xfb, 0x0, 0x3f, 0xf9,
    0xc8, 0x1, 0xf2, 0x80, 0x7f, 0xf3, 0xb0, 0x3,
    0xc4, 0x20, 0x1f, 0xfc, 0xe5, 0x0, 0xf2, 0x0,
    0x7f, 0xf3, 0xcc, 0x3, 0xde, 0x1, 0xff, 0xd0,
    0x30, 0xe, 0x40, 0xf, 0xaf, 0xff, 0xff, 0x80,
    0x40, 0x1f, 0x20, 0x6, 0x12, 0x0, 0xf9, 0x40,
    0x3f, 0xf8, 0xe, 0x1, 0xf6, 0x0, 0x65, 0x0,
    0xf8, 0x84, 0x3, 0xff, 0x81, 0x80, 0x1f, 0x28,
    0x6, 0xc0, 0xf, 0x9c, 0x3, 0xff, 0x82, 0xa0,
    0x1f, 0x9, 0x0, 0x46, 0x1, 0xf6, 0x0, 0x7f,
    0xf0, 0x4c, 0x3, 0xf3, 0x80, 0x48, 0x1, 0xf2,
    0x80, 0x7f, 0xf0, 0x8c, 0x3, 0xec, 0x0, 0x18,
    0x7, 0xe3, 0x0, 0xff, 0xe1, 0x20, 0x7, 0xc8,
    0x0, 0x50, 0xf, 0x8c, 0x3, 0xff, 0x87, 0xa0,
    0x1f, 0x10, 0x3, 0x0, 0x3e, 0x50, 0xf, 0xfe,
    0x1a, 0x0, 0x7e, 0x40, 0x70, 0xf, 0xbc, 0x3,
    0xff, 0x86, 0x22, 0x0, 0xfb, 0x4, 0x80, 0x3e,
    0x40, 0xf, 0xfe, 0x22, 0x80, 0x7c, 0x60,

    /* U+0042 "B" */
    0xcf, 0xff, 0xfe, 0x27, 0x6d, 0xb9, 0x80, 0x7f,
    0xf3, 0x4, 0x92, 0x33, 0x8, 0x1, 0xff, 0xcf,
    0x3b, 0x80, 0xf, 0xfe, 0x83, 0xc0, 0x7, 0xff,
    0x41, 0xcc, 0x3, 0xff, 0xa1, 0x0, 0x1f, 0xfd,
    0x4, 0x20, 0xf, 0xe5, 0xaa, 0xf4, 0xb9, 0x0,
    0x7f, 0x28, 0x7, 0xf6, 0xaa, 0xf9, 0xa3, 0x5c,
    0x3, 0xf6, 0x80, 0x7f, 0xf1, 0xe0, 0x80, 0x3e,
    0x70, 0xf, 0xfe, 0x42, 0x80, 0x7c, 0x60, 0x1f,
    0xfc, 0x8d, 0x0, 0xf8, 0x40, 0x3f, 0xf9, 0x2,
    0x1, 0xff, 0xd0, 0x70, 0xf, 0xfe, 0x83, 0x80,
    0x7f, 0xf6, 0x8, 0x3, 0xff, 0x90, 0x40, 0x1f,
    0x30, 0x7, 0xff, 0x23, 0x0, 0x3e, 0xc0, 0xf,
    0xfe, 0x38, 0xa8, 0x7, 0xca, 0x1, 0xff, 0xc6,
    0x1d, 0x0, 0xf8, 0xc8, 0x3, 0xfb, 0x1d, 0xfd,
    0x17, 0xc6, 0x1, 0xf7, 0x80, 0x7f, 0x92, 0x23,
    0xce, 0x80, 0x1f, 0xa0, 0xc0, 0x3f, 0xf9, 0xa3,
    0x4e, 0x1, 0xff, 0xcc, 0x28, 0xf5, 0x0, 0xff,
    0xe6, 0xb1, 0x8, 0x7, 0xff, 0x39, 0x2b, 0x98,
    0x3, 0xff, 0x9e, 0x33, 0x40, 0x1f, 0xfd, 0x5,
    0x80, 0xf, 0xf4, 0x7f, 0xfd, 0xb2, 0x20, 0x1f,
    0x38, 0x80, 0x7f, 0xf1, 0x49, 0xbc, 0x40, 0x3e,
    0x90, 0xf, 0xfe, 0x38, 0xc8, 0x7, 0xca, 0x1,
    0xff, 0xc8, 0x50, 0xf, 0x88, 0x40, 0x3f, 0xf8,
    0xe4, 0x1, 0xf8, 0x80, 0x3f, 0xf9, 0x2, 0x1,
    0xf3, 0x0, 0x7f, 0xf4, 0xc, 0x3, 0xff, 0xa0,
    0x20, 0x1f, 0xfe, 0x51, 0x0, 0xf8, 0x40, 0x3f,
    0xf8, 0xe4, 0x1, 0xf8, 0xc0, 0x3f, 0xf8, 0xea,
    0x1, 0xf9, 0x80, 0x3f, 0xf8, 0xc7, 0x20, 0x1f,
    0x8c, 0x3, 0xf7, 0x22, 0x79, 0x5a, 0xb0, 0x40,
    0x3e, 0x30, 0xf, 0xe6, 0xbb, 0xf5, 0x4a, 0x80,
    0x7f, 0x50, 0x7, 0xff, 0x41, 0xc0, 0x3f, 0xf9,
    0xf0, 0x20, 0x1f, 0xfc, 0xe3, 0x70, 0xf, 0xfe,
    0x72, 0x60, 0x7, 0xff, 0x34, 0x66, 0xc0, 0x3f,
    0xf9, 0x22, 0x46, 0xf7, 0xcc, 0x1, 0xc0,

    /* U+0043 "C" */
    0x0, 0xff, 0x12, 0x33, 0x1d, 0xe6, 0x42, 0x0,
    0xff, 0x9a, 0xff, 0x6e, 0x65, 0x11, 0x4d, 0xef,
    0xec, 0x88, 0x7, 0x2f, 0x4a, 0x0, 0x7f, 0xf0,
    0x9, 0x88, 0x3, 0x45, 0x8, 0x7, 0xff, 0x21,
    0xdc, 0x1, 0xff, 0xc9, 0x28, 0x0, 0xff, 0xe5,
    0x58, 0x7, 0xff, 0x28, 0x58, 0x3, 0xff, 0x80,
    0x24, 0x22, 0x0, 0xf2, 0x0, 0x7f, 0x2d, 0x77,
    0xf6, 0xf7, 0x3f, 0xb2, 0x88, 0x30, 0x3, 0xf4,
    0xd2, 0x88, 0x7, 0x84, 0xd4, 0x41, 0x0, 0x3e,
    0x46, 0x0, 0xff, 0xe1, 0x10, 0x7, 0xdc, 0x1,
    0xff, 0xc2, 0x20, 0xf, 0xc8, 0x1, 0xff, 0xc2,
    0x60, 0xf, 0x84, 0x40, 0x1f, 0xfc, 0x21, 0x0,
    0xf8, 0x80, 0x3f, 0xf8, 0x64, 0x1, 0xf3, 0x80,
    0x7f, 0xf0, 0xfc, 0x3, 0xe1, 0x0, 0xff, 0xe1,
    0x88, 0x7, 0xc6, 0x1, 0xff, 0xcb, 0x10, 0xf,
    0xfe, 0x19, 0x80, 0x7f, 0xf2, 0xc4, 0x3, 0xef,
    0x0, 0xff, 0xf9, 0xb8, 0x7, 0xff, 0xfc, 0x3,
    0xff, 0xc0, 0xe0, 0x1f, 0xff, 0xb1, 0x0, 0xfb,
    0xc0, 0x3f, 0xfb, 0x66, 0x1, 0xf0, 0x80, 0x7f,
    0xf0, 0xc4, 0x3, 0xe3, 0x0, 0xff, 0xe1, 0xf8,
    0x7, 0xc2, 0x1, 0xff, 0xc3, 0x10, 0xf, 0x9c,
    0x3, 0xff, 0x86, 0x40, 0x1f, 0x10, 0x7, 0xff,
    0xd, 0x80, 0x3e, 0x11, 0x0, 0x7f, 0xf0, 0x88,
    0x3, 0xf2, 0x0, 0x7f, 0xf0, 0xc4, 0x3, 0xee,
    0x0, 0xff, 0xe1, 0xa8, 0x7, 0xc8, 0xc0, 0x1f,
    0xfc, 0x2d, 0x0, 0xfd, 0x34, 0xa2, 0x1, 0xf1,
    0x21, 0x2, 0x0, 0x7f, 0x2d, 0x77, 0xf6, 0xf7,
    0x3f, 0xdb, 0x6e, 0x4, 0x80, 0x1f, 0xfc, 0x1,
    0x21, 0x10, 0x7, 0xd0, 0x1, 0xff, 0xcb, 0x36,
    0x0, 0xff, 0xe5, 0xca, 0x80, 0x7f, 0xf2, 0xea,
    0x0, 0x3f, 0xf9, 0x6f, 0xd2, 0x80, 0x1f, 0xfc,
    0x2, 0x67, 0x0, 0xf0, 0xb5, 0xfe, 0xdc, 0xca,
    0x22, 0x9b, 0xcf, 0xd9, 0x20,

    /* U+0044 "D" */
    0xcf, 0xff, 0xfe, 0x17, 0x6e, 0x53, 0x98, 0x7,
    0xff, 0x2c, 0x48, 0xd6, 0x33, 0xa0, 0x40, 0x3f,
    0xf9, 0xc2, 0xfe, 0x80, 0x1f, 0xfc, 0xf1, 0xb4,
    0x0, 0xff, 0xe8, 0x50, 0x80, 0x7f, 0xf3, 0xc6,
    0x40, 0x3f, 0xfa, 0xc, 0x1, 0xfe, 0x5a, 0xad,
    0x32, 0x74, 0x0, 0xfe, 0x14, 0x0, 0xfe, 0xd5,
    0x5c, 0xcc, 0x8b, 0xe4, 0x0, 0xfd, 0x80, 0x1f,
    0xfc, 0x61, 0xa0, 0xf, 0xc4, 0x1, 0xff, 0xc7,
    0x15, 0x0, 0xf9, 0xc0, 0x3f, 0xf9, 0x18, 0x1,
    0xf1, 0x80, 0x7f, 0xf2, 0x14, 0x3, 0xe1, 0x0,
    0xff, 0xe4, 0x8, 0x7, 0xe1, 0x0, 0xff, 0xe3,
    0x90, 0x7, 0xe3, 0x0, 0xff, 0xe8, 0x8, 0x7,
    0xff, 0x41, 0xc0, 0x3f, 0xf9, 0x2, 0x1, 0xff,
    0xd8, 0x10, 0xf, 0xfe, 0x41, 0x80, 0x7f, 0xfd,
    0x4c, 0x3, 0xff, 0xfe, 0x1, 0xff, 0xff, 0x0,
    0xff, 0xf4, 0x18, 0x7, 0xff, 0x94, 0xc0, 0x3f,
    0xfb, 0x2, 0x1, 0xff, 0xc8, 0x10, 0xf, 0xfe,
    0xc3, 0x80, 0x7f, 0xf4, 0x4, 0x3, 0xff, 0x8e,
    0x40, 0x1f, 0x8c, 0x3, 0xff, 0x8e, 0x20, 0x1f,
    0x84, 0x3, 0xff, 0x8e, 0xa0, 0x1f, 0x8, 0x7,
    0xff, 0x23, 0x0, 0x3e, 0x30, 0xf, 0xfe, 0x38,
    0xa8, 0x7, 0xcc, 0x1, 0xff, 0xc6, 0x1a, 0x0,
    0xfc, 0x60, 0x1f, 0xda, 0xab, 0x99, 0x91, 0x7c,
    0x80, 0x1f, 0xb0, 0x3, 0xf9, 0x6a, 0xb4, 0xc9,
    0xd0, 0x3, 0xf8, 0x50, 0x3, 0xff, 0x9e, 0xc0,
    0x1f, 0xfc, 0xf1, 0x90, 0xf, 0xfe, 0x7d, 0x8,
    0x7, 0xff, 0x34, 0x6d, 0x0, 0x3f, 0xf9, 0x82,
    0xfe, 0x80, 0x1f, 0xfc, 0x71, 0x23, 0x58, 0xce,
    0x81, 0x0, 0xe0,

    /* U+0045 "E" */
    0xcf, 0xff, 0xfe, 0x56, 0x80, 0x7f, 0xff, 0xc0,
    0x3f, 0xff, 0xe0, 0x5, 0xaa, 0xff, 0xe1, 0x48,
    0x7, 0xed, 0x55, 0xff, 0xe1, 0x20, 0x7, 0xff,
    0xfc, 0x3, 0xff, 0xfe, 0x1, 0xff, 0xff, 0x0,
    0xff, 0xf1, 0xea, 0xaf, 0xff, 0x1, 0x0, 0x3f,
    0xcb, 0x55, 0xff, 0xc0, 0x80, 0xf, 0xff, 0xf8,
    0x7, 0xff, 0xfc, 0x3, 0x47, 0xff, 0xff, 0x3,
    0x0, 0x3f, 0xff, 0xe0, 0x1f, 0xff, 0xf0, 0xf,
    0xff, 0xf8, 0x7, 0xff, 0xf7, 0x55, 0x7f, 0xf8,
    0x48, 0x1, 0xf9, 0x6a, 0xbf, 0xf8, 0x52, 0x1,
    0xff, 0xff, 0x0, 0xff, 0xfc, 0x80,

    /* U+0046 "F" */
    0xcf, 0xff, 0xfe, 0x4d, 0x80, 0x7f, 0xff, 0xc0,
    0x3f, 0xff, 0x6b, 0x55, 0xff, 0xc1, 0xf0, 0xf,
    0xda, 0xab, 0xff, 0xc1, 0x40, 0xf, 0xff, 0xf8,
    0x7, 0xff, 0xfc, 0x3, 0xff, 0xfe, 0x1, 0xff,
    0xef, 0xd5, 0x5f, 0xfe, 0x0, 0x7, 0xf9, 0x6a,
    0xbf, 0xf8, 0x4, 0x1, 0xff, 0xff, 0x0, 0xff,
    0xfe, 0x47, 0xff, 0xff, 0x0, 0x80, 0x3f, 0xff,
    0xe0, 0x1f, 0xff, 0xf0, 0xf, 0xff, 0xf8, 0x7,
    0xff, 0xfc, 0x3, 0xff, 0xfe, 0x1, 0xff, 0xf3,

    /* U+0047 "G" */
    0x0, 0xff, 0x89, 0x19, 0x8e, 0xf3, 0x31, 0xc,
    0x40, 0x3f, 0xf8, 0x22, 0xf7, 0xfb, 0x73, 0x28,
    0x8a, 0x65, 0x79, 0xdf, 0x94, 0xc6, 0x1, 0xf4,
    0xf4, 0x20, 0x7, 0xff, 0x8, 0xd6, 0x70, 0x3,
    0x8b, 0x58, 0x3, 0xff, 0x9a, 0x38, 0x40, 0x1f,
    0xfc, 0xea, 0x10, 0xf, 0xfe, 0x72, 0x20, 0x3,
    0xff, 0x9f, 0xe0, 0x1f, 0xfc, 0x21, 0x11, 0x8,
    0x7, 0xf0, 0xa0, 0x7, 0xe1, 0x6b, 0xdf, 0xf7,
    0x73, 0x7b, 0xfb, 0x2e, 0x5d, 0x0, 0xe, 0x1,
    0xf8, 0xbe, 0x50, 0x80, 0x3e, 0x13, 0x46, 0x8b,
    0x0, 0x60, 0x7, 0xef, 0x10, 0xf, 0xfe, 0x33,
    0x80, 0x7c, 0x84, 0x1, 0xff, 0xc7, 0x20, 0xf,
    0xb4, 0x3, 0xff, 0x8e, 0x40, 0x1f, 0x90, 0x3,
    0xff, 0x8e, 0xc0, 0x1f, 0x88, 0x3, 0xff, 0x8e,
    0x20, 0x1f, 0x10, 0x7, 0xff, 0x20, 0x80, 0x3e,
    0x10, 0xf, 0xfe, 0x47, 0x80, 0x7c, 0xc0, 0x1f,
    0xfc, 0x81, 0x0, 0xf8, 0xc0, 0x3f, 0xf9, 0x6,
    0x1, 0xff, 0xd8, 0x10, 0xf, 0xfe, 0x40, 0x80,
    0x7d, 0xe0, 0x1f, 0xfd, 0x61, 0xff, 0xff, 0xe0,
    0x93, 0x80, 0x7f, 0xff, 0xc0, 0x3f, 0xff, 0x2e,
    0x1, 0xff, 0xde, 0x1b, 0xbe, 0x20, 0xf, 0xfe,
    0x27, 0x80, 0x79, 0x13, 0x84, 0x3, 0xf0, 0x80,
    0x7f, 0xf4, 0xc, 0x3, 0xe1, 0x0, 0xff, 0xe4,
    0x8, 0x7, 0xff, 0x43, 0xc0, 0x3e, 0x30, 0xf,
    0xfe, 0x40, 0x80, 0x7c, 0xc0, 0x1f, 0xfc, 0x82,
    0x0, 0xf8, 0x40, 0x3f, 0xf9, 0xe, 0x1, 0xf1,
    0x0, 0x7f, 0xf2, 0xc, 0x3, 0xf1, 0x80, 0x7f,
    0xf2, 0x4, 0x3, 0xe4, 0x0, 0xff, 0xe4, 0x28,
    0x7, 0xd4, 0x1, 0xff, 0xc8, 0xc0, 0xf, 0x89,
    0xc0, 0x3f, 0xf8, 0xea, 0x1, 0xfa, 0x24, 0x80,
    0x3f, 0xf8, 0xa4, 0x40, 0xf, 0xcd, 0xbd, 0x75,
    0x4b, 0xce, 0x30, 0xf, 0xf5, 0x80, 0x7f, 0x85,
    0x15, 0x48, 0x62, 0x1, 0xff, 0x31, 0x0, 0x7f,
    0xf4, 0x38, 0x3, 0xff, 0xa0, 0x76, 0x1, 0xff,
    0xd0, 0x4d, 0x40, 0xf, 0xfe, 0x79, 0x5e, 0x39,
    0x0, 0x7f, 0xf0, 0x89, 0x63, 0x8, 0x3, 0xe3,
    0x8d, 0xfc, 0xa9, 0x88, 0xd3, 0x57, 0x9d, 0xfb,
    0x4e, 0x60,

    /* U+0048 "H" */
    0xcf, 0xff, 0x9c, 0x3, 0xff, 0x81, 0xdf, 0xff,
    0x28, 0x7, 0xff, 0xfc, 0x3, 0xff, 0xfe, 0x1,
    0xff, 0xff, 0x0, 0xff, 0xff, 0x80, 0x7f, 0xff,
    0xc0, 0x3f, 0xff, 0xe0, 0x1f, 0xff, 0xf0, 0xf,
    0xff, 0x4d, 0xd5, 0x7f, 0xf0, 0x4, 0x3, 0xff,
    0x88, 0x6a, 0xbf, 0xfc, 0x0, 0xf, 0xff, 0xf8,
    0x7, 0xff, 0xfc, 0x3, 0xff, 0xc7, 0x1f, 0xff,
    0xfc, 0x1, 0x0, 0xff, 0xff, 0x80, 0x7f, 0xff,
    0xc0, 0x3f, 0xff, 0xe0, 0x1f, 0xff, 0xf0, 0xf,
    0xff, 0xf8, 0x7, 0xff, 0xfc, 0x3, 0xff, 0xfe,
    0x1, 0xff, 0xff, 0x0, 0xfc,

    /* U+0049 "I" */
    0xbf, 0xff, 0xa4, 0x3, 0xff, 0xfe, 0x1, 0xff,
    0xff, 0x0, 0xff, 0xff, 0x80, 0x7f, 0xff, 0xc0,
    0x3f, 0xff, 0xe0, 0x1f, 0xfe, 0xd0,

    /* U+004A "J" */
    0x0, 0xfd, 0xff, 0xf8, 0xc0, 0x3f, 0xff, 0xe0,
    0x1f, 0xff, 0xf0, 0xf, 0xff, 0xf8, 0x7, 0xff,
    0xfc, 0x3, 0xff, 0xfe, 0x1, 0xff, 0xff, 0x0,
    0xff, 0xff, 0x80, 0x80, 0x7f, 0xf9, 0x8c, 0x3,
    0xe1, 0x0, 0xff, 0xe6, 0x88, 0x7, 0xc6, 0x1,
    0xff, 0xc4, 0x60, 0xf, 0x84, 0x3, 0xf1, 0x80,
    0x7c, 0x60, 0x1f, 0xa8, 0x3, 0xe1, 0x0, 0xe2,
    0x5c, 0x20, 0xf, 0x98, 0x1, 0xdf, 0xed, 0xa3,
    0x0, 0xfd, 0xa0, 0x22, 0x0, 0xff, 0xe0, 0xa0,
    0x7, 0xff, 0xc, 0x4c, 0x3, 0xff, 0x87, 0x0,
    0x1f, 0xfc, 0x35, 0x60, 0xf, 0xfe, 0x14, 0x50,
    0x7, 0xc2, 0x22, 0x46, 0x8b, 0xf7, 0x0, 0xc0,

    /* U+004B "K" */
    0xcf, 0xff, 0x9c, 0x3, 0xff, 0x81, 0x7f, 0xff,
    0x50, 0x7, 0xff, 0x24, 0x90, 0x3, 0xe9, 0x0,
    0xff, 0xe4, 0xc0, 0x7, 0xc6, 0x60, 0xf, 0xfe,
    0x40, 0xa8, 0x7, 0xd0, 0x1, 0xff, 0xc9, 0x90,
    0xf, 0x89, 0x0, 0x3f, 0xf9, 0x2c, 0x1, 0xf4,
    0x0, 0x7f, 0xf2, 0x58, 0x40, 0x3c, 0x2a, 0x1,
    0xff, 0xc9, 0xb0, 0xf, 0xa4, 0x3, 0xff, 0x92,
    0xa4, 0x1, 0xe1, 0x70, 0xf, 0xfe, 0x4c, 0x80,
    0x7c, 0xc0, 0x1f, 0xfc, 0x93, 0x30, 0x7, 0xd2,
    0x1, 0xff, 0xc9, 0x90, 0xf, 0x98, 0x40, 0x3f,
    0xf9, 0x2, 0xa0, 0x1f, 0x58, 0x7, 0xff, 0x26,
    0x40, 0x3e, 0x52, 0x0, 0xff, 0xe4, 0xb8, 0x7,
    0xd2, 0x1, 0xff, 0xc9, 0x70, 0xf, 0x8c, 0xc0,
    0x1f, 0xfc, 0x9a, 0x0, 0xfa, 0x0, 0x3f, 0xf9,
    0x2a, 0x40, 0x1e, 0x24, 0x0, 0xff, 0xe4, 0xc8,
    0x7, 0xd6, 0x1, 0xff, 0xc9, 0x33, 0x0, 0x78,
    0x58, 0x3, 0xff, 0x8b, 0xaa, 0xb4, 0x0, 0x7d,
    0x20, 0x1f, 0xfc, 0x65, 0xaa, 0x90, 0x3, 0xe7,
    0x0, 0xff, 0xe8, 0xb8, 0x7, 0xff, 0x4a, 0x80,
    0x3f, 0xfa, 0x4a, 0x1, 0xff, 0xd2, 0x90, 0xf,
    0xfe, 0x90, 0xa8, 0x7, 0xff, 0x4a, 0x40, 0x3f,
    0xf8, 0xd1, 0xff, 0x38, 0x7, 0xc6, 0x60, 0xf,
    0xfe, 0x4c, 0x80, 0x7e, 0x90, 0xf, 0xfe, 0x48,
    0xa8, 0x7, 0xca, 0x20, 0x1f, 0xfc, 0x99, 0x0,
    0xfd, 0x20, 0x1f, 0xfc, 0x93, 0x20, 0xf, 0x98,
    0x3, 0xff, 0x95, 0x60, 0x1f, 0xa, 0x80, 0x7f,
    0xf2, 0x58, 0x40, 0x3e, 0x90, 0xf, 0xfe, 0x53,
    0x0, 0x7c, 0x66, 0x0, 0xff, 0xe4, 0xd0, 0x7,
    0xe9, 0x0, 0xff, 0xe4, 0x92, 0x0, 0x7c, 0xa4,
    0x1, 0xff, 0xc9, 0xf0, 0xf, 0xd4, 0x1, 0xff,
    0xc9, 0x42, 0x0, 0xf9, 0xc0, 0x3f, 0xf9, 0x56,
    0x1, 0xf9, 0x80, 0x3f, 0xf9, 0x2c, 0x1, 0xfa,
    0xc0, 0x3f, 0xf9, 0x4c, 0x1, 0xf1, 0x20, 0x7,
    0xff, 0x26, 0xc0, 0x3f, 0x78, 0x7, 0xff, 0x24,
    0x90, 0x3, 0xe4, 0x20, 0xf, 0xfe, 0x4f, 0x80,
    0x7e, 0xb0, 0xf, 0xfe, 0x4a, 0x10, 0x7, 0xcc,
    0x20, 0x1f, 0xfc, 0x9b, 0x0, 0xfc, 0xc0, 0x1f,
    0xfc, 0x96, 0x0, 0xfd, 0x20,

    /* U+004C "L" */
    0xcf, 0xff, 0x9c, 0x3, 0xff, 0xfe, 0x1, 0xff,
    0xff, 0x0, 0xff, 0xff, 0x80, 0x7f, 0xff, 0xc0,
    0x3f, 0xff, 0xe0, 0x1f, 0xff, 0xf0, 0xf, 0xff,
    0xf8, 0x7, 0xff, 0xfc, 0x3, 0xff, 0xfe, 0x1,
    0xff, 0xff, 0x0, 0xff, 0xff, 0x80, 0x7f, 0xff,
    0xc0, 0x3f, 0xfb, 0xd7, 0x33, 0xff, 0xc1, 0x10,
    0xf, 0xc6, 0xcd, 0xff, 0xc1, 0x30, 0xf, 0xff,
    0xf8, 0x7, 0xff, 0xcc,

    /* U+004D "M" */
    0xcf, 0xff, 0xfe, 0x0, 0x7, 0xff, 0xc, 0xbf,
    0xff, 0xf8, 0xe, 0x1, 0xff, 0xc1, 0x20, 0xf,
    0xfe, 0x13, 0x80, 0x7f, 0xf3, 0x90, 0x3, 0xff,
    0x85, 0x80, 0x1f, 0xfc, 0xef, 0x0, 0xff, 0xe1,
    0x28, 0x7, 0xff, 0x39, 0x0, 0x3f, 0xf8, 0x46,
    0x1, 0xff, 0xce, 0x20, 0xf, 0xfe, 0x9, 0x80,
    0x7f, 0xf4, 0x10, 0x3, 0xff, 0x80, 0x80, 0x1f,
    0xfd, 0x3, 0x0, 0xff, 0xe0, 0x68, 0x7, 0xff,
    0x43, 0x0, 0x3f, 0xf8, 0x8, 0x1, 0xff, 0xd0,
    0x50, 0xf, 0xf8, 0x44, 0x1, 0xff, 0xd0, 0x12,
    0x0, 0xff, 0x20, 0x7, 0xff, 0x2c, 0x80, 0x3c,
    0xe0, 0x1f, 0xed, 0x0, 0xf1, 0x0, 0x7f, 0xf1,
    0x2c, 0x3, 0xd8, 0x1, 0xfe, 0x40, 0xe, 0x14,
    0x0, 0xff, 0xe2, 0x20, 0x7, 0x94, 0x3, 0xfc,
    0x60, 0x1c, 0x80, 0x1f, 0xfc, 0x52, 0x10, 0xe,
    0x30, 0xf, 0xe3, 0x0, 0xf6, 0x0, 0x7f, 0xf1,
    0x94, 0x3, 0xc6, 0x1, 0xf9, 0x40, 0x3c, 0xa0,
    0x1f, 0xfc, 0x6c, 0x0, 0xf2, 0x0, 0x7e, 0xc0,
    0xf, 0x18, 0x7, 0xff, 0x19, 0x0, 0x3d, 0xa0,
    0x1f, 0x9c, 0x3, 0x8c, 0x3, 0xff, 0x8e, 0x60,
    0x1e, 0x40, 0xf, 0x84, 0x80, 0x39, 0x0, 0x3f,
    0xf9, 0x6, 0x1, 0xc2, 0x20, 0xf, 0x28, 0x7,
    0xb4, 0x3, 0xff, 0x90, 0xa0, 0x1e, 0x40, 0xf,
    0x60, 0x7, 0x90, 0x3, 0xff, 0x91, 0x80, 0x1e,
    0xd0, 0xf, 0x18, 0x7, 0x10, 0x80, 0x7f, 0xf2,
    0x1c, 0x3, 0xc8, 0x1, 0xe5, 0x0, 0xe7, 0x0,
    0xff, 0xe4, 0x90, 0x80, 0x71, 0x80, 0x71, 0x8,
    0x7, 0x60, 0x7, 0xff, 0x29, 0x40, 0x3c, 0x60,
    0x19, 0x0, 0x3c, 0xa0, 0x1f, 0xfc, 0xac, 0x0,
    0xf2, 0x80, 0x6f, 0x0, 0xf1, 0x80, 0x7f, 0xf2,
    0x8c, 0x3, 0xd8, 0x1, 0x90, 0x3, 0x8c, 0x3,
    0xff, 0x96, 0x80, 0x1e, 0x70, 0xc, 0x40, 0x1c,
    0x80, 0x1f, 0xfc, 0xc3, 0x0, 0xe2, 0x10, 0x1,
    0x80, 0x7b, 0x0, 0x3f, 0xf9, 0x8a, 0x1, 0xe5,
    0x0, 0x20, 0x7, 0x94, 0x3, 0xff, 0x99, 0x80,
    0x1e, 0xc0, 0x6, 0x80, 0x71, 0x8, 0x7, 0xff,
    0x31, 0xc0, 0x3c, 0x60, 0x4, 0x0, 0xe7, 0x0,
    0xff, 0xe6, 0x90, 0x80, 0x72, 0x80, 0x88, 0x3,
    0xb0, 0x3, 0xff, 0x9c, 0xa0, 0x1c, 0x24, 0x80,
    0x1e, 0x50, 0xf, 0xfe, 0x76, 0x0, 0x79, 0x34,
    0x3, 0xc6, 0x1, 0xff, 0xce, 0x30, 0xf, 0x7a,
    0x0, 0x72, 0x0, 0x7f, 0xf3, 0xd0, 0x3, 0xcc,
    0x60, 0x1c, 0x60, 0x1f, 0xfd, 0x2, 0x0, 0xff,
    0xe0, 0x60, 0x7, 0xff, 0x41, 0x0, 0x3f, 0xf8,
    0xa, 0x1, 0xff, 0xd0, 0xc0, 0xf, 0xf8, 0x84,
    0x3, 0xff, 0xa0, 0xe0, 0x1f, 0xf3, 0x80, 0x7f,
    0xf4, 0x48, 0x40, 0x3f, 0xd8, 0x1, 0xff, 0xd2,
    0x50, 0xf, 0xf2, 0x0, 0x7f, 0xf4, 0xb0, 0x3,
    0xfc, 0x40, 0x1f, 0xfd, 0x23, 0x0, 0xfe, 0x40,
    0xf, 0xfe, 0x9a, 0x0, 0x7f, 0x18, 0x7, 0xff,
    0x50, 0x80, 0x3f, 0x60, 0x7, 0xff, 0x51, 0x0,
    0x3f, 0x28, 0x7, 0xff, 0x53, 0xc0, 0x3e, 0x21,
    0x0, 0xff, 0xe2, 0x0,

    /* U+004E "N" */
    0xcf, 0xff, 0xa8, 0x3, 0xff, 0x80, 0xff, 0xff,
    0x38, 0x7, 0xe5, 0x20, 0xf, 0xfe, 0x8d, 0x80,
    0x7f, 0xf4, 0x58, 0x3, 0xff, 0xa4, 0xe0, 0x1f,
    0xfd, 0x19, 0x0, 0xff, 0xe8, 0x8a, 0x80, 0x7f,
    0xf4, 0x64, 0x3, 0xff, 0xa2, 0x66, 0x0, 0xff,
    0xe8, 0xc8, 0x7, 0xff, 0x45, 0x48, 0x3, 0xff,
    0xa3, 0x60, 0x1f, 0xfd, 0x16, 0x10, 0xf, 0xfe,
    0x8b, 0x0, 0x7f, 0xf4, 0x64, 0x3, 0xff, 0xa2,
    0x2a, 0x1, 0xff, 0xd1, 0x90, 0xf, 0xfe, 0x89,
    0x98, 0x3, 0xff, 0x92, 0x20, 0x1f, 0x40, 0x7,
    0xff, 0x26, 0x0, 0x3e, 0x42, 0x0, 0xff, 0xe4,
    0x21, 0x80, 0x7d, 0x60, 0x1f, 0xfc, 0x99, 0x0,
    0xf9, 0x84, 0x3, 0xff, 0x90, 0xa4, 0x1, 0xf3,
    0x0, 0x7f, 0xf2, 0x68, 0x3, 0xe9, 0x0, 0xff,
    0xe4, 0xb8, 0x7, 0xc2, 0xa0, 0x1f, 0xfc, 0x97,
    0x0, 0xfa, 0x40, 0x3f, 0xf9, 0x34, 0x1, 0xf1,
    0xa0, 0x7, 0xff, 0x20, 0x94, 0x3, 0xef, 0x0,
    0xff, 0xe4, 0xc8, 0x7, 0xc9, 0xa0, 0x1f, 0xfc,
    0x83, 0x30, 0x7, 0xca, 0x1, 0xff, 0xc9, 0x90,
    0xf, 0xfe, 0x8a, 0x88, 0x7, 0xff, 0x46, 0x40,
    0x3f, 0xfa, 0x2c, 0x1, 0xff, 0xd1, 0x16, 0x0,
    0xff, 0xe8, 0xd8, 0x7, 0xff, 0x44, 0x90, 0x3,
    0xff, 0xa3, 0x0, 0x1f, 0xfd, 0x13, 0x30, 0x7,
    0xff, 0x46, 0x40, 0x3f, 0xfa, 0x2a, 0x20, 0x1f,
    0xfd, 0x19, 0x0, 0xff, 0xe8, 0xb0, 0x7, 0xff,
    0x44, 0x58, 0x3, 0xff, 0xa3, 0x60, 0x1f, 0xfd,
    0x12, 0x40, 0xf, 0xfe, 0x8f, 0x80, 0x7f, 0xf4,
    0x50, 0x80, 0x3f, 0xfa, 0x36, 0x1, 0xf8,

    /* U+004F "O" */
    0x0, 0xff, 0x1a, 0xb3, 0xbe, 0x65, 0x42, 0x0,
    0xff, 0xe2, 0x1c, 0xef, 0xe5, 0x4c, 0x46, 0x9a,
    0xbd, 0xfb, 0x61, 0x0, 0xff, 0x15, 0xe3, 0x10,
    0x7, 0xff, 0x5, 0x27, 0x9c, 0x3, 0xf1, 0xe2,
    0x0, 0x7f, 0xf1, 0xe2, 0x80, 0x3c, 0x3a, 0x20,
    0x1f, 0xfc, 0x95, 0x80, 0xe, 0xb1, 0x0, 0xff,
    0xe5, 0xb9, 0x80, 0x42, 0xa0, 0x1f, 0xfc, 0xd9,
    0x0, 0x98, 0x3, 0xff, 0x80, 0x24, 0x20, 0x1f,
    0xf2, 0x88, 0x3, 0x0, 0x3f, 0x1d, 0x77, 0xf6,
    0xf7, 0xec, 0x0, 0x7f, 0x20, 0x1, 0x0, 0x3e,
    0x2c, 0x51, 0x0, 0xe2, 0x7c, 0x0, 0xfd, 0xa0,
    0x20, 0x1f, 0xac, 0x3, 0xfc, 0x66, 0x0, 0xf8,
    0xc0, 0x80, 0x3f, 0x38, 0x7, 0xfd, 0x60, 0x1f,
    0x30, 0x30, 0x7, 0xc2, 0x20, 0xf, 0xf8, 0xc0,
    0x3e, 0x20, 0x30, 0xf, 0x88, 0x3, 0xff, 0x80,
    0xc0, 0x1f, 0xc2, 0x1, 0xf3, 0x80, 0x7f, 0xf0,
    0xc, 0x3, 0xf0, 0xf8, 0x7, 0xc2, 0x1, 0xff,
    0xc0, 0x10, 0xf, 0xc6, 0x20, 0x1f, 0x18, 0x7,
    0xff, 0x24, 0x4c, 0x3, 0xe1, 0x0, 0xff, 0xe0,
    0x88, 0x7, 0xce, 0x1, 0xff, 0xd3, 0x10, 0xf,
    0xfe, 0x49, 0x80, 0x7c, 0x20, 0x1f, 0xbc, 0x3,
    0xff, 0xd2, 0xe0, 0x1f, 0xfd, 0x13, 0x0, 0xff,
    0xe5, 0x8, 0x7, 0xff, 0xfc, 0x3, 0xff, 0xfe,
    0x1, 0x84, 0x3, 0xf3, 0x80, 0x7f, 0xf4, 0x4c,
    0x3, 0xff, 0xb7, 0xe0, 0x1f, 0xfc, 0xa1, 0x0,
    0xff, 0xe4, 0x98, 0x7, 0xc2, 0x1, 0xff, 0xd3,
    0x30, 0xf, 0x84, 0x3, 0xff, 0x82, 0x20, 0x1f,
    0x38, 0x80, 0x7c, 0x60, 0x1f, 0xfc, 0x91, 0xf0,
    0xf, 0x84, 0x3, 0xff, 0x80, 0x20, 0x1f, 0x8c,
    0x40, 0x3e, 0x70, 0xf, 0xfe, 0x1, 0x80, 0x7e,
    0x13, 0x0, 0xf8, 0x80, 0x3f, 0xf8, 0xc, 0x1,
    0xfc, 0xc0, 0x1f, 0x8, 0x80, 0x3f, 0xe3, 0x0,
    0xf8, 0x80, 0x80, 0x3f, 0x38, 0x7, 0xfd, 0x60,
    0x1f, 0x30, 0x8, 0x7, 0xeb, 0x0, 0xff, 0x19,
    0x80, 0x3e, 0x30, 0x2, 0x0, 0x7c, 0x58, 0x82,
    0x1, 0xc4, 0xf8, 0x1, 0xfb, 0x40, 0x18, 0x1,
    0xf8, 0xef, 0xbf, 0xb7, 0xbf, 0x60, 0x3, 0xf9,
    0x0, 0xc, 0x1, 0xff, 0xc0, 0x12, 0x10, 0xf,
    0xf9, 0x44, 0x0, 0x2a, 0x1, 0xff, 0xcd, 0x90,
    0xd, 0x62, 0x1, 0xff, 0xcb, 0x73, 0x0, 0xc3,
    0xa2, 0x1, 0xff, 0xc9, 0x58, 0x0, 0xf1, 0xe2,
    0x0, 0x7f, 0xf1, 0xe2, 0x80, 0x3f, 0x15, 0xe3,
    0x10, 0x7, 0xff, 0x5, 0x27, 0x9c, 0x3, 0xfe,
    0x39, 0xdf, 0xca, 0x98, 0x8e, 0x9b, 0xdf, 0xb6,
    0x10, 0xf, 0x0,

    /* U+0050 "P" */
    0xcf, 0xff, 0xfe, 0x27, 0x6d, 0x39, 0x0, 0x7f,
    0xf2, 0xc4, 0x96, 0x36, 0xc8, 0x3, 0xff, 0x9c,
    0x9a, 0x80, 0x1f, 0xfc, 0xfb, 0x30, 0xf, 0xfe,
    0x7e, 0x80, 0x7f, 0xf3, 0xc5, 0xc0, 0x3f, 0xf9,
    0xf4, 0x1, 0xfc, 0xb5, 0x5d, 0x30, 0xa2, 0x1,
    0xf8, 0x88, 0x1, 0xfb, 0x55, 0x79, 0x9e, 0xb9,
    0x0, 0x3f, 0x38, 0x7, 0xff, 0x1a, 0x80, 0x3f,
    0x68, 0x7, 0xff, 0x18, 0x50, 0x3, 0xe2, 0x0,
    0xff, 0xe3, 0x98, 0x7, 0xcc, 0x1, 0xff, 0xc7,
    0xe0, 0xf, 0x84, 0x3, 0xff, 0x8e, 0x60, 0x1f,
    0x18, 0x7, 0xff, 0xac, 0x40, 0x3f, 0xff, 0xe0,
    0x1f, 0x84, 0x3, 0xff, 0x8e, 0x60, 0x1f, 0x18,
    0x7, 0xff, 0x1c, 0x40, 0x3e, 0x10, 0xf, 0xfe,
    0x3f, 0x0, 0x7c, 0xe0, 0x1f, 0xfc, 0x74, 0x0,
    0xf8, 0xc0, 0x3f, 0xf8, 0xcc, 0x40, 0x1f, 0x70,
    0x7, 0xff, 0xc, 0x52, 0x64, 0x1, 0xf9, 0x40,
    0x3f, 0x47, 0xff, 0xba, 0xd8, 0x3, 0xf0, 0x98,
    0x7, 0xff, 0x39, 0x80, 0x3f, 0xf9, 0xf2, 0x1,
    0xff, 0xce, 0x91, 0x0, 0xff, 0xe6, 0xbb, 0x0,
    0x7f, 0xf3, 0x6, 0xa0, 0x3, 0xff, 0x96, 0x73,
    0xca, 0x1, 0xff, 0xc0, 0x5a, 0xaf, 0xd7, 0xbf,
    0x8c, 0x1, 0xff, 0xc2, 0xd5, 0x5f, 0xc8, 0x40,
    0x1f, 0xff, 0xf0, 0xf, 0xff, 0xf8, 0x7, 0xff,
    0xfc, 0x3, 0xff, 0xfe, 0x1, 0xff, 0xff, 0x0,
    0xff, 0xf5, 0x0,

    /* U+0051 "Q" */
    0x0, 0xff, 0x1a, 0xb3, 0xbe, 0x65, 0x42, 0x0,
    0xff, 0xe3, 0x1c, 0xef, 0xe5, 0x4c, 0x46, 0x9a,
    0xbd, 0xfb, 0x61, 0x0, 0xff, 0xe0, 0x15, 0xe3,
    0x10, 0x7, 0xff, 0x5, 0x27, 0x9c, 0x3, 0xfc,
    0x78, 0x80, 0x1f, 0xfc, 0x78, 0xa0, 0xf, 0xc3,
    0xa2, 0x1, 0xff, 0xc9, 0x58, 0x0, 0xfa, 0xc4,
    0x3, 0xff, 0x96, 0xe6, 0x1, 0xc2, 0xa0, 0x1f,
    0xfc, 0xd9, 0x0, 0xe6, 0x0, 0xff, 0xe0, 0x9,
    0x8, 0x7, 0xfc, 0xa2, 0x1, 0xb0, 0x3, 0xf1,
    0xd7, 0x7f, 0x6f, 0x7e, 0xc0, 0x7, 0xf2, 0x0,
    0x64, 0x0, 0xf8, 0xb1, 0x44, 0x3, 0x89, 0xf0,
    0x3, 0xf6, 0x80, 0x42, 0x1, 0xfa, 0xc0, 0x3f,
    0xc6, 0x60, 0xf, 0x8c, 0x2, 0x20, 0xf, 0xce,
    0x1, 0xff, 0x58, 0x7, 0xcc, 0x1, 0x30, 0x7,
    0xc2, 0x20, 0xf, 0xf8, 0xc0, 0x3e, 0x20, 0x8,
    0xc0, 0x3e, 0x20, 0xf, 0xfe, 0x3, 0x0, 0x7f,
    0xc2, 0x1, 0xf3, 0x80, 0x7f, 0xf0, 0xc, 0x3,
    0xf0, 0x80, 0x3c, 0x3, 0xe1, 0x0, 0xff, 0xe0,
    0x8, 0x7, 0xe3, 0x0, 0x8, 0x7, 0xc6, 0x1,
    0xff, 0xc9, 0x10, 0x1, 0x80, 0x7c, 0x20, 0x1f,
    0xfc, 0x11, 0x0, 0xf9, 0xc0, 0x3f, 0xfa, 0xe2,
    0x1, 0xff, 0xc9, 0x30, 0xf, 0x84, 0x3, 0xfd,
    0xe0, 0x1f, 0xfe, 0xd7, 0x0, 0xff, 0xe8, 0x98,
    0x7, 0xff, 0x30, 0x40, 0x3f, 0xff, 0xe0, 0x1f,
    0xff, 0xf0, 0xf, 0xfe, 0x10, 0x80, 0x7f, 0x9c,
    0x3, 0xff, 0xe4, 0x60, 0x1f, 0xef, 0x0, 0xff,
    0xe6, 0x8, 0x7, 0xff, 0x24, 0xc0, 0x3f, 0xfb,
    0x82, 0x0, 0x30, 0xf, 0x84, 0x3, 0xff, 0x82,
    0x20, 0x1f, 0x38, 0x0, 0x40, 0x3e, 0x30, 0xf,
    0xfe, 0x67, 0x80, 0x7c, 0x20, 0x1f, 0xfc, 0x1,
    0x0, 0xfc, 0x20, 0x1, 0x0, 0xf9, 0xc0, 0x3f,
    0xf8, 0x6, 0x1, 0xf8, 0x80, 0x6, 0x1, 0xf1,
    0x0, 0x7f, 0xf0, 0x18, 0x3, 0xfe, 0x60, 0xf,
    0x84, 0x40, 0x1f, 0xf1, 0x80, 0x7c, 0x40, 0x11,
    0x0, 0x7e, 0x70, 0xf, 0xfa, 0xc0, 0x3e, 0x70,
    0x8, 0x40, 0x3f, 0x58, 0x7, 0xf8, 0xcc, 0x1,
    0xf6, 0x80, 0x64, 0x0, 0xf8, 0xb1, 0x4, 0x3,
    0x89, 0xf0, 0x3, 0xf2, 0x0, 0x6c, 0x0, 0xfc,
    0x77, 0xdf, 0xdb, 0xdf, 0xb0, 0x1, 0xf8, 0x4c,
    0x3, 0x30, 0x7, 0xff, 0x0, 0x48, 0x40, 0x3f,
    0xe6, 0x0, 0xe1, 0x50, 0xf, 0xfe, 0x6c, 0x80,
    0x7a, 0xc4, 0x3, 0xff, 0x97, 0x22, 0x1, 0xe1,
    0xd1, 0x0, 0xff, 0xe4, 0xb3, 0x0, 0x3f, 0x1e,
    0x20, 0x7, 0xff, 0x21, 0x0, 0x3f, 0xc5, 0x78,
    0xc4, 0x1, 0xff, 0xc5, 0x27, 0x0, 0xff, 0x8e,
    0x77, 0xf2, 0xa6, 0x23, 0x4d, 0x28, 0x7, 0xd0,
    0x20, 0x1f, 0xfc, 0x23, 0x56, 0x77, 0xcc, 0xb6,
    0x20, 0x1f, 0x58, 0x7, 0xff, 0x2c, 0x60, 0x3,
    0xe5, 0x40, 0xf, 0xfe, 0x5b, 0x10, 0x7, 0xd2,
    0x1, 0xff, 0xcc, 0xe0, 0xf, 0x89, 0xc0, 0x3f,
    0xf9, 0x66, 0xa0, 0x1f, 0x40, 0x80, 0x7f, 0xf2,
    0xec, 0x3, 0xf5, 0x80, 0x7f, 0xf2, 0xc5, 0xc0,
    0x3e, 0x54,

    /* U+0052 "R" */
    0xcf, 0xff, 0xfe, 0x2f, 0x64, 0xa8, 0x7, 0xff,
    0x38, 0x4d, 0xab, 0xe0, 0x3, 0xff, 0xa2, 0xfa,
    0x20, 0x1f, 0xfd, 0x2, 0xc0, 0xf, 0xfe, 0x89,
    0x48, 0x7, 0xff, 0x45, 0x84, 0x3, 0xff, 0xa2,
    0xc0, 0x1f, 0xe5, 0xaa, 0xf4, 0xba, 0x0, 0x7f,
    0x60, 0x7, 0xfb, 0x55, 0x7c, 0xd1, 0x76, 0x0,
    0xfc, 0xa0, 0x1f, 0xfc, 0x84, 0x70, 0xf, 0x84,
    0x40, 0x1f, 0xfc, 0x89, 0x0, 0xfc, 0x40, 0x1f,
    0xfc, 0x81, 0x0, 0xfc, 0xe0, 0x1f, 0xfc, 0x92,
    0x0, 0xf8, 0x80, 0x3f, 0xf9, 0x22, 0x1, 0xff,
    0xd9, 0x10, 0xf, 0xfe, 0x4b, 0x80, 0x7f, 0xf4,
    0x5c, 0x3, 0xff, 0xb2, 0x20, 0x1f, 0xfc, 0x91,
    0x0, 0xf8, 0xc0, 0x3f, 0xf9, 0x24, 0x1, 0xf0,
    0x80, 0x7f, 0xf2, 0x8, 0x3, 0xf3, 0x0, 0x7f,
    0xf2, 0x28, 0x3, 0xf1, 0x0, 0x7f, 0xf1, 0xd1,
    0xc0, 0x3e, 0x20, 0xf, 0xf6, 0xaa, 0xf9, 0xa2,
    0xec, 0x1, 0xf9, 0x0, 0x3f, 0xcb, 0x55, 0xe9,
    0x74, 0x0, 0xfe, 0xd0, 0xf, 0xfe, 0x80, 0xa0,
    0x7, 0xff, 0x42, 0xc0, 0x3f, 0xfa, 0xe, 0xa0,
    0x1f, 0xfc, 0xf8, 0x80, 0x7, 0xff, 0x3e, 0x9c,
    0x3, 0xff, 0xa1, 0x80, 0x1f, 0xfc, 0x28, 0xff,
    0xf5, 0x0, 0x7c, 0xe0, 0x1f, 0xfc, 0x95, 0x0,
    0xf8, 0x4c, 0x3, 0xff, 0x92, 0x80, 0x1f, 0x58,
    0x7, 0xff, 0x27, 0x0, 0x3e, 0x50, 0xf, 0xfe,
    0x4a, 0x80, 0x7c, 0x46, 0x1, 0xff, 0xc8, 0x22,
    0x0, 0x7d, 0x60, 0x1f, 0xfc, 0x94, 0x0, 0xf9,
    0x40, 0x3f, 0xf9, 0x3a, 0x1, 0xf1, 0x10, 0x3,
    0xff, 0x90, 0x80, 0x1f, 0x94, 0x3, 0xff, 0x92,
    0xa0, 0x1f, 0x58, 0x7, 0xff, 0x27, 0x0, 0x3e,
    0x31, 0x0, 0xff, 0xe4, 0x38, 0x7, 0xe7, 0x0,
    0xff, 0xe4, 0x9, 0x80, 0x7d, 0xa0, 0x1f, 0xfc,
    0x9b, 0x0, 0xf9, 0x4, 0x3, 0xff, 0x90, 0x80,
    0x1f, 0x90, 0x3, 0xff, 0x90, 0x62, 0x1, 0xf7,
    0x0, 0x7f, 0xf2, 0x5c, 0x3, 0xe4, 0x0, 0xff,
    0xe4, 0xe8, 0x7, 0xe5,

    /* U+0053 "S" */
    0x0, 0xfe, 0x13, 0x56, 0x77, 0x99, 0x88, 0x62,
    0x1, 0xff, 0xc1, 0x28, 0xde, 0xca, 0x98, 0x8a,
    0x65, 0x79, 0xdf, 0xb4, 0xe4, 0x1, 0xe1, 0xad,
    0x72, 0x0, 0xff, 0xe0, 0x92, 0xc5, 0x80, 0x71,
    0x7a, 0x80, 0x7f, 0xf3, 0x7, 0xc4, 0x3, 0xff,
    0x9b, 0x4, 0x1, 0xff, 0xcd, 0x26, 0x0, 0xff,
    0xe7, 0x50, 0x7, 0xff, 0x0, 0x44, 0x42, 0x30,
    0x7, 0xf2, 0x80, 0x7e, 0x39, 0xdf, 0xee, 0x6f,
    0x75, 0xfe, 0xdb, 0x9d, 0x0, 0x9, 0x0, 0x7c,
    0xb8, 0xc4, 0x1, 0xfc, 0x48, 0xc8, 0x0, 0x50,
    0xf, 0xd6, 0x1, 0xff, 0xc6, 0x20, 0xf, 0x8c,
    0x40, 0x3f, 0xf8, 0xdc, 0x1, 0xf3, 0x0, 0x7f,
    0xf1, 0xc4, 0x3, 0xe3, 0x0, 0xff, 0xff, 0x80,
    0x7e, 0x30, 0xf, 0xfe, 0x38, 0x80, 0x7c, 0x20,
    0x1f, 0xfc, 0x7f, 0x0, 0xf9, 0x40, 0x3f, 0xf8,
    0xe4, 0x1, 0xf0, 0xc0, 0x7, 0xff, 0x19, 0x80,
    0x3f, 0x3e, 0x3a, 0x8, 0x7, 0xff, 0x8, 0xc0,
    0x3f, 0x8e, 0x2f, 0xbf, 0x25, 0xd0, 0x40, 0x3f,
    0x88, 0x3, 0xff, 0x82, 0x6d, 0x17, 0xdc, 0x93,
    0x0, 0xf2, 0x80, 0x7f, 0xf1, 0x85, 0xb2, 0x80,
    0x3a, 0x40, 0x3f, 0xf9, 0x2b, 0x80, 0x18, 0x60,
    0x3, 0xff, 0x92, 0x70, 0x1, 0x9d, 0xc0, 0x1f,
    0xfc, 0x97, 0x10, 0xd, 0x1a, 0xc4, 0x1, 0xff,
    0xc7, 0x70, 0xe, 0x29, 0xdf, 0xc9, 0x74, 0x10,
    0xf, 0xfe, 0xe, 0x80, 0x7f, 0x1b, 0x45, 0xf7,
    0xe4, 0x20, 0x7, 0xf2, 0x80, 0x7f, 0xf0, 0xcd,
    0xef, 0x4, 0x3, 0xe1, 0x10, 0x7, 0xff, 0x14,
    0xe0, 0x3, 0xf1, 0x0, 0x7f, 0xf1, 0x9c, 0x3,
    0xf3, 0x80, 0x7f, 0xf1, 0x84, 0x3, 0xf0, 0x80,
    0x7f, 0xf1, 0xc8, 0x3, 0xff, 0xfe, 0x1, 0xff,
    0xc4, 0x10, 0xf, 0xfe, 0x39, 0x80, 0x7c, 0xe0,
    0x1f, 0xfc, 0x71, 0x0, 0xf8, 0x40, 0x3f, 0xf8,
    0xca, 0x1, 0xf8, 0x80, 0x3f, 0xf8, 0xa3, 0x0,
    0x1f, 0x10, 0x1, 0x59, 0xc, 0x40, 0x3f, 0x8e,
    0x3c, 0x80, 0x3e, 0x70, 0x7, 0x4d, 0xe7, 0x7f,
    0xdd, 0xcd, 0xef, 0xf6, 0x38, 0x80, 0x7e, 0xf0,
    0xf, 0xf0, 0x88, 0x84, 0x3, 0xff, 0x82, 0xa0,
    0x1f, 0xfc, 0xe7, 0x0, 0xff, 0xe7, 0x14, 0x0,
    0x7f, 0xf3, 0x47, 0xc0, 0x3f, 0xf9, 0xa7, 0x84,
    0x1, 0xb9, 0x8c, 0x40, 0x3f, 0xf8, 0x42, 0xb7,
    0x84, 0x1, 0xcb, 0x39, 0xdf, 0xd9, 0x75, 0x31,
    0x1d, 0x37, 0xbd, 0x48, 0x1, 0xe0,

    /* U+0054 "T" */
    0x2f, 0xff, 0xfe, 0x7f, 0x0, 0x7f, 0xff, 0xc0,
    0x3f, 0xff, 0xe0, 0x1f, 0xfc, 0xc3, 0x66, 0xfe,
    0x50, 0xf, 0xcc, 0xdf, 0xd2, 0x33, 0x3f, 0xe0,
    0xf, 0xd3, 0x3f, 0xce, 0x1, 0xff, 0xff, 0x0,
    0xff, 0xff, 0x80, 0x7f, 0xff, 0xc0, 0x3f, 0xff,
    0xe0, 0x1f, 0xff, 0xf0, 0xf, 0xff, 0xf8, 0x7,
    0xff, 0xfc, 0x3, 0xff, 0xfe, 0x1, 0xff, 0xff,
    0x0, 0xff, 0xff, 0x80, 0x7f, 0xff, 0xc0, 0x3f,
    0xff, 0xe0, 0x1f, 0xff, 0xf0, 0xf, 0xff, 0xf8,
    0x7, 0xff, 0xfc, 0x3, 0xff, 0xae,

    /* U+0055 "U" */
    0xf, 0xff, 0xc4, 0x1, 0xff, 0x47, 0xff, 0xd6,
    0x1, 0xff, 0xff, 0x0, 0xff, 0xff, 0x80, 0x7f,
    0xff, 0xc0, 0x3f, 0xff, 0xe0, 0x1f, 0xff, 0xf0,
    0xf, 0xff, 0xf8, 0x7, 0xff, 0xfc, 0x3, 0xff,
    0xfe, 0x1, 0xff, 0xff, 0x0, 0xff, 0xff, 0x80,
    0x7f, 0xfb, 0xc4, 0x3, 0xff, 0xfe, 0x1, 0xff,
    0xfe, 0x30, 0xf, 0xe1, 0x0, 0xff, 0xe4, 0x88,
    0x7, 0xff, 0x1c, 0x40, 0x3e, 0x10, 0x30, 0xf,
    0x9c, 0x3, 0xff, 0x8f, 0xe0, 0x20, 0x1f, 0x8,
    0x7, 0xfc, 0x60, 0x1f, 0x8, 0x38, 0x7, 0xc6,
    0x1, 0xff, 0x30, 0x7, 0xc6, 0x4, 0x1, 0xf7,
    0x0, 0x7f, 0xc4, 0x1, 0xf3, 0x0, 0x80, 0x7c,
    0x80, 0x1f, 0xe2, 0x10, 0xf, 0x88, 0x34, 0x3,
    0xe3, 0x30, 0x7, 0xf5, 0x80, 0x7e, 0x10, 0x70,
    0xf, 0xda, 0xc2, 0x1, 0xc7, 0x2c, 0x1, 0xf1,
    0x80, 0x8, 0x40, 0x3e, 0x19, 0xef, 0xed, 0xef,
    0xc6, 0x0, 0xfd, 0x60, 0x13, 0x80, 0x7f, 0xc2,
    0x42, 0x1, 0xff, 0x28, 0x5, 0x60, 0x1f, 0xfc,
    0xc4, 0x20, 0x8, 0x9c, 0x3, 0xff, 0x97, 0x20,
    0x1d, 0x8, 0x1, 0xff, 0xc9, 0xa2, 0x0, 0xf5,
    0xb8, 0x7, 0xff, 0x18, 0xb1, 0x40, 0x3f, 0x47,
    0x41, 0x80, 0x7f, 0xf0, 0x5, 0x6b, 0x4c, 0x3,
    0xfc, 0x2f, 0x9f, 0xb7, 0x32, 0x88, 0xa6, 0xb3,
    0xb9, 0x4a, 0x1, 0xe0,

    /* U+0056 "V" */
    0x1f, 0xff, 0xca, 0x1, 0xff, 0xc3, 0xef, 0xff,
    0x90, 0x44, 0x1, 0xf6, 0x80, 0x7f, 0xf0, 0x84,
    0x40, 0x1f, 0x28, 0x20, 0x7, 0xc6, 0x1, 0xff,
    0xc2, 0x50, 0xf, 0x84, 0x41, 0xa0, 0x1f, 0x28,
    0x7, 0xff, 0x8, 0xc0, 0x3e, 0x40, 0x1, 0x80,
    0x7c, 0x22, 0x0, 0xff, 0xe0, 0xe8, 0x7, 0xda,
    0x0, 0x40, 0xf, 0xca, 0x1, 0xff, 0xc1, 0x70,
    0xf, 0x90, 0x2, 0x20, 0xf, 0x8c, 0x3, 0xff,
    0x82, 0x40, 0x1f, 0x18, 0x4, 0x80, 0x1f, 0x68,
    0x7, 0xff, 0x0, 0xc0, 0x3e, 0x20, 0xd, 0xe0,
    0x1f, 0x38, 0x7, 0xff, 0x1, 0x40, 0x3e, 0x40,
    0xc, 0xa0, 0x1f, 0x10, 0x80, 0x7f, 0xd8, 0x1,
    0xf7, 0x80, 0x63, 0x0, 0xfc, 0xa0, 0x1f, 0xf3,
    0x80, 0x7c, 0x80, 0x1c, 0x60, 0x1f, 0x18, 0x7,
    0xfc, 0x40, 0x1f, 0x10, 0x7, 0x28, 0x7, 0xda,
    0x1, 0xfe, 0x30, 0xf, 0x8c, 0x3, 0xd8, 0x1,
    0xf3, 0x80, 0x7f, 0x94, 0x3, 0xe4, 0x0, 0xf3,
    0x80, 0x7c, 0x40, 0x1f, 0xef, 0x0, 0xfb, 0x40,
    0x3c, 0x42, 0x1, 0xf1, 0x80, 0x7f, 0x28, 0x7,
    0xce, 0x1, 0xf2, 0x80, 0x7c, 0xa0, 0x1f, 0xc6,
    0x1, 0xe1, 0x20, 0xf, 0x8c, 0x3, 0xef, 0x0,
    0xfc, 0x40, 0x1f, 0x28, 0x7, 0xec, 0x0, 0xf9,
    0x40, 0x3f, 0x38, 0x7, 0xd8, 0x1, 0xf9, 0x40,
    0x3e, 0x30, 0xf, 0xda, 0x1, 0xf1, 0x80, 0x7e,
    0x12, 0x0, 0xf8, 0xc0, 0x3e, 0x30, 0xf, 0x94,
    0x3, 0xf9, 0xc0, 0x3e, 0x50, 0xf, 0x94, 0x3,
    0xc4, 0x20, 0x1f, 0xda, 0x1, 0xf7, 0x80, 0x78,
    0x84, 0x3, 0xce, 0x1, 0xfe, 0x40, 0xf, 0x94,
    0x3, 0xce, 0x1, 0xf6, 0x80, 0x7f, 0x8c, 0x3,
    0xe3, 0x0, 0xf6, 0x80, 0x7c, 0x80, 0x1f, 0xf1,
    0x0, 0x7c, 0x40, 0x1c, 0x60, 0x1f, 0x18, 0x7,
    0xfc, 0x80, 0x1f, 0x38, 0x7, 0x28, 0x7, 0x8c,
    0x3, 0xff, 0x81, 0xe0, 0x1f, 0x68, 0x6, 0x11,
    0x0, 0x79, 0x40, 0x3f, 0xf8, 0x8, 0x1, 0xf1,
    0x80, 0x65, 0x0, 0xfb, 0xc0, 0x3f, 0xf8, 0x4,
    0x1, 0xf2, 0x80, 0x63, 0x0, 0xf9, 0x0, 0x3f,
    0xf8, 0x26, 0x1, 0xe1, 0x20, 0xb, 0x40, 0x3e,
    0x20, 0xf, 0xfe, 0xa, 0x0, 0x7c, 0xe0, 0x13,
    0x80, 0x79, 0x0, 0x3f, 0xf8, 0x5a, 0x1, 0xf6,
    0x80, 0x44, 0x1, 0xe3, 0x0, 0xff, 0xe1, 0x20,
    0x7, 0xc6, 0x0, 0x30, 0xf, 0xb4, 0x3, 0xff,
    0x84, 0x22, 0x0, 0xf2, 0x80, 0x10, 0x3, 0xe4,
    0x0, 0xff, 0xe1, 0xa8, 0x7, 0x84, 0x41, 0xa0,
    0x1e, 0x11, 0x0, 0x7f, 0xf0, 0xf0, 0x3, 0xe5,
    0x7, 0x0, 0xf2, 0x80, 0x7f, 0xf1, 0xc, 0x3,
    0xe3, 0x2, 0x0, 0xf6, 0x0, 0x7f, 0xf1, 0x14,
    0x3, 0xed, 0x30, 0xf, 0x8c, 0x3, 0xff, 0x88,
    0x24, 0x1, 0xe4, 0x50, 0xf, 0x90, 0x3, 0xff,
    0x8a, 0xe0, 0x1e, 0x19, 0x0, 0xf1, 0x0, 0x7f,
    0xf1, 0xb0, 0x3, 0xff, 0x84, 0xe0, 0x1f, 0xfc,
    0x65, 0x0, 0xff, 0xe1, 0x60, 0x7, 0xff, 0x18,
    0xc0, 0x3f, 0xf8, 0x4a, 0x1, 0xff, 0xc7, 0x30,
    0xf, 0xfe, 0x9, 0x80, 0x7f, 0xf1, 0xd4, 0x3,
    0xff, 0x80, 0x60, 0x1f, 0xfc, 0x8f, 0x0, 0xff,
    0xe0, 0x28, 0x7, 0xff, 0x21, 0x0, 0x3f, 0xf8,
    0x18, 0x1, 0xff, 0xc8, 0x20, 0xf, 0xfe, 0x3,
    0x80, 0x7f, 0x80,

    /* U+0057 "W" */
    0xaf, 0xff, 0xb0, 0x3, 0xfe, 0x5f, 0xff, 0xeb,
    0x0, 0xff, 0xa3, 0xff, 0xe9, 0xd0, 0xf, 0x88,
    0x3, 0xfe, 0x20, 0xf, 0xe6, 0x0, 0xff, 0x88,
    0x3, 0xee, 0x30, 0xf, 0x84, 0x3, 0xfe, 0xd0,
    0xf, 0xe2, 0x0, 0xff, 0x98, 0x3, 0xe3, 0x60,
    0xf, 0xc4, 0x1, 0xfe, 0x70, 0xf, 0xf1, 0x0,
    0x7f, 0x88, 0x3, 0xe6, 0x20, 0xf, 0xcc, 0x1,
    0xfe, 0x20, 0xf, 0xf3, 0x80, 0x7f, 0x84, 0x3,
    0xe2, 0x2, 0x0, 0xf8, 0xc0, 0x3f, 0x88, 0x3,
    0xfe, 0x20, 0xf, 0xe2, 0x0, 0xf8, 0x80, 0xe,
    0x1, 0xf7, 0x0, 0x7f, 0x30, 0x7, 0xfd, 0xa0,
    0x1f, 0xcc, 0x1, 0xf3, 0x80, 0x8, 0x3, 0xe2,
    0x0, 0xfe, 0x30, 0xf, 0xf9, 0xc0, 0x3f, 0x88,
    0x3, 0xed, 0x0, 0x68, 0x7, 0xcc, 0x1, 0xfd,
    0xc0, 0x1f, 0xf1, 0x0, 0x7f, 0x70, 0x7, 0xc4,
    0x0, 0x70, 0xf, 0x88, 0x3, 0xf9, 0x40, 0x3f,
    0xf8, 0x4, 0x1, 0xf8, 0x80, 0x3e, 0x70, 0x1,
    0x0, 0x7e, 0x10, 0xf, 0xc4, 0x1, 0xff, 0xc0,
    0x60, 0xf, 0xcc, 0x1, 0xf1, 0x0, 0x44, 0x1,
    0xf1, 0x0, 0x7c, 0x22, 0x0, 0xff, 0xe0, 0x18,
    0x7, 0xe2, 0x0, 0xf1, 0x0, 0x66, 0x0, 0xf9,
    0x80, 0x3e, 0x50, 0xf, 0x8, 0x7, 0xb4, 0x3,
    0xf0, 0x80, 0x79, 0x80, 0x31, 0x80, 0x7c, 0x40,
    0x1f, 0x10, 0x7, 0xac, 0x3, 0xcc, 0x1, 0xf1,
    0x0, 0x7c, 0x60, 0x1b, 0x80, 0x3e, 0xe0, 0xf,
    0xbc, 0x3, 0xca, 0x1, 0xe3, 0x0, 0xf9, 0xc0,
    0x3e, 0xe0, 0xc, 0xa0, 0x1f, 0x28, 0x7, 0xc4,
    0x1, 0xc4, 0x4, 0x1, 0xe1, 0x0, 0xf1, 0x0,
    0x7c, 0xa0, 0x18, 0x80, 0x3e, 0x20, 0xf, 0x94,
    0x3, 0x9c, 0x1c, 0x3, 0xca, 0x1, 0xee, 0x0,
    0xf8, 0xc0, 0x30, 0x88, 0x3, 0xc2, 0x1, 0xf0,
    0x80, 0x71, 0x1, 0x0, 0x78, 0xc0, 0x3c, 0x40,
    0x1e, 0x10, 0xf, 0x28, 0x7, 0xc4, 0x1, 0xc6,
    0x1, 0xed, 0xd, 0x0, 0xf7, 0x0, 0x79, 0x80,
    0x3c, 0xa0, 0x1e, 0x20, 0xf, 0x98, 0x3, 0x94,
    0x3, 0xce, 0xc, 0x1, 0xe5, 0x0, 0xf1, 0x0,
    0x78, 0x80, 0x3d, 0xe0, 0x1f, 0x10, 0x7, 0x70,
    0x7, 0x88, 0xc, 0x3, 0xc4, 0x1, 0xc2, 0x1,
    0xf7, 0x80, 0x78, 0x80, 0x3e, 0xe0, 0xe, 0x30,
    0xe, 0x20, 0x8, 0x80, 0x38, 0x44, 0x1, 0x88,
    0x3, 0xe2, 0x0, 0xf2, 0x80, 0x7c, 0x40, 0x1c,
    0xc0, 0x1c, 0xc0, 0x13, 0x0, 0x79, 0x40, 0x33,
    0x0, 0x7c, 0xa0, 0x1e, 0x10, 0xf, 0x98, 0x3,
    0x88, 0x3, 0x8c, 0x2, 0x30, 0xf, 0x10, 0x6,
    0x20, 0xf, 0x8, 0x80, 0x3e, 0x30, 0xf, 0x10,
    0x6, 0x20, 0xf, 0x68, 0x5, 0xc0, 0x1e, 0xf0,
    0xd, 0xc0, 0x1e, 0x20, 0xf, 0xca, 0x1, 0xe1,
    0x10, 0x4, 0xe0, 0x1e, 0x60, 0x9, 0x40, 0x3c,
    0x40, 0x18, 0x80, 0x3c, 0xa0, 0x1f, 0xb8, 0x3,
    0xe2, 0x0, 0xb4, 0x3, 0xc6, 0x1, 0x18, 0x7,
    0x94, 0x3, 0x30, 0x7, 0xb8, 0x3, 0xf1, 0x80,
    0x7c, 0xc0, 0x11, 0x0, 0x70, 0x80, 0x70, 0x80,
    0x70, 0x88, 0x2, 0x20, 0xf, 0x18, 0x7, 0xe6,
    0x0, 0xf8, 0x80, 0x27, 0x0, 0xe5, 0x0, 0xe5,
    0x0, 0xf1, 0x0, 0x4, 0x3, 0xe6, 0x0, 0xfc,
    0x40, 0x1f, 0x70, 0x4, 0x40, 0x1c, 0x60, 0x1c,
    0x40, 0x1e, 0x50, 0x2, 0x80, 0x7c, 0x40, 0x1f,
    0xc4, 0x1, 0xe2, 0x0, 0x10, 0x7, 0xb8, 0x3,
    0xbc, 0x3, 0xdc, 0x0, 0x20, 0xf, 0x18, 0x7,
    0xf9, 0xc0, 0x3c, 0xc0, 0x6, 0x0, 0xf2, 0x80,
    0x72, 0x80, 0x78, 0xc0, 0x1c, 0x1, 0xe6, 0x0,
    0xff, 0x10, 0x7, 0x88, 0x0, 0x60, 0x1e, 0x20,
    0xe, 0x20, 0xf, 0x28, 0x0, 0x80, 0x3d, 0xa0,
    0x1f, 0xed, 0x0, 0xf8, 0x43, 0x40, 0x38, 0x44,
    0x1, 0xc2, 0x20, 0xe, 0x10, 0x3, 0x0, 0x78,
    0x80, 0x3f, 0xce, 0x1, 0xf1, 0x3, 0x0, 0x72,
    0x80, 0x7c, 0x40, 0x1e, 0x30, 0x20, 0xf, 0x38,
    0x7, 0xf8, 0x80, 0x3e, 0x50, 0x30, 0xe, 0x20,
    0xf, 0x94, 0x3, 0xcc, 0x2, 0x1, 0xe2, 0x0,
    0xff, 0x88, 0x3, 0xdc, 0x20, 0x1e, 0xf0, 0xf,
    0xbc, 0x3, 0xda, 0x40, 0x1e, 0x20, 0xf, 0xfe,
    0x3, 0x0, 0x78, 0x94, 0x3, 0xca, 0x1, 0xf1,
    0x0, 0x78, 0x98, 0x3, 0xce, 0x1, 0xff, 0xc0,
    0x30, 0xf, 0x31, 0x0, 0x78, 0x80, 0x3e, 0x50,
    0xf, 0x39, 0x0, 0x78, 0x80, 0x3f, 0xf8, 0x1c,
    0x1, 0xe2, 0xa0, 0xe, 0x11, 0x0, 0x7c, 0x22,
    0x0, 0xe2, 0xd0, 0xf, 0x68, 0x7, 0xff, 0x1,
    0x40, 0x3c, 0x26, 0x1, 0xc4, 0x1, 0xfc, 0x40,
    0x1e, 0x40, 0xf, 0x30, 0x7, 0xff, 0x0, 0xc0,
    0x3f, 0xf8, 0x2a, 0x1, 0xfc, 0xa0, 0x1f, 0xfc,
    0x13, 0x0, 0xff, 0xe0, 0x88, 0x7, 0xff, 0x3,
    0xc0, 0x3f, 0xb8, 0x3, 0xff, 0x80, 0x20, 0x1f,
    0xfc, 0x25, 0x0, 0xff, 0xe0, 0x10, 0x7, 0xf1,
    0x80, 0x7f, 0xf0, 0x14, 0x3, 0xff, 0x84, 0x40,
    0x1f, 0xfc, 0x5, 0x0, 0xfe, 0x60, 0xf, 0xfe,
    0x1, 0x0, 0x7f, 0xf0, 0xbc, 0x3, 0xff, 0x80,
    0x20, 0x1f, 0xc4, 0x1, 0xff, 0xc0, 0xf0, 0xf,
    0xfe, 0x11, 0x0, 0x7f, 0xc6, 0x1, 0xff, 0x18,
    0x7, 0xfc, 0xa0, 0x1f, 0xfc, 0x25, 0x0, 0xff,
    0x94, 0x3, 0xfe, 0x60, 0xf, 0xf8, 0x80, 0x3f,
    0xf8, 0x42, 0x1, 0xff, 0x70, 0x7, 0xfd, 0xa0,
    0x1f, 0xe1, 0x10, 0x7, 0xc0,

    /* U+0058 "X" */
    0x9f, 0xff, 0xca, 0x1, 0xff, 0xc2, 0x8f, 0xff,
    0xc5, 0x60, 0x1f, 0xa4, 0x3, 0xff, 0x84, 0xc0,
    0x1f, 0x29, 0x11, 0x0, 0x3e, 0x33, 0x0, 0x7f,
    0xf0, 0x14, 0x40, 0x3e, 0x90, 0x7, 0x80, 0x7e,
    0xa0, 0xf, 0xfe, 0x4, 0x80, 0x7c, 0x66, 0x0,
    0x21, 0x80, 0x7c, 0xc2, 0x1, 0xfe, 0x33, 0x0,
    0x7d, 0x20, 0x1a, 0x40, 0x3f, 0x30, 0x7, 0xfa,
    0x40, 0x3e, 0x25, 0x0, 0xca, 0x40, 0x1f, 0x50,
    0x7, 0xf0, 0xa8, 0x7, 0xd6, 0x1, 0xeb, 0x0,
    0xf8, 0x90, 0x3, 0xf3, 0x0, 0x7c, 0x2c, 0x1,
    0xe6, 0x10, 0xf, 0xbc, 0x3, 0xf4, 0x80, 0x7c,
    0xc0, 0x1f, 0x98, 0x3, 0xe4, 0x20, 0xf, 0x28,
    0x80, 0x7d, 0x20, 0x1f, 0xa4, 0x3, 0xf5, 0x0,
    0x7b, 0x80, 0x3e, 0x61, 0x0, 0xfc, 0x2c, 0x1,
    0xf3, 0x0, 0x71, 0x20, 0x7, 0xd6, 0x1, 0xfe,
    0xb0, 0xf, 0x85, 0x80, 0x35, 0x80, 0x7c, 0x84,
    0x1, 0xfe, 0x24, 0x0, 0xfa, 0x80, 0x33, 0x0,
    0x7d, 0xe0, 0x1f, 0xfc, 0xf, 0x0, 0xf8, 0xcc,
    0x0, 0x60, 0xf, 0x8d, 0x0, 0x3f, 0xf8, 0x8,
    0x60, 0x1f, 0x48, 0x2, 0xc0, 0x3e, 0x90, 0xf,
    0xfe, 0x14, 0x80, 0x7c, 0xa2, 0x84, 0x1, 0xe1,
    0x50, 0xf, 0xfe, 0x12, 0x90, 0x7, 0xd3, 0xe0,
    0x1f, 0x48, 0x7, 0xff, 0x12, 0xc0, 0x3e, 0x74,
    0x0, 0xf9, 0xc0, 0x3f, 0xf8, 0x8c, 0x20, 0x1f,
    0xfc, 0x27, 0x0, 0xff, 0xe3, 0x30, 0x7, 0xff,
    0xa, 0x40, 0x3f, 0xf8, 0xd2, 0x1, 0xff, 0xc1,
    0x51, 0x0, 0xff, 0xe3, 0xb, 0x0, 0x7f, 0xf0,
    0x24, 0x3, 0xff, 0x91, 0x60, 0x1f, 0xf1, 0x98,
    0x3, 0xff, 0x90, 0x42, 0x1, 0xfe, 0x60, 0xf,
    0xfe, 0x4a, 0x8, 0x7, 0xf9, 0x44, 0x3, 0xff,
    0x91, 0xe0, 0x1f, 0xfc, 0x9, 0x0, 0xff, 0xe3,
    0x9a, 0x0, 0x7f, 0xf0, 0x18, 0x3, 0xff, 0x8f,
    0x20, 0x1f, 0xfc, 0x11, 0x60, 0xf, 0xfe, 0x28,
    0xa8, 0x7, 0xff, 0xa, 0xc0, 0x3f, 0xf8, 0xb0,
    0x1, 0xf2, 0x0, 0x7c, 0x48, 0x1, 0xff, 0xc3,
    0x16, 0x0, 0xf0, 0xda, 0x0, 0x7d, 0x0, 0x1f,
    0xfc, 0x36, 0x0, 0xf9, 0x83, 0x80, 0x3e, 0x33,
    0x0, 0x7f, 0xf0, 0xa4, 0x3, 0xea, 0x5, 0x10,
    0xf, 0xa4, 0x3, 0xff, 0x82, 0xc2, 0x1, 0xe4,
    0x20, 0x4, 0x80, 0x7c, 0xa2, 0x1, 0xff, 0xc0,
    0xb0, 0xf, 0xb8, 0x2, 0x60, 0xf, 0xd2, 0x1,
    0xff, 0x21, 0x0, 0x78, 0x54, 0x2, 0x15, 0x0,
    0xf9, 0x80, 0x3f, 0xe8, 0x0, 0xf9, 0x80, 0x3a,
    0x40, 0x3e, 0x16, 0x0, 0xfe, 0x33, 0x0, 0x7d,
    0x20, 0x1c, 0x64, 0x1, 0xf5, 0x80, 0x7f, 0x48,
    0x7, 0xc8, 0x20, 0x1e, 0xb0, 0xf, 0x89, 0x40,
    0x3e, 0x25, 0x0, 0xfb, 0xc0, 0x3e, 0x60, 0xf,
    0xd2, 0x1, 0xf5, 0x80, 0x7c, 0x48, 0x1, 0xf9,
    0x80, 0x3e, 0x33, 0x0, 0x70, 0xb0, 0x7, 0xd4,
    0x1, 0xfd, 0x60, 0x1f, 0xa4, 0x3, 0x98, 0x3,
    0xf3, 0x0, 0x7f, 0x12, 0x0, 0x7c, 0xa2, 0x1,
    0xa4, 0x3, 0xe5, 0x10, 0xf, 0xf7, 0x0, 0x7e,
    0x90, 0x9, 0x84, 0x3, 0xe9, 0x0, 0xff, 0x94,
    0x40, 0x3e, 0x70, 0xa, 0xc0, 0x3e, 0x23, 0x0,
    0xff, 0xe0, 0x48, 0x7, 0xe7, 0x4, 0x20, 0xf,
    0xac, 0x3, 0xff, 0x82, 0xc0, 0x1f, 0xa4, 0x20,
    0x3, 0xf3, 0x0, 0x7f, 0xf0, 0x45, 0x40, 0x3e,
    0x15,

    /* U+0059 "Y" */
    0xaf, 0xff, 0xac, 0x3, 0xff, 0x87, 0xdf, 0xff,
    0x1f, 0x0, 0x7c, 0x82, 0x1, 0xff, 0xc1, 0x41,
    0x0, 0xf1, 0x1a, 0x8, 0x7, 0xcc, 0x1, 0xff,
    0xc1, 0xd0, 0xf, 0xa8, 0x0, 0xc0, 0x1f, 0x58,
    0x7, 0xff, 0x5, 0xc0, 0x3e, 0x60, 0x5, 0x0,
    0x7c, 0x64, 0x1, 0xff, 0x20, 0x80, 0x79, 0x4,
    0x0, 0x46, 0x1, 0xf2, 0x80, 0x7f, 0xdc, 0x1,
    0xf7, 0x0, 0x6a, 0x0, 0xfa, 0x80, 0x3f, 0xe5,
    0x0, 0xf0, 0xa8, 0x6, 0x60, 0xf, 0x88, 0xc0,
    0x3f, 0x94, 0x3, 0xe6, 0x0, 0xf2, 0x80, 0x7d,
    0x60, 0x1f, 0xde, 0x1, 0xf5, 0x0, 0x7a, 0x40,
    0x3e, 0x60, 0xf, 0xe5, 0x0, 0xf1, 0x90, 0x7,
    0x8c, 0x80, 0x3c, 0x28, 0x1, 0xf2, 0x80, 0x7d,
    0x40, 0x1f, 0xa8, 0x3, 0xed, 0x0, 0xfb, 0x80,
    0x3e, 0x70, 0xf, 0xcc, 0x1, 0xf3, 0x80, 0x78,
    0x50, 0x3, 0xca, 0x20, 0x1f, 0x85, 0x0, 0x3c,
    0x28, 0x1, 0xce, 0x1, 0xf7, 0x0, 0x7f, 0xb8,
    0x3, 0xee, 0x0, 0xed, 0x0, 0xf0, 0xa0, 0x7,
    0xf9, 0x44, 0x3, 0xca, 0x1, 0x85, 0x0, 0x3c,
    0xc0, 0x1f, 0xfc, 0x7, 0x0, 0xf9, 0x40, 0x27,
    0x0, 0xfa, 0x80, 0x3f, 0xf8, 0x14, 0x1, 0xf7,
    0x0, 0x54, 0x1, 0xe4, 0x20, 0xf, 0xfe, 0x1,
    0x90, 0x7, 0x90, 0x40, 0x4c, 0x3, 0xdc, 0x1,
    0xff, 0xc2, 0xa0, 0xf, 0x9c, 0x18, 0x3, 0xe5,
    0x0, 0xff, 0xe1, 0x30, 0x7, 0xd4, 0x16, 0x1,
    0xe6, 0x0, 0xff, 0xe1, 0x8a, 0x80, 0x78, 0xd8,
    0xc0, 0x3d, 0x40, 0x1f, 0xfc, 0x4e, 0x0, 0xfa,
    0x40, 0x3c, 0x46, 0x1, 0xff, 0xc4, 0x41, 0x0,
    0xff, 0xe0, 0xd0, 0x7, 0xff, 0x19, 0x80, 0x3f,
    0xf8, 0x2c, 0x1, 0xff, 0xc6, 0xa0, 0xf, 0xfe,
    0x2, 0x8, 0x7, 0xff, 0x18, 0x8c, 0x3, 0xfe,
    0xe0, 0xf, 0xfe, 0x45, 0x0, 0x7f, 0x85, 0x40,
    0x3f, 0xf9, 0xc, 0x1, 0xfe, 0x70, 0xf, 0xfe,
    0x52, 0x80, 0x7f, 0x58, 0x7, 0xff, 0x2b, 0x80,
    0x3f, 0x19, 0x0, 0x7f, 0xf2, 0x90, 0x40, 0x3e,
    0xb0, 0xf, 0xfe, 0x61, 0x80, 0x7c, 0x20, 0x1f,
    0xff, 0xf0, 0xf, 0xff, 0xf8, 0x7, 0xff, 0xfc,
    0x3, 0xff, 0xfe, 0x1, 0xff, 0xff, 0x0, 0xff,
    0xff, 0x80, 0x7f, 0xff, 0xc0, 0x3f, 0xf8, 0x60,

    /* U+005A "Z" */
    0x4f, 0xff, 0xfe, 0x6e, 0x0, 0x7f, 0xff, 0xc0,
    0x3f, 0xff, 0xe0, 0x1f, 0xfc, 0x5, 0xaa, 0xff,
    0xe2, 0x10, 0x7, 0xe4, 0x15, 0x5f, 0xfe, 0x1b,
    0x90, 0x7, 0xe9, 0x0, 0xff, 0xe2, 0x40, 0x7,
    0xe7, 0x10, 0xf, 0xfe, 0x19, 0x28, 0x7, 0xe9,
    0x0, 0xff, 0xe2, 0x40, 0x7, 0xe7, 0x10, 0xf,
    0xfe, 0x19, 0x28, 0x7, 0xe9, 0x0, 0xff, 0xe2,
    0x58, 0x7, 0xe7, 0x10, 0xf, 0xfe, 0x19, 0x30,
    0x7, 0xe9, 0x0, 0xff, 0xe2, 0x58, 0x7, 0xe7,
    0x10, 0xf, 0xfe, 0x19, 0x30, 0x7, 0xe9, 0x0,
    0xff, 0xe2, 0x58, 0x7, 0xe7, 0x10, 0xf, 0xfe,
    0x19, 0x30, 0x7, 0xe9, 0x0, 0xff, 0xe2, 0x58,
    0x7, 0xe7, 0x10, 0xf, 0xfe, 0x19, 0x30, 0x7,
    0xe9, 0x0, 0xff, 0xe2, 0x58, 0x7, 0xe7, 0x10,
    0xf, 0xfe, 0x18, 0xb0, 0x7, 0xe9, 0x0, 0xff,
    0xe2, 0x40, 0x7, 0xe7, 0x10, 0xf, 0xfe, 0x18,
    0xb0, 0x7, 0xe9, 0x0, 0xff, 0xe2, 0x40, 0x7,
    0xe7, 0x10, 0xf, 0xfe, 0x18, 0xb0, 0x7, 0xe9,
    0x0, 0xff, 0xe2, 0x40, 0x7, 0xe7, 0x10, 0xf,
    0xfe, 0x18, 0xb0, 0x7, 0xe9, 0x0, 0xff, 0xe2,
    0x40, 0x7, 0xe7, 0x10, 0xf, 0xfe, 0x18, 0xb0,
    0x7, 0xe9, 0x0, 0xff, 0xe2, 0x40, 0x7, 0xe7,
    0x10, 0xf, 0xfe, 0x18, 0xb0, 0x7, 0xe9, 0x0,
    0xff, 0xe2, 0x40, 0x7, 0xe7, 0x10, 0xf, 0xfe,
    0x18, 0xb0, 0x7, 0xe9, 0x0, 0xff, 0xe2, 0x40,
    0x7, 0xe7, 0x10, 0xf, 0xfe, 0x18, 0xb0, 0x7,
    0xe9, 0x0, 0xff, 0xe2, 0x40, 0x7, 0xe7, 0x10,
    0xf, 0xfe, 0x18, 0xb0, 0x7, 0xe9, 0x0, 0xff,
    0xe2, 0x40, 0x7, 0xe7, 0x10, 0xf, 0xfe, 0x18,
    0xb0, 0x7, 0xe9, 0x0, 0xff, 0xe2, 0x48, 0x7,
    0xe4, 0x54, 0x4f, 0xfe, 0x22, 0x80, 0x7e, 0x4b,
    0xbf, 0xfe, 0x28, 0x7, 0xff, 0xfc, 0x3, 0xff,
    0xfe, 0x1, 0xff, 0xc0,

    /* U+005B "[" */
    0xcf, 0xff, 0xfe, 0x9, 0x0, 0x7f, 0xfd, 0xca,
    0x67, 0xc4, 0x1, 0xf3, 0x37, 0xc0, 0x1f, 0xff,
    0xf0, 0xf, 0xff, 0xf8, 0x7, 0xff, 0xfc, 0x3,
    0xff, 0xfe, 0x1, 0xff, 0xff, 0x0, 0xff, 0xff,
    0x80, 0x7f, 0xff, 0xc0, 0x3f, 0xff, 0xe0, 0x1f,
    0xff, 0xf0, 0xf, 0xff, 0xf8, 0x7, 0xff, 0x2d,
    0x9d, 0xfc, 0x1, 0xf8, 0xa2, 0x3c, 0x40, 0x1f,
    0xff, 0x0,

    /* U+005C "\\" */
    0xdf, 0xff, 0x8, 0x7, 0xff, 0x5, 0xc0, 0x3c,
    0x80, 0x1f, 0xfc, 0x1c, 0x0, 0xf6, 0x0, 0x7f,
    0xf0, 0x50, 0x3, 0xc8, 0x1, 0xff, 0xc1, 0x21,
    0x0, 0xe2, 0x0, 0xff, 0xe1, 0x20, 0x7, 0x90,
    0x3, 0xff, 0x83, 0xa0, 0x1e, 0xc0, 0xf, 0xfe,
    0xa, 0x0, 0x79, 0x0, 0x3f, 0xf8, 0x26, 0x1,
    0xe3, 0x0, 0xff, 0xe1, 0x20, 0x7, 0x8c, 0x3,
    0xff, 0x83, 0x80, 0x1e, 0x40, 0xf, 0xfe, 0x9,
    0x80, 0x7b, 0x0, 0x3f, 0xf8, 0x28, 0x1, 0xe4,
    0x0, 0xff, 0xe1, 0x18, 0x7, 0x8c, 0x3, 0xff,
    0x82, 0x80, 0x1e, 0x50, 0xf, 0xfe, 0xe, 0x0,
    0x7b, 0x0, 0x3f, 0xf8, 0x2a, 0x1, 0xe4, 0x0,
    0xff, 0xe0, 0x89, 0x0, 0x70, 0x90, 0x7, 0xff,
    0x5, 0x0, 0x3c, 0x80, 0x1f, 0xfc, 0x1c, 0x0,
    0xf7, 0x80, 0x7f, 0xf0, 0x50, 0x3, 0xc8, 0x1,
    0xff, 0xc1, 0x11, 0x0, 0x71, 0x8, 0x7, 0xff,
    0x5, 0x0, 0x3c, 0x80, 0x1f, 0xfc, 0x1c, 0x0,
    0xf6, 0x0, 0x7f, 0xf0, 0x50, 0x3, 0xca, 0x1,
    0xff, 0xc1, 0x21, 0x0, 0xe3, 0x0, 0xff, 0xe1,
    0x28, 0x7, 0x90, 0x3, 0xff, 0x83, 0x80, 0x1e,
    0xc0, 0xf, 0xfe, 0xa, 0x0, 0x79, 0x0, 0x3f,
    0xf8, 0x26, 0x1, 0xe3, 0x0, 0xff, 0xe1, 0x20,
    0x7, 0x8c, 0x3, 0xff, 0x82, 0x60, 0x1e, 0x40,
    0xf, 0xfe, 0xe, 0x0, 0x7b, 0x0, 0x3f, 0xf8,
    0x28, 0x1, 0xe5, 0x0, 0xff, 0xe1, 0x18, 0x7,
    0x9, 0x0, 0x7f, 0xf0, 0x50, 0x3, 0xc8, 0x1,
    0xff, 0xc1, 0xd0, 0xf, 0x60, 0x7, 0xff, 0x5,
    0x0, 0x3c, 0x80, 0x1f, 0xfc, 0x11, 0x20, 0xe,
    0x12, 0x0, 0xff, 0xe0, 0xa0, 0x7, 0x9c, 0x3,
    0xff, 0x83, 0x80, 0x1e, 0xc0, 0xf, 0xfe, 0xb,
    0x80, 0x79, 0x0, 0x3f, 0xf8, 0x24, 0x20, 0x1c,
    0x42, 0x1, 0xff, 0xc1, 0x40, 0xf, 0x20, 0x7,
    0xff, 0x7, 0x0, 0x3d, 0xa0, 0x1f, 0xfc, 0x14,
    0x0, 0xf2, 0x0, 0x7f, 0xf0, 0x48, 0x3, 0xc6,
    0x1, 0xff, 0xc2, 0x40, 0xf, 0x20, 0x7, 0xff,
    0x7, 0x0, 0x3d, 0x80, 0x1f, 0xfc, 0x14, 0x0,
    0xf1, 0x80, 0x7f, 0xf0, 0x4c, 0x3, 0xc8, 0x1,
    0xff, 0xc2, 0x30, 0xf, 0x18, 0x7, 0xff, 0x5,
    0x0, 0x3c, 0x80, 0x1f, 0xfc, 0x1c, 0x0, 0xf6,
    0x0, 0x7f, 0xf0, 0x50, 0x3, 0xca, 0x1, 0xff,
    0xc2, 0x30, 0xe, 0x12, 0x0, 0xff, 0xe0, 0xa8,
    0x7, 0x90,

    /* U+005D "]" */
    0xbf, 0xff, 0xfe, 0x9, 0x80, 0x7f, 0xfc, 0x3e,
    0x67, 0x94, 0x3, 0xf2, 0x33, 0x77, 0x80, 0x7f,
    0xff, 0xc0, 0x3f, 0xff, 0xe0, 0x1f, 0xff, 0xf0,
    0xf, 0xff, 0xf8, 0x7, 0xff, 0xfc, 0x3, 0xff,
    0xfe, 0x1, 0xff, 0xff, 0x0, 0xff, 0xff, 0x80,
    0x7f, 0xff, 0xc0, 0x3f, 0xff, 0xe0, 0x1f, 0xfc,
    0xb4, 0x77, 0xef, 0x0, 0xfd, 0xf1, 0x1c, 0xa0,
    0x1f, 0xff, 0x80,

    /* U+005E "^" */
    0x0, 0xfe, 0x28, 0x8f, 0x30, 0x7, 0xff, 0x1a,
    0x1d, 0xfd, 0x24, 0x1, 0xff, 0xc4, 0x25, 0x0,
    0xfa, 0x0, 0x3f, 0xf8, 0x96, 0x1, 0xf9, 0x48,
    0x3, 0xff, 0x84, 0x2c, 0x1, 0xfd, 0x60, 0x1f,
    0xfc, 0x29, 0x0, 0xff, 0x30, 0x80, 0x7f, 0xf0,
    0x5, 0xc0, 0x38, 0x40, 0x3a, 0x40, 0x3f, 0xf8,
    0xc, 0x1, 0xc7, 0x60, 0x1c, 0xc0, 0x1f, 0xfc,
    0x9, 0x0, 0xea, 0x51, 0x0, 0xc2, 0xc0, 0x1f,
    0xe6, 0x10, 0xc, 0x2c, 0x12, 0x1, 0xd0, 0x1,
    0xfe, 0x80, 0xe, 0x60, 0x3, 0x0, 0x70, 0xa8,
    0x7, 0xe5, 0x10, 0xe, 0x90, 0x0, 0xb0, 0x7,
    0x40, 0x7, 0xe8, 0x0, 0xe5, 0x10, 0xa, 0xc0,
    0x38, 0x90, 0x3, 0xc8, 0x40, 0x1d, 0x20, 0x18,
    0x8c, 0x3, 0xa0, 0x3, 0xd0, 0x1, 0xc6, 0x60,
    0xe, 0x90, 0xe, 0x33, 0x0, 0x63, 0x30, 0x7,
    0x48, 0x7, 0x94, 0x40, 0x3a, 0x0, 0x34, 0x0,
    0x70, 0xa8, 0x7, 0xd2, 0x1, 0xc8, 0x40, 0x2,
    0x40, 0xe, 0x90, 0xf, 0xcc, 0x1, 0xeb, 0x0,
    0x40, 0x7, 0x98, 0x3, 0xf0, 0xa8, 0x7, 0x30,
    0x92, 0x80, 0x72, 0x88, 0x7, 0xf4, 0x80, 0x7a,
    0x40,

    /* U+005F "_" */
    0x99, 0xff, 0xe6, 0x43, 0x37, 0xff, 0x31, 0xc0,
    0x3f, 0xff, 0xe0, 0x1f, 0xfe, 0x60,

    /* U+0060 "`" */
    0x4f, 0xff, 0xa0, 0x3, 0x21, 0x80, 0x79, 0x80,
    0x3b, 0xc0, 0x3c, 0x28, 0x1, 0x8d, 0x40, 0x3d,
    0xc0, 0x1d, 0x0, 0x1e, 0x51, 0x0, 0xc4, 0xc0,
    0x1e, 0x60, 0xe, 0x80, 0xf, 0x50, 0x7, 0xc,
    0x0, 0x71, 0x18, 0x7, 0x38, 0x80, 0x75, 0x0,
    0x7a, 0xc0, 0x39, 0x80,

    /* U+0061 "a" */
    0x0, 0xf1, 0x22, 0xb3, 0xbe, 0x65, 0x30, 0xf,
    0xe1, 0x7b, 0xdf, 0xdb, 0xa9, 0x88, 0xd3, 0x59,
    0xf8, 0xc0, 0x1e, 0x28, 0x42, 0x0, 0xff, 0xe0,
    0x9c, 0xf1, 0x80, 0x7f, 0xf2, 0xc7, 0x10, 0x3,
    0xff, 0x99, 0x40, 0x1f, 0xfc, 0xc1, 0x70, 0xf,
    0xfe, 0x65, 0x0, 0x9, 0x9e, 0x6a, 0xf3, 0x77,
    0x65, 0x30, 0x7, 0xe2, 0x10, 0x19, 0x86, 0x54,
    0x32, 0x2c, 0x6b, 0x3a, 0x1, 0xf9, 0x40, 0x3f,
    0xf8, 0x64, 0xe0, 0x1f, 0x10, 0x7, 0xff, 0x13,
    0x0, 0x3e, 0xe0, 0xf, 0xfe, 0x23, 0x0, 0x7c,
    0x20, 0x1f, 0xfc, 0x43, 0x0, 0xf8, 0xc0, 0x3f,
    0xf9, 0x82, 0x1, 0xff, 0xd2, 0x25, 0x78, 0x99,
    0xfa, 0x0, 0x3f, 0xe4, 0xcd, 0xa8, 0x76, 0x6f,
    0xc0, 0x1f, 0xe8, 0xb3, 0x0, 0xff, 0xe4, 0xa3,
    0x80, 0x7f, 0xf2, 0xe4, 0x3, 0xff, 0x96, 0x64,
    0x1, 0xff, 0xcb, 0x40, 0xf, 0x8a, 0xfb, 0xff,
    0xb8, 0x3, 0xf6, 0x80, 0x7d, 0xc8, 0x20, 0x1f,
    0xfc, 0x26, 0x0, 0xf8, 0xc0, 0x3f, 0xf8, 0x82,
    0x1, 0xe2, 0x0, 0xff, 0xe2, 0x98, 0x7, 0x84,
    0x3, 0xf1, 0x80, 0x7f, 0xf0, 0xc4, 0x3, 0xf3,
    0x0, 0x7e, 0x30, 0xf, 0x18, 0x7, 0xe3, 0x0,
    0xff, 0xe1, 0x88, 0x80, 0x3e, 0xb0, 0xf, 0xcc,
    0x1, 0xf4, 0x0, 0x7a, 0x4c, 0x3, 0xf1, 0x0,
    0x7c, 0xdb, 0x31, 0xa, 0xe6, 0x0, 0xfe, 0xf0,
    0xf, 0xc4, 0xce, 0xe5, 0x10, 0xf, 0xf3, 0x80,
    0x7f, 0xf0, 0xc8, 0x80, 0x1f, 0xa, 0x0, 0x7f,
    0xf0, 0xa1, 0x80, 0x3f, 0x40, 0x7, 0xff, 0x5,
    0x14, 0x40, 0x3f, 0x1d, 0x0, 0x7f, 0xc7, 0x60,
    0x60, 0x1f, 0xcb, 0x88, 0x1, 0xf1, 0x4e, 0x0,
    0x4, 0x3, 0xfc, 0x77, 0xd5, 0x31, 0xa, 0xdd,
    0x30, 0x5, 0x1f, 0xfe, 0xb0,

    /* U+0062 "b" */
    0x3f, 0xff, 0xa4, 0x3, 0xff, 0xfe, 0x1, 0xff,
    0xff, 0x0, 0xff, 0xff, 0x80, 0x7f, 0xff, 0xc0,
    0x3f, 0xff, 0xe0, 0x1f, 0xff, 0x11, 0x46, 0x77,
    0x31, 0x80, 0x7f, 0xf1, 0x8a, 0xfa, 0xe6, 0x21,
    0x39, 0xce, 0x1, 0xff, 0xc3, 0x5d, 0x40, 0xf,
    0x86, 0x2c, 0x3, 0xff, 0x82, 0x54, 0x1, 0xff,
    0x24, 0x80, 0x7f, 0xf0, 0x24, 0x3, 0xff, 0x82,
    0xc6, 0x1, 0xfe, 0x64, 0x0, 0xff, 0xe1, 0x50,
    0x7, 0xff, 0x39, 0x80, 0x3f, 0xf8, 0x22, 0x8a,
    0x84, 0x1, 0xfc, 0x60, 0x1f, 0xf5, 0x75, 0xd5,
    0xee, 0x8, 0x7, 0xca, 0x1, 0xfe, 0x75, 0x0,
    0xe3, 0x80, 0xf, 0xbc, 0x3, 0xfd, 0x40, 0x1f,
    0x38, 0x7, 0xc4, 0x1, 0xfe, 0x20, 0xf, 0x84,
    0x40, 0x1e, 0x60, 0xf, 0xe2, 0x0, 0xfe, 0x20,
    0xf, 0x18, 0x7, 0xf3, 0x0, 0x7f, 0x38, 0x7,
    0x84, 0x3, 0xf8, 0x40, 0x3f, 0x84, 0x3, 0xff,
    0xac, 0x20, 0x1f, 0x8c, 0x3, 0xff, 0xc0, 0x60,
    0x1f, 0xfc, 0x63, 0x0, 0xff, 0xf4, 0x98, 0x7,
    0xff, 0x58, 0xc0, 0x3f, 0x18, 0x7, 0xff, 0x80,
    0x40, 0x3f, 0x8, 0x7, 0xf0, 0x80, 0x7f, 0xf1,
    0x1c, 0x3, 0xf9, 0xc0, 0x3f, 0xf8, 0x84, 0x1,
    0xfc, 0x40, 0x1e, 0x20, 0xf, 0xe1, 0x20, 0xf,
    0x84, 0x40, 0x1e, 0x60, 0xf, 0xf5, 0x0, 0x7c,
    0xe0, 0x1f, 0x10, 0x7, 0xf9, 0xd4, 0x3, 0x8e,
    0x0, 0x3e, 0xe0, 0xf, 0xfa, 0xba, 0xea, 0xf7,
    0x4, 0x3, 0xe3, 0x0, 0xff, 0xe0, 0xa, 0x2a,
    0x10, 0x7, 0xf2, 0x0, 0x7f, 0x28, 0x7, 0xff,
    0xd, 0x40, 0x3f, 0xd0, 0x40, 0x1f, 0xfc, 0x29,
    0x0, 0xff, 0x1c, 0x80, 0x7f, 0xf0, 0x54, 0xc0,
    0x3f, 0xc2, 0x92, 0x1, 0xff, 0x1d, 0x0, 0x7f,
    0xf0, 0x5b, 0xc, 0x3, 0xe1, 0x8c, 0x0, 0xc7,
    0xff, 0xf0, 0x4, 0x79, 0xd5, 0x11, 0x4e, 0x73,
    0x80, 0x70,

    /* U+0063 "c" */
    0x0, 0xfc, 0x28, 0xce, 0xf3, 0x29, 0x88, 0x7,
    0xf3, 0x67, 0x5c, 0xc4, 0x53, 0x59, 0xdc, 0xa2,
    0x0, 0xc5, 0xb2, 0x60, 0x1f, 0xe1, 0x57, 0x0,
    0x8b, 0x8, 0x3, 0xff, 0x8d, 0xe2, 0x1, 0xff,
    0xc6, 0x62, 0x0, 0xff, 0xe3, 0xd8, 0x7, 0xff,
    0x1c, 0x88, 0x1, 0xf9, 0xab, 0x37, 0x59, 0x70,
    0xcc, 0x4, 0x0, 0xfd, 0xb2, 0xa6, 0x44, 0x34,
    0x79, 0x30, 0xf0, 0xf, 0xa0, 0x80, 0x3f, 0xe2,
    0x0, 0xf9, 0x40, 0x3f, 0xf8, 0xc, 0x1, 0xf1,
    0x0, 0x7f, 0xf0, 0x8, 0x3, 0xc4, 0x1, 0xff,
    0xc8, 0x60, 0xf, 0xfe, 0x0, 0x80, 0x7c, 0x20,
    0x1f, 0xfd, 0x53, 0x0, 0xf8, 0xc0, 0x3f, 0xff,
    0xe0, 0x1f, 0xfe, 0x63, 0x0, 0xff, 0xe0, 0x18,
    0x7, 0xff, 0x20, 0x40, 0x3e, 0x10, 0xf, 0xfe,
    0x43, 0x0, 0x7f, 0xf0, 0x44, 0x3, 0xc4, 0x1,
    0xff, 0xc1, 0x20, 0xf, 0x88, 0x3, 0xff, 0x80,
    0xc0, 0x1f, 0x28, 0x7, 0xff, 0x3, 0x40, 0x3e,
    0x92, 0x0, 0xff, 0x90, 0x3, 0xe1, 0xd9, 0x53,
    0x23, 0x32, 0x34, 0xa8, 0x18, 0x80, 0x7e, 0x6a,
    0xcd, 0xcc, 0x5c, 0xb6, 0x80, 0x18, 0x3, 0xff,
    0x91, 0x22, 0x1, 0xff, 0xc7, 0x1a, 0x0, 0xff,
    0xe4, 0x25, 0x88, 0x7, 0xff, 0x1d, 0x3a, 0x8,
    0x3, 0xfc, 0x29, 0x80, 0x1e, 0x7d, 0xeb, 0x98,
    0x8d, 0x57, 0xdc, 0xb4,

    /* U+0064 "d" */
    0x0, 0xff, 0xe3, 0x47, 0xff, 0xc6, 0x1, 0xff,
    0xff, 0x0, 0xff, 0xff, 0x80, 0x7f, 0xff, 0xc0,
    0x3f, 0xff, 0xe0, 0x1f, 0xff, 0xf0, 0xf, 0xfe,
    0xc9, 0x2b, 0xb9, 0x90, 0x40, 0x3f, 0xf8, 0xcd,
    0xdb, 0x51, 0x9, 0xbe, 0xb2, 0x0, 0xff, 0xe1,
    0xdc, 0x88, 0x7, 0xc9, 0xaa, 0x1, 0xff, 0xc1,
    0x94, 0x0, 0xff, 0xa8, 0xc0, 0x3f, 0xe3, 0x60,
    0xf, 0xfe, 0xf, 0x80, 0x7f, 0xd2, 0x1, 0xff,
    0xc2, 0x37, 0x0, 0xff, 0x28, 0x7, 0xff, 0x34,
    0xc0, 0x3f, 0x89, 0x15, 0x4, 0x3, 0xff, 0x80,
    0x80, 0x1f, 0xe, 0xea, 0xea, 0xfa, 0x80, 0x3f,
    0xee, 0x0, 0xfa, 0xc8, 0x3, 0x95, 0xc0, 0x3f,
    0xca, 0x1, 0xf2, 0x80, 0x7d, 0x40, 0x1f, 0xe1,
    0x0, 0xf1, 0x0, 0x7e, 0x21, 0x0, 0xfe, 0x20,
    0xf, 0x8, 0x7, 0xf1, 0x0, 0x7f, 0xf1, 0x1c,
    0x3, 0xf9, 0xc0, 0x3f, 0x8, 0x7, 0xc2, 0x1,
    0xfc, 0x20, 0x1f, 0x8c, 0x3, 0xe3, 0x0, 0xfe,
    0x30, 0xf, 0xff, 0xf8, 0x7, 0x8, 0x7, 0xff,
    0xfc, 0x3, 0x84, 0x3, 0xff, 0xae, 0x60, 0x1f,
    0x18, 0x7, 0xf1, 0x80, 0x7e, 0x10, 0xf, 0x84,
    0x3, 0xf8, 0x40, 0x3f, 0xf8, 0x8e, 0x1, 0xfc,
    0xc0, 0x1f, 0xc2, 0x1, 0xe1, 0x0, 0xfe, 0x20,
    0xf, 0xe2, 0x0, 0xf1, 0x0, 0x7e, 0x20, 0xf,
    0xf3, 0x0, 0x7c, 0xa0, 0x1f, 0x58, 0x7, 0xfb,
    0x40, 0x3e, 0xb2, 0x0, 0xe6, 0x60, 0x7, 0xf8,
    0xc0, 0x3e, 0x1d, 0xd5, 0xd5, 0xf4, 0x80, 0x7f,
    0xc8, 0x1, 0xfc, 0x48, 0xa8, 0x20, 0x1f, 0xfc,
    0x14, 0x0, 0xff, 0xe1, 0xa8, 0x7, 0xfb, 0xc0,
    0x3f, 0xf8, 0x47, 0x20, 0x1f, 0xe4, 0x50, 0xf,
    0xfe, 0xc, 0x8, 0x7, 0xfd, 0x46, 0x1, 0xff,
    0x4a, 0x18, 0x7, 0xff, 0x3, 0x20, 0x40, 0x3e,
    0x4c, 0x60, 0x10, 0xf, 0xfe, 0xb, 0xf6, 0x54,
    0x45, 0x5d, 0x66, 0x1, 0x7f, 0xfc, 0x60,

    /* U+0065 "e" */
    0x0, 0xfe, 0x24, 0x67, 0x79, 0x94, 0xc4, 0x3,
    0xff, 0x82, 0xb7, 0xfb, 0x73, 0x11, 0x4d, 0x67,
    0x63, 0x80, 0x7f, 0x16, 0xd2, 0x0, 0x7f, 0xc7,
    0x1c, 0x80, 0x1e, 0x3d, 0x20, 0xf, 0xfe, 0x18,
    0xda, 0x0, 0x61, 0xd0, 0xf, 0xfe, 0x3d, 0x0,
    0x69, 0x10, 0xf, 0xfe, 0x38, 0xb8, 0x4, 0xe0,
    0x1f, 0xfc, 0x9b, 0x0, 0x20, 0x7, 0xe5, 0xac,
    0xdd, 0x52, 0x80, 0x7c, 0x60, 0x3, 0x0, 0xf9,
    0xe9, 0x4c, 0x88, 0xb4, 0xa0, 0x1f, 0x10, 0x68,
    0x7, 0xd2, 0x1, 0xf4, 0x80, 0x7c, 0xc0, 0xc0,
    0x1e, 0x11, 0x0, 0x7c, 0x60, 0x1f, 0x10, 0x10,
    0x7, 0x88, 0x3, 0xf8, 0x40, 0x3c, 0x20, 0x20,
    0x1e, 0x60, 0xf, 0xe3, 0x0, 0xf7, 0x80, 0x7f,
    0xf1, 0x84, 0x3, 0xe1, 0x0, 0xf8, 0xc0, 0x3f,
    0xf8, 0x82, 0x60, 0x1f, 0x3d, 0xdf, 0xf1, 0x0,
    0x7f, 0xf0, 0xc5, 0x13, 0xf8, 0x40, 0x3c, 0x60,
    0x1f, 0xff, 0xf0, 0xf, 0xfe, 0xcb, 0x7f, 0xff,
    0xf1, 0x28, 0x3, 0xff, 0x9c, 0x60, 0x1f, 0xfc,
    0xd1, 0x0, 0xf8, 0xc0, 0x3f, 0xf9, 0xa2, 0x1,
    0xff, 0xc6, 0x10, 0xf, 0x30, 0x7, 0xff, 0x18,
    0x80, 0x3c, 0x40, 0x1f, 0xfc, 0x66, 0x0, 0xf9,
    0x0, 0x3f, 0xf8, 0xba, 0x1, 0xf4, 0x88, 0x7,
    0xff, 0x10, 0xc0, 0x3e, 0x2f, 0x96, 0x43, 0x22,
    0x8d, 0x15, 0xa2, 0x60, 0x0, 0x80, 0x1f, 0x85,
    0xa6, 0xf3, 0x76, 0xcb, 0xa9, 0x76, 0x40, 0x9,
    0xc0, 0x3f, 0xf9, 0xb2, 0x20, 0x1f, 0xfc, 0xc1,
    0xd1, 0x0, 0xff, 0xe6, 0x1e, 0x18, 0x7, 0xff,
    0x30, 0xb2, 0xd4, 0x40, 0x3f, 0xf8, 0x24, 0xb2,
    0x1, 0xf2, 0x57, 0x6d, 0xcc, 0x47, 0x4d, 0xe6,
    0xfe, 0xd2, 0x80,

    /* U+0066 "f" */
    0x0, 0xff, 0x24, 0x56, 0x6f, 0x7f, 0xc0, 0x1f,
    0xcf, 0xf6, 0xea, 0x64, 0x20, 0x1f, 0xf5, 0x40,
    0x7, 0xff, 0x15, 0x94, 0x3, 0xff, 0x8d, 0x0,
    0x1f, 0xfc, 0x63, 0x10, 0xf, 0xfe, 0x32, 0x0,
    0x7e, 0x6c, 0xef, 0xf0, 0x7, 0xb4, 0x3, 0xe8,
    0x93, 0x10, 0xf, 0xcc, 0x1, 0xf3, 0x80, 0x7f,
    0xc2, 0x1, 0xe2, 0x0, 0xff, 0xe0, 0x10, 0x7,
    0x84, 0x3, 0xff, 0xfe, 0x1, 0xff, 0xe8, 0xcf,
    0xfc, 0x1, 0xf1, 0xff, 0xf8, 0x3, 0xff, 0xfe,
    0x1, 0xff, 0xce, 0x45, 0x5c, 0x1, 0xf0, 0xaa,
    0xf8, 0x22, 0xab, 0x0, 0x7c, 0x55, 0x5e, 0x0,
    0xff, 0xff, 0x80, 0x7f, 0xff, 0xc0, 0x3f, 0xff,
    0xe0, 0x1f, 0xff, 0xf0, 0xf, 0xff, 0xf8, 0x7,
    0xff, 0xfc, 0x3, 0xff, 0xfe, 0x1, 0xff, 0xd8,

    /* U+0067 "g" */
    0x0, 0xf8, 0x95, 0xdc, 0xc8, 0x20, 0x1f, 0xfc,
    0x67, 0xed, 0xa8, 0x84, 0xdf, 0x59, 0x80, 0x7,
    0xff, 0xe2, 0x0, 0xd9, 0x2, 0x1, 0xf2, 0x62,
    0x81, 0x80, 0x7f, 0xd4, 0x60, 0x1f, 0xf5, 0x18,
    0x80, 0x7f, 0x91, 0x40, 0x3f, 0xf8, 0x3e, 0xe0,
    0x1f, 0xef, 0x0, 0xff, 0xe1, 0x1f, 0x80, 0x7f,
    0x90, 0x3, 0xff, 0x86, 0x80, 0x1f, 0xc8, 0x1,
    0xfc, 0x26, 0x86, 0x1, 0xff, 0xc1, 0x30, 0xf,
    0x87, 0x3b, 0x2f, 0x3e, 0x0, 0x3f, 0xed, 0x0,
    0xfa, 0xcc, 0x3, 0x9d, 0x80, 0x3f, 0xcc, 0x1,
    0xf2, 0x80, 0x7d, 0x40, 0x1f, 0xe2, 0x0, 0xf1,
    0x0, 0x7e, 0x30, 0xf, 0xf0, 0x80, 0x78, 0x40,
    0x3f, 0x88, 0x3, 0xff, 0x88, 0xe0, 0x1f, 0xc2,
    0x1, 0xf8, 0x40, 0x3e, 0x10, 0xf, 0xe7, 0x0,
    0xfc, 0x60, 0x1f, 0x18, 0x7, 0xf0, 0x80, 0x7f,
    0xff, 0xc0, 0x3f, 0xff, 0xe0, 0x1f, 0xfc, 0x83,
    0x0, 0xf8, 0xc0, 0x3f, 0xfb, 0x2, 0x1, 0xf8,
    0x40, 0x3e, 0x10, 0xf, 0xe7, 0x0, 0xff, 0xe2,
    0x38, 0x7, 0xf1, 0x0, 0x7f, 0x10, 0x7, 0x88,
    0x3, 0xf8, 0x40, 0x3f, 0x98, 0x3, 0xc2, 0x20,
    0xf, 0x90, 0x3, 0xfc, 0x40, 0x1f, 0x30, 0x7,
    0xde, 0x1, 0xfe, 0xf0, 0xf, 0xa1, 0xc4, 0x2,
    0x3a, 0x40, 0xf, 0xf2, 0x80, 0x7e, 0x8e, 0xff,
    0xb1, 0x40, 0x3f, 0xe3, 0x10, 0xf, 0xfe, 0x73,
    0x0, 0x7f, 0xf0, 0x84, 0x80, 0x3f, 0xd2, 0x1,
    0xff, 0xc2, 0x97, 0x0, 0xff, 0xd, 0x0, 0x7f,
    0xf0, 0xd, 0xc0, 0x3f, 0xf8, 0xb, 0x42, 0x1,
    0xfc, 0x9a, 0x1, 0xfc, 0x60, 0x19, 0x7e, 0x50,
    0x40, 0x22, 0x6b, 0xb0, 0x80, 0x7f, 0xf0, 0xc5,
    0xaf, 0xbf, 0xed, 0x94, 0x0, 0x84, 0x3, 0xe1,
    0x0, 0xff, 0xf0, 0xb0, 0x7, 0x84, 0x3, 0xff,
    0x8e, 0x60, 0x1e, 0x30, 0xf, 0xfe, 0x31, 0x8,
    0x7, 0x98, 0x3, 0xff, 0x8d, 0x40, 0x1f, 0x10,
    0x7, 0xff, 0x15, 0x5c, 0x3, 0xef, 0x0, 0xca,
    0xbf, 0xcc, 0xf3, 0xb4, 0x1, 0xf9, 0x0, 0x21,
    0xaa, 0xfe, 0x98, 0x62, 0x0, 0xfc, 0x44, 0x0,
    0xff, 0xe6, 0xd8, 0x7, 0xff, 0x34, 0xd8, 0x3,
    0xff, 0x98, 0x5a, 0x1, 0xff, 0xcc, 0x5c, 0x10,
    0xf, 0x18, 0x80, 0x7f, 0xf0, 0x49, 0xb2, 0x84,
    0x3, 0xc3, 0x9d, 0xfb, 0x75, 0x31, 0x1a, 0x6b,
    0x3b, 0x64, 0xc0, 0x3c,

    /* U+0068 "h" */
    0x3f, 0xff, 0xa4, 0x3, 0xff, 0xfe, 0x1, 0xff,
    0xff, 0x0, 0xff, 0xff, 0x80, 0x7f, 0xff, 0xc0,
    0x3f, 0xff, 0xe0, 0x1f, 0xfe, 0x23, 0x67, 0x73,
    0x20, 0x80, 0x7f, 0xf1, 0x6, 0x7f, 0x26, 0x21,
    0x37, 0xd4, 0x40, 0x1f, 0xfc, 0x13, 0xf6, 0x0,
    0xfc, 0xb8, 0x60, 0x1f, 0xf0, 0xe8, 0x80, 0x7f,
    0x87, 0x44, 0x3, 0xfd, 0x62, 0x1, 0xff, 0xc0,
    0x16, 0x0, 0xfe, 0x45, 0x0, 0xff, 0xe1, 0x50,
    0x7, 0xf1, 0x0, 0x7f, 0xf0, 0xc8, 0x40, 0x3f,
    0xf8, 0x6, 0x86, 0x20, 0x1f, 0xca, 0x1, 0xfe,
    0x9f, 0xcb, 0xce, 0xa0, 0xf, 0xc4, 0x1, 0xfd,
    0xc, 0x1, 0xca, 0x80, 0x1f, 0x70, 0x7, 0xf3,
    0x0, 0x7d, 0x80, 0x1f, 0x8, 0x7, 0xe2, 0x10,
    0xf, 0x88, 0x3, 0xff, 0x88, 0x20, 0x1f, 0x84,
    0x3, 0xe3, 0x0, 0xfc, 0xe0, 0x1f, 0x9c, 0x3,
    0xff, 0x88, 0x20, 0x1f, 0x84, 0x3, 0xff, 0xbc,
    0x60, 0x1f, 0xff, 0xf0, 0xf, 0xff, 0xf8, 0x7,
    0xff, 0xfc, 0x3, 0xff, 0xfe, 0x1, 0xff, 0xff,
    0x0, 0xff, 0xff, 0x80, 0x7f, 0xff, 0xc0, 0x3f,
    0xf8, 0x0,

    /* U+0069 "i" */
    0x4f, 0xff, 0xa8, 0x3, 0xff, 0xd4, 0xe4, 0x5f,
    0x8f, 0x77, 0xe8, 0x0, 0xff, 0xfe, 0x1f, 0xff,
    0xd2, 0x1, 0xff, 0xff, 0x0, 0xff, 0xff, 0x80,
    0x7f, 0xff, 0xc0, 0x3f, 0xff, 0xe0, 0x1f, 0xfc,
    0x30,

    /* U+006A "j" */
    0x0, 0xc9, 0xff, 0xf5, 0x0, 0x7f, 0xff, 0xc0,
    0x3e, 0x72, 0x2f, 0xc0, 0x18, 0xf7, 0x7e, 0x80,
    0xf, 0xff, 0xf8, 0x7, 0xff, 0x54, 0xff, 0xfe,
    0x90, 0xf, 0xff, 0xf8, 0x7, 0xff, 0xfc, 0x3,
    0xff, 0xfe, 0x1, 0xff, 0xff, 0x0, 0xff, 0xff,
    0x80, 0x7f, 0xff, 0xc0, 0x3f, 0xfb, 0xe2, 0x1,
    0xff, 0xcd, 0xf0, 0xc, 0xe0, 0x1f, 0x8, 0x6,
    0xc0, 0xf, 0x88, 0x49, 0x25, 0xc0, 0x3e, 0x6a,
    0xdb, 0x60, 0xf, 0x84, 0x80, 0x3f, 0xe7, 0x0,
    0xff, 0xe0, 0x58, 0x7, 0xfc, 0xe4, 0x1, 0xfe,
    0x88, 0x0, 0x70, 0x92, 0x35, 0x73, 0x80, 0x40,

    /* U+006B "k" */
    0x3f, 0xff, 0xa4, 0x3, 0xff, 0xfe, 0x1, 0xff,
    0xff, 0x0, 0xff, 0xff, 0x80, 0x7f, 0xff, 0xc0,
    0x3f, 0xff, 0xe0, 0x1f, 0xff, 0xf0, 0xf, 0xfe,
    0x29, 0x7f, 0xfd, 0xa0, 0x1f, 0xfc, 0x68, 0x0,
    0xfa, 0x0, 0x3f, 0xf8, 0xa4, 0xa0, 0x1e, 0x25,
    0x0, 0xff, 0xe2, 0xd8, 0x7, 0xd0, 0x1, 0xff,
    0xc5, 0x16, 0x0, 0xf1, 0x28, 0x7, 0xff, 0x16,
    0x0, 0x3e, 0x80, 0xf, 0xfe, 0x28, 0xb0, 0x7,
    0x89, 0x40, 0x3f, 0xf8, 0xb2, 0x1, 0xf4, 0x0,
    0x7f, 0xf1, 0x45, 0xc0, 0x3c, 0x4a, 0x1, 0xff,
    0xc5, 0x90, 0xf, 0xa0, 0x3, 0xff, 0x8c, 0xc0,
    0x1e, 0x25, 0x0, 0xff, 0xe2, 0xb8, 0x80, 0x7a,
    0x0, 0x3f, 0xf8, 0xd2, 0x1, 0xe3, 0x50, 0xf,
    0xfe, 0x2b, 0x88, 0x7, 0xa0, 0x3, 0xff, 0x86,
    0xf7, 0x69, 0x0, 0xf1, 0xa0, 0x7, 0xff, 0xc,
    0x51, 0x2, 0x1, 0xe8, 0x0, 0xff, 0xe6, 0x9a,
    0x0, 0x7f, 0xf3, 0x44, 0x3, 0xff, 0x9c, 0x48,
    0x1, 0xff, 0xce, 0x80, 0xf, 0xfe, 0x71, 0x98,
    0x3, 0xff, 0x86, 0xdf, 0xe6, 0x0, 0xfa, 0x40,
    0x3f, 0xf8, 0xd6, 0x1, 0xf2, 0x90, 0x7, 0xff,
    0x14, 0x90, 0x3, 0xeb, 0x0, 0xff, 0xe3, 0x40,
    0x7, 0xcc, 0x20, 0x1f, 0xfc, 0x53, 0x30, 0x7,
    0xcc, 0x1, 0xff, 0xc6, 0x90, 0xf, 0xa4, 0x3,
    0xff, 0x8c, 0xa4, 0x1, 0xe1, 0x60, 0xf, 0xfe,
    0x35, 0x80, 0x7d, 0x60, 0x1f, 0xfc, 0x66, 0x10,
    0xf, 0x12, 0x0, 0x7f, 0xf1, 0x98, 0x3, 0xef,
    0x0, 0xff, 0xe3, 0x48, 0x7, 0xc8, 0x60, 0x1f,
    0xfc, 0x51, 0x50, 0xf, 0xa4, 0x3, 0xff, 0x8d,
    0x0, 0x1f, 0x28, 0x80, 0x7f, 0xf1, 0x49, 0x0,
    0x3e, 0x90, 0xf, 0xfe, 0x37, 0x80, 0x7c, 0xe0,

    /* U+006C "l" */
    0x3f, 0xff, 0xa4, 0x3, 0xff, 0xfe, 0x1, 0xff,
    0xff, 0x0, 0xff, 0xff, 0x80, 0x7f, 0xff, 0xc0,
    0x3f, 0xff, 0xe0, 0x1f, 0xff, 0xf0, 0xf, 0xfe,
    0x30,

    /* U+006D "m" */
    0x0, 0xff, 0xe0, 0x8a, 0x33, 0xb9, 0x90, 0x3,
    0xfc, 0x6c, 0xef, 0x28, 0x80, 0x71, 0xff, 0xfc,
    0x1, 0x1d, 0xf5, 0xcc, 0x42, 0x6f, 0xe8, 0x40,
    0x30, 0xc7, 0x64, 0xc4, 0x55, 0xd6, 0x40, 0x1f,
    0xfc, 0x15, 0xc4, 0x0, 0xfc, 0xbe, 0x20, 0x2,
    0xf7, 0x10, 0xf, 0x93, 0x4c, 0x3, 0xfc, 0x27,
    0x40, 0x1f, 0xf0, 0xd0, 0x3, 0xc4, 0x3, 0xfe,
    0xd0, 0xf, 0xf1, 0xf0, 0x7, 0xff, 0x5, 0xd,
    0xc8, 0x3, 0xff, 0x80, 0x2e, 0x1, 0xfd, 0x4,
    0x1, 0xff, 0xc2, 0x99, 0x0, 0x7f, 0xf0, 0xa8,
    0x3, 0xf9, 0x40, 0x3f, 0xf8, 0x6a, 0x20, 0x1f,
    0xfc, 0x22, 0x10, 0xf, 0xf8, 0x4d, 0xc, 0x3,
    0xff, 0x82, 0x48, 0x62, 0x1, 0xfc, 0xa0, 0x1f,
    0xea, 0xec, 0xbc, 0xe4, 0x0, 0xfe, 0x4e, 0xdb,
    0xce, 0xb0, 0xf, 0xc4, 0x1, 0xfd, 0xa, 0x1,
    0x86, 0x0, 0x3f, 0xd, 0x88, 0x6, 0x45, 0x0,
    0xf8, 0x40, 0x3f, 0x98, 0x3, 0xc6, 0x1, 0xf9,
    0x80, 0x3e, 0xc0, 0xf, 0xbc, 0x3, 0xf1, 0x8,
    0x7, 0xc4, 0x1, 0xf6, 0x80, 0x7c, 0x40, 0x1f,
    0x8, 0x7, 0xe1, 0x0, 0xfc, 0x20, 0x1f, 0x30,
    0x7, 0xce, 0x1, 0xff, 0xc4, 0x70, 0xf, 0xfe,
    0x20, 0x80, 0x7f, 0xf0, 0xcc, 0x3, 0xf0, 0x80,
    0x7e, 0x70, 0xf, 0xfe, 0x18, 0x80, 0x7f, 0xf5,
    0x4c, 0x3, 0xff, 0x98, 0x60, 0x1f, 0xff, 0xf0,
    0xf, 0xff, 0xf8, 0x7, 0xff, 0xfc, 0x3, 0xff,
    0xfe, 0x1, 0xff, 0xff, 0x0, 0xff, 0xff, 0x80,
    0x7f, 0xff, 0xc0, 0x3f, 0xff, 0xe0, 0x1f, 0xff,
    0xf0, 0xf, 0xff, 0xf8, 0x7, 0xff, 0xfc, 0x3,
    0xff, 0xc8,

    /* U+006E "n" */
    0x0, 0xff, 0xe1, 0x23, 0x3b, 0x99, 0x4, 0x3,
    0x8f, 0xff, 0xe0, 0x8, 0xab, 0xee, 0x62, 0x13,
    0x7d, 0x64, 0x1, 0xff, 0xc1, 0x5d, 0x50, 0xf,
    0xc9, 0xa6, 0x1, 0xfe, 0x13, 0xa0, 0xf, 0xfe,
    0x6, 0x88, 0x7, 0xf1, 0xf0, 0x7, 0xff, 0x4,
    0x58, 0x3, 0xfa, 0x8, 0x3, 0xff, 0x85, 0x40,
    0x1f, 0xca, 0x1, 0xff, 0xc3, 0x21, 0x0, 0xff,
    0xe0, 0x1a, 0x18, 0x80, 0x7f, 0x28, 0x7, 0xfa,
    0x7f, 0x2f, 0x3a, 0x80, 0x3f, 0x10, 0x7, 0xf4,
    0x30, 0x7, 0x2a, 0x0, 0x7c, 0x20, 0x1f, 0xcc,
    0x1, 0xf6, 0x0, 0x7d, 0xe0, 0x1f, 0x88, 0x40,
    0x3e, 0x20, 0xf, 0x84, 0x3, 0xf0, 0x80, 0x7e,
    0x10, 0xf, 0x8c, 0x3, 0xf3, 0x80, 0x7e, 0x70,
    0xf, 0xfe, 0x20, 0x80, 0x7e, 0x10, 0xf, 0xfe,
    0xf1, 0x80, 0x7f, 0xff, 0xc0, 0x3f, 0xff, 0xe0,
    0x1f, 0xff, 0xf0, 0xf, 0xff, 0xf8, 0x7, 0xff,
    0xfc, 0x3, 0xff, 0xfe, 0x1, 0xff, 0xff, 0x0,
    0xff, 0xe0, 0x0,

    /* U+006F "o" */
    0x0, 0xfc, 0x26, 0xac, 0xef, 0x33, 0x10, 0x80,
    0x3f, 0xf8, 0x27, 0x3d, 0xcc, 0xa9, 0x88, 0xa6,
    0x57, 0xbd, 0x68, 0x1, 0xfd, 0x58, 0xc2, 0x1,
    0xff, 0xa, 0x5e, 0x8, 0x7, 0xad, 0x40, 0x3f,
    0xf8, 0xa7, 0x82, 0x1, 0x99, 0x0, 0x3f, 0xf8,
    0xe5, 0x60, 0x1a, 0x0, 0x3f, 0xf9, 0x2a, 0x40,
    0x3, 0x10, 0xf, 0xfe, 0x52, 0x80, 0x10, 0x3,
    0xf2, 0xd6, 0x6e, 0xad, 0xc0, 0x3f, 0x60, 0x3,
    0x40, 0x3e, 0x7a, 0x53, 0x22, 0x24, 0x58, 0x7,
    0xca, 0x0, 0x60, 0xf, 0xa4, 0x3, 0xe4, 0x20,
    0xf, 0x8, 0x0, 0x80, 0x3c, 0x22, 0x0, 0xfc,
    0xe0, 0x1f, 0x10, 0x8, 0x7, 0x88, 0x3, 0xf8,
    0x80, 0x3e, 0x10, 0xf, 0xce, 0x1, 0xfd, 0xe0,
    0x1f, 0x38, 0x80, 0x7c, 0x20, 0x1f, 0xc2, 0x1,
    0xf0, 0x80, 0x7f, 0xf3, 0xcc, 0x3, 0xe3, 0x0,
    0xff, 0xe2, 0x98, 0x7, 0xff, 0x18, 0xc0, 0x3f,
    0xfe, 0x42, 0x1, 0xff, 0xce, 0x10, 0xf, 0xff,
    0xd9, 0x80, 0x7e, 0x30, 0xf, 0x8c, 0x3, 0xff,
    0x8a, 0x60, 0x1f, 0xfc, 0xf1, 0x0, 0xf8, 0x40,
    0x3f, 0x84, 0x3, 0xe1, 0x0, 0xfc, 0xe0, 0x1f,
    0xde, 0x1, 0xf3, 0x80, 0x80, 0x78, 0x80, 0x3f,
    0x88, 0x3, 0xe2, 0x2, 0x0, 0xf0, 0x88, 0x3,
    0xf3, 0x80, 0x7c, 0x20, 0xc0, 0x1f, 0x40, 0x7,
    0xca, 0x40, 0x1e, 0x10, 0x6, 0x80, 0x7c, 0xd4,
    0xa6, 0x46, 0x91, 0x40, 0x1f, 0x28, 0x1, 0x0,
    0x3f, 0x2d, 0x66, 0xe5, 0xb8, 0x7, 0xec, 0x0,
    0x18, 0x80, 0x7f, 0xf2, 0x94, 0x2, 0x80, 0xf,
    0xfe, 0x4a, 0x90, 0x4, 0xca, 0x1, 0xff, 0xc7,
    0x2b, 0x0, 0xea, 0x60, 0xf, 0xfe, 0x29, 0xe0,
    0x80, 0x7a, 0x71, 0x84, 0x3, 0xfe, 0x15, 0xbc,
    0x10, 0xf, 0xc7, 0x3d, 0xcc, 0xa9, 0x88, 0xd3,
    0x7b, 0xd4, 0x80, 0x1c,

    /* U+0070 "p" */
    0x0, 0xff, 0xe0, 0x8a, 0x33, 0xb9, 0x4c, 0x3,
    0xe3, 0xff, 0xf8, 0x2, 0x3b, 0xeb, 0x98, 0x85,
    0x67, 0x38, 0x7, 0xff, 0xd, 0xb1, 0x0, 0x3e,
    0x18, 0xc0, 0xf, 0xfe, 0x0, 0xa4, 0x80, 0x7f,
    0xc7, 0x40, 0x1f, 0xf1, 0xc8, 0x7, 0xff, 0x5,
    0x4c, 0x3, 0xfd, 0x4, 0x1, 0xff, 0xc2, 0x90,
    0xf, 0xf2, 0x80, 0x7f, 0xf0, 0xd4, 0x3, 0xff,
    0x82, 0x28, 0xa8, 0x40, 0x1f, 0xc8, 0x1, 0xff,
    0x4f, 0x5d, 0x5e, 0xe0, 0x80, 0x7c, 0x60, 0x1f,
    0xe7, 0x60, 0xe, 0x38, 0x0, 0xfb, 0x80, 0x3f,
    0xd4, 0x1, 0xf3, 0x80, 0x7c, 0x40, 0x1f, 0xe2,
    0x0, 0xf8, 0x44, 0x1, 0xe6, 0x0, 0xfe, 0x20,
    0xf, 0xe2, 0x0, 0xf1, 0x0, 0x7f, 0x30, 0x7,
    0xf3, 0x80, 0x7f, 0xf1, 0x4, 0x3, 0xf8, 0x40,
    0x3f, 0xfa, 0xc2, 0x1, 0xf8, 0xc0, 0x3f, 0xfc,
    0x6, 0x1, 0xff, 0xc6, 0x30, 0xf, 0xff, 0x49,
    0x80, 0x7f, 0xf5, 0x8c, 0x3, 0xf1, 0x80, 0x7f,
    0xf8, 0x4, 0x3, 0xf0, 0x80, 0x7f, 0x8, 0x7,
    0xff, 0x11, 0xc0, 0x3f, 0x9c, 0x3, 0xc2, 0x1,
    0xfc, 0x40, 0x1f, 0xc4, 0x1, 0xe3, 0x0, 0xfe,
    0x12, 0x0, 0xf8, 0x44, 0x1, 0xe6, 0x0, 0xff,
    0x50, 0x7, 0xce, 0x1, 0xf1, 0x0, 0x7f, 0x9d,
    0x40, 0x38, 0xe0, 0x3, 0xef, 0x0, 0xff, 0xab,
    0xae, 0xaf, 0x70, 0x40, 0x3e, 0x50, 0xf, 0xfe,
    0x0, 0xa2, 0xa1, 0x0, 0x7f, 0x18, 0x7, 0xf0,
    0x80, 0x7f, 0xf0, 0xd8, 0x3, 0xfc, 0xea, 0x1,
    0xff, 0xc2, 0xa0, 0xf, 0xfa, 0x0, 0x3f, 0xf8,
    0x2c, 0x60, 0x1f, 0xf1, 0x58, 0x7, 0xfc, 0x92,
    0x1, 0xff, 0xc1, 0x4d, 0x50, 0xf, 0x86, 0x2c,
    0x3, 0xff, 0x86, 0x55, 0xd7, 0x31, 0x9, 0xce,
    0x70, 0xf, 0xfe, 0x30, 0xa3, 0x3b, 0x98, 0xc0,
    0x3f, 0xff, 0xe0, 0x1f, 0xff, 0xf0, 0xf, 0xff,
    0xf8, 0x7, 0xff, 0xfc, 0x3, 0xff, 0xa6,

    /* U+0071 "q" */
    0x0, 0xf8, 0x95, 0xde, 0x51, 0x0, 0xff, 0xe3,
    0x3f, 0x6d, 0x44, 0x55, 0xd6, 0x60, 0x17, 0xff,
    0xc6, 0x1, 0xb2, 0x4, 0x3, 0xe4, 0xc6, 0x1,
    0x0, 0xff, 0xa8, 0xc0, 0x3f, 0xe9, 0x43, 0x0,
    0xff, 0x22, 0x80, 0x7f, 0xf0, 0x64, 0x40, 0x3f,
    0xde, 0x1, 0xff, 0xc2, 0x29, 0x0, 0xff, 0x20,
    0x7, 0xff, 0xd, 0x40, 0x3f, 0x90, 0x3, 0xf8,
    0x91, 0x50, 0x40, 0x3f, 0xf8, 0x6, 0x1, 0xf0,
    0xee, 0xae, 0xaf, 0xa8, 0x3, 0xfe, 0xd0, 0xf,
    0xac, 0x80, 0x39, 0x58, 0x3, 0xfc, 0xc0, 0x1f,
    0x28, 0x7, 0xd4, 0x1, 0xfe, 0x20, 0xf, 0x10,
    0x7, 0xe3, 0x10, 0xf, 0xe1, 0x0, 0xf0, 0x80,
    0x7f, 0x10, 0x7, 0xff, 0x11, 0xc0, 0x3f, 0x98,
    0x3, 0xf0, 0x80, 0x7c, 0x20, 0x1f, 0xc6, 0x1,
    0xf8, 0xc0, 0x3e, 0x30, 0xf, 0xff, 0x98, 0x80,
    0x7f, 0xff, 0xc0, 0x38, 0x40, 0x3f, 0xfe, 0x46,
    0x1, 0xf1, 0x80, 0x7f, 0x18, 0x7, 0xe1, 0x0,
    0xf8, 0x40, 0x3f, 0x84, 0x3, 0xff, 0x88, 0xe0,
    0x1f, 0xce, 0x1, 0xfc, 0x40, 0x1e, 0x10, 0xf,
    0xe2, 0x0, 0xfe, 0x10, 0xf, 0x10, 0x7, 0xe2,
    0x10, 0xf, 0xe6, 0x0, 0xf9, 0x40, 0x3e, 0xa0,
    0xf, 0xf6, 0x80, 0x7d, 0x64, 0x1, 0xca, 0xe0,
    0x1f, 0xe3, 0x0, 0xf8, 0x77, 0x57, 0x57, 0xd4,
    0x1, 0xff, 0x20, 0x7, 0xf1, 0x22, 0xa0, 0x80,
    0x7f, 0xf0, 0x54, 0x3, 0xff, 0x86, 0x20, 0x1f,
    0xe9, 0x0, 0xff, 0xe1, 0x23, 0x0, 0x7f, 0x8d,
    0x40, 0x3f, 0xf8, 0x32, 0x1, 0xff, 0xc0, 0xa3,
    0x0, 0xff, 0xac, 0x80, 0x3f, 0xf8, 0x39, 0x2,
    0x1, 0xf2, 0xea, 0x0, 0x7f, 0xf0, 0xdf, 0xb2,
    0x62, 0x13, 0x7d, 0x44, 0x1, 0xff, 0xc6, 0x36,
    0x77, 0x32, 0x8, 0x7, 0xff, 0xfc, 0x3, 0xff,
    0xfe, 0x1, 0xff, 0xff, 0x0, 0xff, 0xff, 0x80,
    0x7f, 0xf6, 0x40,

    /* U+0072 "r" */
    0x0, 0xff, 0xe1, 0x12, 0xb9, 0x9b, 0xff, 0xe0,
    0xc, 0xbb, 0xaa, 0x8b, 0x0, 0xff, 0xaa, 0x84,
    0x1, 0xff, 0xc2, 0x85, 0x0, 0xff, 0xe1, 0x9,
    0x38, 0x7, 0xff, 0xc, 0xe0, 0x3, 0xff, 0x88,
    0x2a, 0x1, 0xff, 0xc4, 0xe0, 0xf, 0xfe, 0x29,
    0x0, 0x78, 0x8f, 0x80, 0x3f, 0xf8, 0x9, 0x7f,
    0xb8, 0xc0, 0x1f, 0xf4, 0xda, 0x0, 0x7f, 0xf0,
    0xa1, 0x80, 0x3f, 0xf8, 0x64, 0xe0, 0x1f, 0xfc,
    0x4a, 0x0, 0xff, 0xe2, 0xa8, 0x7, 0xff, 0x14,
    0x80, 0x3f, 0xf8, 0x84, 0x1, 0xff, 0xc5, 0x60,
    0xf, 0xfe, 0x28, 0x80, 0x7f, 0xf1, 0x4c, 0x3,
    0xff, 0xfe, 0x1, 0xff, 0xff, 0x0, 0xff, 0xff,
    0x80, 0x7f, 0xff, 0xc0, 0x3f, 0xf8, 0x60,

    /* U+0073 "s" */
    0x0, 0xfc, 0x6a, 0xce, 0xf3, 0x21, 0x88, 0x7,
    0xf9, 0xb3, 0xf2, 0xa6, 0x22, 0x9b, 0xce, 0xe5,
    0xb8, 0x7, 0x2f, 0x49, 0x80, 0x7f, 0xc2, 0x90,
    0x1, 0x9a, 0x84, 0x3, 0xff, 0x8e, 0x72, 0x1,
    0xff, 0xc9, 0x80, 0xf, 0xfe, 0x48, 0xa0, 0x7,
    0xff, 0x25, 0x0, 0x3f, 0x25, 0x66, 0xeb, 0x31,
    0x75, 0xc, 0x80, 0xc, 0x0, 0xf9, 0xad, 0x4c,
    0x88, 0x66, 0x45, 0x79, 0xb0, 0x1, 0x80, 0x7d,
    0x40, 0x1f, 0xfc, 0x21, 0x0, 0xf8, 0xc0, 0x3f,
    0xf8, 0x4e, 0x1, 0xff, 0xca, 0x70, 0xf, 0xfe,
    0x91, 0x0, 0x7f, 0xf0, 0x88, 0x3, 0xeb, 0x0,
    0xff, 0xe1, 0x8, 0x7, 0xcd, 0xf9, 0x50, 0xc8,
    0x20, 0x1f, 0x68, 0x7, 0xf1, 0xab, 0xcd, 0xf7,
    0xdb, 0x0, 0x64, 0x0, 0xff, 0xe2, 0x24, 0xf1,
    0x80, 0x5, 0x0, 0x3f, 0xf8, 0xa3, 0xa2, 0x0,
    0x90, 0xf, 0xfe, 0x30, 0xc8, 0x0, 0xb4, 0xc0,
    0x3f, 0xf8, 0xac, 0x1, 0x16, 0x6c, 0xba, 0x90,
    0x7, 0xff, 0x0, 0x4c, 0x3, 0x13, 0x45, 0x6f,
    0xf6, 0x4a, 0x80, 0x7e, 0x50, 0xf, 0xf0, 0x9b,
    0x53, 0x80, 0x7c, 0x20, 0x1f, 0xfc, 0x2b, 0x0,
    0xfb, 0x80, 0x3f, 0xf8, 0x44, 0x1, 0xff, 0xe1,
    0x30, 0xf, 0x84, 0x3, 0xff, 0x84, 0xc0, 0x1f,
    0x78, 0x7, 0xff, 0xb, 0x80, 0x3e, 0x10, 0x99,
    0x3b, 0x2a, 0x19, 0x14, 0x6d, 0x6a, 0x1, 0xf2,
    0x83, 0xb4, 0x4d, 0x5e, 0x6e, 0xd9, 0x28, 0x1,
    0xf8, 0xc0, 0x3f, 0xf9, 0x2c, 0x1, 0xff, 0xca,
    0xb0, 0xf, 0xfe, 0x4c, 0x90, 0x7, 0xff, 0x22,
    0x98, 0x2, 0x64, 0x10, 0xf, 0xfe, 0x1, 0x47,
    0x28, 0x6, 0x8b, 0xef, 0xdc, 0xa9, 0x88, 0xd3,
    0x7d, 0xae, 0x20, 0x18,

    /* U+0074 "t" */
    0x0, 0xef, 0xff, 0xb0, 0x3, 0xff, 0xfe, 0x1,
    0xff, 0xff, 0x0, 0xff, 0xf1, 0x6f, 0xfe, 0x0,
    0xf8, 0xff, 0xfa, 0x80, 0x3f, 0xff, 0xe0, 0x1f,
    0xfc, 0x85, 0x5e, 0x0, 0xf8, 0x55, 0x7b, 0x22,
    0xab, 0x0, 0x7c, 0x55, 0x5c, 0xc0, 0x1f, 0xff,
    0xf0, 0xf, 0xff, 0xf8, 0x7, 0xff, 0xfc, 0x3,
    0xff, 0xfe, 0x1, 0xff, 0xff, 0x0, 0xff, 0xff,
    0x80, 0x7f, 0xff, 0xc0, 0x3e,

    /* U+0075 "u" */
    0x5f, 0xff, 0x9c, 0x3, 0xf2, 0x7f, 0xfd, 0x0,
    0x1f, 0xff, 0xf0, 0xf, 0xff, 0xf8, 0x7, 0xff,
    0xfc, 0x3, 0xff, 0xfe, 0x1, 0xff, 0xff, 0x0,
    0xff, 0xff, 0x80, 0x7f, 0xff, 0xc0, 0x3f, 0xfb,
    0x42, 0x1, 0xff, 0xc4, 0xf0, 0xf, 0xc6, 0x1,
    0xff, 0xcd, 0x10, 0xf, 0xc2, 0x1, 0xf0, 0x80,
    0x7e, 0xe0, 0xf, 0xce, 0x1, 0xf1, 0x0, 0x7e,
    0x40, 0xf, 0xc2, 0x1, 0xf2, 0x0, 0x7c, 0x64,
    0x1, 0xf8, 0xc0, 0x3f, 0x48, 0x7, 0x1e, 0x80,
    0x7f, 0x8, 0x7, 0xe6, 0xfc, 0xbc, 0xec, 0x10,
    0xf, 0xf1, 0x80, 0x7f, 0x1a, 0x18, 0x80, 0x7f,
    0xf0, 0x10, 0x3, 0xff, 0x86, 0xa0, 0x1f, 0xd6,
    0x1, 0xff, 0xc3, 0xb1, 0x0, 0xfc, 0x68, 0x1,
    0xff, 0xc1, 0x81, 0x30, 0xf, 0xea, 0x20, 0xf,
    0xf9, 0x9c, 0x4, 0x3, 0xf8, 0x75, 0xc4, 0x3,
    0xe3, 0xb9, 0x0, 0x38, 0x7, 0xfd, 0x1d, 0x93,
    0x11, 0x57, 0x62, 0x0, 0x57, 0xff, 0xe8,

    /* U+0076 "v" */
    0xdf, 0xff, 0x84, 0x3, 0xfc, 0xbf, 0xff, 0x3b,
    0x80, 0x3e, 0x50, 0xf, 0xf6, 0x0, 0x7c, 0x98,
    0x1, 0xf6, 0x0, 0x7f, 0x94, 0x3, 0xe3, 0x40,
    0xf, 0x8c, 0x3, 0xfc, 0x60, 0x1e, 0x30, 0x21,
    0x0, 0xf2, 0x80, 0x7f, 0x10, 0x7, 0xc8, 0x0,
    0x50, 0xf, 0x8, 0x80, 0x3f, 0x38, 0x7, 0xd8,
    0x0, 0xc0, 0xf, 0x90, 0x3, 0xf6, 0x0, 0x7c,
    0x80, 0x4, 0x0, 0xfb, 0x40, 0x3f, 0x28, 0x7,
    0x8c, 0x2, 0x30, 0xf, 0x8c, 0x3, 0xf1, 0x80,
    0x79, 0x40, 0x32, 0x0, 0x79, 0x40, 0x3e, 0x20,
    0xf, 0xb0, 0x3, 0x18, 0x7, 0x84, 0x80, 0x3c,
    0x80, 0x1f, 0x20, 0x6, 0xc0, 0xf, 0x9c, 0x3,
    0xde, 0x1, 0xe2, 0x10, 0xc, 0x80, 0x1f, 0x68,
    0x7, 0x94, 0x3, 0xce, 0x1, 0xe3, 0x0, 0xf1,
    0x80, 0x78, 0xc0, 0x3d, 0x80, 0x1e, 0x50, 0xf,
    0x20, 0x7, 0x10, 0x7, 0xc8, 0x1, 0xec, 0x0,
    0xf8, 0x80, 0x32, 0x0, 0x78, 0x48, 0x3, 0xc8,
    0x1, 0xf3, 0x80, 0x6f, 0x0, 0xf2, 0x80, 0x7c,
    0x24, 0x1, 0xed, 0x0, 0xca, 0x1, 0xec, 0x0,
    0xfc, 0xe0, 0x1e, 0x40, 0xc, 0x60, 0x1e, 0x40,
    0xf, 0xd8, 0x1, 0xe3, 0x0, 0x8c, 0x3, 0xe3,
    0x0, 0xfc, 0x80, 0x1f, 0x10, 0x1, 0x40, 0x3c,
    0x80, 0x1f, 0xc4, 0x20, 0x1e, 0x70, 0x7, 0x80,
    0x78, 0xc0, 0x3f, 0xc8, 0x1, 0xec, 0x0, 0x28,
    0x7, 0xb0, 0x3, 0xfd, 0xa0, 0x1e, 0x50, 0x1,
    0x80, 0x79, 0x0, 0x3f, 0xc8, 0x1, 0xe3, 0x3,
    0x0, 0xf1, 0x80, 0x7f, 0xc6, 0x1, 0xf1, 0x28,
    0x7, 0x94, 0x3, 0xff, 0x80, 0x80, 0x1e, 0x4f,
    0x0, 0xf6, 0x0, 0x7f, 0xf0, 0xc, 0x3, 0xda,
    0x80, 0x1e, 0x40, 0xf, 0xfe, 0x6, 0x0, 0x79,
    0x8, 0x3, 0x88, 0x40, 0x3f, 0xf8, 0x8, 0x1,
    0xff, 0xc1, 0x40, 0xf, 0xfe, 0x11, 0x80, 0x7f,
    0xf0, 0x3c, 0x3, 0xff, 0x84, 0xa0, 0x1f, 0xfc,
    0x4, 0x0, 0xff, 0xe1, 0x60, 0x7, 0xfc, 0x24,
    0x1, 0xff, 0xc2, 0x40, 0xf, 0xf9, 0x0, 0x3f,
    0xf8, 0x62, 0x40, 0x1f, 0xed, 0x0, 0xff, 0xe2,
    0x20, 0x7, 0xf9, 0x0, 0x3f, 0x0,

    /* U+0077 "w" */
    0xaf, 0xff, 0x84, 0x3, 0xf0, 0xff, 0xfd, 0xa0,
    0x1f, 0xcb, 0xff, 0xf0, 0x68, 0x7, 0xc4, 0x1,
    0xf9, 0x40, 0x3e, 0x20, 0xf, 0xed, 0x0, 0xf1,
    0x1, 0x80, 0x7c, 0xa0, 0x1f, 0x8c, 0x3, 0xf1,
    0x80, 0x7e, 0x20, 0xf, 0x38, 0x28, 0x7, 0xde,
    0x1, 0xfb, 0x40, 0x3f, 0x28, 0x7, 0xe7, 0x0,
    0xf6, 0x80, 0x88, 0x3, 0xc4, 0x1, 0xf9, 0xc0,
    0x3f, 0x78, 0x7, 0xe2, 0x0, 0xf1, 0x80, 0x14,
    0x3, 0xca, 0x1, 0xf0, 0x90, 0x7, 0xe4, 0x0,
    0xf8, 0x80, 0x3e, 0x50, 0x6, 0x0, 0x78, 0x44,
    0x1, 0xe5, 0x0, 0xfe, 0x20, 0xf, 0x9c, 0x3,
    0xc4, 0x20, 0x3, 0x0, 0xf8, 0x80, 0x3c, 0x60,
    0x1f, 0xe3, 0x0, 0xf1, 0x0, 0x79, 0xc0, 0x25,
    0x0, 0xf9, 0x40, 0x3d, 0xa0, 0x1f, 0xe5, 0x0,
    0xf6, 0x80, 0x7b, 0x40, 0x21, 0x10, 0x7, 0xb8,
    0x3, 0xce, 0x1, 0xfe, 0xf0, 0xf, 0x38, 0x7,
    0x8c, 0x3, 0x28, 0x7, 0x8c, 0x3, 0xc4, 0x1,
    0xfe, 0x50, 0xf, 0x10, 0x7, 0x94, 0x3, 0x18,
    0x7, 0x94, 0x3, 0x90, 0x3, 0xfe, 0x30, 0xe,
    0x20, 0xf, 0x8, 0x80, 0x36, 0x0, 0x78, 0x40,
    0x38, 0xc0, 0x3f, 0xf8, 0x6, 0x1, 0x98, 0x3,
    0xca, 0x1, 0xca, 0x1, 0xf1, 0x80, 0x6d, 0x0,
    0xe1, 0x0, 0xf2, 0x80, 0x63, 0x0, 0xf6, 0x0,
    0x70, 0x88, 0x3, 0xcc, 0x1, 0x9c, 0x3, 0xac,
    0x80, 0x3b, 0xc0, 0x37, 0x0, 0x78, 0xc0, 0x3c,
    0xa0, 0x1e, 0xd0, 0xc, 0x40, 0x1c, 0xe8, 0x1,
    0xca, 0x1, 0x94, 0x3, 0xca, 0x1, 0xe3, 0x0,
    0xf1, 0x80, 0x46, 0x1, 0xc2, 0x5e, 0x1, 0xc6,
    0x1, 0x8c, 0x3, 0x84, 0x40, 0x1e, 0xd0, 0xf,
    0x30, 0x4, 0xa0, 0x1c, 0xa0, 0xa0, 0x1e, 0x30,
    0x0, 0x80, 0x79, 0x40, 0x3e, 0x40, 0xf, 0x10,
    0x5, 0x80, 0x1c, 0x60, 0x60, 0x1e, 0x50, 0x2,
    0x80, 0x78, 0xc0, 0x3e, 0x11, 0x0, 0x78, 0xc0,
    0xe, 0x1, 0xda, 0x0, 0x20, 0xe, 0xf0, 0x1,
    0x0, 0x7b, 0x40, 0x3f, 0x28, 0x7, 0x98, 0x0,
    0x40, 0x1c, 0xe0, 0x7, 0x0, 0xe5, 0x0, 0x78,
    0x7, 0x90, 0x3, 0xf1, 0x80, 0x7b, 0x40, 0xc0,
    0x3c, 0x40, 0xc, 0x0, 0xe3, 0x0, 0x28, 0x7,
    0x8, 0x80, 0x3f, 0x68, 0x7, 0x88, 0x14, 0x3,
    0x8c, 0x2, 0x50, 0xf, 0x18, 0x10, 0x7, 0x28,
    0x7, 0xf2, 0x0, 0x79, 0xc3, 0xc0, 0x39, 0x0,
    0x23, 0x0, 0xf2, 0x88, 0x80, 0x38, 0xc0, 0x3f,
    0x84, 0x40, 0x1c, 0x40, 0x80, 0x1d, 0xa0, 0x18,
    0x80, 0x3b, 0xc8, 0x3, 0xda, 0x1, 0xfe, 0x50,
    0xf, 0x19, 0x0, 0x73, 0x80, 0x67, 0x0, 0xe5,
    0x50, 0x7, 0x9c, 0x3, 0xfc, 0x60, 0x1e, 0xf0,
    0xf, 0x10, 0x6, 0xd0, 0xe, 0x3b, 0x0, 0xe1,
    0x20, 0xf, 0xf6, 0x80, 0x78, 0xc0, 0x38, 0xc0,
    0x39, 0x0, 0x3c, 0x40, 0x1c, 0xa0, 0x1f, 0xf3,
    0x80, 0x7f, 0xf0, 0x10, 0x3, 0x8c, 0x3, 0xff,
    0x80, 0x60, 0x1f, 0xf1, 0x8, 0x7, 0xfd, 0xa0,
    0x1e, 0x20, 0xf, 0xfb, 0x40, 0x3f, 0xf8, 0xa,
    0x1, 0xff, 0x38, 0x7, 0x9c, 0x3, 0xfe, 0x70,
    0xf, 0xfe, 0x1, 0x80, 0x7f, 0xc4, 0x1, 0xed,
    0x0, 0xff, 0x88, 0x3, 0xff, 0x81, 0xa0, 0x1f,
    0xe3, 0x0, 0xf8, 0xc0, 0x3f, 0xc6, 0x1, 0xff,
    0xc1, 0x70, 0xf, 0xf2, 0x80, 0x7c, 0xa0, 0x1f,
    0xe5, 0x0, 0xff, 0xe0, 0x90, 0x80, 0x7f, 0x60,
    0x7, 0xc2, 0x40, 0x1f, 0xd8, 0x1, 0xff, 0xc2,
    0x50, 0xf, 0xe7, 0x0, 0xfc, 0xe0, 0x1f, 0xce,
    0x1, 0xf0,

    /* U+0078 "x" */
    0x8f, 0xff, 0xb0, 0x3, 0xfc, 0xbf, 0xff, 0x58,
    0x48, 0x7, 0xc6, 0x80, 0x1f, 0xd2, 0x1, 0xf4,
    0x0, 0xb8, 0x7, 0xde, 0x1, 0xf9, 0xc, 0x3,
    0xc8, 0x60, 0x9, 0x0, 0xf9, 0xc, 0x3, 0xef,
    0x0, 0xfa, 0x0, 0x21, 0x70, 0xf, 0xa4, 0x3,
    0xc4, 0x80, 0x1e, 0x43, 0x0, 0xd2, 0x1, 0xf2,
    0x90, 0x7, 0x40, 0x7, 0xd0, 0x1, 0xc2, 0xe0,
    0x1f, 0x58, 0x6, 0x15, 0x0, 0xf2, 0x18, 0x7,
    0xa4, 0x3, 0xe6, 0x10, 0xa, 0x40, 0x3e, 0x80,
    0xf, 0x85, 0xc0, 0x3e, 0x90, 0x0, 0xb8, 0x7,
    0x90, 0xc0, 0x3f, 0x48, 0x7, 0xcc, 0x0, 0x60,
    0xf, 0xa0, 0x3, 0xf8, 0x5c, 0x3, 0xc2, 0xe1,
    0x20, 0x1e, 0x43, 0x0, 0xff, 0x48, 0x7, 0xd2,
    0xe2, 0x1, 0xe8, 0x0, 0xff, 0x85, 0xc0, 0x3c,
    0x30, 0x1, 0xe4, 0x30, 0xf, 0xfe, 0x4, 0x80,
    0x7f, 0xf0, 0xa0, 0x3, 0xff, 0x82, 0x2e, 0x1,
    0xff, 0xc0, 0x43, 0x0, 0xff, 0xe1, 0x48, 0x7,
    0xff, 0x3, 0xc0, 0x3f, 0xf8, 0x62, 0xe0, 0x1f,
    0xe3, 0x40, 0xf, 0xfe, 0x24, 0x80, 0x7f, 0xa0,
    0x3, 0xff, 0x8a, 0xa0, 0x1f, 0xec, 0x0, 0xff,
    0xe2, 0xc0, 0x7, 0xf9, 0xc4, 0x3, 0xff, 0x86,
    0x86, 0x1, 0xff, 0x48, 0x7, 0xff, 0xe, 0x0,
    0x3f, 0xf8, 0xe, 0x20, 0x1f, 0xfc, 0x14, 0x30,
    0xf, 0xfe, 0xc, 0x80, 0x7f, 0xf0, 0x60, 0x3,
    0xc4, 0x40, 0xf, 0x38, 0x80, 0x7f, 0xc8, 0x60,
    0x1e, 0x88, 0x0, 0x7d, 0x20, 0x1f, 0xf4, 0x0,
    0x78, 0x95, 0x44, 0x1, 0xe7, 0x10, 0xf, 0xe4,
    0x30, 0xf, 0x58, 0x2, 0xc0, 0x3e, 0x90, 0xf,
    0xe8, 0x0, 0xf0, 0xb0, 0x1, 0x84, 0x3, 0xce,
    0x20, 0x1f, 0x21, 0x80, 0x7a, 0x40, 0x33, 0x0,
    0x7d, 0x20, 0x1f, 0x40, 0x7, 0xcc, 0x1, 0xa4,
    0x3, 0xe7, 0x10, 0xe, 0x43, 0x0, 0xf3, 0x88,
    0x6, 0x16, 0x0, 0xfa, 0x40, 0x3a, 0x0, 0x3e,
    0x90, 0xf, 0x58, 0x7, 0xcc, 0x1, 0x90, 0xc0,
    0x3c, 0xc2, 0x1, 0xe2, 0x40, 0xf, 0xb, 0x80,
    0x5e, 0x1, 0xf5, 0x80, 0x7e, 0xf0, 0xf, 0xa4,
    0x0, 0x68, 0x1, 0xe4, 0x20, 0xf, 0xc8, 0x60,
    0x1e, 0x17, 0x8, 0x0, 0xfa, 0x0, 0x3f, 0xd2,
    0x1, 0xf4, 0x80,

    /* U+0079 "y" */
    0x5f, 0xff, 0x9c, 0x3, 0xf2, 0x7f, 0xfd, 0x0,
    0x1f, 0xff, 0xf0, 0xf, 0xff, 0xf8, 0x7, 0xff,
    0xfc, 0x3, 0xff, 0xfe, 0x1, 0xff, 0xff, 0x0,
    0xff, 0xff, 0x80, 0x7f, 0xff, 0xc0, 0x3f, 0xf9,
    0x22, 0x1, 0xff, 0xc4, 0x10, 0xf, 0xfe, 0x27,
    0x80, 0x7e, 0x30, 0xf, 0xfe, 0x20, 0x80, 0x7e,
    0x10, 0xf, 0xce, 0x1, 0xf1, 0x80, 0x7e, 0xe0,
    0xf, 0xc2, 0x1, 0xf3, 0x0, 0x7e, 0x40, 0xf,
    0xc6, 0x1, 0xf1, 0x88, 0x7, 0x94, 0x80, 0x3f,
    0x8, 0x7, 0xed, 0x41, 0x0, 0x14, 0x50, 0x7,
    0xf8, 0x80, 0x3e, 0x3b, 0xef, 0xf6, 0xb8, 0x7,
    0xfc, 0xe0, 0x1f, 0xfc, 0xdf, 0x0, 0xff, 0xe1,
    0xc0, 0x7, 0xf2, 0x88, 0x7, 0xff, 0x5, 0x4c,
    0x3, 0xfd, 0x40, 0x1f, 0xfc, 0x1, 0xb0, 0xf,
    0xde, 0x0, 0x4a, 0x0, 0xff, 0x1f, 0x88, 0x7,
    0xff, 0x1, 0x7a, 0x10, 0x40, 0x22, 0x6b, 0xc1,
    0x0, 0xff, 0xe1, 0xb, 0xdf, 0x7f, 0xdb, 0x28,
    0x1, 0x8, 0x7, 0xc2, 0x1, 0xff, 0xcd, 0x30,
    0xf, 0xfe, 0x29, 0x0, 0x7c, 0x20, 0x1f, 0xfc,
    0x5f, 0x0, 0xf9, 0x80, 0x3f, 0xf8, 0xa8, 0x1,
    0xf1, 0x80, 0x7f, 0xf1, 0x8, 0xc0, 0x3c, 0x22,
    0x0, 0xff, 0xe1, 0x97, 0x80, 0x7c, 0x40, 0x11,
    0xaa, 0xfe, 0x67, 0x8c, 0xd2, 0x0, 0xf9, 0x0,
    0x2b, 0xaa, 0xfd, 0x30, 0xe6, 0x1, 0xfd, 0x40,
    0x1f, 0xfc, 0xc4, 0x20, 0xf, 0xfe, 0x64, 0x80,
    0x7f, 0xf3, 0x2c, 0x80, 0x3f, 0xf9, 0x45, 0x88,
    0x1, 0xdc, 0x20, 0x1f, 0xfc, 0x24, 0xad, 0x30,
    0xf, 0x37, 0x7e, 0xe5, 0xd4, 0xca, 0x22, 0x9b,
    0xdf, 0xb5, 0x0, 0xf0,

    /* U+007A "z" */
    0xf, 0xff, 0xfe, 0x52, 0x0, 0x7f, 0xff, 0xc0,
    0x3f, 0xfc, 0x4a, 0xbf, 0xfc, 0x10, 0xf, 0xe5,
    0xa, 0xaf, 0xfe, 0x6, 0x0, 0x7e, 0x81, 0x0,
    0xff, 0xe0, 0xc0, 0x7, 0xc4, 0xe0, 0x1f, 0xfc,
    0x19, 0x10, 0xf, 0xa4, 0x3, 0xff, 0x82, 0x4c,
    0x1, 0xf2, 0xa0, 0x7, 0xff, 0x6, 0x40, 0x3f,
    0x40, 0x7, 0xff, 0x5, 0x50, 0x3, 0xe8, 0x20,
    0xf, 0xfe, 0xd, 0x80, 0x7c, 0x4e, 0x1, 0xff,
    0xc1, 0x81, 0x0, 0xfa, 0x0, 0x3f, 0xf8, 0x24,
    0xe0, 0x1f, 0x22, 0x80, 0x7f, 0xf0, 0x64, 0x3,
    0xf4, 0x80, 0x7f, 0xf0, 0x51, 0x0, 0x1f, 0x39,
    0x0, 0x7f, 0xf0, 0x64, 0x3, 0xe1, 0x80, 0xf,
    0xfe, 0xb, 0x90, 0x7, 0xd6, 0x1, 0xff, 0xc1,
    0x18, 0x0, 0xf8, 0xd4, 0x3, 0xff, 0x83, 0x60,
    0x1f, 0xb8, 0x3, 0xff, 0x82, 0x6a, 0x1, 0xf3,
    0x10, 0x7, 0xff, 0x7, 0x80, 0x3e, 0x18, 0x0,
    0xff, 0xe0, 0xb1, 0x0, 0x7d, 0x2, 0x1, 0xff,
    0xc0, 0x18, 0x0, 0xf8, 0xd8, 0x3, 0xff, 0x83,
    0x2, 0x1, 0xf7, 0x80, 0x7f, 0xf0, 0x4d, 0x80,
    0x3e, 0x63, 0x0, 0xff, 0xe0, 0xf8, 0x7, 0xe8,
    0x0, 0xff, 0xe0, 0xa9, 0x80, 0x7c, 0x57, 0x55,
    0xff, 0xc0, 0x4d, 0x0, 0xfc, 0x4a, 0xbf, 0xfc,
    0x12, 0x0, 0xff, 0xff, 0x80, 0x7f, 0xf8, 0x40,

    /* U+007B "{" */
    0x0, 0xff, 0xe0, 0x2f, 0x7f, 0xe6, 0x0, 0xff,
    0xa6, 0x84, 0x2, 0x56, 0x0, 0xff, 0x53, 0x0,
    0x61, 0xa0, 0xf, 0xf4, 0x28, 0x7, 0x50, 0x7,
    0xf8, 0xdc, 0x3, 0x95, 0x0, 0x3f, 0xdc, 0x1,
    0xe8, 0x0, 0xff, 0x31, 0x0, 0x72, 0x90, 0x7,
    0xfa, 0x0, 0x3d, 0xe0, 0x1f, 0xe4, 0x10, 0xf,
    0x28, 0x7, 0xfb, 0x0, 0x3c, 0x60, 0x1f, 0xf2,
    0x0, 0x79, 0x80, 0x3f, 0xe2, 0x0, 0xf1, 0x0,
    0x7f, 0xc2, 0x1, 0xef, 0x0, 0xff, 0xff, 0x80,
    0x7f, 0xff, 0xc0, 0x3f, 0xfb, 0x62, 0x1, 0xfe,
    0x10, 0xf, 0x8c, 0x3, 0xfc, 0x40, 0x1f, 0x38,
    0x7, 0xf9, 0x0, 0x3e, 0x20, 0xf, 0xf6, 0x0,
    0x79, 0x40, 0x3f, 0xc4, 0x80, 0x1e, 0x90, 0xf,
    0xf7, 0x0, 0x79, 0x8c, 0x3, 0xe1, 0x5c, 0x30,
    0xe, 0x49, 0x0, 0xf9, 0xfa, 0x8c, 0x3, 0x9e,
    0xc0, 0x3f, 0xf8, 0x73, 0xd0, 0x1, 0xff, 0xc4,
    0xc5, 0x0, 0xff, 0xe2, 0xad, 0xd8, 0x40, 0x3f,
    0x3e, 0xc9, 0x0, 0x72, 0x78, 0x80, 0x7e, 0x26,
    0xd3, 0x0, 0xe1, 0xa0, 0xf, 0xfb, 0x80, 0x3c,
    0x88, 0x0, 0xff, 0x11, 0x80, 0x7b, 0xc0, 0x3f,
    0xeb, 0x0, 0xf2, 0x0, 0x7f, 0xc6, 0x1, 0xf1,
    0x80, 0x7f, 0x94, 0x3, 0xe6, 0x0, 0xff, 0x8,
    0x7, 0xc6, 0x1, 0xff, 0xc6, 0x10, 0xf, 0xff,
    0xf8, 0x7, 0xff, 0xfc, 0x3, 0xff, 0xa8, 0x20,
    0x1e, 0xf0, 0xf, 0xf8, 0x80, 0x3c, 0x40, 0x1f,
    0xf2, 0x0, 0x79, 0xc0, 0x3f, 0xeb, 0x0, 0xf1,
    0x8, 0x7, 0xf8, 0xc8, 0x3, 0xce, 0x1, 0xff,
    0x58, 0x7, 0xa8, 0x3, 0xfe, 0x62, 0x0, 0xe3,
    0x40, 0xf, 0xfb, 0x80, 0x3d, 0x0, 0x1f, 0xf1,
    0xc0, 0x7, 0x1b, 0x0, 0x7f, 0xce, 0xe0, 0xe,
    0x92, 0x0, 0xff, 0xa2, 0x0, 0x1d, 0xc0, 0x1f,
    0xfc, 0x7, 0xd4, 0x33, 0x81, 0x80,

    /* U+007C "|" */
    0x4f, 0xff, 0x80, 0x3f, 0xff, 0xe0, 0x1f, 0xff,
    0xf0, 0xf, 0xff, 0xf8, 0x7, 0xff, 0xfc, 0x3,
    0xff, 0xfe, 0x1, 0xff, 0xff, 0x0, 0xff, 0xf5,
    0x33, 0x7c, 0xe0,

    /* U+007D "}" */
    0x3f, 0xfe, 0x70, 0xf, 0xfe, 0x1, 0xb8, 0x6,
    0x8b, 0x0, 0xff, 0xe0, 0x41, 0x80, 0x64, 0xc0,
    0xf, 0xfe, 0x7, 0x80, 0x71, 0xd0, 0x7, 0xfc,
    0x6c, 0x1, 0xca, 0xc0, 0x1f, 0xf4, 0x0, 0x7a,
    0x44, 0x3, 0xfc, 0x2c, 0x1, 0xe8, 0x0, 0xff,
    0xa8, 0x3, 0xcc, 0x20, 0x1f, 0xe3, 0x10, 0xf,
    0x38, 0x7, 0xfc, 0x80, 0x1e, 0xd0, 0xf, 0xfb,
    0x40, 0x3c, 0x80, 0x1f, 0xf1, 0x0, 0x7c, 0x20,
    0x1f, 0xfc, 0x63, 0x0, 0xff, 0x8, 0x7, 0xc2,
    0x1, 0xff, 0xff, 0x0, 0xff, 0xff, 0x80, 0x7f,
    0xf0, 0x1c, 0x3, 0xff, 0x8c, 0x20, 0x1f, 0x38,
    0x7, 0xf8, 0x80, 0x3e, 0x20, 0xf, 0xf8, 0xc0,
    0x3d, 0xe0, 0x1f, 0xf5, 0x80, 0x79, 0xc0, 0x3f,
    0xe6, 0x0, 0xf0, 0xa0, 0x7, 0xf8, 0x60, 0x3,
    0xd2, 0x20, 0x1f, 0xe7, 0x60, 0xe, 0x2f, 0x61,
    0x0, 0xfe, 0x99, 0x8, 0x6, 0x19, 0xea, 0x0,
    0xfe, 0x6e, 0x92, 0x0, 0xff, 0xe2, 0x1f, 0x90,
    0x7, 0xff, 0xe, 0xb1, 0x80, 0x3f, 0xf8, 0x78,
    0xa0, 0x1c, 0x31, 0x96, 0x1, 0xf4, 0x98, 0x7,
    0xf, 0xb9, 0x88, 0x7, 0x89, 0x80, 0x3d, 0x62,
    0x1, 0xfd, 0x40, 0x1e, 0x15, 0x0, 0xff, 0x28,
    0x7, 0x9c, 0x3, 0xfe, 0x20, 0xf, 0x78, 0x7,
    0xf8, 0x80, 0x3e, 0x20, 0xf, 0xf0, 0x80, 0x7c,
    0xe0, 0x1f, 0xe7, 0x0, 0xff, 0xff, 0x80, 0x7f,
    0xff, 0xc0, 0x3f, 0xf9, 0x2, 0x1, 0xf0, 0x80,
    0x7f, 0x8c, 0x3, 0xe3, 0x0, 0xff, 0x70, 0x7,
    0x84, 0x40, 0x1f, 0xe2, 0x0, 0xf2, 0x80, 0x7f,
    0xc8, 0x1, 0xed, 0x0, 0xff, 0x18, 0x80, 0x79,
    0xc0, 0x3f, 0xd4, 0x1, 0xe7, 0x10, 0xf, 0xe1,
    0x60, 0xe, 0x19, 0x0, 0xff, 0x58, 0x7, 0xac,
    0x40, 0x3f, 0x8d, 0x40, 0x39, 0x94, 0x3, 0xfd,
    0xc0, 0x1c, 0x92, 0x1, 0xfe, 0x92, 0x0, 0xcd,
    0x60, 0x1f, 0xe3, 0x53, 0x3d, 0x72, 0x1, 0xff,
    0x0,

    /* U+007E "~" */
    0x0, 0xff, 0xe4, 0xff, 0xe9, 0x0, 0x9b, 0x3b,
    0xfd, 0xd7, 0x2c, 0x40, 0x1f, 0x8, 0x6, 0x10,
    0x4, 0xc8, 0xc4, 0x0, 0x28, 0xd3, 0xbd, 0x4c,
    0x40, 0x12, 0x80, 0x79, 0x18, 0x3, 0xfc, 0x2b,
    0x3b, 0xd9, 0x8b, 0x0, 0xde, 0x1a, 0x1, 0xff,
    0xc3, 0x13, 0x30, 0x7, 0x10, 0x20, 0x7, 0xff,
    0x2d, 0xc0, 0xc0, 0x31, 0x2a, 0x8, 0x7, 0xff,
    0x8, 0x88, 0x2, 0x1, 0xe, 0xd5, 0xf6, 0xca,
    0x88, 0x7, 0xfb, 0x80, 0x3c, 0xa0, 0x18, 0x9a,
    0xbb, 0x65, 0x4c, 0x40, 0x2, 0xb8, 0x60, 0x1e,
    0x10, 0xf, 0xc4, 0xd5, 0x9d, 0xfe, 0xea, 0x30,
    0x0,

    /* U+00B7 "·" */
    0x28, 0x8f, 0xc6, 0xce, 0xff, 0x90, 0x3, 0xff,
    0xf4
};


/*---------------------
 *  GLYPH DESCRIPTION
 *--------------------*/

static const lv_font_fmt_txt_glyph_dsc_t glyph_dsc[] = {
    {.bitmap_index = 0, .adv_w = 0, .box_w = 0, .box_h = 0, .ofs_x = 0, .ofs_y = 0} /* id = 0 reserved */,
    {.bitmap_index = 0, .adv_w = 214, .box_w = 0, .box_h = 0, .ofs_x = 0, .ofs_y = 0},
    {.bitmap_index = 0, .adv_w = 276, .box_w = 10, .box_h = 49, .ofs_x = 4, .ofs_y = 0},
    {.bitmap_index = 116, .adv_w = 403, .box_w = 19, .box_h = 19, .ofs_x = 3, .ofs_y = 30},
    {.bitmap_index = 221, .adv_w = 646, .box_w = 33, .box_h = 49, .ofs_x = 3, .ofs_y = 0},
    {.bitmap_index = 641, .adv_w = 471, .box_w = 24, .box_h = 51, .ofs_x = 3, .ofs_y = -1},
    {.bitmap_index = 919, .adv_w = 806, .box_w = 45, .box_h = 51, .ofs_x = 3, .ofs_y = -1},
    {.bitmap_index = 1547, .adv_w = 624, .box_w = 35, .box_h = 51, .ofs_x = 3, .ofs_y = -1},
    {.bitmap_index = 1893, .adv_w = 228, .box_w = 8, .box_h = 19, .ofs_x = 3, .ofs_y = 30},
    {.bitmap_index = 1938, .adv_w = 316, .box_w = 16, .box_h = 64, .ofs_x = 3, .ofs_y = -11},
    {.bitmap_index = 2190, .adv_w = 316, .box_w = 15, .box_h = 64, .ofs_x = 1, .ofs_y = -11},
    {.bitmap_index = 2442, .adv_w = 468, .box_w = 23, .box_h = 24, .ofs_x = 3, .ofs_y = 25},
    {.bitmap_index = 2640, .adv_w = 547, .box_w = 27, .box_h = 26, .ofs_x = 4, .ofs_y = 5},
    {.bitmap_index = 2697, .adv_w = 258, .box_w = 10, .box_h = 19, .ofs_x = 3, .ofs_y = -10},
    {.bitmap_index = 2744, .adv_w = 346, .box_w = 15, .box_h = 8, .ofs_x = 3, .ofs_y = 17},
    {.bitmap_index = 2758, .adv_w = 258, .box_w = 10, .box_h = 9, .ofs_x = 3, .ofs_y = 0},
    {.bitmap_index = 2767, .adv_w = 362, .box_w = 21, .box_h = 57, .ofs_x = 1, .ofs_y = -4},
    {.bitmap_index = 3104, .adv_w = 550, .box_w = 29, .box_h = 51, .ofs_x = 3, .ofs_y = -1},
    {.bitmap_index = 3415, .adv_w = 344, .box_w = 16, .box_h = 49, .ofs_x = 1, .ofs_y = 0},
    {.bitmap_index = 3486, .adv_w = 513, .box_w = 28, .box_h = 50, .ofs_x = 2, .ofs_y = 0},
    {.bitmap_index = 3765, .adv_w = 497, .box_w = 28, .box_h = 51, .ofs_x = 1, .ofs_y = -1},
    {.bitmap_index = 4081, .adv_w = 538, .box_w = 31, .box_h = 49, .ofs_x = 1, .ofs_y = 0},
    {.bitmap_index = 4352, .adv_w = 515, .box_w = 27, .box_h = 50, .ofs_x = 3, .ofs_y = -1},
    {.bitmap_index = 4580, .adv_w = 546, .box_w = 29, .box_h = 51, .ofs_x = 3, .ofs_y = -1},
    {.bitmap_index = 4949, .adv_w = 479, .box_w = 28, .box_h = 49, .ofs_x = 1, .ofs_y = 0},
    {.bitmap_index = 5228, .adv_w = 563, .box_w = 30, .box_h = 51, .ofs_x = 3, .ofs_y = -1},
    {.bitmap_index = 5642, .adv_w = 546, .box_w = 29, .box_h = 51, .ofs_x = 2, .ofs_y = -1},
    {.bitmap_index = 6008, .adv_w = 258, .box_w = 10, .box_h = 36, .ofs_x = 3, .ofs_y = 0},
    {.bitmap_index = 6038, .adv_w = 258, .box_w = 10, .box_h = 46, .ofs_x = 3, .ofs_y = -10},
    {.bitmap_index = 6107, .adv_w = 547, .box_w = 27, .box_h = 28, .ofs_x = 4, .ofs_y = 4},
    {.bitmap_index = 6295, .adv_w = 547, .box_w = 27, .box_h = 20, .ofs_x = 4, .ofs_y = 8},
    {.bitmap_index = 6332, .adv_w = 547, .box_w = 27, .box_h = 28, .ofs_x = 4, .ofs_y = 4},
    {.bitmap_index = 6521, .adv_w = 440, .box_w = 23, .box_h = 50, .ofs_x = 2, .ofs_y = 0},
    {.bitmap_index = 6736, .adv_w = 802, .box_w = 43, .box_h = 58, .ofs_x = 4, .ofs_y = -8},
    {.bitmap_index = 7323, .adv_w = 570, .box_w = 35, .box_h = 49, .ofs_x = 0, .ofs_y = 0},
    {.bitmap_index = 7754, .adv_w = 562, .box_w = 29, .box_h = 49, .ofs_x = 4, .ofs_y = 0},
    {.bitmap_index = 8025, .adv_w = 456, .box_w = 24, .box_h = 51, .ofs_x = 3, .ofs_y = -1},
    {.bitmap_index = 8286, .adv_w = 570, .box_w = 29, .box_h = 49, .ofs_x = 4, .ofs_y = 0},
    {.bitmap_index = 8513, .adv_w = 487, .box_w = 24, .box_h = 49, .ofs_x = 4, .ofs_y = 0},
    {.bitmap_index = 8599, .adv_w = 455, .box_w = 23, .box_h = 49, .ofs_x = 4, .ofs_y = 0},
    {.bitmap_index = 8671, .adv_w = 559, .box_w = 29, .box_h = 51, .ofs_x = 3, .ofs_y = -1},
    {.bitmap_index = 8969, .adv_w = 600, .box_w = 30, .box_h = 49, .ofs_x = 4, .ofs_y = 0},
    {.bitmap_index = 9054, .adv_w = 271, .box_w = 9, .box_h = 49, .ofs_x = 4, .ofs_y = 0},
    {.bitmap_index = 9076, .adv_w = 323, .box_w = 17, .box_h = 49, .ofs_x = 0, .ofs_y = 0},
    {.bitmap_index = 9172, .adv_w = 560, .box_w = 31, .box_h = 49, .ofs_x = 4, .ofs_y = 0},
    {.bitmap_index = 9473, .adv_w = 435, .box_w = 23, .box_h = 49, .ofs_x = 4, .ofs_y = 0},
    {.bitmap_index = 9533, .adv_w = 795, .box_w = 42, .box_h = 49, .ofs_x = 4, .ofs_y = 0},
    {.bitmap_index = 9953, .adv_w = 604, .box_w = 30, .box_h = 49, .ofs_x = 4, .ofs_y = 0},
    {.bitmap_index = 10176, .adv_w = 586, .box_w = 31, .box_h = 51, .ofs_x = 3, .ofs_y = -1},
    {.bitmap_index = 10531, .adv_w = 541, .box_w = 28, .box_h = 49, .ofs_x = 4, .ofs_y = 0},
    {.bitmap_index = 10726, .adv_w = 586, .box_w = 33, .box_h = 58, .ofs_x = 3, .ofs_y = -8},
    {.bitmap_index = 11144, .adv_w = 564, .box_w = 30, .box_h = 49, .ofs_x = 4, .ofs_y = 0},
    {.bitmap_index = 11420, .adv_w = 509, .box_w = 28, .box_h = 51, .ofs_x = 2, .ofs_y = -1},
    {.bitmap_index = 11754, .adv_w = 477, .box_w = 29, .box_h = 49, .ofs_x = 0, .ofs_y = 0},
    {.bitmap_index = 11832, .adv_w = 586, .box_w = 30, .box_h = 50, .ofs_x = 3, .ofs_y = -1},
    {.bitmap_index = 12020, .adv_w = 548, .box_w = 34, .box_h = 49, .ofs_x = 0, .ofs_y = 0},
    {.bitmap_index = 12471, .adv_w = 849, .box_w = 51, .box_h = 49, .ofs_x = 1, .ofs_y = 0},
    {.bitmap_index = 13204, .adv_w = 569, .box_w = 34, .box_h = 49, .ofs_x = 1, .ofs_y = 0},
    {.bitmap_index = 13661, .adv_w = 521, .box_w = 33, .box_h = 49, .ofs_x = 0, .ofs_y = 0},
    {.bitmap_index = 13973, .adv_w = 498, .box_w = 27, .box_h = 49, .ofs_x = 2, .ofs_y = 0},
    {.bitmap_index = 14233, .adv_w = 326, .box_w = 15, .box_h = 64, .ofs_x = 4, .ofs_y = -11},
    {.bitmap_index = 14291, .adv_w = 362, .box_w = 21, .box_h = 57, .ofs_x = 1, .ofs_y = -4},
    {.bitmap_index = 14621, .adv_w = 325, .box_w = 15, .box_h = 64, .ofs_x = 2, .ofs_y = -11},
    {.bitmap_index = 14680, .adv_w = 456, .box_w = 26, .box_h = 20, .ofs_x = 1, .ofs_y = 34},
    {.bitmap_index = 14841, .adv_w = 400, .box_w = 25, .box_h = 7, .ofs_x = 0, .ofs_y = -13},
    {.bitmap_index = 14855, .adv_w = 202, .box_w = 13, .box_h = 10, .ofs_x = 0, .ofs_y = 43},
    {.bitmap_index = 14899, .adv_w = 486, .box_w = 25, .box_h = 38, .ofs_x = 2, .ofs_y = -1},
    {.bitmap_index = 15144, .adv_w = 513, .box_w = 27, .box_h = 54, .ofs_x = 3, .ofs_y = -1},
    {.bitmap_index = 15402, .adv_w = 394, .box_w = 21, .box_h = 38, .ofs_x = 2, .ofs_y = -1},
    {.bitmap_index = 15590, .adv_w = 513, .box_w = 27, .box_h = 54, .ofs_x = 2, .ofs_y = -1},
    {.bitmap_index = 15853, .adv_w = 490, .box_w = 26, .box_h = 38, .ofs_x = 2, .ofs_y = -1},
    {.bitmap_index = 16088, .adv_w = 341, .box_w = 20, .box_h = 53, .ofs_x = 1, .ofs_y = 0},
    {.bitmap_index = 16200, .adv_w = 511, .box_w = 27, .box_h = 52, .ofs_x = 2, .ofs_y = -15},
    {.bitmap_index = 16524, .adv_w = 517, .box_w = 26, .box_h = 53, .ofs_x = 3, .ofs_y = 0},
    {.bitmap_index = 16678, .adv_w = 247, .box_w = 9, .box_h = 53, .ofs_x = 3, .ofs_y = 0},
    {.bitmap_index = 16711, .adv_w = 247, .box_w = 13, .box_h = 67, .ofs_x = -1, .ofs_y = -14},
    {.bitmap_index = 16799, .adv_w = 484, .box_w = 27, .box_h = 53, .ofs_x = 3, .ofs_y = 0},
    {.bitmap_index = 17039, .adv_w = 247, .box_w = 9, .box_h = 53, .ofs_x = 3, .ofs_y = 0},
    {.bitmap_index = 17064, .adv_w = 773, .box_w = 42, .box_h = 37, .ofs_x = 3, .ofs_y = 0},
    {.bitmap_index = 17290, .adv_w = 517, .box_w = 26, .box_h = 37, .ofs_x = 3, .ofs_y = 0},
    {.bitmap_index = 17429, .adv_w = 501, .box_w = 27, .box_h = 38, .ofs_x = 2, .ofs_y = -1},
    {.bitmap_index = 17681, .adv_w = 513, .box_w = 27, .box_h = 51, .ofs_x = 3, .ofs_y = -14},
    {.bitmap_index = 17944, .adv_w = 513, .box_w = 27, .box_h = 51, .ofs_x = 2, .ofs_y = -14},
    {.bitmap_index = 18203, .adv_w = 348, .box_w = 18, .box_h = 37, .ofs_x = 3, .ofs_y = 0},
    {.bitmap_index = 18306, .adv_w = 430, .box_w = 23, .box_h = 38, .ofs_x = 2, .ofs_y = -1},
    {.bitmap_index = 18542, .adv_w = 335, .box_w = 19, .box_h = 47, .ofs_x = 1, .ofs_y = 0},
    {.bitmap_index = 18603, .adv_w = 517, .box_w = 26, .box_h = 37, .ofs_x = 3, .ofs_y = -1},
    {.bitmap_index = 18738, .adv_w = 475, .box_w = 28, .box_h = 36, .ofs_x = 1, .ofs_y = 0},
    {.bitmap_index = 19032, .adv_w = 727, .box_w = 44, .box_h = 36, .ofs_x = 1, .ofs_y = 0},
    {.bitmap_index = 19514, .adv_w = 483, .box_w = 29, .box_h = 36, .ofs_x = 1, .ofs_y = 0},
    {.bitmap_index = 19821, .adv_w = 517, .box_w = 26, .box_h = 51, .ofs_x = 3, .ofs_y = -15},
    {.bitmap_index = 20049, .adv_w = 446, .box_w = 24, .box_h = 36, .ofs_x = 2, .ofs_y = 0},
    {.bitmap_index = 20233, .adv_w = 341, .box_w = 19, .box_h = 64, .ofs_x = 1, .ofs_y = -11},
    {.bitmap_index = 20487, .adv_w = 266, .box_w = 8, .box_h = 65, .ofs_x = 4, .ofs_y = -12},
    {.bitmap_index = 20514, .adv_w = 341, .box_w = 19, .box_h = 64, .ofs_x = 1, .ofs_y = -11},
    {.bitmap_index = 20779, .adv_w = 522, .box_w = 26, .box_h = 10, .ofs_x = 3, .ofs_y = 17},
    {.bitmap_index = 20868, .adv_w = 258, .box_w = 10, .box_h = 9, .ofs_x = 3, .ofs_y = 17}
};

/*---------------------
 *  CHARACTER MAPPING
 *--------------------*/



/*Collect the unicode lists and glyph_id offsets*/
static const lv_font_fmt_txt_cmap_t cmaps[] =
{
    {
        .range_start = 32, .range_length = 95, .glyph_id_start = 1,
        .unicode_list = NULL, .glyph_id_ofs_list = NULL, .list_length = 0, .type = LV_FONT_FMT_TXT_CMAP_FORMAT0_TINY
    },
    {
        .range_start = 183, .range_length = 1, .glyph_id_start = 96,
        .unicode_list = NULL, .glyph_id_ofs_list = NULL, .list_length = 0, .type = LV_FONT_FMT_TXT_CMAP_FORMAT0_TINY
    }
};

/*-----------------
 *    KERNING
 *----------------*/


/*Pair left and right glyphs for kerning*/
static const uint8_t kern_pair_glyph_ids[] =
{
    9, 36,
    9, 40,
    9, 48,
    9, 50,
    13, 10,
    14, 24,
    15, 10,
    24, 13,
    24, 15,
    34, 53,
    34, 55,
    34, 56,
    34, 58,
    34, 87,
    34, 88,
    35, 10,
    35, 55,
    35, 56,
    35, 57,
    35, 58,
    37, 10,
    37, 55,
    37, 56,
    37, 57,
    37, 58,
    38, 75,
    38, 87,
    38, 88,
    39, 13,
    39, 15,
    39, 34,
    39, 43,
    39, 66,
    39, 68,
    39, 69,
    39, 70,
    39, 72,
    39, 80,
    39, 82,
    44, 36,
    44, 40,
    44, 48,
    44, 50,
    44, 66,
    44, 68,
    44, 69,
    44, 70,
    44, 72,
    44, 80,
    44, 82,
    45, 55,
    45, 56,
    45, 58,
    48, 10,
    48, 55,
    48, 56,
    48, 57,
    48, 58,
    49, 34,
    49, 43,
    49, 58,
    50, 10,
    50, 55,
    50, 56,
    50, 57,
    50, 58,
    51, 55,
    51, 56,
    51, 58,
    51, 75,
    52, 85,
    53, 1,
    53, 13,
    53, 15,
    53, 34,
    53, 68,
    53, 69,
    53, 70,
    53, 72,
    53, 80,
    53, 82,
    53, 84,
    53, 86,
    53, 90,
    55, 34,
    55, 36,
    55, 40,
    55, 48,
    55, 50,
    55, 66,
    55, 68,
    55, 69,
    55, 70,
    55, 72,
    55, 80,
    55, 82,
    55, 84,
    56, 34,
    56, 36,
    56, 40,
    56, 48,
    56, 50,
    56, 66,
    56, 68,
    56, 69,
    56, 70,
    56, 72,
    56, 80,
    56, 82,
    56, 84,
    57, 36,
    57, 40,
    57, 48,
    57, 50,
    57, 66,
    57, 68,
    57, 69,
    57, 70,
    57, 72,
    57, 80,
    57, 82,
    58, 1,
    58, 13,
    58, 15,
    58, 34,
    58, 36,
    58, 40,
    58, 48,
    58, 50,
    58, 52,
    58, 66,
    58, 68,
    58, 69,
    58, 70,
    58, 72,
    58, 78,
    58, 79,
    58, 80,
    58, 81,
    58, 82,
    58, 83,
    58, 84,
    58, 86,
    58, 89,
    58, 90,
    66, 85,
    66, 87,
    66, 88,
    67, 85,
    67, 87,
    67, 88,
    67, 89,
    70, 85,
    70, 87,
    70, 88,
    70, 89,
    71, 13,
    71, 15,
    71, 66,
    71, 68,
    71, 69,
    71, 70,
    71, 72,
    71, 80,
    71, 82,
    76, 68,
    76, 69,
    76, 70,
    76, 72,
    76, 75,
    76, 80,
    76, 82,
    76, 84,
    80, 85,
    80, 87,
    80, 88,
    80, 89,
    81, 85,
    81, 87,
    81, 88,
    81, 89,
    83, 13,
    83, 15,
    83, 66,
    83, 68,
    83, 69,
    83, 70,
    83, 72,
    83, 80,
    83, 82,
    83, 85,
    84, 85,
    84, 89,
    85, 13,
    85, 15,
    85, 66,
    85, 68,
    85, 69,
    85, 70,
    85, 72,
    85, 80,
    85, 82,
    87, 66,
    87, 68,
    87, 69,
    87, 70,
    87, 72,
    87, 80,
    87, 82,
    88, 66,
    88, 68,
    88, 69,
    88, 70,
    88, 72,
    88, 80,
    88, 82,
    89, 68,
    89, 69,
    89, 70,
    89, 72,
    89, 75,
    89, 80,
    89, 82,
    89, 84
};

/* Kerning between the respective left and right glyphs
 * 4.4 format which needs to scaled with `kern_scale`*/
static const int8_t kern_pair_values[] =
{
    -40, -40, -40, -40, -58, -54, -58, -75,
    -75, -36, -29, -1, -58, -17, -17, -40,
    -12, -12, -23, -17, -40, -12, -12, -23,
    -17, 12, -12, -12, -58, -58, -52, -35,
    -12, -17, -17, -17, -17, -17, -17, -23,
    -23, -23, -23, -6, -1, -1, -1, -1,
    -13, -1, -40, -40, -69, -40, -12, -12,
    -23, -17, -35, -40, -6, -40, -12, -12,
    -23, -17, -6, -6, -20, 12, -12, -17,
    -81, -81, -36, -35, -35, -35, -35, -35,
    -35, -35, -23, -23, -29, -12, -12, -12,
    -12, -23, -35, -35, -35, -35, -35, -35,
    -30, -29, -12, -12, -12, -12, -23, -35,
    -35, -35, -35, -35, -35, -30, -23, -23,
    -23, -23, -12, -1, -1, -1, -1, -23,
    -1, -17, -114, -9, -58, -17, -17, -17,
    -17, -17, -52, -6, -6, -6, -6, -35,
    -35, -62, -35, -6, -35, -52, -35, -12,
    -35, -6, -12, -12, -6, -12, -12, -12,
    -6, -12, -12, -12, -58, -58, -12, -6,
    -6, -6, -6, -6, -6, -12, -12, -12,
    -12, 15, -12, -12, -12, -6, -12, -12,
    -12, -6, -12, -12, -12, -69, -69, -12,
    -6, -6, -6, -6, -6, -6, 22, -6,
    -12, -58, -58, -12, -6, -6, -6, -6,
    -6, -6, -12, -12, -12, -12, -12, -12,
    -12, -12, -12, -12, -12, -12, -12, -12,
    -12, -12, -12, -12, 15, -12, -12, -12
};

/*Collect the kern pair's data in one place*/
static const lv_font_fmt_txt_kern_pair_t kern_pairs =
{
    .glyph_ids = kern_pair_glyph_ids,
    .values = kern_pair_values,
    .pair_cnt = 224,
    .glyph_ids_size = 0
};

/*--------------------
 *  ALL CUSTOM DATA
 *--------------------*/

#if LVGL_VERSION_MAJOR == 8
/*Store all the custom data of the font*/
static  lv_font_fmt_txt_glyph_cache_t cache;
#endif

#if LVGL_VERSION_MAJOR >= 8
static const lv_font_fmt_txt_dsc_t font_dsc = {
#else
static lv_font_fmt_txt_dsc_t font_dsc = {
#endif
    .glyph_bitmap = glyph_bitmap,
    .glyph_dsc = glyph_dsc,
    .cmaps = cmaps,
    .kern_dsc = &kern_pairs,
    .kern_scale = 16,
    .cmap_num = 2,
    .bpp = 4,
    .kern_classes = 0,
    .bitmap_format = 1,
#if LVGL_VERSION_MAJOR == 8
    .cache = &cache
#endif
};



/*-----------------
 *  PUBLIC FONT
 *----------------*/

/*Initialize a public general font descriptor*/
#if LVGL_VERSION_MAJOR >= 8
const lv_font_t ardor_font_saira_cond_semibold_72 = {
#else
lv_font_t ardor_font_saira_cond_semibold_72 = {
#endif
    .get_glyph_dsc = lv_font_get_glyph_dsc_fmt_txt,    /*Function pointer to get glyph's data*/
    .get_glyph_bitmap = lv_font_get_bitmap_fmt_txt,    /*Function pointer to get glyph's bitmap*/
    .line_height = 69,          /*The maximum line height required by the font*/
    .base_line = 15,             /*Baseline measured from the bottom of the line*/
#if !(LVGL_VERSION_MAJOR == 6 && LVGL_VERSION_MINOR == 0)
    .subpx = LV_FONT_SUBPX_NONE,
#endif
#if LV_VERSION_CHECK(7, 4, 0) || LVGL_VERSION_MAJOR >= 8
    .underline_position = -5,
    .underline_thickness = 4,
#endif
    .dsc = &font_dsc,          /*The custom font data. Will be accessed by `get_glyph_bitmap/dsc` */
#if LV_VERSION_CHECK(8, 2, 0) || LVGL_VERSION_MAJOR >= 9
    .fallback = NULL,
#endif
    .user_data = NULL,
};



#endif /*#if ARDOR_FONT_SAIRA_COND_SEMIBOLD_72*/

