/*******************************************************************************
 * Size: 52 px
 * Bpp: 4
 * Opts: --font /tmp/ardor-SairaCondensed-SemiBold.ttf --size 52 --bpp 4 --format lvgl --lv-include lvgl.h --lv-font-name ardor_font_saira_cond_semibold_52 -r 0x20-0x7E,0xB1,0xB7,0xD7,0x2212 -o src/ui/fonts/SairaCondSemibold52.c
 ******************************************************************************/

#ifdef LV_LVGL_H_INCLUDE_SIMPLE
#include "lvgl.h"
#else
#include "lvgl.h"
#endif

#ifndef ARDOR_FONT_SAIRA_COND_SEMIBOLD_52
#define ARDOR_FONT_SAIRA_COND_SEMIBOLD_52 1
#endif

#if ARDOR_FONT_SAIRA_COND_SEMIBOLD_52

/*-----------------
 *    BITMAPS
 *----------------*/

/*Store the image of the glyphs*/
static LV_ATTRIBUTE_LARGE_CONST const uint8_t glyph_bitmap[] = {
    /* U+0020 " " */

    /* U+0021 "!" */
    0x1f, 0xff, 0x60, 0x7, 0xff, 0x30, 0x40, 0x3c,
    0xe0, 0x1f, 0xfc, 0x31, 0x1, 0x0, 0xe3, 0x3,
    0x0, 0xe1, 0x1, 0x0, 0xef, 0x7, 0x0, 0xe1,
    0x1, 0x0, 0xe3, 0x3, 0x0, 0xe6, 0x1, 0x0,
    0xe1, 0xe, 0x0, 0xe3, 0x3, 0x0, 0xe1, 0x1,
    0x0, 0xf9, 0xc0, 0x31, 0x0, 0x8, 0x3, 0x8,
    0x0, 0x40, 0x33, 0x80, 0x7c, 0x20, 0x10, 0x80,
    0x44, 0x1, 0x10, 0x5, 0xe0, 0x13, 0x80, 0x42,
    0x1, 0x10, 0x4, 0x40, 0x14, 0xff, 0xc8, 0x1,
    0xff, 0xce, 0x12, 0x2e, 0x10, 0xdd, 0xf3, 0x0,
    0x7f, 0xf7, 0x0,

    /* U+0022 "\"" */
    0x9f, 0xfd, 0xa0, 0xa, 0xff, 0xd6, 0x1, 0xff,
    0xd0, 0x10, 0xf, 0xfe, 0x0, 0xf8, 0x6, 0x10,
    0x1, 0x80, 0x63, 0x10, 0xc, 0xe0, 0x1, 0x0,
    0xc2, 0x60, 0x18, 0x40, 0x1c, 0x1, 0xbc, 0x40,
    0x31, 0x80, 0xc, 0x3, 0xb, 0x80, 0x6e, 0x0,
    0x8, 0x6, 0x31, 0x0, 0xc2, 0x0, 0x70, 0xc,
    0x26, 0x1, 0x8c, 0x0, 0x20, 0x19, 0xc4, 0x3,
    0x8, 0x0, 0xc0, 0x30, 0x80, 0x80, 0x4e, 0x0,
    0x10, 0xc, 0x61, 0x57, 0x71, 0x80, 0x57, 0x78,
    0x40,

    /* U+0023 "#" */
    0x0, 0xfa, 0x7f, 0xeb, 0x0, 0xee, 0xff, 0x98,
    0x3, 0xf8, 0x80, 0x22, 0x0, 0xe1, 0x0, 0x88,
    0x3, 0xf9, 0x40, 0x2f, 0x0, 0xc4, 0x1, 0x98,
    0x3, 0xf8, 0x40, 0x22, 0x0, 0xcc, 0x1, 0x88,
    0x3, 0xf1, 0x0, 0x66, 0x0, 0xc6, 0x1, 0x10,
    0x7, 0xf3, 0x0, 0x62, 0x0, 0xdc, 0x1, 0x30,
    0x7, 0xf1, 0x80, 0x44, 0x1, 0xc4, 0x1, 0x18,
    0x7, 0xf7, 0x0, 0x4c, 0x1, 0xcc, 0x1, 0x70,
    0x7, 0xf1, 0x0, 0x44, 0x1, 0xc4, 0x1, 0x10,
    0x7, 0xf3, 0x0, 0x5c, 0x1, 0x88, 0x3, 0x28,
    0x6, 0x7f, 0xfc, 0x40, 0x14, 0x7f, 0xed, 0x0,
    0xdd, 0xfe, 0xd0, 0xf, 0xff, 0xeb, 0x6e, 0xca,
    0x1, 0x1e, 0xef, 0x10, 0x4, 0xfb, 0xb7, 0x80,
    0x91, 0x42, 0x1, 0x29, 0x17, 0x80, 0x2d, 0x22,
    0xc0, 0x1c, 0xc0, 0x17, 0x0, 0x62, 0x0, 0xce,
    0x1, 0xfc, 0x40, 0x11, 0x80, 0x66, 0x0, 0xc4,
    0x1, 0xf8, 0x80, 0x33, 0x0, 0x62, 0x0, 0x88,
    0x3, 0xf9, 0xc0, 0x31, 0x0, 0x6f, 0x0, 0x98,
    0x3, 0xf8, 0x80, 0x22, 0x0, 0xe2, 0x0, 0x8c,
    0x3, 0xfb, 0x40, 0x26, 0x0, 0xe6, 0x0, 0xb8,
    0x3, 0xaf, 0xfe, 0x50, 0x9, 0x3f, 0xf8, 0x80,
    0x29, 0xff, 0xac, 0x3, 0xff, 0xfb, 0x5b, 0xa8,
    0x0, 0xdb, 0xbc, 0xa0, 0x11, 0xee, 0xea, 0x1,
    0x22, 0x0, 0x62, 0x2f, 0x8, 0x4, 0xa4, 0x58,
    0x40, 0x37, 0x0, 0x4c, 0x1, 0xcc, 0x1, 0x70,
    0x7, 0xf1, 0x0, 0x44, 0x1, 0xc4, 0x1, 0x18,
    0x7, 0xf3, 0x0, 0x5c, 0x1, 0x84, 0x3, 0x30,
    0x7, 0xf1, 0x0, 0x46, 0x1, 0x94, 0x3, 0x10,
    0x7, 0xe1, 0x0, 0xcc, 0x1, 0x88, 0x2, 0x10,
    0xf, 0xe5, 0x0, 0xc4, 0x1, 0xb8, 0x2, 0x20,
    0xf, 0xe2, 0x0, 0x84, 0x3, 0x8c, 0x2, 0x50,
    0xf, 0xee, 0x0, 0x88, 0x3, 0x98, 0x2, 0xe0,
    0xf, 0x80,

    /* U+0024 "$" */
    0x0, 0xf2, 0xff, 0xe0, 0xf, 0xff, 0x1b, 0x5d,
    0x80, 0x37, 0xf5, 0xc1, 0x80, 0x63, 0xe9, 0x41,
    0x0, 0xe1, 0x47, 0x80, 0x8, 0xf0, 0x40, 0x3f,
    0xf8, 0x7c, 0x1, 0xff, 0xc4, 0x32, 0x0, 0xff,
    0xe2, 0x20, 0x7, 0x15, 0xf7, 0xfb, 0xb9, 0x95,
    0xc0, 0xd, 0x0, 0xe9, 0x41, 0x0, 0x8, 0x8d,
    0x54, 0x0, 0x10, 0xe, 0x40, 0xf, 0xf9, 0xc0,
    0x3f, 0xf8, 0xae, 0x1, 0xc2, 0x1, 0xff, 0xc5,
    0x50, 0xf, 0xf8, 0x80, 0x3a, 0xe9, 0xd4, 0xc4,
    0x3, 0xde, 0x1, 0xe5, 0x8a, 0xce, 0xe4, 0x90,
    0x4, 0xe0, 0x1f, 0xf0, 0xb6, 0xa0, 0x0, 0x5c,
    0x3, 0xff, 0x83, 0x42, 0x0, 0x88, 0x0, 0x7f,
    0xf0, 0x5, 0xc0, 0x27, 0xea, 0x63, 0x0, 0xfe,
    0xd0, 0xc, 0x2b, 0x39, 0xfd, 0x6a, 0x1, 0xcc,
    0x1, 0xfc, 0x29, 0x42, 0x1, 0x88, 0x3, 0xff,
    0x80, 0x40, 0x1f, 0xfc, 0x57, 0x0, 0xff, 0xe2,
    0xb8, 0x7, 0xff, 0x14, 0xc0, 0x30, 0x80, 0xb2,
    0x10, 0x80, 0x63, 0xb0, 0xe, 0x50, 0x29, 0xbd,
    0xef, 0xfd, 0x88, 0x1, 0xd8, 0x1, 0xff, 0xc5,
    0x60, 0xf, 0xfe, 0x24, 0x8, 0x7, 0xff, 0xd,
    0xdc, 0x0, 0x38, 0x53, 0x10, 0xf, 0x13, 0x6c,
    0x0, 0x67, 0xac, 0xef, 0xa0, 0xd, 0xb2, 0x40,
    0x1f, 0xfe, 0xe0,

    /* U+0025 "%" */
    0x0, 0x14, 0xef, 0xfd, 0xd6, 0xc0, 0x1f, 0xfc,
    0xa, 0xff, 0x84, 0x3, 0xc7, 0xac, 0x40, 0x10,
    0xa4, 0xd8, 0x7, 0xf8, 0xd4, 0x0, 0xe2, 0x1,
    0xee, 0x0, 0xfe, 0x45, 0x0, 0xfe, 0x80, 0x0,
    0xc8, 0x7, 0x8c, 0x80, 0x28, 0xba, 0x20, 0xb,
    0xc0, 0x3f, 0x1a, 0x0, 0x24, 0x40, 0x3c, 0xa0,
    0x12, 0xba, 0x2c, 0x80, 0x4e, 0x1, 0xfa, 0x0,
    0x2, 0xe0, 0x1f, 0x70, 0x5, 0xa0, 0x12, 0x80,
    0x46, 0x1, 0xf1, 0xa0, 0x2, 0x40, 0x3f, 0x8,
    0x4, 0x20, 0x10, 0x80, 0x42, 0x1, 0xf4, 0x0,
    0x5, 0xc0, 0x3f, 0xf9, 0xe8, 0x80, 0x4, 0x0,
    0x7f, 0x18, 0x7, 0xff, 0x1a, 0x0, 0x2, 0xc0,
    0x1f, 0xfc, 0xa1, 0x0, 0xc8, 0x60, 0x8, 0x0,
    0xff, 0xe8, 0x40, 0x0, 0x98, 0x3, 0xff, 0x96,
    0x20, 0x12, 0x18, 0x2, 0xc0, 0x3f, 0xe3, 0x0,
    0xff, 0xe2, 0x40, 0x0, 0x98, 0x3, 0xfe, 0x10,
    0x8, 0x40, 0x21, 0x0, 0xf9, 0x4c, 0x1, 0x0,
    0x1f, 0xfc, 0xe, 0x0, 0xb8, 0x2, 0x20, 0x8,
    0x80, 0x28, 0x0, 0x12, 0x80, 0x7f, 0xf0, 0x8,
    0x2, 0x73, 0x1, 0x90, 0x9, 0x80, 0xa, 0x40,
    0x8, 0x0, 0xff, 0xe0, 0xa0, 0x4, 0x39, 0xfc,
    0xa0, 0x16, 0x80, 0x20, 0x0, 0x6a, 0x5, 0x3b,
    0xff, 0x75, 0xa8, 0x6, 0x80, 0xf, 0xe2, 0x60,
    0x52, 0x0, 0x40, 0x1e, 0xb1, 0x0, 0x42, 0x95,
    0x0, 0x13, 0xc9, 0x0, 0x79, 0x70, 0x1, 0x0,
    0x3, 0x40, 0xe0, 0xf, 0xe7, 0x30, 0x9, 0xb7,
    0xb7, 0x31, 0xbf, 0x42, 0xc, 0x40, 0x8, 0x2,
    0x20, 0x5, 0x37, 0x46, 0x1, 0x58, 0x7, 0x9,
    0x19, 0x88, 0x3, 0x40, 0x0, 0xd0, 0x1c, 0x2,
    0x46, 0x45, 0x80, 0x9, 0x0, 0x3f, 0xf8, 0x2c,
    0x20, 0xf, 0x0, 0x10, 0x4, 0x60, 0x12, 0x80,
    0x44, 0x1, 0xff, 0xc1, 0x80, 0x2, 0x18, 0x3,
    0xc0, 0x2f, 0x0, 0x84, 0x2, 0x10, 0xf, 0xfe,
    0x3, 0x88, 0x2, 0x0, 0x21, 0x0, 0xff, 0xe6,
    0x48, 0x1, 0xc, 0x3, 0xe1, 0x0, 0xff, 0xe3,
    0xb8, 0x80, 0x20, 0x3, 0xff, 0xa1, 0x20, 0x5,
    0x30, 0xf, 0xfe, 0x7b, 0x88, 0x2, 0x0, 0x3f,
    0xfa, 0x12, 0x0, 0x52, 0x0, 0xfe, 0x10, 0xf,
    0xfe, 0x2c, 0x8, 0x2, 0x0, 0x3c, 0x20, 0x1f,
    0xfc, 0x81, 0x70, 0x2, 0x90, 0x7, 0xbc, 0x2,
    0xf0, 0x8, 0x40, 0x21, 0x0, 0xfd, 0x20, 0x14,
    0x0, 0x7c, 0x40, 0x11, 0x80, 0x4a, 0x1, 0x10,
    0x7, 0xc2, 0xe0, 0x6, 0x20, 0xf, 0x9c, 0x2,
    0x46, 0x45, 0x80, 0x9, 0x40, 0x3e, 0x90, 0xa,
    0x0, 0x3f, 0x11, 0x0, 0x29, 0xba, 0x30, 0xa,
    0x80, 0x3c, 0x2e, 0x0, 0x61, 0x0, 0xfe, 0x90,
    0xf, 0xe6, 0x30, 0xf, 0x40, 0x5, 0x0, 0x1f,
    0xe4, 0xd6, 0x20, 0x8, 0x52, 0xa4, 0x0,

    /* U+0026 "&" */
    0x0, 0xe1, 0x69, 0xce, 0xe7, 0xfd, 0xd9, 0x50,
    0xc8, 0x20, 0x1f, 0x86, 0xba, 0x58, 0xc4, 0x40,
    0x10, 0x9a, 0xbc, 0xdf, 0x0, 0x7c, 0x7c, 0xa0,
    0x1f, 0xfc, 0xa1, 0xd0, 0xf, 0xfe, 0x64, 0x88,
    0x7, 0xff, 0x31, 0x80, 0x3c, 0xd7, 0xbd, 0xff,
    0x77, 0x36, 0xea, 0x40, 0x38, 0x84, 0x3, 0xb6,
    0x50, 0x84, 0x2, 0x11, 0x12, 0x2b, 0x0, 0x73,
    0x0, 0x73, 0x10, 0x7, 0xff, 0x18, 0x40, 0x3b,
    0xc0, 0x3f, 0xf8, 0xe6, 0x1, 0xc6, 0x1, 0xff,
    0xc7, 0x30, 0xf, 0xfe, 0x6b, 0x0, 0x71, 0x80,
    0x7f, 0xf1, 0xcc, 0x3, 0xb8, 0x3, 0xff, 0x90,
    0x60, 0x19, 0x40, 0x3f, 0xf9, 0x10, 0x1, 0x8b,
    0x10, 0x40, 0x3f, 0xf8, 0xa8, 0xe0, 0x18, 0xef,
    0xbf, 0xce, 0x0, 0x9f, 0xff, 0xe3, 0x0, 0x45,
    0x10, 0x7, 0xff, 0x31, 0x64, 0x80, 0x3f, 0xf9,
    0x45, 0x96, 0x40, 0x1f, 0xfc, 0x91, 0xc3, 0x0,
    0xff, 0xe5, 0xd0, 0x80, 0x65, 0xce, 0xff, 0x38,
    0x7, 0xef, 0xfc, 0x62, 0x80, 0x19, 0x28, 0xc4,
    0x3, 0xff, 0x88, 0x80, 0x1d, 0xc0, 0x1f, 0xfc,
    0x72, 0x0, 0xe7, 0x0, 0xff, 0xe3, 0xf0, 0x7,
    0x18, 0x7, 0xff, 0x1c, 0xc0, 0x3f, 0xfc, 0xe6,
    0x1, 0xc4, 0x1, 0xff, 0xc7, 0x10, 0xe, 0x50,
    0xf, 0xfe, 0x3e, 0x80, 0x75, 0x88, 0x7, 0xff,
    0x19, 0xc0, 0x38, 0xb1, 0x44, 0x3, 0xff, 0x88,
    0x46, 0x1, 0xc5, 0x5d, 0xfd, 0xcf, 0xf3, 0x0,
    0x7f, 0xd0, 0x1, 0xfc, 0x22, 0x0, 0xff, 0xe1,
    0x24, 0x80, 0x7f, 0xf3, 0x5b, 0xc, 0x3, 0xff,
    0x98, 0x79, 0x88, 0x52, 0x10, 0xc, 0x26, 0x8d,
    0x15, 0xa0, 0x1c,

    /* U+0027 "'" */
    0x9f, 0xfd, 0xa0, 0x1f, 0xfc, 0x1, 0x0, 0xef,
    0x0, 0xc2, 0x20, 0xc, 0xe6, 0x1, 0x84, 0x40,
    0x18, 0xdc, 0x3, 0x70, 0x80, 0x61, 0x30, 0xc,
    0x62, 0x1, 0x84, 0x4, 0x2, 0x70, 0xab, 0xb8,
    0xc0,

    /* U+0028 "(" */
    0x0, 0xf4, 0xff, 0xe1, 0x0, 0xe3, 0x60, 0xa,
    0x4, 0x3, 0xb8, 0x2, 0x17, 0x0, 0xe7, 0x20,
    0xa, 0x0, 0x38, 0x60, 0x2, 0x26, 0x0, 0xe9,
    0x0, 0xd4, 0x1, 0xe7, 0x0, 0xcc, 0x1, 0xcc,
    0x1, 0x8c, 0x40, 0x3b, 0x40, 0x32, 0x0, 0x79,
    0x0, 0x36, 0x80, 0x72, 0x0, 0x73, 0x80, 0x71,
    0x80, 0x71, 0x0, 0x76, 0x80, 0x62, 0x0, 0xf3,
    0x0, 0x61, 0x0, 0xf1, 0x0, 0x66, 0x0, 0xf0,
    0x80, 0x63, 0x0, 0xff, 0xe2, 0x88, 0x7, 0x8,
    0x7, 0x18, 0x7, 0x78, 0x7, 0x8, 0x7, 0xff,
    0x44, 0x40, 0x3f, 0xfc, 0x62, 0x1, 0xff, 0xc5,
    0x10, 0xf, 0xfe, 0x2f, 0x80, 0x71, 0x80, 0x7f,
    0xc2, 0x1, 0xc2, 0x1, 0xe1, 0x0, 0xc6, 0x1,
    0xe3, 0x0, 0xc2, 0x1, 0xe6, 0x0, 0xcc, 0x1,
    0xe3, 0x0, 0xc6, 0x1, 0xed, 0x0, 0xc2, 0x20,
    0xe, 0x70, 0xe, 0x20, 0xe, 0x22, 0x0, 0x65,
    0x0, 0xf2, 0x80, 0x6c, 0x0, 0xf5, 0x0, 0x64,
    0x0, 0xf1, 0x20, 0x4, 0x26, 0x1, 0xe8, 0x0,
    0xd2, 0x1, 0xe3, 0x50, 0x9, 0x48, 0x3, 0xd0,
    0x1, 0xac, 0x3, 0xc4, 0xe0, 0x13, 0x10, 0x7,
    0xa0, 0x80, 0x29, 0x0, 0xfb, 0x9d, 0xe3, 0x10,

    /* U+0029 ")" */
    0xd, 0xff, 0xb0, 0x3, 0xe9, 0x0, 0x8d, 0x80,
    0x3c, 0x88, 0x0, 0xa4, 0x40, 0x3d, 0x0, 0x1a,
    0xc0, 0x3c, 0x68, 0x1, 0x29, 0x80, 0x7b, 0xc0,
    0x34, 0x0, 0x79, 0x4, 0x2, 0x43, 0x0, 0xf3,
    0x80, 0x6a, 0x0, 0xf6, 0x0, 0x67, 0x0, 0xf3,
    0x80, 0x61, 0x30, 0xe, 0x20, 0xe, 0x40, 0xf,
    0x18, 0x6, 0xd0, 0xf, 0x38, 0x6, 0x60, 0xf,
    0x10, 0x6, 0x20, 0xf, 0x8, 0x6, 0x10, 0xf,
    0x78, 0x7, 0x10, 0x7, 0x8, 0x7, 0x8, 0x7,
    0x18, 0x7, 0x38, 0x7, 0x8, 0x7, 0xff, 0x14,
    0x40, 0x3f, 0xfa, 0x2e, 0x1, 0xc6, 0x1, 0xff,
    0xd1, 0x70, 0xe, 0x30, 0xf, 0xfe, 0x88, 0x80,
    0x70, 0x80, 0x7f, 0xce, 0x1, 0xc6, 0x1, 0xc2,
    0x1, 0xc2, 0x1, 0xc6, 0x1, 0xde, 0x1, 0xc2,
    0x1, 0xc4, 0x1, 0x88, 0x3, 0xc2, 0x1, 0x98,
    0x3, 0xca, 0x1, 0x8c, 0x3, 0xc2, 0x1, 0xb0,
    0x3, 0x8c, 0x3, 0x94, 0x3, 0x90, 0x3, 0x20,
    0x80, 0x76, 0x0, 0x6e, 0x0, 0xe1, 0x40, 0x8,
    0x54, 0x3, 0x98, 0x3, 0x40, 0x7, 0xa4, 0x2,
    0x26, 0x0, 0xe6, 0x10, 0xa, 0x40, 0x3d, 0x0,
    0x12, 0x20, 0x3, 0xa0, 0x40, 0x29, 0x0, 0xf7,
    0xbb, 0xd4, 0x40, 0x1c,

    /* U+002A "*" */
    0x0, 0xf1, 0x7f, 0xc8, 0x1, 0xff, 0xc0, 0x30,
    0x9, 0xc0, 0x3f, 0x8, 0x4, 0x20, 0x11, 0x0,
    0x7c, 0xbe, 0xa0, 0x10, 0x80, 0x4, 0x0, 0x9c,
    0xe0, 0x8, 0x1a, 0x90, 0x1, 0x80, 0x68, 0xb1,
    0x91, 0x62, 0x0, 0x36, 0x98, 0x81, 0x13, 0x1c,
    0x0, 0x32, 0xd2, 0x40, 0x2, 0xc2, 0x2, 0xd3,
    0x0, 0xc, 0x40, 0x1b, 0x68, 0x80, 0x2, 0x1,
    0x8a, 0x79, 0xc0, 0x32, 0xeb, 0x80, 0x73, 0x6b,
    0x0, 0x79, 0x2d, 0xc0, 0x39, 0xb1, 0x0, 0x32,
    0xe5, 0xa0, 0x7, 0xc7, 0x7a, 0xc0, 0xd4, 0x60,
    0x1, 0xb3, 0x2, 0xc2, 0x0, 0x14, 0xc3, 0x8,
    0x1, 0x7d, 0x4, 0x8, 0xf5, 0x80, 0x29, 0xb,
    0x9, 0xa1, 0x3, 0x0, 0xd3, 0x63, 0x2, 0xb,
    0xcc, 0x1, 0x8, 0x0, 0x40, 0x9, 0xee, 0x1,
    0x8, 0x4, 0x20, 0x11, 0x0, 0x42, 0x1, 0xf8,
    0xc0, 0x27, 0x0, 0xff, 0xe0, 0x17, 0xfc, 0x80,
    0x1e,

    /* U+002B "+" */
    0x0, 0xfa, 0xef, 0x40, 0x7, 0xff, 0x4, 0x51,
    0x38, 0x3, 0xff, 0xfe, 0x1, 0xff, 0xcf, 0xdd,
    0xf6, 0x0, 0x63, 0xdd, 0xf4, 0x91, 0x7c, 0x1,
    0xc4, 0x5f, 0x0, 0x7f, 0xfb, 0x7f, 0xfd, 0xc0,
    0x18, 0xff, 0xfd, 0x60, 0x1f, 0xff, 0xf0, 0xf,
    0xfe, 0xd8,

    /* U+002C "," */
    0x2, 0x2f, 0x26, 0xef, 0x80, 0x3f, 0xfa, 0xe9,
    0xfe, 0x0, 0xff, 0x8, 0x0, 0x80, 0x22, 0x0,
    0x50, 0x4, 0xb3, 0xce, 0x1, 0x6a, 0x88, 0x4,
    0xa8, 0x0, 0x25, 0xaa, 0x0,

    /* U+002D "-" */
    0x13, 0x3f, 0xf3, 0xe6, 0x7f, 0x80, 0x3f, 0xfc,
    0x0,

    /* U+002E "." */
    0x2, 0x2f, 0x26, 0xef, 0x80, 0x3f, 0xfa, 0xe0,

    /* U+002F "/" */
    0x0, 0xff, 0x4f, 0xfe, 0x60, 0xf, 0xf2, 0x0,
    0x65, 0x0, 0xfe, 0x12, 0x0, 0xc6, 0x1, 0xfc,
    0x80, 0x19, 0x0, 0x3f, 0xda, 0x1, 0xb0, 0x3,
    0xfc, 0x80, 0x19, 0x0, 0x3f, 0xc6, 0x1, 0x8c,
    0x3, 0xf9, 0x0, 0x31, 0x80, 0x7f, 0xb0, 0x3,
    0x20, 0x7, 0xf8, 0xc0, 0x36, 0x0, 0x7f, 0x90,
    0x3, 0x28, 0x7, 0xf1, 0x80, 0x62, 0x10, 0xf,
    0xe4, 0x0, 0xc8, 0x1, 0xfe, 0xd0, 0xd, 0x80,
    0x1f, 0xe4, 0x0, 0xce, 0x1, 0xfc, 0x42, 0x1,
    0x9, 0x0, 0x7f, 0x20, 0x6, 0x40, 0xf, 0xf7,
    0x80, 0x6c, 0x0, 0xff, 0x20, 0x6, 0x40, 0xf,
    0xe1, 0x20, 0xc, 0x40, 0x1f, 0xc8, 0x1, 0x90,
    0x3, 0xfd, 0x80, 0x1b, 0x0, 0x3f, 0xca, 0x1,
    0x90, 0x3, 0xfc, 0x60, 0x18, 0xc0, 0x3f, 0x90,
    0x3, 0x18, 0x7, 0xfb, 0x0, 0x32, 0x0, 0x7f,
    0x8c, 0x3, 0x60, 0x7, 0xf9, 0x0, 0x32, 0x80,
    0x7f, 0x18, 0x6, 0x21, 0x0, 0xfe, 0x40, 0xc,
    0x80, 0x1f, 0xed, 0x0, 0xd8, 0x1, 0xfe, 0x40,
    0xc, 0x80, 0x1f, 0xc4, 0x20, 0x10, 0x88, 0x3,
    0xf9, 0x0, 0x32, 0x0, 0x7f, 0xbc, 0x3, 0x60,
    0x7, 0xf9, 0x0, 0x32, 0x0, 0x7f, 0x9, 0x0,
    0x42, 0x40, 0x1f, 0xc8, 0x1, 0x94, 0x3, 0xfd,
    0x80, 0x1b, 0x0, 0x3f, 0xca, 0x1, 0x90, 0x3,
    0xfc, 0x60, 0x18, 0xc0, 0x3f, 0x85, 0xdf, 0x48,
    0x7, 0xf8,

    /* U+0030 "0" */
    0x0, 0xc2, 0xd5, 0x9d, 0xff, 0x76, 0x4a, 0x80,
    0x7e, 0x7e, 0x95, 0x31, 0x0, 0x84, 0xda, 0xb9,
    0x40, 0x3a, 0x20, 0x1, 0xff, 0xc0, 0x1a, 0x60,
    0x8, 0xdc, 0x3, 0xff, 0x87, 0x22, 0x0, 0x90,
    0xf, 0xfe, 0x2b, 0x0, 0x14, 0x3, 0x85, 0xa6,
    0x50, 0xc0, 0x1e, 0xb0, 0x20, 0xf, 0x64, 0xb3,
    0x1e, 0x6c, 0x3, 0x8c, 0x18, 0x3, 0x90, 0x80,
    0x39, 0x8, 0x3, 0x84, 0x80, 0x38, 0xc0, 0x3e,
    0x70, 0xe, 0x21, 0x0, 0xee, 0x0, 0xf8, 0x80,
    0x39, 0xfc, 0x3, 0x8c, 0x3, 0xef, 0x0, 0xe1,
    0x10, 0x7, 0x8, 0x7, 0xff, 0x4, 0xcc, 0x1,
    0xff, 0xc1, 0x10, 0xf, 0xfe, 0x70, 0x88, 0x3,
    0x9c, 0x3, 0xff, 0xa0, 0x60, 0x1f, 0xfc, 0xef,
    0x0, 0xff, 0xff, 0x80, 0x7e, 0xf0, 0xf, 0xfe,
    0x11, 0x80, 0x78, 0x40, 0x39, 0xc0, 0x3f, 0xfa,
    0xc2, 0x60, 0x1f, 0xfc, 0x11, 0x0, 0xf0, 0x80,
    0x70, 0x80, 0x7f, 0xf0, 0x4f, 0xc0, 0x38, 0xc0,
    0x3e, 0xf0, 0xe, 0x11, 0x0, 0x77, 0x0, 0x7c,
    0x40, 0x1c, 0xe4, 0x1, 0xc6, 0x1, 0xf3, 0x80,
    0x71, 0x30, 0x7, 0x21, 0x0, 0x72, 0x10, 0x7,
    0x9, 0x0, 0x7b, 0x25, 0x9a, 0x9b, 0x0, 0xe3,
    0x0, 0x28, 0x7, 0xb, 0x4c, 0xcc, 0x1, 0xeb,
    0x0, 0x48, 0x7, 0xff, 0x15, 0x80, 0x6, 0xe0,
    0x1f, 0xfc, 0x39, 0x10, 0xa, 0x20, 0x1, 0xff,
    0xc0, 0x1a, 0x60, 0xe, 0x7e, 0x95, 0x21, 0x0,
    0x84, 0xd6, 0xb9, 0x40, 0x20,

    /* U+0031 "1" */
    0x0, 0xe3, 0xcf, 0xfc, 0x80, 0x11, 0x56, 0x18,
    0x7, 0x86, 0x75, 0x40, 0x3e, 0x7e, 0x60, 0xf,
    0xea, 0x0, 0xff, 0xed, 0xb, 0xa0, 0x7, 0xc5,
    0x3d, 0x2, 0x1, 0xee, 0xd6, 0x0, 0xfe, 0x30,
    0xf, 0xff, 0xf8, 0x7, 0xff, 0xfc, 0x3, 0xff,
    0xfe, 0x1, 0xff, 0xff, 0x0, 0xff, 0x80,

    /* U+0032 "2" */
    0x3, 0x68, 0xbc, 0xdf, 0xfd, 0xd9, 0x4c, 0x1,
    0xcf, 0x92, 0xe8, 0x64, 0x1, 0x84, 0xd6, 0x79,
    0x0, 0x3f, 0xf8, 0xc3, 0x66, 0x1, 0xff, 0xc7,
    0xe0, 0xf, 0xfe, 0x39, 0x20, 0x9, 0xa3, 0x3c,
    0x4c, 0xe7, 0x20, 0xf, 0x68, 0x36, 0x5c, 0xc3,
    0xb3, 0x68, 0xd4, 0x0, 0xe5, 0x0, 0xff, 0xe0,
    0xc0, 0x7, 0x10, 0x7, 0xff, 0x4, 0xc0, 0x38,
    0x40, 0x3f, 0xfa, 0xc2, 0x1, 0xff, 0xc7, 0x10,
    0xf, 0xfe, 0x31, 0x0, 0x71, 0x0, 0x7f, 0xf0,
    0x68, 0x3, 0x98, 0x3, 0xff, 0x80, 0xce, 0x1,
    0xc6, 0x1, 0xfe, 0x3c, 0x90, 0xf, 0x58, 0x7,
    0xe1, 0xac, 0x30, 0xf, 0x19, 0x80, 0x3e, 0x8e,
    0x50, 0xf, 0x87, 0x80, 0x3c, 0xdc, 0xe0, 0x1f,
    0x8b, 0x8, 0x3, 0x16, 0x48, 0x80, 0x7c, 0x31,
    0xa4, 0x1, 0x8b, 0xc, 0x3, 0xf3, 0xfb, 0x80,
    0x7a, 0x44, 0x3, 0xe6, 0xe8, 0x10, 0xf, 0x12,
    0x0, 0x79, 0x76, 0x44, 0x3, 0xf2, 0x0, 0x70,
    0xe5, 0x10, 0x7, 0xfb, 0xc0, 0x3a, 0xc, 0x3,
    0xff, 0x80, 0x40, 0x1c, 0x80, 0x1f, 0xfc, 0x17,
    0x0, 0xe3, 0x0, 0xff, 0xe0, 0x88, 0x7, 0xff,
    0xd5, 0xd9, 0xbf, 0xf8, 0x0, 0x60, 0x1d, 0x33,
    0xff, 0xc1, 0x0, 0xff, 0xff, 0x80, 0x78,

    /* U+0033 "3" */
    0x14, 0x79, 0xbd, 0xef, 0xfb, 0xb6, 0x9c, 0x80,
    0x3a, 0x2e, 0x19, 0x8, 0x40, 0x21, 0x25, 0x8d,
    0xa1, 0x0, 0xff, 0xe3, 0x2f, 0x88, 0x7, 0xff,
    0x18, 0x68, 0x3, 0xff, 0x8e, 0x86, 0x1c, 0x6a,
    0xf1, 0x9, 0x9a, 0x18, 0x3, 0xeb, 0x7, 0xca,
    0x87, 0x73, 0x34, 0xf3, 0xc4, 0x1, 0xc6, 0x1,
    0xff, 0xc0, 0x18, 0x0, 0xe6, 0x0, 0xff, 0xe0,
    0xa0, 0x7, 0x18, 0x7, 0xff, 0x4, 0x40, 0x3f,
    0xf9, 0xa6, 0x1, 0xff, 0xc1, 0x10, 0xe, 0x60,
    0xf, 0xfe, 0xa, 0x0, 0x71, 0x80, 0x7f, 0xf0,
    0x64, 0x3, 0xac, 0x3, 0x95, 0x9b, 0xa3, 0x4c,
    0x3, 0x19, 0x80, 0x3a, 0x26, 0x79, 0xc8, 0x3,
    0x16, 0x80, 0x7f, 0xf1, 0x5, 0xb0, 0x40, 0x3f,
    0xf8, 0x8b, 0xa2, 0x1, 0xff, 0xc5, 0x4b, 0xb0,
    0x80, 0x7f, 0xf1, 0x93, 0x40, 0x3d, 0xbf, 0xfd,
    0xb0, 0x1, 0xc6, 0xa0, 0x1f, 0xf1, 0x3c, 0x80,
    0x77, 0x0, 0x7f, 0xf0, 0x58, 0x3, 0x90, 0x3,
    0xff, 0x84, 0x40, 0x1c, 0x20, 0x1f, 0xfc, 0x16,
    0x0, 0xe3, 0x0, 0xff, 0xe3, 0x88, 0x7, 0xff,
    0x55, 0x80, 0x38, 0x40, 0x3f, 0xf8, 0x4, 0x40,
    0xe, 0x30, 0xf, 0xfe, 0x4, 0x80, 0x70, 0x8a,
    0x6e, 0xa1, 0xd9, 0xb3, 0xcf, 0x20, 0x7, 0x28,
    0x12, 0x2b, 0xc4, 0xce, 0x86, 0x10, 0xf, 0x68,
    0x7, 0xff, 0x18, 0x98, 0x3, 0xff, 0x8a, 0x3e,
    0x1, 0xff, 0xc5, 0x4c, 0x20, 0x5, 0x5c, 0x32,
    0x10, 0x80, 0x62, 0x48, 0xdb, 0x20, 0x8,

    /* U+0034 "4" */
    0x0, 0xfd, 0xbf, 0xfc, 0xa0, 0x1f, 0xfc, 0x33,
    0x20, 0xe, 0x50, 0xf, 0xfe, 0x1d, 0x80, 0x73,
    0x0, 0x7f, 0xf1, 0x14, 0x3, 0xb4, 0x3, 0xff,
    0x86, 0x64, 0x1, 0x85, 0x0, 0x3f, 0xf8, 0x76,
    0x1, 0xcc, 0x1, 0xff, 0xc4, 0x60, 0xe, 0xb0,
    0xf, 0xfe, 0x19, 0x88, 0x6, 0x23, 0x0, 0xff,
    0xe1, 0xd0, 0x7, 0x28, 0x7, 0xff, 0x11, 0xc0,
    0x3a, 0x80, 0x3f, 0xf8, 0x66, 0x20, 0x18, 0xc8,
    0x3, 0xff, 0x87, 0x40, 0x1d, 0x60, 0x1f, 0xfc,
    0x47, 0x0, 0xe6, 0x0, 0x8d, 0x56, 0x40, 0xf,
    0x90, 0x40, 0x32, 0x8, 0x5, 0xf5, 0x54, 0x80,
    0x7d, 0xa0, 0x1d, 0xa0, 0x18, 0x80, 0x3f, 0xe7,
    0x0, 0xe7, 0x0, 0xc2, 0x1, 0xfe, 0x41, 0x0,
    0xca, 0x20, 0x11, 0x80, 0x7f, 0xda, 0x1, 0xde,
    0x1, 0x98, 0x3, 0xfe, 0x70, 0xe, 0x50, 0xc,
    0x40, 0x1f, 0xe4, 0x10, 0xc, 0xc0, 0x1d, 0xc0,
    0x1f, 0xee, 0x0, 0xed, 0x0, 0xe5, 0x0, 0xff,
    0x28, 0x6, 0x14, 0x0, 0xe2, 0x0, 0xfe, 0x40,
    0xe, 0x70, 0xf, 0x8, 0x7, 0xf7, 0x0, 0x73,
    0x7f, 0xf8, 0x3, 0x8b, 0xfe, 0x11, 0x0, 0x7f,
    0xff, 0xc0, 0x3f, 0xf8, 0x91, 0x55, 0xff, 0x48,
    0x7, 0x15, 0x54, 0x26, 0xab, 0xff, 0x38, 0x7,
    0x95, 0x60, 0xf, 0xff, 0xf8, 0x7, 0xff, 0xd0,

    /* U+0035 "5" */
    0x4f, 0xff, 0xfe, 0x26, 0x0, 0x7f, 0xff, 0xc0,
    0x3f, 0xf8, 0x2d, 0x33, 0xfe, 0x80, 0xf, 0xd8,
    0xcd, 0xfe, 0x40, 0xf, 0xff, 0xf8, 0x7, 0xff,
    0xa8, 0x91, 0x56, 0x41, 0x0, 0xff, 0xe0, 0x56,
    0xdd, 0x55, 0x7d, 0xac, 0x1, 0xff, 0xc6, 0x29,
    0xc1, 0x0, 0xff, 0xe3, 0x1d, 0x0, 0x7f, 0xf1,
    0xd1, 0x0, 0x1f, 0xfc, 0x7f, 0x6, 0x9b, 0xce,
    0xe7, 0xfd, 0xd6, 0xc0, 0x1e, 0x40, 0x26, 0x43,
    0x11, 0x0, 0x42, 0x93, 0x0, 0x1e, 0x20, 0xf,
    0xfe, 0x3, 0x88, 0x7, 0x8, 0x7, 0xff, 0x5,
    0x40, 0x39, 0x80, 0x3f, 0xf8, 0x24, 0x1, 0xff,
    0xef, 0x30, 0xe, 0x10, 0xf, 0xfe, 0xb, 0x0,
    0x73, 0x80, 0x7f, 0xf0, 0x4, 0xc0, 0x38, 0x80,
    0x3f, 0xe1, 0xa0, 0xe, 0x11, 0x2d, 0xd4, 0x3b,
    0x36, 0x7a, 0xf4, 0x0, 0xe4, 0x2, 0x45, 0x78,
    0x99, 0xd0, 0xa2, 0x1, 0xee, 0x0, 0xff, 0xe3,
    0x1a, 0x0, 0x7f, 0xf1, 0x47, 0x80, 0x3f, 0xf8,
    0xa9, 0xe4, 0x0, 0x6b, 0x96, 0x43, 0x10, 0xc,
    0x49, 0x1b, 0x62, 0x1, 0x0,

    /* U+0036 "6" */
    0x0, 0xf2, 0xce, 0x77, 0xfd, 0xdb, 0x70, 0xc4,
    0x1, 0xe6, 0xea, 0x63, 0x10, 0x8, 0x49, 0x1e,
    0x75, 0x80, 0x34, 0xc8, 0x40, 0x3f, 0xf8, 0xaa,
    0xc0, 0x1f, 0xfc, 0x7b, 0x0, 0xff, 0xe3, 0xa8,
    0x80, 0x79, 0x1e, 0x67, 0x3b, 0x21, 0x0, 0x5e,
    0x1, 0xc5, 0xb7, 0xc, 0xda, 0x26, 0xf5, 0x80,
    0x8, 0x1, 0xde, 0x40, 0x1f, 0xfc, 0x2, 0x10,
    0xc, 0x64, 0x1, 0xff, 0xc1, 0x60, 0xe, 0x50,
    0xf, 0xfe, 0x11, 0x0, 0x77, 0x0, 0x7f, 0xf0,
    0x84, 0x3, 0x84, 0x3, 0xff, 0x85, 0xc0, 0x1c,
    0x60, 0x1f, 0xfc, 0x81, 0x0, 0x8d, 0x56, 0x42,
    0x0, 0xe3, 0x0, 0xfa, 0x3f, 0x2a, 0xab, 0xde,
    0x70, 0x8, 0x40, 0x38, 0x71, 0xc0, 0x3e, 0x18,
    0xa0, 0xf, 0xd4, 0x60, 0x1f, 0xe5, 0x50, 0x7,
    0xff, 0x22, 0x40, 0x3f, 0xf9, 0x6, 0x20, 0x1f,
    0x36, 0xff, 0xda, 0xe0, 0x1e, 0x50, 0xf, 0x1c,
    0x90, 0x4, 0x50, 0x80, 0x1c, 0x60, 0x1e, 0x40,
    0xf, 0xb0, 0x3, 0xbc, 0x40, 0x3b, 0x80, 0x3e,
    0x20, 0xe, 0x10, 0xf, 0xfe, 0x10, 0x80, 0x78,
    0xc0, 0x3f, 0xf9, 0x2, 0x1, 0xff, 0xc8, 0xf0,
    0xe, 0x10, 0xf, 0xfe, 0x8, 0x90, 0x7, 0x78,
    0x7, 0xc2, 0x1, 0xde, 0xc0, 0x1c, 0x80, 0x1f,
    0x68, 0x7, 0x9, 0x80, 0x71, 0x98, 0x3, 0xca,
    0x1, 0xca, 0x6, 0x1, 0xd9, 0x2c, 0xd3, 0xe9,
    0x0, 0x71, 0x85, 0x80, 0x79, 0xa6, 0x68, 0x20,
    0xe, 0x30, 0x3, 0x0, 0x7f, 0xf1, 0x64, 0x0,
    0x32, 0x1, 0xff, 0xc3, 0x55, 0x0, 0x4d, 0x20,
    0x1f, 0xfc, 0x16, 0xa0, 0xe, 0x6e, 0x85, 0x21,
    0x0, 0x84, 0x92, 0x3a, 0x40, 0x20,

    /* U+0037 "7" */
    0xcf, 0xff, 0xfe, 0x33, 0x0, 0x7f, 0xff, 0xc0,
    0x3a, 0x26, 0x7f, 0xf8, 0x0, 0x1e, 0x44, 0x33,
    0x7f, 0xc4, 0x1, 0xc4, 0x40, 0xf, 0xfe, 0x6,
    0x80, 0x72, 0x80, 0x7f, 0xf0, 0x5c, 0x3, 0xa8,
    0x3, 0xff, 0x80, 0x82, 0x1, 0x88, 0x80, 0x1f,
    0xfc, 0xe, 0x0, 0xe5, 0x0, 0xff, 0xe0, 0xa8,
    0x7, 0x58, 0x7, 0xff, 0x1, 0x0, 0x38, 0x8c,
    0x3, 0xff, 0x81, 0xc0, 0x1c, 0xa0, 0x1f, 0xfc,
    0x15, 0x0, 0xeb, 0x0, 0xff, 0xe0, 0x28, 0x7,
    0x11, 0x80, 0x7f, 0xf0, 0x3c, 0x3, 0x94, 0x3,
    0xff, 0x82, 0xa0, 0x1d, 0x60, 0x1f, 0xfc, 0x5,
    0x0, 0xe1, 0x30, 0xf, 0xfe, 0x7, 0x80, 0x73,
    0x0, 0x7f, 0xf0, 0x54, 0x3, 0xac, 0x3, 0xff,
    0x80, 0xa0, 0x1c, 0x26, 0x1, 0xff, 0xc0, 0xf0,
    0xe, 0x70, 0xf, 0xfe, 0xa, 0x80, 0x75, 0x0,
    0x7f, 0xf0, 0x14, 0x3, 0x84, 0xc0, 0x3f, 0xf8,
    0x1e, 0x1, 0xce, 0x1, 0xff, 0xc1, 0x50, 0xe,
    0xd0, 0xf, 0xfe, 0x2, 0x80, 0x70, 0xa0, 0x7,
    0xff, 0x3, 0xc0, 0x39, 0xc0, 0x3f, 0xf8, 0x2a,
    0x1, 0xda, 0x1, 0xff, 0xc0, 0x50, 0xe, 0x14,
    0x0, 0xff, 0xe0, 0x70, 0x7, 0x38, 0x7, 0xff,
    0x5, 0x0, 0x3b, 0x40, 0x3f, 0xf8, 0xa, 0x1,
    0xe4, 0x0, 0xff, 0xe0, 0x70, 0x7, 0x28, 0x7,
    0xff, 0x5, 0x0, 0x3b, 0x80, 0x3f, 0xc0,

    /* U+0038 "8" */
    0x0, 0xc2, 0xd5, 0x9d, 0xff, 0x76, 0xdb, 0x90,
    0x7, 0xe8, 0xe9, 0x53, 0x10, 0x8, 0x49, 0x23,
    0x6c, 0x40, 0x3a, 0x9c, 0x3, 0xff, 0x82, 0x9e,
    0x40, 0x13, 0x28, 0x7, 0xff, 0xc, 0x78, 0x2,
    0x80, 0xf, 0xfe, 0x29, 0x98, 0xc, 0x40, 0x38,
    0xa2, 0xae, 0xd2, 0x80, 0x1e, 0xb0, 0x50, 0xe,
    0x1d, 0x75, 0x44, 0x35, 0xb0, 0x7, 0x20, 0x70,
    0x7, 0x38, 0x7, 0xd4, 0x1, 0xc2, 0x1, 0xf7,
    0x0, 0x7c, 0x40, 0x1c, 0x60, 0x1f, 0x8, 0x7,
    0xc2, 0x1, 0xf7, 0x80, 0x7f, 0xf1, 0xcc, 0x4,
    0x3, 0xff, 0x8e, 0x20, 0xa0, 0x1d, 0xc0, 0x1f,
    0x18, 0x7, 0x28, 0x18, 0x80, 0x65, 0x0, 0xfa,
    0x80, 0x3b, 0x40, 0x12, 0x1, 0x8b, 0x14, 0xc8,
    0xd2, 0x58, 0x3, 0x12, 0x0, 0x1d, 0x0, 0x31,
    0xd6, 0x6e, 0x5b, 0x0, 0x61, 0xf0, 0xd, 0x70,
    0x20, 0x1f, 0xfc, 0x5, 0xc2, 0x0, 0xe6, 0x90,
    0xf, 0xf9, 0x60, 0x80, 0x39, 0xba, 0x0, 0x3f,
    0xe5, 0xd9, 0x0, 0xcb, 0x20, 0x1f, 0xfc, 0x36,
    0xa0, 0xa, 0xc0, 0x39, 0xb7, 0xfe, 0xd9, 0x10,
    0xc, 0xa8, 0x8, 0x20, 0x19, 0x24, 0x80, 0x22,
    0x6b, 0x0, 0xee, 0xc, 0x0, 0xee, 0x0, 0xf9,
    0x40, 0x39, 0x0, 0x80, 0x39, 0x80, 0x3f, 0x10,
    0x6, 0x10, 0x10, 0xe, 0x10, 0xf, 0xc2, 0x1,
    0xc4, 0xe0, 0x1f, 0xfc, 0x27, 0x0, 0xff, 0xe4,
    0xb8, 0x7, 0x9c, 0x3, 0x98, 0x3, 0xf0, 0x80,
    0x78, 0x40, 0x38, 0xc0, 0x3e, 0x12, 0x0, 0xe2,
    0xd0, 0xe, 0xa0, 0xf, 0xa4, 0x3, 0x84, 0xc,
    0x3, 0x8b, 0x5d, 0x51, 0xd, 0x4e, 0x1, 0xc8,
    0x8, 0x20, 0x1c, 0x51, 0x57, 0x69, 0x50, 0xf,
    0x78, 0x2, 0x40, 0x3f, 0xf8, 0xa4, 0xa0, 0x7,
    0x40, 0xf, 0xfe, 0x18, 0xf8, 0x6, 0xb8, 0x0,
    0xff, 0xe0, 0xa6, 0x10, 0x7, 0x3f, 0x4b, 0x18,
    0x80, 0x42, 0x49, 0x1b, 0x64, 0x1, 0x0,

    /* U+0039 "9" */
    0x0, 0xc9, 0x19, 0xdf, 0xfb, 0xb2, 0x50, 0x3,
    0xe2, 0xcb, 0x73, 0x10, 0xc, 0x26, 0xd7, 0x84,
    0x1, 0x8b, 0xc, 0x3, 0xff, 0x80, 0x78, 0x20,
    0x14, 0x88, 0x7, 0xff, 0x8, 0x6c, 0x0, 0x48,
    0x1, 0xff, 0xc4, 0x51, 0x4, 0x0, 0xf2, 0xc4,
    0xca, 0x10, 0x3, 0xce, 0x1e, 0x1, 0xcf, 0x4e,
    0xcc, 0x7b, 0x70, 0xe, 0xc0, 0x20, 0xe, 0xa0,
    0xf, 0x48, 0x7, 0x38, 0x30, 0x7, 0x10, 0x7,
    0x84, 0x40, 0x18, 0x80, 0xc0, 0x30, 0x80, 0x7e,
    0x20, 0xf, 0x8, 0x7, 0xff, 0x5, 0xc0, 0x38,
    0x80, 0x3f, 0xf9, 0x2, 0x1, 0xc2, 0x1, 0xff,
    0xc3, 0x10, 0xf, 0xfe, 0xb, 0x80, 0x73, 0x98,
    0x7, 0x10, 0x7, 0xc4, 0x1, 0xc2, 0x20, 0xe,
    0xa0, 0xf, 0x20, 0x80, 0x79, 0x40, 0x39, 0xe9,
    0xd9, 0x8f, 0x36, 0x1, 0xf6, 0x0, 0x79, 0x62,
    0x65, 0xc, 0x1, 0xf9, 0x0, 0x3f, 0xf9, 0x2,
    0xe0, 0x1f, 0xf0, 0x90, 0x7, 0xd0, 0xa0, 0x1f,
    0xc3, 0xae, 0x1, 0xfa, 0xad, 0x48, 0x40, 0x2,
    0x6f, 0xe6, 0x1, 0xe1, 0x0, 0x92, 0xb7, 0xbf,
    0xdd, 0x90, 0x20, 0x1f, 0xfc, 0xa1, 0x0, 0xe7,
    0x0, 0xff, 0xe1, 0x38, 0x7, 0x8, 0x7, 0xff,
    0x8, 0x40, 0x38, 0x80, 0x3f, 0xf8, 0x44, 0x1,
    0x84, 0x3, 0xff, 0x84, 0x40, 0x1c, 0x40, 0x1f,
    0xfc, 0x2b, 0x0, 0xe5, 0x0, 0xff, 0xe0, 0xab,
    0x0, 0x76, 0x0, 0x2f, 0x6e, 0x5d, 0xcc, 0xc7,
    0x9d, 0xa0, 0xf, 0x28, 0x1, 0xc9, 0x1a, 0x21,
    0x32, 0x86, 0x20, 0xf, 0x30, 0x7, 0xff, 0x1c,
    0x60, 0x3, 0xff, 0x8f, 0x42, 0x1, 0xff, 0xc5,
    0x3d, 0x40, 0xd, 0x97, 0xa, 0x64, 0x1, 0x89,
    0x1f, 0x30, 0x40, 0x18,

    /* U+003A ":" */
    0x4f, 0xff, 0x0, 0x7f, 0xf5, 0xd3, 0x77, 0xc0,
    0x45, 0xe0, 0xf, 0xff, 0xf8, 0x7, 0xf8, 0x8b,
    0xc9, 0xbb, 0xe0, 0xf, 0xfe, 0xb8,

    /* U+003B ";" */
    0x4f, 0xff, 0x0, 0x7f, 0xf5, 0xd3, 0x77, 0xc0,
    0x45, 0xe0, 0xf, 0xff, 0xf8, 0x7, 0xf8, 0x8b,
    0xc9, 0xbb, 0xe0, 0xf, 0xfe, 0xba, 0x7f, 0x80,
    0x3f, 0xc2, 0x0, 0x20, 0x8, 0x80, 0x14, 0x1,
    0x2c, 0xf3, 0x80, 0x5a, 0xa2, 0x1, 0x2a, 0x0,
    0x9, 0x6a, 0x80,

    /* U+003C "<" */
    0x0, 0xff, 0xe2, 0xb, 0x40, 0x7, 0xff, 0x9,
    0x2b, 0xa4, 0xc0, 0x3f, 0xe1, 0x7d, 0xb5, 0x0,
    0xff, 0xe0, 0x2d, 0xf4, 0x10, 0x7, 0xfc, 0x53,
    0xd4, 0x80, 0x1f, 0xf0, 0xb6, 0x6b, 0x8, 0x7,
    0xc4, 0xf2, 0x9, 0x5d, 0x26, 0x1, 0xf9, 0xb3,
    0x60, 0xb6, 0xd4, 0x3, 0xf2, 0x57, 0xc9, 0x80,
    0x44, 0x1, 0xf1, 0xc7, 0x5a, 0x80, 0x7f, 0xf0,
    0x1f, 0x71, 0xc4, 0x3, 0xff, 0x84, 0xd4, 0x40,
    0x1f, 0xfc, 0x41, 0x7d, 0xc6, 0x10, 0xf, 0x98,
    0x3, 0xf1, 0xcf, 0x52, 0x0, 0x74, 0xfc, 0x98,
    0x7, 0xe5, 0xbe, 0x93, 0x0, 0xcd, 0x9a, 0xe2,
    0x1, 0xf0, 0xb6, 0x6a, 0x80, 0x62, 0x8e, 0xb4,
    0x0, 0xfc, 0x5c, 0x1, 0xf2, 0x5f, 0x41, 0x0,
    0x7f, 0xf1, 0x5, 0xf7, 0x18, 0x3, 0xff, 0x8a,
    0x73, 0xf2, 0x60, 0x1f, 0xfc, 0x56, 0xcd, 0xe0,

    /* U+003D "=" */
    0xff, 0xff, 0xe3, 0x58, 0x7, 0xff, 0xb4, 0x47,
    0xff, 0x8c, 0x5d, 0xdf, 0xfc, 0x69, 0x0, 0xff,
    0xf6, 0xf7, 0x7f, 0xf1, 0xa4, 0x47, 0xff, 0x8c,
    0x40, 0x1f, 0xfe, 0xd0,

    /* U+003E ">" */
    0xa4, 0x0, 0xff, 0xe2, 0xad, 0xf4, 0x10, 0x7,
    0xff, 0x10, 0x5f, 0x71, 0x80, 0x3f, 0xf8, 0xa7,
    0x3f, 0x26, 0x1, 0xff, 0xc5, 0x6c, 0xd7, 0x10,
    0xf, 0x5b, 0x0, 0x7e, 0x28, 0xea, 0x40, 0xc,
    0x93, 0xf4, 0x80, 0x1f, 0x96, 0xfa, 0x8, 0x3,
    0x2d, 0xf4, 0x10, 0x7, 0xc2, 0xfb, 0x20, 0x1c,
    0x2f, 0xba, 0x71, 0x0, 0xf8, 0x80, 0x3f, 0x14,
    0x75, 0xa0, 0x7, 0xff, 0x11, 0x39, 0x0, 0x3f,
    0xf8, 0x25, 0x1d, 0x6a, 0x1, 0xff, 0xb, 0x66,
    0xb8, 0x80, 0x7c, 0x5a, 0x0, 0x4a, 0xe9, 0x30,
    0xf, 0xcb, 0x7a, 0xd3, 0xd6, 0xa0, 0x1f, 0x8e,
    0x7a, 0x90, 0x0, 0xc2, 0x1, 0xf0, 0xb6, 0x61,
    0x84, 0x3, 0xfe, 0x4a, 0xe9, 0x30, 0xf, 0xf8,
    0x5f, 0xad, 0x40, 0x3f, 0xf8, 0xb, 0x7d, 0x2,
    0x1, 0xff, 0xc0, 0x9e, 0xa4, 0x0, 0xff, 0xe1,
    0x80,

    /* U+003F "?" */
    0x15, 0x8a, 0xcd, 0xff, 0xbb, 0x24, 0xc0, 0x34,
    0xd3, 0xa9, 0x90, 0x4, 0x26, 0xd9, 0x62, 0x1,
    0xff, 0xc3, 0x4c, 0x0, 0xff, 0xe2, 0x14, 0x0,
    0x7f, 0xf1, 0x1c, 0x3d, 0x1a, 0x26, 0x68, 0x60,
    0xf, 0x91, 0xee, 0x5d, 0x9a, 0x79, 0xd0, 0xf,
    0x18, 0x7, 0xf1, 0x28, 0x7, 0x78, 0x7, 0xfb,
    0x40, 0x38, 0x40, 0x3f, 0xc2, 0x1, 0xff, 0xc4,
    0x10, 0xf, 0xfe, 0x27, 0x0, 0x77, 0x0, 0x7f,
    0x9c, 0x3, 0x88, 0x3, 0xf0, 0xe0, 0x80, 0x72,
    0x0, 0x7c, 0xbe, 0x60, 0x1c, 0x82, 0x1, 0xc3,
    0x74, 0x20, 0x1e, 0x90, 0xe, 0x1f, 0x40, 0xf,
    0xe, 0x10, 0x7, 0x48, 0x80, 0x79, 0x7c, 0xc0,
    0x3c, 0x80, 0x1c, 0x57, 0x42, 0x1, 0xf1, 0x0,
    0x62, 0xd4, 0x0, 0xfe, 0x10, 0xd, 0x60, 0x1f,
    0xfc, 0x43, 0x0, 0xff, 0xe2, 0x8, 0x7, 0xff,
    0x87, 0x33, 0x90, 0x3, 0xfe, 0x33, 0xe0, 0xf,
    0xff, 0x8, 0x91, 0x78, 0x3, 0xfc, 0xdb, 0xbd,
    0xe0, 0x1f, 0xff, 0xf0, 0xf, 0xfe, 0x28,

    /* U+0040 "@" */
    0x0, 0xf9, 0x1e, 0x6f, 0x7b, 0xff, 0xdd, 0xb9,
    0x50, 0xa2, 0x1, 0xfe, 0x19, 0xfb, 0x86, 0x42,
    0x10, 0xf, 0x9, 0x1a, 0xbd, 0x76, 0x18, 0x7,
    0xc5, 0xec, 0x1, 0x84, 0x8c, 0xff, 0x10, 0x80,
    0x63, 0xc7, 0x0, 0xe1, 0xc1, 0x0, 0x36, 0x7f,
    0x6e, 0x67, 0xed, 0xef, 0xd8, 0x10, 0x4, 0x28,
    0x6, 0x91, 0x1, 0xc9, 0x30, 0xf, 0xfe, 0x11,
    0x3f, 0x20, 0x2, 0xc0, 0x33, 0x0, 0x28, 0xc0,
    0x3f, 0xf8, 0xf4, 0x20, 0x28, 0x0, 0x31, 0x3,
    0x40, 0xf, 0xfe, 0x40, 0xb0, 0x3, 0x40, 0xa,
    0x0, 0xb0, 0xf, 0xfe, 0x55, 0x80, 0x14, 0x1,
    0xc0, 0x3, 0x0, 0xff, 0xe5, 0x18, 0x0, 0x80,
    0x4, 0x0, 0x60, 0xc, 0x2d, 0x37, 0xbd, 0xff,
    0x6d, 0x20, 0x7, 0xc4, 0x2, 0x0, 0x10, 0x1,
    0x0, 0x65, 0x96, 0x42, 0x10, 0x8, 0x96, 0xec,
    0x1, 0xe1, 0x0, 0x8, 0x38, 0x7, 0xff, 0x1d,
    0x20, 0x3, 0x9c, 0x0, 0x60, 0x20, 0x1f, 0xfc,
    0x87, 0x0, 0xe1, 0x0, 0x8, 0x18, 0x8, 0x7,
    0x33, 0xcd, 0x52, 0xed, 0x2a, 0x1, 0xc8, 0x1,
    0x8c, 0x0, 0xe0, 0x20, 0x1f, 0x14, 0x32, 0xa9,
    0x10, 0xd4, 0xa0, 0x18, 0xc0, 0x3f, 0xe3, 0x0,
    0xff, 0xe1, 0x60, 0x6, 0xf0, 0xf, 0x84, 0x3,
    0xff, 0x8c, 0x40, 0x18, 0x40, 0x3f, 0xfa, 0x66,
    0x1, 0x84, 0x3, 0xff, 0xac, 0x60, 0x1f, 0xe2,
    0x9d, 0xff, 0xeb, 0x0, 0xff, 0xe5, 0x1e, 0xb1,
    0x0, 0x7f, 0xf4, 0x3c, 0x3, 0xff, 0xa4, 0x26,
    0x1, 0xc, 0xd5, 0x50, 0x1, 0xff, 0xc0, 0x30,
    0xf, 0xc4, 0x1, 0xa1, 0x95, 0x63, 0x0, 0xfe,
    0x10, 0xf, 0xf9, 0x80, 0x31, 0x0, 0x7f, 0xf1,
    0x44, 0x3, 0xf1, 0x80, 0x7f, 0x8, 0x7, 0xf1,
    0x80, 0x1c, 0x3, 0xf1, 0x80, 0x62, 0x0, 0xd8,
    0x1, 0xfc, 0x20, 0x1, 0x1, 0x3, 0x0, 0xc2,
    0x1, 0xa8, 0x80, 0x55, 0x80, 0x3f, 0x98, 0x0,
    0x40, 0x1f, 0x98, 0x3, 0x1e, 0xff, 0x50, 0x7,
    0xf1, 0x10, 0x8, 0x0, 0x60, 0x20, 0x18, 0x88,
    0x1, 0xf9, 0x0, 0x32, 0x5d, 0xb3, 0x40, 0xa,
    0x0, 0x10, 0xf, 0xa0, 0x3, 0xe2, 0xa0, 0xc,
    0x28, 0x83, 0x0, 0xa8, 0x0, 0xe0, 0x1, 0x0,
    0xcb, 0x22, 0x1, 0x93, 0x4, 0x3, 0xf0, 0xa6,
    0x10, 0x0, 0x40, 0x6, 0x1, 0xcd, 0xd9, 0x79,
    0xd6, 0x21, 0xff, 0xfb, 0xac, 0xc0, 0x22, 0x0,
    0x30, 0x7, 0xc6, 0x86, 0x20, 0x1f, 0xfc, 0x5e,
    0x0, 0x18, 0x7, 0xff, 0x41, 0x0, 0x16, 0x1,
    0xff, 0xd0, 0x21, 0x3, 0x40, 0xf, 0xfe, 0x84,
    0x80, 0x28, 0x80, 0x3f, 0xf9, 0xee, 0x60, 0x3b,
    0x4a, 0x40, 0x1f, 0xfc, 0xdd, 0x30, 0x2, 0xd6,
    0xff, 0xff, 0xf0, 0x68, 0x3, 0xfe, 0x1c, 0x93,
    0x0, 0xff, 0xe9, 0x36, 0x75, 0xc3, 0xaa, 0x19,
    0xc4, 0x5f, 0x80, 0x3f, 0x0,

    /* U+0041 "A" */
    0x0, 0xfd, 0x1f, 0xff, 0x90, 0x3, 0xff, 0x88,
    0x80, 0x1f, 0x8c, 0x3, 0xff, 0x88, 0x60, 0x1f,
    0xb0, 0x3, 0xff, 0x86, 0x60, 0x1f, 0xca, 0x1,
    0xff, 0xc3, 0x50, 0xf, 0xe1, 0x20, 0xf, 0xfe,
    0x16, 0x0, 0x7f, 0x90, 0x3, 0xff, 0x84, 0xe0,
    0x19, 0x40, 0x3b, 0xc0, 0x3f, 0xf8, 0x22, 0x40,
    0x1b, 0xcc, 0x3, 0x20, 0x7, 0xff, 0x5, 0x0,
    0x39, 0xd4, 0x3, 0x10, 0x7, 0xff, 0x7, 0x40,
    0x38, 0xbc, 0x3, 0x90, 0x3, 0xff, 0x80, 0x80,
    0x18, 0xc1, 0x40, 0x38, 0xc0, 0x3f, 0xf8, 0x6,
    0x1, 0x94, 0xc, 0x3, 0xb0, 0x3, 0xfe, 0x30,
    0xe, 0xc0, 0x1, 0x80, 0x65, 0x0, 0xff, 0x94,
    0x3, 0x9c, 0x0, 0xa0, 0x18, 0x48, 0x3, 0xfd,
    0x80, 0x1c, 0x40, 0xf, 0x0, 0xe4, 0x0, 0xff,
    0x38, 0x6, 0x30, 0x9, 0x40, 0x3b, 0xc0, 0x3f,
    0x84, 0x80, 0x32, 0x0, 0x46, 0x1, 0xc8, 0x1,
    0xfc, 0x80, 0x1d, 0xa0, 0x18, 0xc0, 0x31, 0x0,
    0x7f, 0x68, 0x7, 0x38, 0x6, 0x50, 0xe, 0x40,
    0xf, 0xc8, 0x1, 0xc4, 0x1, 0xbc, 0x3, 0x8c,
    0x3, 0xf1, 0x80, 0x64, 0x0, 0xe5, 0x0, 0xec,
    0x0, 0xf8, 0xc0, 0x38, 0xc0, 0x38, 0xc0, 0x39,
    0x40, 0x3e, 0x50, 0xe, 0x15, 0x5f, 0x8, 0x6,
    0x12, 0x0, 0xf6, 0x0, 0x73, 0x55, 0x78, 0x40,
    0x39, 0x0, 0x3c, 0xe0, 0x1f, 0xfc, 0x6f, 0x0,
    0xe1, 0x20, 0xf, 0xfe, 0x32, 0x0, 0x72, 0x0,
    0x7f, 0xf1, 0xc8, 0x3, 0xb4, 0x3, 0xff, 0x90,
    0x80, 0x19, 0x0, 0x3b, 0xbf, 0xff, 0x38, 0x7,
    0x18, 0x6, 0x30, 0xc, 0x22, 0x0, 0xfd, 0x80,
    0x1d, 0x80, 0x11, 0x80, 0x72, 0x80, 0x7f, 0x28,
    0x7, 0x20, 0x4, 0xa0, 0x1d, 0x80, 0x1f, 0xc2,
    0x20, 0xe, 0x20, 0x6, 0x0, 0x71, 0x80, 0x7f,
    0x90, 0x3, 0x90, 0x0, 0xe0, 0x1c, 0xa0, 0x1f,
    0xed, 0x0, 0xef, 0x1, 0x20, 0xc, 0x42, 0x1,
    0xfe, 0x40, 0xe, 0x40, 0x40, 0xe, 0x70, 0xf,
    0xf8, 0xc0, 0x38, 0x84,

    /* U+0042 "B" */
    0xff, 0xff, 0xe0, 0xed, 0x30, 0x7, 0xff, 0x18,
    0x96, 0x79, 0x0, 0x3f, 0xf8, 0xe3, 0x68, 0x1,
    0xff, 0xc8, 0xa0, 0xf, 0xfe, 0x40, 0xb0, 0x7,
    0xd3, 0x3d, 0x8, 0x1, 0xed, 0x0, 0xf9, 0x9b,
    0x9e, 0xdc, 0x3, 0x94, 0x3, 0xff, 0x85, 0x20,
    0x1c, 0x20, 0x1f, 0xfc, 0x21, 0x10, 0x7, 0x8,
    0x7, 0xff, 0x5c, 0xc0, 0x3f, 0xf9, 0x6, 0x1,
    0xc2, 0x1, 0xff, 0xc1, 0x11, 0x0, 0x63, 0x0,
    0xff, 0xe1, 0x30, 0x7, 0x58, 0x7, 0xff, 0x0,
    0x9e, 0x0, 0x39, 0x80, 0x3e, 0xff, 0xed, 0x80,
    0xe, 0x91, 0x0, 0xff, 0xe2, 0x8d, 0x30, 0x7,
    0xff, 0x15, 0xb9, 0x40, 0x3f, 0xf8, 0xcd, 0xca,
    0x1, 0xff, 0xc7, 0x1a, 0x80, 0xf, 0xd3, 0x3c,
    0xe8, 0x1, 0xce, 0x80, 0x1f, 0x33, 0x74, 0x5c,
    0x0, 0x77, 0x80, 0x7f, 0xf0, 0x9c, 0x40, 0x32,
    0x0, 0x7f, 0xf0, 0xd4, 0x3, 0x8c, 0x3, 0xff,
    0x84, 0x40, 0x1c, 0xc0, 0x1f, 0xfc, 0x83, 0x0,
    0xff, 0xe4, 0x8, 0x7, 0xff, 0x8, 0xc0, 0x38,
    0x40, 0x3f, 0xf8, 0x4e, 0x1, 0xc6, 0x1, 0xff,
    0xc1, 0x42, 0x0, 0xe7, 0x0, 0xf2, 0xaf, 0x34,
    0xd8, 0x7, 0x9, 0x0, 0x7a, 0xab, 0xa5, 0x80,
    0x3c, 0xe0, 0x1f, 0xfc, 0x8b, 0x0, 0xff, 0xe3,
    0xc1, 0x0, 0x7f, 0xf1, 0xa5, 0xc0, 0x3f, 0xf8,
    0x62, 0x91, 0xcc, 0x1, 0x0,

    /* U+0043 "C" */
    0x0, 0xe2, 0x7b, 0xde, 0xff, 0x76, 0xdc, 0xa0,
    0x6, 0x1a, 0xd8, 0x42, 0x10, 0x0, 0x92, 0x35,
    0x0, 0x43, 0x8a, 0x1, 0xff, 0xc3, 0xa2, 0x0,
    0xff, 0xe1, 0x9a, 0x0, 0x7f, 0xf1, 0x28, 0x3,
    0xc2, 0xb1, 0x32, 0x88, 0x32, 0x0, 0x10, 0x3,
    0x93, 0xa9, 0xd9, 0x8e, 0xe9, 0xa0, 0x1, 0x0,
    0x75, 0x0, 0x7f, 0x88, 0x3, 0x8c, 0x40, 0x3f,
    0xcc, 0x1, 0xca, 0x1, 0xff, 0x10, 0x7, 0x70,
    0x7, 0xfc, 0x20, 0x1c, 0x20, 0x1f, 0xf7, 0x80,
    0x71, 0x80, 0x7f, 0xc2, 0x1, 0xff, 0xcb, 0x10,
    0xf, 0xf8, 0xc0, 0x3f, 0xff, 0xe0, 0x1f, 0xfd,
    0x43, 0x0, 0xff, 0xe5, 0x88, 0x7, 0xfc, 0x20,
    0x1f, 0xfc, 0x5f, 0x0, 0xe3, 0x0, 0xff, 0x84,
    0x3, 0x84, 0x3, 0xfe, 0x30, 0xe, 0xe0, 0xf,
    0xf9, 0x80, 0x39, 0x40, 0x3f, 0xe2, 0x0, 0xe3,
    0x10, 0xf, 0xf0, 0x88, 0x3, 0xa8, 0x3, 0xfe,
    0x70, 0xe, 0x4e, 0x97, 0x66, 0x9e, 0x6c, 0x1,
    0xa0, 0x1e, 0x16, 0x89, 0x9a, 0x19, 0x0, 0x8,
    0x60, 0x1f, 0xfc, 0x5e, 0x10, 0xf, 0xfe, 0x21,
    0x62, 0x0, 0x7f, 0xf1, 0xa, 0xf1, 0xd0, 0x84,
    0x0, 0x24, 0x8d, 0x40,

    /* U+0044 "D" */
    0xff, 0xff, 0xbb, 0x29, 0xc8, 0x3, 0xff, 0x88,
    0x26, 0xb1, 0xb6, 0x20, 0x1f, 0xfc, 0x74, 0xf2,
    0x0, 0xff, 0xe3, 0x8f, 0x0, 0x7f, 0xf2, 0xc,
    0xc0, 0x1f, 0x4c, 0xf3, 0x90, 0x7, 0xac, 0x3,
    0xe6, 0x6e, 0x8d, 0x50, 0xe, 0x40, 0xf, 0xfe,
    0x14, 0x80, 0x71, 0x80, 0x7f, 0xf0, 0x8c, 0x3,
    0xff, 0x92, 0x60, 0x1c, 0x40, 0x1f, 0xfc, 0x27,
    0x0, 0xe1, 0x0, 0xff, 0xe1, 0x8, 0x7, 0x38,
    0x7, 0xff, 0x8, 0xc0, 0x3f, 0xf9, 0xc2, 0x1,
    0xff, 0xc2, 0x10, 0xf, 0xfe, 0x71, 0x80, 0x7f,
    0xff, 0xc0, 0x3f, 0xfc, 0xc6, 0x1, 0xff, 0xc2,
    0x10, 0xf, 0xfe, 0xe9, 0x80, 0x70, 0x80, 0x7f,
    0xf0, 0x84, 0x3, 0x9c, 0x3, 0xff, 0x84, 0xe0,
    0x1c, 0x20, 0x1f, 0xfc, 0x22, 0x0, 0xe3, 0x0,
    0xff, 0xe0, 0x90, 0x80, 0x70, 0x80, 0x7f, 0xf0,
    0x60, 0x3, 0x8c, 0x3, 0xe6, 0x6e, 0x8d, 0x50,
    0xe, 0x50, 0xf, 0xa6, 0x79, 0xc8, 0x3, 0xd4,
    0x1, 0xff, 0xc7, 0x33, 0x0, 0x7f, 0xf1, 0x87,
    0x80, 0x3f, 0xf8, 0xc9, 0x84, 0x1, 0xff, 0xc1,
    0x12, 0x58, 0xdb, 0x20, 0x8,

    /* U+0045 "E" */
    0xff, 0xff, 0xe2, 0x90, 0x7, 0xff, 0xfc, 0x2,
    0x99, 0xff, 0x88, 0x3, 0xcc, 0xdf, 0xf0, 0x7,
    0xff, 0xfc, 0x3, 0xff, 0xfe, 0x1f, 0xff, 0xd2,
    0x1, 0xff, 0xff, 0x0, 0xe9, 0x9f, 0xea, 0x0,
    0xfc, 0xcd, 0xfc, 0x60, 0x1f, 0xff, 0xf0, 0xf,
    0xff, 0xf8, 0x1, 0x9b, 0xfe, 0x0, 0xfa, 0x67,
    0xfe, 0x20, 0xf, 0xff, 0xe0,

    /* U+0046 "F" */
    0xff, 0xff, 0xe2, 0x20, 0x7, 0xff, 0xfa, 0x67,
    0xfc, 0xa0, 0x1e, 0x66, 0xff, 0x8, 0x7, 0xff,
    0xfc, 0x3, 0xff, 0xfe, 0x1, 0xfd, 0xff, 0xfc,
    0x40, 0x1f, 0xff, 0xf9, 0x9f, 0xe2, 0x0, 0xf9,
    0x9b, 0xf8, 0x3, 0xff, 0xfe, 0x1, 0xff, 0xff,
    0x0, 0xff, 0xfe, 0x80,

    /* U+0047 "G" */
    0x0, 0xf2, 0x4d, 0xef, 0x7f, 0xdd, 0x95, 0xc,
    0x40, 0x1c, 0xdd, 0x6c, 0x84, 0x20, 0x10, 0x9a,
    0xbc, 0xeb, 0x0, 0x53, 0x21, 0x0, 0xff, 0xe2,
    0xb3, 0x0, 0x3f, 0xf8, 0xf0, 0x1, 0xff, 0xc7,
    0x51, 0x0, 0xf1, 0xb4, 0x4c, 0xd0, 0xea, 0x62,
    0x0, 0xf0, 0xe, 0x1c, 0xc4, 0xbb, 0x34, 0xf1,
    0x59, 0xcc, 0x8, 0x1, 0xd0, 0x60, 0x1f, 0xfc,
    0x1, 0x10, 0x7, 0x30, 0x7, 0xff, 0x4, 0x80,
    0x38, 0xc0, 0x3f, 0xf8, 0x4c, 0x1, 0xca, 0x1,
    0xff, 0xc2, 0x30, 0xe, 0xe0, 0xf, 0xfe, 0x10,
    0x80, 0x70, 0x80, 0x7f, 0xf0, 0xbc, 0x3, 0x8c,
    0x3, 0xff, 0x84, 0x20, 0x1f, 0xfc, 0xe1, 0x0,
    0xdf, 0xff, 0xd0, 0x60, 0x1f, 0xff, 0xf0, 0xf,
    0xc6, 0x1, 0xfe, 0xaa, 0xa0, 0x3, 0xff, 0x8a,
    0xab, 0x20, 0x7, 0x84, 0x3, 0x84, 0x3, 0xff,
    0x90, 0x60, 0x1f, 0xfc, 0x2f, 0x0, 0xe1, 0x0,
    0xff, 0xe1, 0x10, 0x7, 0x78, 0x7, 0xff, 0x9,
    0x80, 0x38, 0x80, 0x3f, 0xf8, 0x44, 0x1, 0xce,
    0x1, 0xff, 0xc2, 0x11, 0x0, 0x62, 0x20, 0x7,
    0xff, 0x9, 0x40, 0x3a, 0x40, 0x3f, 0xf8, 0x5a,
    0x1, 0xc9, 0xae, 0x86, 0x8b, 0x60, 0x1f, 0x38,
    0x7, 0x8a, 0x2f, 0x2e, 0x9c, 0x3, 0xe1, 0x70,
    0xf, 0xfe, 0x44, 0x20, 0x7, 0xff, 0x22, 0xdc,
    0x3, 0xff, 0x91, 0x1d, 0x2a, 0x62, 0x1, 0x84,
    0xd1, 0xe7, 0x20,

    /* U+0048 "H" */
    0xff, 0xf0, 0x7, 0xf6, 0xff, 0xf0, 0x80, 0x7f,
    0xff, 0xc0, 0x3f, 0xff, 0xe0, 0x1f, 0xff, 0xf0,
    0xf, 0xff, 0xf8, 0x7, 0xff, 0xb, 0xff, 0xf8,
    0x80, 0x3f, 0xff, 0xe0, 0x1f, 0xfc, 0xd6, 0x6f,
    0xe0, 0xf, 0xfe, 0xc, 0xcf, 0xf1, 0x0, 0x7f,
    0xff, 0xc0, 0x3f, 0xff, 0xe0, 0x1f, 0xff, 0xf0,
    0xf, 0xff, 0xf8, 0x7, 0xff, 0x8,

    /* U+0049 "I" */
    0xef, 0xfe, 0x10, 0xf, 0xff, 0xf8, 0x7, 0xff,
    0xfc, 0x3, 0xff, 0xfe, 0x1, 0xff, 0xc8,

    /* U+004A "J" */
    0x0, 0xe3, 0xff, 0xeb, 0x0, 0xff, 0xff, 0x80,
    0x7f, 0xff, 0xc0, 0x3f, 0xff, 0xe0, 0x1f, 0xfe,
    0x61, 0x0, 0xff, 0xe2, 0xb8, 0x7, 0xff, 0x14,
    0xc0, 0x38, 0x40, 0x38, 0x40, 0x38, 0x80, 0x3b,
    0xc0, 0x3a, 0xc0, 0x38, 0x40, 0x49, 0x28, 0xc0,
    0x38, 0x97, 0xb6, 0xd4, 0x3, 0xca, 0x1, 0xfe,
    0x21, 0x0, 0xff, 0x40, 0x7, 0xf9, 0xd4, 0x3,
    0x9, 0x1a, 0xc6, 0xc0, 0x0,

    /* U+004B "K" */
    0xff, 0xf0, 0x7, 0xf6, 0xff, 0xf2, 0x0, 0x7f,
    0xf0, 0x90, 0x80, 0x31, 0xa0, 0x7, 0xff, 0xb,
    0xc0, 0x3a, 0x40, 0x3f, 0xf8, 0x44, 0x80, 0x18,
    0x94, 0x3, 0xff, 0x85, 0x60, 0x1d, 0x60, 0x1f,
    0xfc, 0x21, 0x60, 0xc, 0x2c, 0x1, 0xff, 0xc2,
    0x60, 0xe, 0x60, 0xf, 0xfe, 0x1c, 0x80, 0x74,
    0x80, 0x7f, 0xf0, 0x94, 0x40, 0x33, 0x8, 0x7,
    0xff, 0xa, 0x40, 0x3a, 0xc0, 0x3f, 0xf8, 0x48,
    0x60, 0x19, 0x48, 0x3, 0xff, 0x85, 0xe0, 0x1d,
    0x20, 0x1f, 0xfc, 0x22, 0x40, 0xc, 0x66, 0x0,
    0xff, 0xe1, 0x58, 0x7, 0x40, 0x7, 0xff, 0x8,
    0x58, 0x3, 0x12, 0x0, 0x7f, 0xf0, 0x3f, 0xdc,
    0x1, 0xd6, 0x1, 0xff, 0xc8, 0x16, 0x0, 0xff,
    0xe4, 0x10, 0x7, 0xff, 0x24, 0xcc, 0x1, 0xff,
    0xc9, 0x90, 0xf, 0xfe, 0xd, 0x52, 0x40, 0x39,
    0x44, 0x3, 0xff, 0x80, 0xaa, 0x63, 0x0, 0xe6,
    0x0, 0xff, 0xe1, 0xc8, 0x7, 0x48, 0x7, 0xff,
    0xd, 0x44, 0x3, 0xa, 0x80, 0x7f, 0xf0, 0xd8,
    0x3, 0xa4, 0x3, 0xff, 0x87, 0x40, 0x1c, 0x64,
    0x1, 0xff, 0xc2, 0x24, 0x0, 0xeb, 0x0, 0xff,
    0xe1, 0xf8, 0x7, 0x30, 0x80, 0x7f, 0xf0, 0x90,
    0x40, 0x39, 0x80, 0x3f, 0xf8, 0x72, 0x1, 0xd4,
    0x1, 0xff, 0xc3, 0x60, 0xe, 0x24, 0x0, 0xff,
    0xe1, 0xa, 0x80, 0x77, 0x80, 0x7f, 0xf0, 0xe4,
    0x3, 0x90, 0x80, 0x3f, 0xf8, 0x46, 0x40, 0x1d,
    0x60, 0x1f, 0xfc, 0x3b, 0x0, 0xe6, 0x0, 0xff,
    0xe1, 0xb0, 0x7, 0x98,

    /* U+004C "L" */
    0xff, 0xf0, 0x7, 0xff, 0xfc, 0x3, 0xff, 0xfe,
    0x1, 0xff, 0xff, 0x0, 0xff, 0xff, 0x80, 0x7f,
    0xff, 0xc0, 0x3f, 0xff, 0xe0, 0x1f, 0xfd, 0x28,
    0x8f, 0xe7, 0x0, 0xf3, 0xbf, 0xf4, 0x80, 0x7f,
    0xfd, 0x0,

    /* U+004D "M" */
    0xff, 0xfe, 0x40, 0xf, 0xf2, 0x7f, 0xfe, 0xd0,
    0xf, 0xe3, 0x0, 0xff, 0x60, 0x7, 0xff, 0x1b,
    0x0, 0x3f, 0xc6, 0x1, 0xff, 0xc6, 0x50, 0xf,
    0xf2, 0x80, 0x7f, 0xf1, 0x84, 0x80, 0x3f, 0x10,
    0x80, 0x7f, 0xf1, 0xdc, 0x3, 0xf3, 0x80, 0x7f,
    0xf2, 0x30, 0x3, 0xf6, 0x0, 0x7f, 0xf2, 0x14,
    0x3, 0xf2, 0x80, 0x7f, 0xf0, 0xc8, 0x3, 0x18,
    0x7, 0xe3, 0x0, 0x88, 0x3, 0xfe, 0x63, 0x0,
    0xc6, 0x1, 0xe3, 0x0, 0xc8, 0x1, 0xff, 0xc0,
    0x50, 0xc, 0xa0, 0x1e, 0x40, 0xd, 0x80, 0x1f,
    0xfc, 0xc, 0x0, 0xd8, 0x1, 0xed, 0x0, 0xce,
    0x1, 0xff, 0xc0, 0x70, 0xc, 0xe0, 0x1e, 0x70,
    0x8, 0x48, 0x3, 0xff, 0x80, 0x42, 0x1, 0x10,
    0x80, 0x61, 0x20, 0x9, 0x40, 0x3f, 0xf8, 0x4a,
    0x1, 0x94, 0x3, 0x28, 0x6, 0xc0, 0xf, 0xfe,
    0x16, 0x0, 0x63, 0x0, 0xd8, 0x1, 0x8c, 0x3,
    0xff, 0x84, 0x60, 0x1b, 0x0, 0x31, 0x80, 0x64,
    0x0, 0xff, 0xe1, 0x20, 0x6, 0x50, 0xc, 0x80,
    0x11, 0x80, 0x7f, 0xf1, 0x8, 0x2, 0x12, 0x0,
    0x10, 0x6, 0x50, 0xf, 0xfe, 0x22, 0x0, 0x67,
    0x0, 0x20, 0x6, 0xc0, 0xf, 0xfe, 0x27, 0x80,
    0x6c, 0x0, 0x78, 0x6, 0x70, 0xf, 0xfe, 0x22,
    0x0, 0x65, 0x0, 0x28, 0x4, 0x24, 0x1, 0xff,
    0xc4, 0x20, 0xc, 0x60, 0x3, 0x0, 0x94, 0x3,
    0xff, 0x8c, 0x60, 0x18, 0xcc, 0x1, 0xb0, 0x3,
    0xff, 0x8c, 0x80, 0x19, 0x50, 0x3, 0x18, 0x7,
    0xff, 0x1b, 0x40, 0x36, 0x68, 0x6, 0x40, 0xf,
    0xfe, 0x32, 0x0, 0x64, 0x40, 0x4, 0x40, 0x1f,
    0xfc, 0x71, 0x10, 0x4, 0x22, 0x0, 0x90, 0x3,
    0xff, 0x90, 0x80, 0x1f, 0xbc, 0x3, 0xff, 0x91,
    0xa0, 0x1f, 0x90, 0x3, 0xff, 0x90, 0x80, 0x1f,
    0x88, 0x3, 0xff, 0x90, 0x60, 0x1f, 0x20, 0x7,
    0xff, 0x28, 0xc0, 0x3c, 0x60, 0x1f, 0xfc, 0xa5,
    0x0, 0xf6, 0x0, 0x7f, 0xf2, 0xb0, 0x3, 0xca,
    0x1, 0xff, 0xca, 0x70, 0xe, 0x21, 0x0, 0xff,
    0x80,

    /* U+004E "N" */
    0xff, 0xf1, 0x80, 0x7e, 0x8f, 0xfe, 0x30, 0xf,
    0x48, 0x7, 0xff, 0x25, 0x44, 0x3, 0xff, 0x93,
    0x20, 0x1f, 0xfc, 0x96, 0x0, 0xff, 0xe4, 0x8b,
    0x0, 0x7f, 0xf2, 0x6c, 0x3, 0xff, 0x92, 0x48,
    0x1, 0xff, 0xc9, 0xf0, 0xf, 0xfe, 0x4a, 0x10,
    0x7, 0xff, 0x26, 0xc0, 0x3f, 0xf9, 0x2c, 0x20,
    0x1f, 0xfc, 0x96, 0x0, 0xff, 0xe4, 0xc8, 0x7,
    0xff, 0xc, 0xd4, 0x3, 0xa, 0x80, 0x7f, 0xf0,
    0xe4, 0x3, 0xa4, 0x3, 0xff, 0x86, 0x66, 0x0,
    0xc6, 0x60, 0xf, 0xfe, 0x1d, 0x0, 0x74, 0x80,
    0x7f, 0xf0, 0xd8, 0x40, 0x32, 0x88, 0x7, 0xff,
    0xd, 0x80, 0x3a, 0x40, 0x3f, 0xf8, 0x72, 0x1,
    0xcc, 0x20, 0x1f, 0xfc, 0x21, 0x50, 0xc, 0x2c,
    0x1, 0xff, 0xc3, 0x90, 0xf, 0xfe, 0x49, 0x98,
    0x3, 0xff, 0x93, 0x20, 0x1f, 0xfc, 0x95, 0x10,
    0xf, 0xfe, 0x4c, 0x80, 0x7f, 0xf2, 0x58, 0x3,
    0xff, 0x92, 0x2c, 0x1, 0xff, 0xc9, 0xb0, 0xf,
    0xfe, 0x49, 0x20, 0x7, 0xff, 0x27, 0xc0, 0x3f,
    0xf9, 0x28, 0x40, 0x1f, 0xfc, 0x9b, 0x0, 0xff,
    0xe4, 0xb0, 0x80, 0x7f, 0xf2, 0x58, 0x3, 0xc0,

    /* U+004F "O" */
    0x0, 0xe4, 0x8b, 0xde, 0xff, 0xbb, 0x29, 0x84,
    0x3, 0xf2, 0x6d, 0xba, 0x10, 0x80, 0x42, 0x6b,
    0x3d, 0x0, 0x1e, 0x5b, 0x20, 0xf, 0xfe, 0xb,
    0xd8, 0x6, 0x1a, 0x0, 0xff, 0xe2, 0x23, 0x80,
    0x52, 0x1, 0xff, 0xc6, 0x90, 0x9, 0x40, 0x3c,
    0x91, 0x32, 0x86, 0x10, 0xe, 0x14, 0x1, 0x20,
    0xe, 0xab, 0x76, 0x63, 0xcf, 0x10, 0x7, 0x60,
    0x10, 0x7, 0x12, 0x80, 0x7d, 0x60, 0x1c, 0x40,
    0xc0, 0x1c, 0xe0, 0x1f, 0x94, 0x3, 0x98, 0xc,
    0x3, 0x88, 0x3, 0xf1, 0x80, 0x70, 0x80, 0x80,
    0x77, 0x0, 0x7f, 0xf0, 0x8c, 0x3c, 0x3, 0x8c,
    0x3, 0xf8, 0x40, 0x30, 0x80, 0x80, 0x7f, 0xf0,
    0xcc, 0x3, 0xff, 0x80, 0x20, 0x1f, 0xfc, 0x43,
    0x0, 0xff, 0xe4, 0x88, 0x7, 0xff, 0x6c, 0x40,
    0x3f, 0xff, 0xe0, 0x1f, 0xfc, 0x41, 0x0, 0xff,
    0xe8, 0x98, 0x7, 0xff, 0x40, 0x40, 0x3f, 0xf8,
    0x62, 0x20, 0xf, 0xfe, 0x19, 0x80, 0x7b, 0xc0,
    0x38, 0xc0, 0x3f, 0x84, 0x3, 0xc2, 0x1, 0xc2,
    0x1, 0xff, 0xc2, 0x20, 0x30, 0xe, 0xd0, 0xf,
    0xc6, 0x1, 0xc2, 0xc, 0x1, 0xce, 0x1, 0xf9,
    0x40, 0x39, 0x80, 0x80, 0x38, 0x94, 0x3, 0xeb,
    0x0, 0xe2, 0x1, 0x20, 0xe, 0xaa, 0x3b, 0x35,
    0x3c, 0x40, 0x1d, 0x80, 0x5, 0x0, 0xf2, 0xc4,
    0xcc, 0xc2, 0x1, 0xc2, 0x80, 0x9, 0x0, 0xff,
    0xe3, 0x48, 0x4, 0x34, 0x1, 0xff, 0xc4, 0x47,
    0x0, 0xcb, 0x64, 0x1, 0xff, 0xc1, 0x6b, 0x0,
    0xf2, 0x6d, 0xba, 0x10, 0x6, 0x13, 0x59, 0xe9,
    0x0, 0xc0,

    /* U+0050 "P" */
    0xff, 0xff, 0xe0, 0x76, 0xd2, 0x80, 0x7f, 0xf1,
    0x44, 0x96, 0xb0, 0x80, 0x3f, 0xf8, 0xe7, 0x82,
    0x1, 0xff, 0xc7, 0x1a, 0x0, 0xff, 0xe4, 0x21,
    0x0, 0x7d, 0x33, 0xce, 0x40, 0x1e, 0x50, 0xf,
    0x99, 0xba, 0x35, 0x0, 0x3b, 0x40, 0x3f, 0xf8,
    0x5e, 0x1, 0xce, 0x1, 0xff, 0xc2, 0x40, 0xe,
    0x20, 0xf, 0xfe, 0xc0, 0x80, 0x7f, 0xf3, 0x84,
    0x3, 0xff, 0xba, 0x20, 0x1f, 0xfc, 0x21, 0x0,
    0xff, 0xee, 0x20, 0x7, 0x10, 0x7, 0xff, 0xb,
    0xc0, 0x39, 0xc0, 0x3e, 0x55, 0xcd, 0x18, 0x80,
    0x1d, 0xa0, 0x1f, 0x55, 0x69, 0x73, 0x0, 0xf2,
    0x80, 0x7f, 0xf1, 0xd4, 0x80, 0x3f, 0xf8, 0xc3,
    0x60, 0x1f, 0xfc, 0x63, 0xf1, 0x0, 0xff, 0xe1,
    0x9, 0x35, 0xe0, 0x80, 0x7f, 0x7f, 0xfb, 0xb6,
    0x50, 0x3, 0xff, 0xfe, 0x1, 0xff, 0xff, 0x0,
    0xff, 0xff, 0x80, 0x7f, 0xc0,

    /* U+0051 "Q" */
    0x0, 0xe4, 0x8b, 0xde, 0xff, 0xbb, 0x29, 0x84,
    0x3, 0xf9, 0x36, 0xdd, 0x8, 0x40, 0x21, 0x35,
    0x9e, 0x80, 0xf, 0x96, 0xc8, 0x3, 0xff, 0x82,
    0xf6, 0x1, 0xc3, 0x40, 0x1f, 0xfc, 0x44, 0x70,
    0xd, 0x20, 0x1f, 0xfc, 0x69, 0x0, 0xca, 0x1,
    0xe4, 0x89, 0x94, 0x30, 0x80, 0x70, 0xa0, 0x0,
    0x48, 0x3, 0xaa, 0xdd, 0x98, 0xf3, 0xc4, 0x1,
    0xd8, 0x0, 0x20, 0xe, 0x25, 0x0, 0xfa, 0xc0,
    0x38, 0x80, 0xc, 0x1, 0xce, 0x1, 0xf9, 0x40,
    0x39, 0x80, 0x6, 0x1, 0xc4, 0x1, 0xf8, 0xc0,
    0x38, 0x40, 0x2, 0x1, 0xdc, 0x1, 0xff, 0xc2,
    0x20, 0x7, 0x80, 0x71, 0x80, 0x7f, 0x8, 0x7,
    0xc2, 0x1, 0xff, 0xc3, 0x30, 0xf, 0xfe, 0x8,
    0x80, 0x7f, 0xf0, 0xc4, 0xc, 0x3, 0xff, 0xe6,
    0x20, 0x1f, 0xff, 0xf0, 0xf, 0xfe, 0x40, 0x80,
    0x7f, 0xf4, 0xcc, 0x3, 0xff, 0xa2, 0x20, 0x1f,
    0xfc, 0x31, 0x1, 0x0, 0xff, 0xe1, 0x98, 0x7,
    0xde, 0x1, 0xc6, 0x1, 0xfc, 0x20, 0x1f, 0x8,
    0x7, 0x8, 0x7, 0xff, 0x8, 0x80, 0x6, 0x1,
    0xda, 0x1, 0xf8, 0xc0, 0x38, 0x40, 0xc, 0x1,
    0xce, 0x1, 0xf9, 0x40, 0x39, 0x80, 0x4, 0x1,
    0xc4, 0xa0, 0x1f, 0x58, 0x7, 0x60, 0x0, 0x48,
    0x3, 0xaa, 0x8e, 0xcd, 0x4f, 0x10, 0x7, 0x20,
    0x4, 0xa0, 0x1e, 0x58, 0x99, 0x98, 0x40, 0x38,
    0xc8, 0x2, 0x90, 0xf, 0xfe, 0x34, 0x80, 0x61,
    0xa0, 0xf, 0xfe, 0x23, 0xa8, 0x7, 0x2d, 0x90,
    0x7, 0xff, 0x8, 0x40, 0x3e, 0x4d, 0xb7, 0x42,
    0x0, 0xc2, 0x1, 0xcc, 0x40, 0x1f, 0x92, 0x2f,
    0x7f, 0xf7, 0x38, 0x7, 0x48, 0x7, 0xff, 0x16,
    0x4, 0x3, 0x22, 0x80, 0x7f, 0xf1, 0x6c, 0x3,
    0xac, 0x3, 0xff, 0x8a, 0xa6, 0x1, 0x86, 0x0,
    0x3f, 0xf8, 0xbe, 0x1, 0xce, 0x40, 0x1f, 0xfc,
    0x43, 0x97, 0x7e, 0x60,

    /* U+0052 "R" */
    0xff, 0xff, 0xe0, 0xf5, 0xb8, 0x80, 0x7f, 0xf1,
    0x85, 0x23, 0x9c, 0x3, 0xff, 0x93, 0xe, 0x1,
    0xff, 0xc9, 0x82, 0x0, 0xff, 0xe4, 0xd8, 0x7,
    0xe9, 0x9e, 0x85, 0x0, 0xf3, 0x80, 0x7e, 0x66,
    0xe7, 0xaa, 0x0, 0x70, 0x88, 0x3, 0xff, 0x84,
    0xa4, 0x1, 0xc4, 0x1, 0xff, 0xc3, 0x40, 0xe,
    0x60, 0xf, 0xfe, 0x18, 0x80, 0x71, 0x80, 0x7f,
    0xf0, 0xfc, 0x3, 0xff, 0x9e, 0x20, 0x1f, 0xfc,
    0x91, 0x0, 0xff, 0xe1, 0xf8, 0x7, 0xff, 0x24,
    0x80, 0x38, 0x80, 0x3f, 0xf8, 0x6e, 0x1, 0xce,
    0x1, 0xff, 0xc2, 0x52, 0x0, 0xe3, 0x0, 0xf9,
    0x9b, 0x9e, 0xa8, 0x1, 0xc6, 0x1, 0xfa, 0x67,
    0xa1, 0x40, 0x3d, 0x60, 0x1f, 0xfc, 0x81, 0x60,
    0xf, 0xfe, 0x45, 0x8, 0x7, 0xff, 0x18, 0x71,
    0x0, 0x3f, 0xf9, 0x6, 0x1, 0xfe, 0xff, 0xe3,
    0x0, 0xc2, 0x60, 0x1f, 0xfc, 0x3b, 0x0, 0xeb,
    0x0, 0xff, 0xe1, 0xa8, 0x7, 0x28, 0x7, 0xff,
    0xc, 0x88, 0x1, 0x88, 0x80, 0x1f, 0xfc, 0x34,
    0x0, 0xe5, 0x0, 0xff, 0xe1, 0xe8, 0x7, 0x58,
    0x7, 0xff, 0xd, 0x0, 0x38, 0xc4, 0x3, 0xff,
    0x86, 0x80, 0x1c, 0xe0, 0x1f, 0xfc, 0x3d, 0x0,
    0xea, 0x0, 0xff, 0xe1, 0xb8, 0x7, 0x18, 0x80,
    0x7f, 0xf0, 0x84, 0xc0, 0x39, 0xc0, 0x3f, 0xf8,
    0x68, 0x1, 0xda, 0x1, 0xff, 0xc3, 0xb0, 0xe,
    0x40,

    /* U+0053 "S" */
    0x0, 0xe3, 0x8b, 0xdf, 0xfd, 0xd9, 0x50, 0xa4,
    0x1, 0xc3, 0x78, 0xe8, 0x40, 0x18, 0x4d, 0x5e,
    0xb0, 0x3, 0xf, 0xa0, 0x7, 0xff, 0x1b, 0x44,
    0x3, 0xff, 0x8c, 0x86, 0x1, 0xff, 0xc7, 0xe0,
    0xf, 0x13, 0x44, 0xcd, 0x10, 0x64, 0x20, 0x9,
    0x0, 0x3a, 0x36, 0x5d, 0x9a, 0x77, 0x4d, 0xe0,
    0x0, 0x44, 0x1, 0x85, 0xc0, 0x3f, 0xf8, 0x24,
    0x1, 0xca, 0x1, 0xff, 0xc2, 0x70, 0xe, 0x10,
    0xf, 0xff, 0x63, 0x80, 0x73, 0x0, 0x7f, 0xf0,
    0x88, 0x3, 0x8c, 0x80, 0x3f, 0xf8, 0x22, 0x1,
    0xed, 0x96, 0x30, 0xf, 0xf8, 0xc0, 0x3c, 0xd3,
    0x9f, 0xd7, 0x8, 0x1, 0xeb, 0x0, 0xff, 0xa,
    0x3d, 0xf3, 0x0, 0x66, 0x0, 0xff, 0xe1, 0xc,
    0xc0, 0x4, 0x36, 0x1, 0xff, 0xc3, 0x72, 0x0,
    0x93, 0xa1, 0x4, 0x3, 0xff, 0x81, 0x40, 0x18,
    0x5e, 0xfb, 0xf2, 0x58, 0xc0, 0x3e, 0x40, 0xf,
    0xe3, 0x69, 0xce, 0x40, 0xe, 0x30, 0xf, 0xfe,
    0x8, 0xd0, 0x7, 0x84, 0x3, 0xff, 0x82, 0x24,
    0x1, 0xc6, 0x1, 0xff, 0xc2, 0x10, 0xe, 0x10,
    0xf, 0xfe, 0x13, 0x80, 0x7f, 0xf3, 0x84, 0x3,
    0xff, 0x84, 0xe0, 0x1c, 0x60, 0x1f, 0xfc, 0x23,
    0x0, 0xe1, 0x0, 0xff, 0xe0, 0xc8, 0x7, 0x10,
    0x1, 0xee, 0xa1, 0xd9, 0xb3, 0xcf, 0x30, 0x7,
    0x20, 0x3, 0x91, 0x5e, 0x26, 0x74, 0x30, 0x80,
    0x7b, 0x40, 0x3f, 0xf8, 0xe6, 0x80, 0x1f, 0xfc,
    0x7e, 0x0, 0xff, 0xe3, 0x16, 0x10, 0x5, 0x72,
    0xea, 0x64, 0x20, 0x18, 0x4d, 0xab, 0x4c, 0x2,

    /* U+0054 "T" */
    0x6f, 0xff, 0xfe, 0x3e, 0x80, 0x7f, 0xff, 0xc0,
    0x3f, 0x95, 0xdf, 0xca, 0x1, 0xc2, 0xef, 0xea,
    0x38, 0x8f, 0x48, 0x7, 0x2c, 0x47, 0x9c, 0x3,
    0xff, 0xfe, 0x1, 0xff, 0xff, 0x0, 0xff, 0xff,
    0x80, 0x7f, 0xff, 0xc0, 0x3f, 0xff, 0xe0, 0x1f,
    0xff, 0xf0, 0xf, 0xff, 0xf8, 0x7, 0xff, 0xfc,
    0x3, 0xf8,

    /* U+0055 "U" */
    0x2f, 0xfe, 0xc0, 0xf, 0xcb, 0xff, 0xd2, 0x1,
    0xff, 0xff, 0x0, 0xff, 0xff, 0x80, 0x7f, 0xff,
    0xc0, 0x3f, 0xff, 0xe0, 0x1f, 0xff, 0xf0, 0xf,
    0xff, 0xf8, 0x7, 0xff, 0x0, 0xc0, 0x3f, 0xfb,
    0xc2, 0x20, 0xf, 0xfe, 0x78, 0x80, 0x7f, 0xf0,
    0xbc, 0x3, 0xc6, 0x1, 0xf8, 0xc0, 0x38, 0x40,
    0x80, 0x30, 0x80, 0x7e, 0xe0, 0xe, 0x30, 0x10,
    0xe, 0x20, 0xf, 0x8c, 0x3, 0x98, 0x18, 0x3,
    0xac, 0x3, 0xc4, 0x80, 0x1c, 0x41, 0x80, 0x1c,
    0xd9, 0xc, 0xc7, 0x9d, 0x0, 0xe2, 0x10, 0x40,
    0xf, 0x1b, 0xcc, 0xa1, 0x80, 0x3c, 0x80, 0x2,
    0x40, 0xf, 0xfe, 0x2d, 0x80, 0x54, 0x20, 0x1f,
    0xfc, 0x39, 0x20, 0x8, 0x70, 0xc0, 0x3f, 0xf8,
    0x3, 0x2c, 0x1, 0xc5, 0x98, 0x74, 0x20, 0xc,
    0x26, 0xd5, 0xcc, 0x1, 0x0,

    /* U+0056 "V" */
    0x5f, 0xfe, 0xb0, 0xf, 0xfb, 0xbf, 0xf8, 0x10,
    0x3, 0x94, 0x3, 0xfc, 0x22, 0x0, 0xc6, 0x2,
    0x20, 0xc, 0x24, 0x1, 0xfc, 0xa0, 0x1c, 0xa0,
    0x5, 0x0, 0xe7, 0x0, 0xfe, 0x30, 0xe, 0xf0,
    0x6, 0x0, 0x76, 0x80, 0x7f, 0x68, 0x7, 0x28,
    0x0, 0xc0, 0x38, 0xc0, 0x3f, 0x9c, 0x3, 0x8c,
    0x0, 0xa0, 0x1c, 0xa0, 0x1f, 0xc4, 0x1, 0x8c,
    0x2, 0x12, 0x0, 0xc2, 0x20, 0xf, 0x8c, 0x3,
    0x94, 0x3, 0x38, 0x7, 0x28, 0x7, 0xca, 0x1,
    0xd8, 0x1, 0xb4, 0x3, 0x8c, 0x3, 0xef, 0x0,
    0xe7, 0x0, 0xc8, 0x1, 0xda, 0x1, 0xf2, 0x80,
    0x61, 0x20, 0xc, 0x60, 0x1c, 0xe0, 0x1f, 0x18,
    0x6, 0x50, 0xf, 0x10, 0x6, 0x20, 0xf, 0x10,
    0x7, 0x18, 0x7, 0x90, 0x3, 0x8c, 0x3, 0x9c,
    0x3, 0xb4, 0x3, 0xde, 0x1, 0xca, 0x1, 0xda,
    0x1, 0xc8, 0x1, 0xe5, 0x0, 0xef, 0x0, 0xe3,
    0x0, 0xc2, 0x20, 0xf, 0x18, 0x7, 0x28, 0x7,
    0x28, 0x6, 0x50, 0xf, 0xc6, 0x1, 0x8c, 0x3,
    0x8, 0x80, 0x36, 0x0, 0x7e, 0x50, 0xe, 0x20,
    0x9, 0x40, 0x38, 0xc0, 0x3f, 0x60, 0x7, 0x38,
    0x4, 0x60, 0x1c, 0xa0, 0x1f, 0x9c, 0x3, 0xb0,
    0x2, 0xd0, 0xc, 0x42, 0x1, 0xf8, 0x80, 0x39,
    0x40, 0x27, 0x0, 0xce, 0x1, 0xfe, 0x40, 0xc,
    0x60, 0x11, 0x0, 0x6d, 0x0, 0xff, 0x18, 0x7,
    0x10, 0x18, 0x7, 0x20, 0x7, 0xfb, 0x40, 0x39,
    0xc1, 0x40, 0x38, 0xc0, 0x3f, 0xc8, 0x1, 0xda,
    0x1e, 0x1, 0x88, 0x3, 0xfe, 0x11, 0x0, 0x63,
    0x4, 0x0, 0xc8, 0x1, 0xff, 0xc0, 0x50, 0xc,
    0xa0, 0x40, 0x1b, 0xc0, 0x3f, 0xf8, 0x18, 0x1,
    0x85, 0x0, 0x39, 0x40, 0x3f, 0xf8, 0x6, 0x1,
    0xd2, 0x1, 0xc6, 0x1, 0xff, 0xc0, 0x50, 0xe,
    0x20, 0xc, 0x60, 0x1f, 0xfc, 0x11, 0x10, 0x7,
    0xf2, 0x80, 0x7f, 0xf0, 0x90, 0x3, 0xfb, 0x0,
    0x3f, 0xf8, 0x5a, 0x1, 0xfc, 0xe0, 0x1f, 0xfc,
    0x23, 0x0, 0xfe, 0x20, 0xf, 0xfe, 0x12, 0x0,
    0x7e, 0x40, 0xf, 0xc0,

    /* U+0057 "W" */
    0xf, 0xff, 0x8, 0x7, 0xcd, 0xff, 0xee, 0x0,
    0xfd, 0x3f, 0xfc, 0x80, 0x40, 0x1c, 0x40, 0x1f,
    0x70, 0x7, 0x84, 0x40, 0x1f, 0x10, 0x7, 0x28,
    0x38, 0x7, 0x30, 0x7, 0xc6, 0x1, 0xf1, 0x0,
    0x7c, 0xc0, 0x1c, 0x20, 0x40, 0x1c, 0x40, 0x1f,
    0x30, 0x7, 0xca, 0x1, 0xf1, 0x0, 0x63, 0x0,
    0x68, 0x7, 0x70, 0x7, 0xc4, 0x1, 0xf7, 0x0,
    0x78, 0x40, 0x39, 0x80, 0xc, 0x1, 0xc4, 0x1,
    0xe2, 0x0, 0xfc, 0x60, 0x1e, 0x20, 0xe, 0xd0,
    0x1, 0x80, 0x73, 0x0, 0x79, 0xc0, 0x3f, 0x30,
    0x7, 0x98, 0x3, 0x88, 0x2, 0x10, 0xc, 0x40,
    0x1e, 0x20, 0xf, 0xc4, 0x1, 0xed, 0x0, 0xe7,
    0x0, 0x94, 0x3, 0x84, 0x3, 0xb4, 0x3, 0xf8,
    0x80, 0x38, 0x80, 0x38, 0x80, 0x22, 0x0, 0xe2,
    0x0, 0xe6, 0x0, 0xc6, 0x1, 0x9c, 0x3, 0x98,
    0x3, 0x10, 0x6, 0xf0, 0xe, 0x60, 0xe, 0x30,
    0x8, 0xd0, 0x3, 0x10, 0x7, 0x10, 0x6, 0x60,
    0xc, 0x40, 0x1c, 0x40, 0x18, 0x40, 0x33, 0x68,
    0x6, 0xd0, 0xe, 0x10, 0xc, 0x60, 0x19, 0x40,
    0x3b, 0x40, 0x32, 0x80, 0x6d, 0x60, 0xc, 0xe0,
    0x18, 0x80, 0x3b, 0x40, 0x30, 0x88, 0x3, 0x30,
    0x6, 0x20, 0xc, 0x46, 0x1, 0x88, 0x3, 0x30,
    0x7, 0x30, 0x7, 0x10, 0x6, 0x20, 0xd, 0xe0,
    0x19, 0xc0, 0x40, 0x31, 0x0, 0x44, 0x1, 0xc6,
    0x1, 0xca, 0x1, 0x84, 0x3, 0x10, 0x6, 0x20,
    0x50, 0xc, 0xc0, 0x17, 0x0, 0x61, 0x0, 0xf7,
    0x0, 0x71, 0x0, 0x4a, 0x1, 0x10, 0x0, 0xc0,
    0x31, 0x80, 0x44, 0x1, 0x94, 0x3, 0xc6, 0x1,
    0xcc, 0x1, 0x8, 0x4, 0xe0, 0xe, 0x0, 0xdc,
    0x1, 0x30, 0x6, 0x20, 0xf, 0x30, 0x7, 0x10,
    0x0, 0xc0, 0x31, 0x0, 0x14, 0x3, 0x28, 0x4,
    0x40, 0x1b, 0xc0, 0x3c, 0x40, 0x1d, 0xc0, 0x6,
    0x0, 0xda, 0x0, 0x20, 0xc, 0x40, 0x10, 0x80,
    0x62, 0x0, 0xf8, 0x80, 0x31, 0x0, 0x34, 0x3,
    0x30, 0x0, 0x44, 0x1, 0x8, 0x80, 0x80, 0x39,
    0x40, 0x3e, 0x70, 0xc, 0xc0, 0x3, 0x0, 0xc6,
    0x1, 0x10, 0x6, 0x20, 0x60, 0xe, 0x10, 0xf,
    0x88, 0x3, 0x10, 0x1, 0x80, 0x21, 0x0, 0xca,
    0x1, 0x94, 0x8, 0x3, 0x18, 0x7, 0xed, 0x0,
    0xc2, 0x0, 0x20, 0x9, 0x40, 0x37, 0x0, 0x6f,
    0xe, 0x0, 0xcc, 0x1, 0xf9, 0x80, 0x38, 0x88,
    0x1, 0x8c, 0x3, 0x18, 0x6, 0x20, 0x20, 0xd,
    0xa0, 0x1f, 0x8c, 0x3, 0x99, 0xc0, 0x37, 0x0,
    0x65, 0x0, 0xca, 0xc, 0x1, 0x88, 0x3, 0xf8,
    0x40, 0x31, 0x10, 0x3, 0x28, 0x6, 0x10, 0xc,
    0x20, 0x40, 0x19, 0xc0, 0x3f, 0x94, 0x3, 0x7e,
    0x80, 0x62, 0x0, 0xe3, 0x0, 0xc6, 0x20, 0x18,
    0x80, 0x3f, 0x88, 0x3, 0x13, 0x0, 0x42, 0x20,
    0xe, 0x60, 0xd, 0x60, 0x18, 0x80, 0x3f, 0xde,
    0x1, 0x90, 0xc0, 0x22, 0x0, 0xf6, 0x80, 0x67,
    0x0, 0xcc, 0x1, 0xfe, 0x20, 0xf, 0xe5, 0x0,
    0xf1, 0x0, 0x7f, 0x18, 0x7, 0xf9, 0x40, 0x3f,
    0xbc, 0x3, 0xce, 0x1, 0xfd, 0xc0, 0x1f, 0xe1,
    0x0, 0xfe, 0x20, 0xf, 0x10, 0x7, 0xf2, 0x80,
    0x7f, 0xc6, 0x1, 0xf9, 0x40, 0x3e, 0x20, 0xf,
    0xc4, 0x1, 0xff, 0x30, 0x7, 0xe1, 0x0, 0xf9,
    0xc0, 0x3e, 0x11, 0x0, 0x7f, 0xda, 0x1, 0xf1,
    0x80, 0x7e, 0x20, 0xf, 0x88, 0x3, 0xc0,

    /* U+0058 "X" */
    0xe, 0xff, 0xe8, 0x0, 0xff, 0x57, 0xff, 0x48,
    0x30, 0x7, 0x30, 0x7, 0xf0, 0xa8, 0x7, 0x58,
    0x48, 0x7, 0xa, 0x80, 0x7e, 0x60, 0xe, 0x42,
    0x1, 0x60, 0xe, 0x90, 0xf, 0xd2, 0x1, 0xd0,
    0x1, 0x58, 0x7, 0x19, 0x0, 0x79, 0x4, 0x3,
    0x19, 0x80, 0x22, 0x40, 0xe, 0xb0, 0xf, 0x78,
    0x7, 0x48, 0x7, 0x78, 0x7, 0x30, 0x7, 0x12,
    0x0, 0x61, 0x50, 0xe, 0x43, 0x0, 0xe6, 0x0,
    0xd4, 0x1, 0xd2, 0x1, 0xf4, 0x80, 0x75, 0x80,
    0x66, 0x0, 0xe6, 0x0, 0xf9, 0x44, 0x3, 0x11,
    0x80, 0x18, 0x40, 0x33, 0x8, 0x7, 0xe9, 0x0,
    0xe9, 0x0, 0x50, 0x7, 0x58, 0x7, 0xf3, 0x0,
    0x72, 0x89, 0x98, 0x3, 0x21, 0x0, 0x7f, 0xb,
    0x0, 0x73, 0x48, 0x7, 0x78, 0x7, 0xfd, 0x60,
    0x1d, 0xa, 0x1, 0x89, 0x0, 0x3f, 0xe2, 0x50,
    0xf, 0xf5, 0x80, 0x7f, 0xf0, 0x64, 0x3, 0xf8,
    0x58, 0x3, 0xff, 0x82, 0x66, 0x0, 0xfd, 0x20,
    0x1f, 0xfc, 0x39, 0x0, 0xfc, 0xc0, 0x1f, 0xfc,
    0x33, 0x0, 0xfc, 0xa0, 0x1f, 0xfc, 0x3b, 0x0,
    0xfd, 0xe0, 0x1f, 0xfc, 0x25, 0x20, 0xf, 0xc8,
    0x40, 0x1f, 0xfc, 0x19, 0x0, 0xff, 0x58, 0x7,
    0xff, 0x0, 0xcc, 0x1, 0x90, 0x3, 0x98, 0x40,
    0x3f, 0xe9, 0x0, 0xea, 0x50, 0xe, 0x60, 0xf,
    0xf1, 0x28, 0x6, 0x41, 0xe0, 0xe, 0x90, 0xf,
    0xf5, 0x80, 0x77, 0x82, 0x10, 0x6, 0x15, 0x0,
    0xfe, 0x60, 0xc, 0x28, 0x0, 0xa0, 0xe, 0x90,
    0xf, 0xce, 0x1, 0xd2, 0x1, 0x30, 0x7, 0x19,
    0x80, 0x3e, 0x90, 0xe, 0x60, 0x8, 0x54, 0x3,
    0xa4, 0x3, 0xca, 0x20, 0x19, 0x4, 0x3, 0x48,
    0x7, 0x28, 0x80, 0x74, 0x80, 0x77, 0x80, 0x71,
    0x98, 0x3, 0xa4, 0x3, 0x21, 0x80, 0x61, 0x40,
    0xf, 0x50, 0x7, 0x30, 0x6, 0xf0, 0xe, 0x90,
    0xf, 0x98, 0x3, 0x85, 0x80, 0x4, 0x80, 0x1c,
    0xc0, 0x1f, 0x98, 0x3, 0xac, 0x1, 0x60, 0x1c,
    0xa2, 0x1, 0xfa, 0xc0, 0x38, 0x90, 0x58, 0x3,
    0xb8, 0x3, 0xf8, 0x8c, 0x3, 0xbc,

    /* U+0059 "Y" */
    0xbf, 0xfe, 0x50, 0xf, 0xf5, 0x7f, 0xf1, 0xf0,
    0x7, 0x70, 0x7, 0xf9, 0x40, 0x31, 0x1a, 0x88,
    0x6, 0x41, 0x0, 0xfc, 0xa0, 0x1d, 0x40, 0x7,
    0x0, 0xe7, 0x0, 0xfd, 0xe0, 0x1c, 0xc0, 0xa,
    0x0, 0xed, 0x0, 0xfc, 0xa0, 0x19, 0x4, 0x0,
    0x64, 0x1, 0x90, 0x40, 0x3c, 0xa0, 0x1d, 0xc0,
    0x1a, 0x80, 0x39, 0xc0, 0x3d, 0xe0, 0x1c, 0xa0,
    0x19, 0x80, 0x3a, 0x80, 0x3c, 0xa0, 0x19, 0x80,
    0x38, 0x50, 0x3, 0x19, 0x0, 0x65, 0x0, 0xea,
    0x0, 0xf7, 0x0, 0x72, 0x80, 0x6e, 0x0, 0xc4,
    0x60, 0x1e, 0x50, 0xe, 0xa0, 0x8, 0x50, 0x3,
    0x50, 0x7, 0xe6, 0x0, 0xc4, 0x40, 0x3, 0x80,
    0x73, 0x0, 0x7e, 0xa0, 0xe, 0xa0, 0x6, 0x80,
    0x64, 0x10, 0xf, 0xc6, 0x40, 0x19, 0x40, 0x50,
    0x3, 0x70, 0x7, 0xfa, 0x80, 0x31, 0x1b, 0x80,
    0x72, 0x80, 0x7f, 0x98, 0x3, 0xaf, 0x40, 0x33,
    0x0, 0x7f, 0xc2, 0x80, 0x19, 0xd0, 0x3, 0x50,
    0x7, 0xff, 0x3, 0x80, 0x3f, 0x88, 0xc0, 0x3f,
    0xf8, 0xa, 0x1, 0xfd, 0x40, 0x1f, 0xfc, 0x26,
    0x0, 0xfc, 0xc0, 0x1f, 0xfc, 0x2a, 0x0, 0xf9,
    0x4, 0x3, 0xff, 0x84, 0x64, 0x1, 0xee, 0x0,
    0xff, 0xe2, 0x50, 0x7, 0x94, 0x3, 0xff, 0x88,
    0x80, 0x1c, 0x80, 0x1f, 0xff, 0xf0, 0xf, 0xff,
    0xf8, 0x7, 0xff, 0xfc, 0x3, 0xff, 0xf8,

    /* U+005A "Z" */
    0xf, 0xff, 0xfe, 0x36, 0x0, 0x7f, 0xff, 0xc0,
    0x3d, 0x33, 0xff, 0x40, 0x7, 0x94, 0x19, 0xbf,
    0xef, 0x0, 0xf4, 0x0, 0x7f, 0xf0, 0x18, 0x3,
    0x98, 0x40, 0x3f, 0xe7, 0x10, 0xe, 0xb0, 0xf,
    0xfe, 0x4, 0x80, 0x72, 0x90, 0x7, 0xfc, 0xe2,
    0x1, 0xd0, 0x1, 0xff, 0xc0, 0x90, 0xe, 0x52,
    0x0, 0xff, 0x98, 0x40, 0x3a, 0x0, 0x3f, 0xf8,
    0x10, 0x1, 0xca, 0x40, 0x1f, 0xf3, 0x8, 0x7,
    0x40, 0x7, 0xff, 0x2, 0x0, 0x39, 0x8, 0x3,
    0xfe, 0x61, 0x0, 0xe8, 0x0, 0xff, 0xe0, 0x58,
    0x7, 0x21, 0x80, 0x7f, 0xca, 0x40, 0x1d, 0x0,
    0x1f, 0xfc, 0x8, 0x0, 0xe4, 0x30, 0xf, 0xf9,
    0x48, 0x3, 0xa0, 0x3, 0xff, 0x81, 0x0, 0x1c,
    0x66, 0x0, 0xff, 0x94, 0x80, 0x3a, 0x0, 0x3f,
    0xf8, 0x12, 0x1, 0xc6, 0x80, 0x1f, 0xf2, 0x18,
    0x7, 0x40, 0x7, 0xff, 0x2, 0x0, 0x38, 0xd0,
    0x3, 0xfe, 0x43, 0x0, 0xe8, 0x0, 0xff, 0xe0,
    0x40, 0x7, 0x12, 0x0, 0x7f, 0xc6, 0x60, 0xe,
    0x80, 0xf, 0xfe, 0x4, 0x0, 0x71, 0x28, 0x7,
    0xfc, 0x68, 0x1, 0xc8, 0xab, 0xff, 0x22, 0x0,
    0x3c, 0xd5, 0x5f, 0xfc, 0x0, 0xf, 0xff, 0xf8,
    0x7, 0x0,

    /* U+005B "[" */
    0xff, 0xff, 0x8, 0x7, 0xff, 0x6a, 0x3f, 0xf0,
    0x80, 0x7f, 0xff, 0xc0, 0x3f, 0xff, 0xe0, 0x1f,
    0xff, 0xf0, 0xf, 0xff, 0xf8, 0x7, 0xff, 0xfc,
    0x3, 0xff, 0xc9, 0x1f, 0xf8, 0x40, 0x3f, 0xf9,
    0x42, 0x1, 0xfe,

    /* U+005C "\\" */
    0x2f, 0xfd, 0xc0, 0x1f, 0xe2, 0x10, 0x8, 0x44,
    0x1, 0xfe, 0x40, 0xc, 0x80, 0x1f, 0xed, 0x0,
    0xd8, 0x1, 0xfe, 0x40, 0xc, 0x80, 0x1f, 0xe3,
    0x0, 0xc4, 0x20, 0x1f, 0xe4, 0x0, 0xca, 0x1,
    0xfe, 0x30, 0xd, 0x80, 0x1f, 0xec, 0x0, 0xc8,
    0x1, 0xfe, 0x40, 0xc, 0x60, 0x1f, 0xf1, 0x80,
    0x63, 0x0, 0xff, 0x28, 0x6, 0x40, 0xf, 0xf6,
    0x0, 0x6c, 0x0, 0xff, 0x20, 0x6, 0x40, 0xf,
    0xf0, 0x90, 0x6, 0x20, 0xf, 0xf2, 0x0, 0x64,
    0x0, 0xff, 0x78, 0x6, 0xc0, 0xf, 0xf2, 0x0,
    0x64, 0x0, 0xff, 0x10, 0x80, 0x42, 0x40, 0x1f,
    0xe4, 0x0, 0xce, 0x1, 0xfe, 0xd0, 0xd, 0x80,
    0x1f, 0xe4, 0x0, 0xc8, 0x1, 0xfe, 0x30, 0xc,
    0x42, 0x1, 0xfe, 0x40, 0xc, 0xa0, 0x1f, 0xe3,
    0x0, 0xd8, 0x1, 0xfe, 0xc0, 0xc, 0x80, 0x1f,
    0xe4, 0x0, 0xc6, 0x1, 0xff, 0x18, 0x6, 0x30,
    0xf, 0xf2, 0x80, 0x64, 0x0, 0xff, 0x60, 0x6,
    0xc0, 0xf, 0xf2, 0x0, 0x64, 0x0, 0xff, 0x9,
    0x0, 0x63, 0x0, 0xff, 0x20, 0x6, 0x50, 0xf,
    0xf7, 0x80, 0x6c, 0x0, 0xff, 0x20, 0x6, 0x40,
    0xf, 0xf1, 0x8, 0x4, 0x24, 0x1, 0xfe, 0x40,
    0xc, 0xe0, 0x1f, 0xed, 0x0, 0xd8, 0x1, 0xfe,
    0x40, 0xc, 0x80, 0x1f, 0xe3, 0x0, 0xc4, 0x20,
    0x1f, 0xe4, 0x0, 0xca, 0x1, 0xfe, 0xf7, 0x7e,

    /* U+005D "]" */
    0x5f, 0xff, 0xeb, 0x0, 0xff, 0xea, 0xaf, 0xfe,
    0x30, 0xf, 0xff, 0xf8, 0x7, 0xff, 0xfc, 0x3,
    0xff, 0xfe, 0x1, 0xff, 0xff, 0x0, 0xff, 0xff,
    0x80, 0x7f, 0xf9, 0x17, 0xff, 0x18, 0x7, 0xff,
    0x64, 0x40,

    /* U+005E "^" */
    0x0, 0xf1, 0x44, 0x67, 0x0, 0xff, 0xe0, 0xc3,
    0xbe, 0x83, 0x0, 0xff, 0x89, 0x40, 0x3a, 0x0,
    0x3f, 0xeb, 0x0, 0xf2, 0x10, 0x7, 0xf0, 0xb0,
    0x7, 0xd6, 0x1, 0xfc, 0xc0, 0x19, 0xc0, 0x26,
    0x10, 0xf, 0xd2, 0x1, 0x2c, 0x80, 0x69, 0x0,
    0xf9, 0x84, 0x2, 0x91, 0x50, 0x9, 0x80, 0x3e,
    0xb0, 0x8, 0xcc, 0x12, 0x1, 0xb, 0x0, 0x72,
    0x10, 0x5, 0x40, 0x3, 0x20, 0xa, 0xc0, 0x3a,
    0x0, 0x21, 0x60, 0xa, 0xc0, 0x22, 0x40, 0x8,
    0xcc, 0x1, 0x30, 0x6, 0x60, 0xd, 0x0, 0x14,
    0x80, 0x6a, 0x0, 0xe6, 0x0, 0x8c, 0xc0, 0x4a,
    0x1, 0x21, 0x0, 0x75, 0x80, 0x69, 0xb, 0x0,
    0xde, 0x1, 0xe2, 0x30, 0x9, 0x48,

    /* U+005F "_" */
    0xcc, 0xff, 0xe3, 0x1, 0x9f, 0xff, 0x18, 0x3,
    0xff, 0xdc,

    /* U+0060 "`" */
    0x23, 0x3e, 0x0, 0x9b, 0x33, 0x90, 0x0, 0x88,
    0x0, 0xde, 0x1, 0x40, 0x6, 0x41, 0x0, 0x1a,
    0x80, 0x66, 0x0, 0xa0, 0x3, 0x50, 0x4, 0x4e,
    0x1, 0x11, 0x80, 0x52, 0x20, 0x15, 0x0,

    /* U+0061 "a" */
    0x0, 0x23, 0xd6, 0x6f, 0x7f, 0xdd, 0x90, 0x60,
    0x1c, 0x97, 0xa, 0x64, 0x20, 0x10, 0x9b, 0xe5,
    0x0, 0x7f, 0xf1, 0x96, 0xc0, 0x3f, 0xf8, 0xc8,
    0x80, 0xf, 0x8, 0x88, 0x82, 0x1, 0xf7, 0x0,
    0x13, 0x7b, 0xfb, 0x9b, 0xae, 0xf7, 0x0, 0xe4,
    0x0, 0x88, 0x40, 0x3e, 0x84, 0x0, 0xc2, 0x1,
    0xff, 0xc1, 0xc0, 0xe, 0x20, 0xf, 0xfe, 0x1,
    0x0, 0x70, 0x80, 0x7f, 0xf1, 0x9c, 0x3, 0xff,
    0x94, 0xb7, 0xdf, 0xfe, 0xa0, 0xf, 0xd5, 0x44,
    0x10, 0xf, 0xfe, 0x13, 0x28, 0x7, 0xff, 0x16,
    0x0, 0x3f, 0xf8, 0xa4, 0x20, 0x18, 0xf3, 0xbb,
    0x50, 0x7, 0x9c, 0x3, 0xa0, 0xc4, 0x70, 0x7,
    0xc6, 0x1, 0xcc, 0x1, 0xff, 0xc0, 0x10, 0xe,
    0x30, 0xe, 0x30, 0xf, 0xfe, 0x1, 0x80, 0x77,
    0x80, 0x78, 0x40, 0x39, 0x80, 0x39, 0x0, 0x3c,
    0x60, 0x1d, 0x28, 0x44, 0x4b, 0x20, 0xf, 0x38,
    0x7, 0x15, 0xee, 0xad, 0x0, 0x3e, 0x22, 0x0,
    0x7f, 0x90, 0x3, 0xea, 0x0, 0xfe, 0x1a, 0x0,
    0xf9, 0xd4, 0x3, 0xe1, 0xd1, 0x0, 0xfd, 0x54,
    0x41, 0x1, 0x38, 0xf3, 0x1, 0x0, 0xe0,

    /* U+0062 "b" */
    0x4f, 0xfe, 0x60, 0xf, 0xff, 0xf8, 0x7, 0xff,
    0xfc, 0x3, 0xff, 0xfe, 0x1, 0xff, 0xc4, 0x17,
    0xce, 0xfe, 0xb5, 0x0, 0xff, 0x8b, 0xe0, 0xc4,
    0x5, 0x2a, 0x40, 0x3f, 0xde, 0x20, 0x1f, 0x33,
    0x0, 0x3f, 0x41, 0x0, 0x7f, 0x58, 0x7, 0xe1,
    0x0, 0xff, 0x11, 0x80, 0x7e, 0x29, 0xcb, 0x92,
    0x0, 0xe4, 0x0, 0xfd, 0xec, 0x68, 0xde, 0x1,
    0xda, 0x1, 0xf2, 0x10, 0x6, 0x22, 0x0, 0x66,
    0x0, 0xf8, 0x80, 0x3c, 0xc0, 0x18, 0x40, 0x3e,
    0xe0, 0xf, 0x8, 0x6, 0x20, 0xf, 0xfe, 0x11,
    0x80, 0x7f, 0xf0, 0x4, 0x3, 0xff, 0xfe, 0x1,
    0xff, 0xe0, 0x10, 0xf, 0x18, 0x7, 0xff, 0x3,
    0xc0, 0x3c, 0x20, 0x18, 0x40, 0x3e, 0x30, 0xf,
    0x30, 0x6, 0x20, 0xf, 0x90, 0x40, 0x31, 0x10,
    0x3, 0x30, 0x7, 0xec, 0x63, 0x33, 0x78, 0x7,
    0x68, 0x7, 0xe2, 0x9c, 0xc4, 0x90, 0x7, 0x20,
    0x7, 0xc8, 0x1, 0xfe, 0x13, 0x0, 0xfa, 0x80,
    0x3f, 0xd2, 0x1, 0xf8, 0x6c, 0x3, 0xf2, 0xb8,
    0x7, 0xc2, 0x9, 0xae, 0x42, 0x2, 0x95, 0x40,
    0x8,

    /* U+0063 "c" */
    0x0, 0xcb, 0x5b, 0xfe, 0xed, 0xca, 0x60, 0x8,
    0xb6, 0x94, 0x80, 0x2, 0x46, 0xb2, 0x40, 0x38,
    0x40, 0x1f, 0xfc, 0x8, 0x10, 0xf, 0xfe, 0xb,
    0x0, 0x7c, 0x44, 0x10, 0x9, 0x40, 0x38, 0x6f,
    0xf7, 0x5d, 0xfa, 0x5a, 0x1, 0xd6, 0x80, 0x1c,
    0x40, 0x40, 0x1c, 0xa0, 0x1f, 0x98, 0x3, 0x10,
    0x7, 0xf0, 0x80, 0x61, 0x0, 0xfe, 0x30, 0xc,
    0xe0, 0x1f, 0xfc, 0x21, 0x0, 0xfe, 0x10, 0xf,
    0xff, 0x78, 0x80, 0x61, 0x0, 0xfe, 0x30, 0xc,
    0xe0, 0x1f, 0xc2, 0x1, 0x84, 0x3, 0xf9, 0xc0,
    0x31, 0x0, 0x7f, 0x18, 0x7, 0x28, 0x7, 0xee,
    0x0, 0xeb, 0x40, 0xe, 0x21, 0x70, 0xe, 0x1b,
    0xfe, 0xeb, 0xf5, 0x45, 0x0, 0x3e, 0x11, 0x80,
    0x34, 0x80, 0x7f, 0xf0, 0x8b, 0x4, 0x3, 0xff,
    0x82, 0x7d, 0x2a, 0x40, 0x10, 0x9b, 0x4a, 0x80,

    /* U+0064 "d" */
    0x0, 0xff, 0xe0, 0x1f, 0xff, 0x30, 0x7, 0xff,
    0xfc, 0x3, 0xff, 0xfe, 0x1, 0xff, 0xf2, 0x4a,
    0xef, 0xed, 0x81, 0x0, 0xff, 0x45, 0xa8, 0x80,
    0x93, 0xfa, 0x0, 0x7e, 0x47, 0x0, 0xf8, 0x69,
    0xc0, 0x3e, 0x80, 0xf, 0xe1, 0xa0, 0xf, 0x11,
    0x80, 0x7f, 0x84, 0x3, 0xc8, 0x1, 0xc3, 0x37,
    0x69, 0x20, 0xf, 0xb8, 0x3, 0xb5, 0x91, 0xd,
    0x82, 0x1, 0xe2, 0x0, 0xc2, 0x60, 0x18, 0x50,
    0x3, 0xcc, 0x1, 0x88, 0x3, 0xd8, 0x1, 0xe1,
    0x0, 0xce, 0x1, 0xe3, 0x0, 0xf1, 0x80, 0x61,
    0x0, 0xf0, 0x80, 0x78, 0x40, 0x3f, 0xfa, 0x4e,
    0x1, 0xff, 0xd9, 0x70, 0xf, 0xfe, 0x68, 0x80,
    0x7f, 0xf1, 0x8c, 0x3, 0x8, 0x7, 0x84, 0x3,
    0xc2, 0x1, 0x9c, 0x3, 0xc4, 0x1, 0xe7, 0x0,
    0xc4, 0x1, 0xed, 0x0, 0xf1, 0x0, 0x61, 0x30,
    0xc, 0x2a, 0x1, 0xef, 0x0, 0xed, 0x64, 0x36,
    0xc0, 0xf, 0x90, 0x3, 0x86, 0x6f, 0x24, 0x80,
    0x3e, 0x22, 0x0, 0x7f, 0x90, 0x3, 0xe8, 0x0,
    0xff, 0x50, 0x7, 0xca, 0xc0, 0x1f, 0xa8, 0x44,
    0x1, 0xf4, 0xda, 0x88, 0x0, 0x9b, 0x54, 0xc,
    0x3, 0x80,

    /* U+0065 "e" */
    0x0, 0xc9, 0x39, 0xdf, 0xf7, 0x5b, 0x90, 0x7,
    0x16, 0xdb, 0x18, 0x80, 0x42, 0x91, 0xae, 0x1,
    0xe, 0x10, 0x7, 0xfd, 0xe, 0x0, 0xa1, 0x0,
    0xff, 0xe0, 0xc0, 0x12, 0x0, 0x78, 0x48, 0x3,
    0xe5, 0x40, 0xe, 0x5e, 0xe6, 0xfc, 0x80, 0x76,
    0xf8, 0x7, 0x58, 0x80, 0x4c, 0x60, 0x18, 0xc8,
    0x3, 0x10, 0x80, 0x72, 0x80, 0x67, 0x70, 0x6,
    0x60, 0xf, 0x70, 0x6, 0x11, 0x0, 0x7f, 0xc2,
    0x1, 0x8c, 0xc0, 0x18, 0x40, 0x3f, 0xf8, 0x2,
    0x1, 0x97, 0xff, 0xd2, 0x1, 0x84, 0x3, 0xff,
    0xde, 0x9b, 0xbf, 0xfc, 0x1, 0x0, 0xc2, 0x45,
    0xff, 0xc0, 0x30, 0xc, 0x20, 0x1f, 0xfc, 0x1,
    0x0, 0xce, 0x1, 0xff, 0xc0, 0x70, 0xc, 0x40,
    0x1f, 0xfc, 0x2, 0x0, 0xc2, 0x60, 0x1f, 0xf7,
    0x80, 0x77, 0x20, 0x7, 0xc2, 0x62, 0x80, 0x1c,
    0x57, 0xfd, 0xba, 0xef, 0xf7, 0x62, 0x12, 0x0,
    0x7c, 0x24, 0x41, 0x0, 0xf4, 0x88, 0x7, 0xff,
    0x10, 0xb0, 0xc0, 0x3f, 0xf8, 0x85, 0x96, 0xc6,
    0x20, 0x10, 0x91, 0xab, 0xd2, 0x0,

    /* U+0066 "f" */
    0x0, 0xf8, 0xe2, 0xf7, 0xbf, 0xce, 0x1, 0xea,
    0xc7, 0x42, 0x10, 0xf, 0xd0, 0xa0, 0x1f, 0xfc,
    0x17, 0x0, 0xff, 0xe0, 0xa0, 0x7, 0x96, 0x25,
    0x40, 0x31, 0x80, 0x74, 0xd3, 0xb1, 0x0, 0x6f,
    0x0, 0xe7, 0x0, 0xfc, 0x40, 0x1c, 0x20, 0x1f,
    0xfd, 0xa1, 0x0, 0xff, 0xe6, 0x8f, 0xfc, 0x80,
    0x1d, 0xff, 0x9c, 0x3, 0xff, 0xc4, 0x45, 0x0,
    0x78, 0x8b, 0x8, 0xb7, 0x64, 0x0, 0xed, 0xdc,
    0xc0, 0x1f, 0xff, 0xf0, 0xf, 0xff, 0xf8, 0x7,
    0xff, 0xfc, 0x3, 0xff, 0xfe, 0x1, 0xff, 0xc3,

    /* U+0067 "g" */
    0x0, 0x92, 0xbb, 0xfd, 0xb0, 0x40, 0xe, 0xff,
    0xca, 0x0, 0x8b, 0x51, 0x0, 0x13, 0xea, 0x0,
    0x80, 0x79, 0x5c, 0x3, 0xf5, 0x88, 0x7, 0xd2,
    0x1, 0xfe, 0xa0, 0xf, 0x11, 0x80, 0x7f, 0x90,
    0x3, 0xc8, 0x1, 0xc3, 0x17, 0x68, 0x10, 0xf,
    0xb8, 0x3, 0xb5, 0xd1, 0xf, 0xe0, 0x1f, 0x10,
    0x6, 0x13, 0x0, 0xc2, 0xa0, 0x1e, 0x60, 0xc,
    0x40, 0x1e, 0xd0, 0xf, 0x8, 0x6, 0x70, 0xf,
    0x8, 0x7, 0x8c, 0x3, 0x8, 0x7, 0x8c, 0x3,
    0xff, 0x8c, 0x20, 0x1e, 0x10, 0xf, 0xff, 0xf8,
    0x80, 0x7f, 0xc2, 0x1, 0xe3, 0x0, 0xc2, 0x1,
    0xe3, 0x0, 0xf0, 0x80, 0x67, 0x0, 0xf0, 0x80,
    0x79, 0xc0, 0x31, 0x0, 0x7b, 0x40, 0x3c, 0x40,
    0x18, 0x48, 0x3, 0x90, 0x3, 0xde, 0x1, 0xdc,
    0x82, 0x23, 0xb1, 0x0, 0xf2, 0x0, 0x71, 0xdf,
    0x73, 0x10, 0x3, 0xe2, 0x20, 0x7, 0xf8, 0x40,
    0x3e, 0xb0, 0xf, 0xf5, 0x80, 0x70, 0x83, 0x30,
    0x3, 0xf5, 0x8, 0x7, 0xe9, 0xb4, 0x10, 0x1,
    0x36, 0xa8, 0x7, 0xf9, 0x2f, 0xbf, 0xdb, 0x24,
    0x2, 0x1, 0xce, 0x1, 0xff, 0xc0, 0x30, 0xe,
    0x10, 0xf, 0xfe, 0x7, 0x80, 0x71, 0x0, 0x7f,
    0xf0, 0x1c, 0x3, 0x8, 0x7, 0xf8, 0x53, 0x4,
    0x3, 0x28, 0x1, 0xff, 0xfe, 0xeb, 0x30, 0xe,
    0xd0, 0xf, 0xfe, 0x28, 0xb0, 0x7, 0xff, 0x16,
    0x80, 0x3f, 0xf8, 0x83, 0x68, 0x1, 0x23, 0xa9,
    0x90, 0x80, 0x42, 0x6d, 0x5c, 0x80, 0x10,

    /* U+0068 "h" */
    0x4f, 0xfe, 0x60, 0xf, 0xff, 0xf8, 0x7, 0xff,
    0xfc, 0x3, 0xff, 0xfe, 0x1, 0xcd, 0x9d, 0xfe,
    0xc7, 0x0, 0xff, 0x16, 0xc9, 0x88, 0x0, 0xe3,
    0x0, 0x3f, 0xb8, 0x80, 0x3e, 0x39, 0x0, 0xfa,
    0x8c, 0x3, 0xf9, 0x80, 0x3e, 0x30, 0xf, 0xf9,
    0x40, 0x3e, 0x18, 0xba, 0x81, 0x0, 0xe2, 0x0,
    0xfb, 0x1d, 0x15, 0xe0, 0x3, 0xb8, 0x3, 0xc8,
    0x40, 0x19, 0x0, 0x38, 0xc0, 0x3c, 0x60, 0x1c,
    0x40, 0x1f, 0xfc, 0xf, 0x0, 0xff, 0x84, 0x3,
    0xc2, 0x1, 0xff, 0xcd, 0x10, 0xf, 0xff, 0xf8,
    0x7, 0xff, 0xfc, 0x3, 0xff, 0xfe, 0x1, 0xff,
    0xf5,

    /* U+0069 "i" */
    0x4f, 0xfe, 0x60, 0xf, 0xfe, 0x83, 0xa2, 0x71,
    0x1d, 0xdf, 0x20, 0x7, 0xff, 0x5d, 0x3f, 0xf9,
    0x80, 0x3f, 0xff, 0xe0, 0x1f, 0xff, 0xf0, 0xf,
    0xfe, 0xa0,

    /* U+006A "j" */
    0x0, 0x93, 0xff, 0x98, 0x3, 0xff, 0xbe, 0xe8,
    0x9c, 0x40, 0x11, 0xdd, 0xf2, 0x0, 0x7f, 0xfa,
    0x53, 0xff, 0x98, 0x3, 0xff, 0xfe, 0x1, 0xff,
    0xff, 0x0, 0xff, 0xff, 0x80, 0x7f, 0xf8, 0xc,
    0x3, 0xff, 0xa2, 0xc0, 0x16, 0x0, 0x70, 0xa4,
    0x5b, 0x80, 0x71, 0x63, 0xa0, 0x7, 0x20, 0x7,
    0xf7, 0x80, 0x7e, 0x74, 0x0, 0xc2, 0x6d, 0x90,
    0x0,

    /* U+006B "k" */
    0x4f, 0xfe, 0x60, 0xf, 0xff, 0xf8, 0x7, 0xff,
    0xfc, 0x3, 0xff, 0xfe, 0x1, 0xff, 0xc9, 0xff,
    0xec, 0x0, 0xff, 0xe0, 0xb8, 0x7, 0x40, 0x7,
    0xff, 0x6, 0x80, 0x31, 0x20, 0x7, 0xff, 0x1,
    0x48, 0x3, 0x40, 0x7, 0xff, 0x6, 0x40, 0x30,
    0xa8, 0x7, 0xff, 0x0, 0xcc, 0x1, 0xa0, 0x3,
    0xff, 0x83, 0x20, 0x18, 0x58, 0x3, 0xff, 0x80,
    0x4a, 0x1, 0xa4, 0x3, 0xff, 0x83, 0x60, 0x1c,
    0xc0, 0x1f, 0xfc, 0x1, 0x60, 0xc, 0xe2, 0x1,
    0xff, 0xc0, 0x60, 0xe, 0x90, 0xf, 0xfa, 0x3a,
    0x0, 0x33, 0x8, 0x7, 0xfc, 0x22, 0x0, 0xeb,
    0x0, 0xff, 0xe3, 0x98, 0x7, 0xff, 0x1e, 0x40,
    0x3f, 0xf8, 0xec, 0x1, 0xff, 0xc0, 0x9f, 0x70,
    0xc, 0x2c, 0x1, 0xff, 0xc1, 0x90, 0xe, 0xb0,
    0xf, 0xfe, 0x8, 0xa8, 0x6, 0x25, 0x0, 0xff,
    0xe0, 0xc8, 0x7, 0x48, 0x7, 0xff, 0x4, 0xcc,
    0x1, 0x8c, 0xc0, 0x1f, 0xfc, 0x19, 0x0, 0xe9,
    0x0, 0xff, 0xe0, 0xa9, 0x0, 0x65, 0x10, 0xf,
    0xfe, 0xd, 0x80, 0x74, 0x80, 0x7f, 0xf0, 0x58,
    0x40, 0x33, 0x80, 0x7f, 0xf0, 0x98, 0x3, 0x9c,
    0x3, 0xff, 0x83, 0x20, 0x1d, 0x40,

    /* U+006C "l" */
    0x4f, 0xfe, 0x60, 0xf, 0xff, 0xf8, 0x7, 0xff,
    0xfc, 0x3, 0xff, 0xfe, 0x1, 0xff, 0xdd,

    /* U+006D "m" */
    0x4f, 0xfd, 0xc0, 0x1, 0x8c, 0xef, 0xec, 0x70,
    0xc, 0x53, 0xbd, 0xfd, 0x68, 0x1, 0xf8, 0x41,
    0x39, 0xcc, 0x40, 0x4e, 0x30, 0x0, 0xda, 0xc4,
    0x20, 0x29, 0x6e, 0x1, 0xf8, 0xa8, 0x3, 0xf1,
    0xc1, 0xc8, 0x7, 0xe8, 0x20, 0xf, 0xa4, 0x40,
    0x3f, 0x9b, 0xc0, 0x3f, 0xd6, 0x1, 0xf2, 0x0,
    0x7f, 0x84, 0xc0, 0x3f, 0xc8, 0x1, 0xf8, 0xa6,
    0xe9, 0x80, 0x3e, 0x29, 0xba, 0x50, 0xe, 0x20,
    0xf, 0xd8, 0xc8, 0xb2, 0x60, 0x1c, 0x38, 0xc8,
    0xb4, 0x60, 0x1c, 0x20, 0x1e, 0x41, 0x0, 0xc8,
    0x1, 0xce, 0x20, 0x19, 0x40, 0x38, 0xc0, 0x3c,
    0x60, 0x1d, 0xe0, 0x1d, 0xe0, 0x1d, 0xc0, 0x1c,
    0x20, 0x1e, 0xf0, 0xe, 0x10, 0xe, 0x30, 0xe,
    0x10, 0xf, 0xfe, 0x0, 0x80, 0x71, 0x80, 0x7f,
    0xf6, 0x4, 0x3, 0xff, 0xfe, 0x1, 0xff, 0xff,
    0x0, 0xff, 0xff, 0x80, 0x7f, 0xff, 0xc0, 0x3f,
    0xff, 0xe0, 0x1f, 0xff, 0xf0, 0xf, 0xfe, 0x78,

    /* U+006E "n" */
    0x4f, 0xfd, 0xc0, 0x1, 0x7c, 0xef, 0xf6, 0x38,
    0x7, 0xe1, 0x4, 0xe8, 0x31, 0x0, 0x1c, 0x68,
    0x80, 0x7c, 0x54, 0x1, 0xf8, 0xac, 0x3, 0xe9,
    0x10, 0xf, 0xe5, 0x10, 0xf, 0x20, 0x7, 0xfc,
    0xa0, 0x1f, 0xc, 0x5d, 0x40, 0x80, 0x71, 0x80,
    0x7d, 0x8e, 0x8a, 0xf0, 0x1, 0xdc, 0x1, 0xe4,
    0x20, 0xc, 0x80, 0x1c, 0x60, 0x1e, 0x30, 0xe,
    0x20, 0xf, 0xfe, 0x7, 0x80, 0x7f, 0xc2, 0x1,
    0xe1, 0x0, 0xff, 0xe6, 0x88, 0x7, 0xff, 0xfc,
    0x3, 0xff, 0xfe, 0x1, 0xff, 0xff, 0x0, 0xff,
    0xfa, 0x80,

    /* U+006F "o" */
    0x0, 0x85, 0xef, 0x7b, 0xfe, 0xec, 0x95, 0x0,
    0xf3, 0xf4, 0x21, 0x8, 0x4, 0x26, 0xd5, 0xa4,
    0x1, 0x34, 0x0, 0x7f, 0xf0, 0xb, 0x4, 0x1,
    0x0, 0x1f, 0xfc, 0x21, 0x90, 0x41, 0x0, 0xf0,
    0x90, 0x80, 0x79, 0x83, 0x0, 0x39, 0x7f, 0xb7,
    0xb0, 0x40, 0x30, 0x88, 0x80, 0x3a, 0xc0, 0x31,
    0xc8, 0x7, 0x13, 0x0, 0x62, 0x10, 0xe, 0x30,
    0xe, 0x61, 0x0, 0xcc, 0x1, 0xe7, 0x0, 0xe3,
    0x30, 0x7, 0xfc, 0x20, 0x1c, 0x20, 0x1c, 0x20,
    0x1e, 0x30, 0xe, 0xf1, 0x0, 0xff, 0xff, 0x80,
    0x7f, 0xf1, 0xc4, 0x3, 0xff, 0x8b, 0xe0, 0x1c,
    0x20, 0x1e, 0x30, 0xf, 0x18, 0x6, 0x70, 0xf,
    0x8, 0x7, 0x8, 0x80, 0x30, 0x80, 0x79, 0xc0,
    0x38, 0xd8, 0x3, 0x10, 0x80, 0x71, 0x80, 0x73,
    0x10, 0x7, 0x58, 0x80, 0x47, 0x20, 0x1c, 0x58,
    0x1, 0xcb, 0xdc, 0xdf, 0xc1, 0x0, 0xc4, 0x28,
    0x20, 0x1e, 0x12, 0x0, 0xf9, 0x40, 0x10, 0x1,
    0xff, 0xc2, 0x19, 0x0, 0x34, 0x0, 0x7f, 0xf0,
    0xb, 0x4, 0x2, 0x7e, 0x84, 0x21, 0x0, 0x84,
    0xda, 0xf4, 0x80, 0x0,

    /* U+0070 "p" */
    0x4f, 0xfd, 0xc0, 0x1, 0x8d, 0xef, 0xeb, 0x50,
    0xf, 0xe1, 0x4, 0xe7, 0x21, 0x1, 0x4a, 0xa0,
    0x7, 0xf0, 0xd8, 0x7, 0xe5, 0x70, 0xf, 0xd4,
    0x1, 0xfe, 0x90, 0xf, 0xc8, 0x1, 0xfe, 0x13,
    0x0, 0xfc, 0x33, 0x76, 0x92, 0x0, 0xe4, 0x0,
    0xfd, 0x8c, 0x88, 0x6f, 0x0, 0xed, 0x0, 0xf9,
    0x8, 0x3, 0x11, 0x0, 0x33, 0x0, 0x7c, 0x60,
    0x1e, 0x60, 0xc, 0x40, 0x1f, 0x78, 0x7, 0x84,
    0x3, 0x8, 0x7, 0xc2, 0x1, 0xe3, 0x0, 0xff,
    0xff, 0x80, 0x7f, 0xfb, 0x44, 0x3, 0xc6, 0x1,
    0xff, 0xc0, 0xf0, 0xf, 0x8, 0x6, 0x20, 0xf,
    0x8c, 0x3, 0xcc, 0x1, 0x84, 0x3, 0xe4, 0x10,
    0xc, 0x44, 0x0, 0xcc, 0x1, 0xfb, 0x19, 0xd,
    0xbc, 0x3, 0xb4, 0x3, 0xf1, 0x4d, 0xe4, 0x90,
    0x7, 0x20, 0x7, 0xc4, 0x1, 0xfe, 0x23, 0x0,
    0xfa, 0xc8, 0x3, 0xfa, 0xc0, 0x3f, 0xbc, 0x80,
    0x3e, 0x56, 0x0, 0xfe, 0x2c, 0x83, 0x10, 0x14,
    0xaa, 0x0, 0x7f, 0xc2, 0xf9, 0xdf, 0xd6, 0xa0,
    0x1f, 0xff, 0xf0, 0xf, 0xff, 0xf8, 0x7, 0xff,
    0x58,

    /* U+0071 "q" */
    0x0, 0x92, 0xbb, 0xfd, 0xb2, 0x40, 0xd, 0xff,
    0xcc, 0x0, 0x9b, 0x51, 0x0, 0x13, 0x6a, 0x81,
    0x80, 0x79, 0x58, 0x3, 0xf5, 0x8, 0x80, 0x3d,
    0x0, 0x1f, 0xea, 0x0, 0xf1, 0x10, 0x3, 0xfc,
    0x80, 0x1e, 0x40, 0xe, 0x19, 0xbc, 0x92, 0x0,
    0xfb, 0xc0, 0x3b, 0x59, 0xd, 0xb0, 0x3, 0xe2,
    0x0, 0xc2, 0x60, 0x18, 0x54, 0x3, 0xce, 0x1,
    0x88, 0x3, 0xd8, 0x1, 0xe1, 0x0, 0xce, 0x1,
    0xe3, 0x0, 0xf1, 0x80, 0x61, 0x0, 0xf0, 0x80,
    0x78, 0x40, 0x3f, 0xfa, 0x4e, 0x1, 0xff, 0xec,
    0x70, 0xf, 0x8, 0x7, 0xff, 0x18, 0xc0, 0x30,
    0x80, 0x78, 0x40, 0x3c, 0x20, 0x19, 0xc0, 0x3c,
    0x60, 0x1e, 0x70, 0xc, 0x40, 0x1e, 0xc0, 0xf,
    0x18, 0x6, 0x13, 0x0, 0xc2, 0x80, 0x1e, 0xe0,
    0xe, 0xd6, 0x43, 0x6c, 0x10, 0xf, 0x20, 0x7,
    0xc, 0xde, 0x49, 0x0, 0x7c, 0x44, 0x0, 0xff,
    0x10, 0x7, 0xd0, 0x1, 0xfc, 0x32, 0x1, 0xf2,
    0xb0, 0x7, 0xc3, 0xae, 0x1, 0xfa, 0x6d, 0x44,
    0x4, 0x9f, 0xcc, 0x3, 0xfc, 0x95, 0xdf, 0xdb,
    0x2, 0x1, 0xff, 0xff, 0x0, 0xff, 0xff, 0x80,
    0x7f, 0xf4, 0x40,

    /* U+0072 "r" */
    0x4f, 0xfd, 0xc0, 0x12, 0xdf, 0x60, 0x7, 0x8,
    0x2, 0xa8, 0x82, 0x20, 0xf, 0xa1, 0x40, 0x3f,
    0xc2, 0xe0, 0x1f, 0xf4, 0x80, 0x7f, 0xf0, 0x1c,
    0x3, 0xff, 0x86, 0xb7, 0xba, 0x0, 0xfd, 0x74,
    0x84, 0x1, 0xfa, 0x10, 0x3, 0xfe, 0x70, 0xf,
    0xf8, 0xc0, 0x3f, 0xf8, 0xa, 0x1, 0xff, 0xc0,
    0xe0, 0xf, 0xfe, 0x0, 0x80, 0x7f, 0xff, 0xc0,
    0x3f, 0xff, 0xe0, 0x1f, 0xfc, 0xd0,

    /* U+0073 "s" */
    0x0, 0xc7, 0x39, 0xdf, 0xee, 0xdc, 0x97, 0x20,
    0x8, 0xb3, 0xc, 0x62, 0x0, 0x12, 0x36, 0x8b,
    0x0, 0xf, 0x98, 0x7, 0xff, 0xa, 0x8, 0x3,
    0xff, 0x86, 0xc0, 0x1e, 0x12, 0x11, 0x0, 0x71,
    0x0, 0x71, 0x6f, 0x6f, 0x73, 0xfd, 0xb6, 0xc,
    0x1, 0xd6, 0x40, 0x1e, 0x22, 0x0, 0x80, 0x71,
    0x0, 0x7f, 0xf5, 0x44, 0x3, 0xfc, 0x20, 0x1d,
    0xa, 0x40, 0x1f, 0x94, 0x3, 0x8a, 0xb7, 0xfb,
    0x25, 0x80, 0x21, 0x20, 0xf, 0xc2, 0x6d, 0x3c,
    0x40, 0xb, 0x0, 0xff, 0xe0, 0xf, 0x0, 0x1a,
    0x0, 0x3f, 0xf8, 0x6, 0x60, 0x3, 0xfe, 0x4b,
    0xa1, 0x0, 0x7d, 0x60, 0x18, 0xda, 0x2f, 0x7e,
    0x40, 0x38, 0x80, 0x3f, 0xcc, 0x20, 0x18, 0x40,
    0x3f, 0xe2, 0x0, 0xce, 0x1, 0xff, 0xc4, 0x70,
    0xf, 0xf8, 0x80, 0x30, 0x81, 0x10, 0x3, 0xe8,
    0x10, 0xc, 0x41, 0xdb, 0xfe, 0xee, 0x6f, 0x7b,
    0x80, 0x76, 0x80, 0x70, 0x88, 0x84, 0x3, 0xc2,
    0xa0, 0x1f, 0xfc, 0x38, 0x0, 0xff, 0xe1, 0xc3,
    0x0, 0x22, 0xa, 0x84, 0x20, 0x10, 0xa4, 0x73,
    0x80, 0x0,

    /* U+0074 "t" */
    0x0, 0xc6, 0x89, 0xc0, 0x1f, 0xd1, 0x77, 0xc0,
    0x1f, 0xff, 0xf0, 0xf, 0xfe, 0x41, 0x7f, 0xc8,
    0x1, 0xdf, 0xf8, 0xc0, 0x3f, 0xfc, 0x44, 0x50,
    0x7, 0x88, 0xb0, 0x96, 0xec, 0x80, 0x1d, 0xbb,
    0x88, 0x3, 0xff, 0xfe, 0x1, 0xff, 0xff, 0x0,
    0xff, 0xff, 0x80, 0x7f, 0xff, 0xc0, 0x3f, 0xf8,
    0x60,

    /* U+0075 "u" */
    0x5f, 0xfe, 0x40, 0xf, 0x7f, 0xf4, 0x80, 0x7f,
    0xff, 0xc0, 0x3f, 0xff, 0xe0, 0x1f, 0xff, 0xf0,
    0xf, 0xff, 0xe0, 0x80, 0x7f, 0xf1, 0x8c, 0x3,
    0xff, 0x80, 0x20, 0x1c, 0x20, 0x1e, 0x10, 0xe,
    0x20, 0xe, 0x50, 0xf, 0x38, 0x7, 0x60, 0x7,
    0x50, 0x7, 0x84, 0x3, 0x92, 0x55, 0x1b, 0xc,
    0x3, 0xc4, 0x1, 0xe6, 0xab, 0x93, 0x0, 0xfc,
    0x80, 0x1f, 0xe2, 0x20, 0x7, 0xb8, 0x3, 0xfd,
    0x2, 0x1, 0xe5, 0x60, 0xf, 0xce, 0xae, 0x1,
    0xf4, 0xd2, 0x8, 0x9, 0x36, 0x40, 0x8, 0x7,
    0x0,

    /* U+0076 "v" */
    0x2f, 0xfe, 0x90, 0xf, 0x8b, 0xff, 0xa0, 0x84,
    0x3, 0x28, 0x7, 0xce, 0x1, 0xd8, 0xa, 0x1,
    0x8c, 0x3, 0xed, 0x0, 0xe5, 0xc, 0x0, 0xe2,
    0x0, 0xf1, 0x80, 0x62, 0x10, 0x40, 0xe, 0x40,
    0xf, 0x28, 0x6, 0x40, 0x1, 0x80, 0x77, 0x80,
    0x70, 0x88, 0x3, 0x78, 0x4, 0x60, 0x19, 0x40,
    0x39, 0x40, 0x39, 0x0, 0x25, 0x0, 0xc6, 0x1,
    0xc6, 0x1, 0x84, 0x80, 0x2c, 0x0, 0xe2, 0x0,
    0xda, 0x1, 0x94, 0x3, 0x20, 0x7, 0x38, 0x6,
    0x70, 0xd, 0x80, 0x18, 0x44, 0x1, 0xb4, 0x2,
    0x12, 0x0, 0xc6, 0x1, 0xc8, 0x1, 0x90, 0x2,
    0x50, 0xe, 0x40, 0xe, 0xc0, 0xc, 0x60, 0x11,
    0x80, 0x63, 0x0, 0xf2, 0x80, 0x71, 0x0, 0x34,
    0x3, 0x28, 0x7, 0x8c, 0x3, 0x9c, 0x0, 0xe0,
    0x1b, 0x0, 0x3e, 0x30, 0xd, 0xa0, 0x2, 0x0,
    0xc8, 0x1, 0xf2, 0x0, 0x63, 0x3, 0x0, 0xc2,
    0x20, 0xf, 0xb0, 0x3, 0x28, 0x28, 0x6, 0x40,
    0xf, 0xca, 0x1, 0x84, 0xbc, 0x3, 0x68, 0x7,
    0xe1, 0x20, 0xc, 0xea, 0x1, 0x90, 0x3, 0xf9,
    0x0, 0x37, 0x98, 0x6, 0x30, 0xf, 0xef, 0x0,
    0xca, 0x1, 0x8c, 0x3, 0xfc, 0x80, 0x1f, 0xc8,
    0x1, 0xfe, 0x21, 0x0, 0xfd, 0x80, 0x1f, 0xf2,
    0x80, 0x7e, 0x50, 0xf, 0xfb, 0x0, 0x3e, 0x21,
    0x0, 0xff, 0x8c, 0x3, 0xe7, 0x0, 0xf0,

    /* U+0077 "w" */
    0xf, 0xfe, 0x90, 0xf, 0x2f, 0xff, 0x30, 0x7,
    0xa7, 0xff, 0x60, 0x10, 0x6, 0x20, 0xf, 0x68,
    0x7, 0x78, 0x7, 0x88, 0x3, 0x28, 0x38, 0x6,
    0x50, 0xf, 0x18, 0x7, 0x28, 0x7, 0x94, 0x3,
    0x78, 0x68, 0x6, 0x10, 0xf, 0x28, 0x7, 0x18,
    0x7, 0x84, 0x3, 0x28, 0x18, 0x7, 0x18, 0x6,
    0x11, 0x0, 0x78, 0x80, 0x31, 0x0, 0x71, 0x82,
    0x80, 0x73, 0x0, 0x64, 0x0, 0xf9, 0xc0, 0x33,
    0x80, 0x62, 0x0, 0x9, 0x0, 0x6d, 0x0, 0xda,
    0x1, 0xf6, 0x80, 0x62, 0x0, 0xce, 0x1, 0x38,
    0x6, 0x20, 0xc, 0x60, 0x1f, 0x18, 0x6, 0xd0,
    0xd, 0xa0, 0x16, 0x80, 0x67, 0x0, 0xca, 0x1,
    0xf2, 0x80, 0x66, 0x0, 0xc6, 0x1, 0x18, 0x6,
    0x20, 0x8, 0x44, 0x1, 0xf0, 0x88, 0x2, 0x30,
    0xc, 0xa0, 0x12, 0x80, 0x71, 0x0, 0x14, 0x3,
    0x28, 0x6, 0x40, 0x0, 0x80, 0x61, 0x10, 0x4,
    0x22, 0x0, 0xce, 0x0, 0x30, 0xd, 0x0, 0x1b,
    0x40, 0xa, 0x1, 0x94, 0x3, 0x94, 0x3, 0x10,
    0x3, 0x40, 0x23, 0x20, 0xc, 0x60, 0x2, 0x0,
    0xc6, 0x1, 0xc6, 0x1, 0xb4, 0x0, 0xe0, 0x12,
    0x81, 0x80, 0x4a, 0x0, 0xf0, 0xd, 0xa0, 0x1d,
    0xa0, 0x19, 0x80, 0x4, 0x1, 0x78, 0x28, 0x4,
    0x22, 0x2, 0x0, 0xce, 0x1, 0xce, 0x1, 0x8c,
    0xc, 0x3, 0x28, 0x78, 0x6, 0x50, 0x50, 0xc,
    0x40, 0x1c, 0x40, 0x1c, 0x2a, 0x1, 0x8c, 0x14,
    0x3, 0x18, 0x8, 0x4, 0x60, 0x1f, 0x18, 0x6,
    0x5f, 0x0, 0x88, 0x0, 0x60, 0x1b, 0x4c, 0x3,
    0x28, 0x7, 0xca, 0x1, 0x89, 0x40, 0x27, 0x0,
    0x8c, 0x2, 0x76, 0x0, 0xde, 0x1, 0xf7, 0x80,
    0x6c, 0x30, 0xb, 0x40, 0x25, 0x0, 0x8b, 0xc0,
    0x32, 0x80, 0x7c, 0xa0, 0x19, 0x40, 0x31, 0x80,
    0x5e, 0x1, 0x94, 0x3, 0x18, 0x7, 0xc6, 0x1,
    0xfc, 0xa0, 0x12, 0x80, 0x7e, 0x20, 0xf, 0xe2,
    0x0, 0xf8, 0x44, 0x1, 0x18, 0x7, 0xe7, 0x0,
    0xfe, 0x70, 0xf, 0x94, 0x3, 0x88, 0x3, 0xed,
    0x0, 0xfe, 0xd0, 0xf, 0x8c, 0x3, 0x9c, 0x3,
    0xe3, 0x0, 0xfe, 0x30, 0xf, 0xb4, 0x3, 0xb4,
    0x3, 0xe5, 0x0, 0xfe, 0x50, 0xf, 0x9c, 0x3,
    0x8c, 0x3, 0xc2, 0x20, 0xc,

    /* U+0078 "x" */
    0xd, 0xff, 0xe2, 0x0, 0xf1, 0x7f, 0xf5, 0x0,
    0x2c, 0x3, 0xac, 0x3, 0xd6, 0x1, 0xd2, 0x0,
    0x61, 0x0, 0xcc, 0x20, 0x18, 0x58, 0x3, 0x21,
    0x80, 0x50, 0x1, 0xcc, 0x1, 0x98, 0x3, 0xa0,
    0x3, 0x30, 0x80, 0x69, 0x0, 0xd2, 0x1, 0x8c,
    0xc0, 0x1d, 0x20, 0x18, 0x58, 0x0, 0xa2, 0x1,
    0xa0, 0x3, 0xce, 0x20, 0x1a, 0xc0, 0x12, 0x1,
    0x8d, 0x0, 0x3e, 0x60, 0xc, 0x48, 0x66, 0x0,
    0xd2, 0x1, 0xfa, 0x40, 0x3b, 0xe4, 0x3, 0x12,
    0x80, 0x7e, 0x17, 0x0, 0xc8, 0xa0, 0x1a, 0x0,
    0x3f, 0xd2, 0x1, 0xfc, 0x4a, 0x1, 0xfe, 0x16,
    0x0, 0xfd, 0x60, 0x1f, 0xfc, 0x8, 0x0, 0xf8,
    0x58, 0x3, 0xff, 0x80, 0x24, 0x1, 0xe5, 0x0,
    0xff, 0xe0, 0xa1, 0x0, 0x79, 0x8, 0x3, 0xff,
    0x81, 0x0, 0x1f, 0xac, 0x3, 0xfe, 0x43, 0x0,
    0xfc, 0xc2, 0x1, 0xfe, 0xf0, 0xc, 0x40, 0x1d,
    0x0, 0x1f, 0xc6, 0x80, 0x1a, 0x58, 0x3, 0x30,
    0x80, 0x7e, 0x80, 0xc, 0x49, 0x60, 0x1d, 0x20,
    0x1f, 0x12, 0x0, 0x6b, 0x2, 0x40, 0xc, 0xe0,
    0x1f, 0x40, 0x6, 0x16, 0x0, 0x70, 0x7, 0x38,
    0x7, 0x12, 0x80, 0x66, 0x0, 0x94, 0x80, 0x34,
    0x80, 0x75, 0x80, 0x74, 0x80, 0x6a, 0x0, 0xc2,
    0xe0, 0x10, 0xb0, 0x6, 0x61, 0x0, 0xce, 0x1,
    0xd2, 0x1, 0x48, 0x7, 0x58, 0x7, 0x98, 0x3,
    0xb, 0x0, 0xb8, 0x6, 0x42, 0x0, 0xf5, 0x80,
    0x75, 0x80,

    /* U+0079 "y" */
    0x5f, 0xfe, 0x40, 0xf, 0x7f, 0xf4, 0x80, 0x7f,
    0xff, 0xc0, 0x3f, 0xff, 0xe0, 0x1f, 0xff, 0xf0,
    0xf, 0xff, 0xe0, 0x80, 0x7f, 0xf3, 0x44, 0x3,
    0x84, 0x3, 0x8c, 0x3, 0xce, 0x1, 0xc6, 0x1,
    0xce, 0x1, 0xe1, 0x0, 0xec, 0x0, 0xef, 0x0,
    0xf1, 0x80, 0x72, 0xb9, 0x10, 0xe5, 0x40, 0x3c,
    0x22, 0x0, 0xe8, 0xdd, 0x63, 0x0, 0x7e, 0x40,
    0xf, 0xf1, 0x80, 0x7d, 0xc0, 0x1f, 0xee, 0x0,
    0xf9, 0x1c, 0x3, 0xf5, 0x10, 0x7, 0x8, 0x2,
    0x29, 0x4, 0x0, 0x4d, 0xaa, 0x1, 0xfe, 0x5b,
    0xef, 0xf6, 0xc9, 0x0, 0x80, 0x77, 0x80, 0x7f,
    0xf0, 0xc, 0x3, 0x84, 0x3, 0xff, 0x80, 0xc0,
    0x1c, 0x40, 0x1f, 0xfc, 0xe, 0x0, 0xe6, 0x0,
    0xfe, 0x13, 0xa5, 0x0, 0xe2, 0x0, 0x7f, 0xfd,
    0xd8, 0xa0, 0x1c, 0xa0, 0x1f, 0xfc, 0x69, 0x0,
    0xff, 0xe2, 0xb9, 0x80, 0x7f, 0xf1, 0x22, 0x0,
    0x19, 0xd4, 0xc8, 0x40, 0x31, 0x2c, 0xf3, 0x80,
    0x40,

    /* U+007A "z" */
    0xe, 0xff, 0xff, 0xe1, 0xa0, 0x7, 0xff, 0xad,
    0x48, 0xbf, 0x8, 0x7, 0x98, 0x2f, 0x77, 0xf2,
    0x80, 0x72, 0x90, 0x7, 0xf2, 0x20, 0x3, 0xa0,
    0x3, 0xfd, 0x20, 0x1c, 0xe4, 0x1, 0xfc, 0xc4,
    0x1, 0x86, 0x40, 0x3f, 0xd0, 0x1, 0xd0, 0x20,
    0x1f, 0xd0, 0x20, 0x18, 0x98, 0x3, 0xf8, 0x5c,
    0x3, 0xa4, 0x3, 0xfd, 0x60, 0x1c, 0x88, 0x0,
    0xfe, 0x35, 0x0, 0xe8, 0x0, 0xff, 0x78, 0x7,
    0x31, 0x80, 0x7f, 0x29, 0x80, 0x74, 0x0, 0x7f,
    0xa0, 0x3, 0xa0, 0x40, 0x3f, 0x9c, 0x80, 0x30,
    0xb8, 0x7, 0xf0, 0xc8, 0x7, 0x58, 0x7, 0xfa,
    0x4, 0x3, 0x1a, 0x80, 0x7f, 0x13, 0x0, 0x77,
    0x80, 0x7f, 0xa4, 0x3, 0x94, 0xc0, 0x3f, 0x89,
    0x0, 0x39, 0x37, 0x7f, 0x90, 0x40, 0x3c, 0x24,
    0x5f, 0xc2, 0x1, 0xff, 0xea,

    /* U+007B "{" */
    0x0, 0xfc, 0xbd, 0xfe, 0xd0, 0xf, 0xcf, 0x42,
    0x0, 0xe0, 0xf, 0x96, 0x0, 0x27, 0x30, 0xf,
    0x15, 0x0, 0x43, 0x0, 0x1f, 0x40, 0x6, 0x90,
    0xf, 0x89, 0x40, 0x33, 0x0, 0x7c, 0xa0, 0x18,
    0x84, 0x3, 0xec, 0x0, 0xce, 0x1, 0xf9, 0x40,
    0x31, 0x0, 0x7e, 0x10, 0xd, 0xe0, 0x1f, 0xff,
    0xf0, 0xf, 0xfe, 0x50, 0x80, 0x7c, 0x20, 0x1c,
    0x60, 0x1f, 0x10, 0x7, 0x38, 0x7, 0xd6, 0x1,
    0x88, 0x80, 0x1f, 0x30, 0x6, 0x80, 0xf, 0x1e,
    0x8, 0x4, 0xaa, 0x0, 0xee, 0xc3, 0x0, 0xc,
    0x50, 0x7, 0xf8, 0xb1, 0xc0, 0x3f, 0xe2, 0xda,
    0x0, 0xfb, 0xb0, 0xc0, 0x25, 0xc0, 0xf, 0x8f,
    0x4, 0x2, 0x37, 0x0, 0xfc, 0xc0, 0x1a, 0x40,
    0x3f, 0x58, 0x6, 0x12, 0x0, 0xf8, 0x80, 0x39,
    0xc0, 0x3e, 0x10, 0xe, 0x30, 0xf, 0xfe, 0x8,
    0x80, 0x7f, 0xff, 0xc0, 0x21, 0x0, 0xff, 0xe0,
    0x98, 0x6, 0xe0, 0xf, 0xce, 0x1, 0x8c, 0x3,
    0xf6, 0x0, 0x64, 0x0, 0xfc, 0xe0, 0x18, 0x4c,
    0x3, 0xe1, 0x70, 0xd, 0x20, 0x1f, 0xa0, 0x80,
    0x25, 0x30, 0xf, 0xde, 0x20, 0x17, 0x80, 0x7e,
    0x2c, 0x20, 0x1, 0xc0, 0x7, 0xe2, 0xd8, 0x77,
    0x0, 0x0,

    /* U+007C "|" */
    0x9f, 0xfd, 0x40, 0x1f, 0xff, 0xf0, 0xf, 0xff,
    0xf8, 0x7, 0xff, 0xfc, 0x3, 0xff, 0xcf, 0x3d,
    0xda, 0xc0,

    /* U+007D "}" */
    0x9f, 0xfa, 0x0, 0x3f, 0xa4, 0x80, 0xf, 0x60,
    0x1f, 0xd2, 0x1, 0x25, 0x0, 0x7e, 0x44, 0x0,
    0x4a, 0xa0, 0xf, 0xd0, 0x1, 0xac, 0x3, 0xf1,
    0x90, 0x4, 0x2c, 0x1, 0xf9, 0x40, 0x35, 0x0,
    0x7e, 0xd0, 0xc, 0x60, 0x1f, 0x84, 0x3, 0x88,
    0x3, 0xe6, 0x0, 0xe1, 0x0, 0xff, 0xe0, 0xb8,
    0x7, 0xff, 0xfc, 0x0, 0x60, 0x1f, 0xfc, 0x11,
    0x0, 0xe2, 0x0, 0xfc, 0x40, 0x1b, 0x80, 0x3f,
    0x28, 0x6, 0x50, 0xf, 0xd2, 0x1, 0x88, 0xc0,
    0x3e, 0x1a, 0x0, 0xda, 0xa2, 0x1, 0xe5, 0xc3,
    0x0, 0xd, 0x71, 0x80, 0x78, 0xf5, 0x40, 0x3f,
    0xe7, 0xe5, 0x0, 0xff, 0x44, 0x0, 0x21, 0xaf,
    0x30, 0xc, 0x6e, 0x1, 0xb5, 0x40, 0x3d, 0x40,
    0x18, 0xcc, 0x1, 0xf3, 0x80, 0x64, 0x0, 0xfc,
    0x20, 0x1b, 0x80, 0x3e, 0x20, 0xe, 0x20, 0xf,
    0xff, 0xf8, 0x7, 0xff, 0x10, 0x40, 0x39, 0xc0,
    0x3e, 0x70, 0xe, 0x10, 0xf, 0x88, 0x3, 0x88,
    0x3, 0xec, 0x0, 0xc8, 0x1, 0xf9, 0x0, 0x37,
    0x80, 0x7c, 0xa2, 0x1, 0x1a, 0x0, 0x7d, 0x0,
    0x1b, 0x80, 0x3e, 0x72, 0x0, 0xa8, 0x80, 0x3c,
    0x70, 0x1, 0x52, 0x80, 0x7c, 0xae, 0xf6, 0xa8,
    0x7, 0xe0,

    /* U+007E "~" */
    0x0, 0xff, 0xe1, 0xac, 0x41, 0x40, 0xf, 0xbf,
    0xed, 0xb7, 0x30, 0xe, 0xe7, 0x77, 0x83, 0x41,
    0x0, 0x9, 0x23, 0x3a, 0x98, 0xd1, 0x0, 0x3,
    0xb, 0x0, 0xfc, 0x2b, 0x39, 0x60, 0x10, 0x81,
    0x0, 0x7f, 0xf1, 0x34, 0x40, 0x25, 0xdc, 0x83,
    0x0, 0xfc, 0x2a, 0x60, 0x17, 0x11, 0xbe, 0x7d,
    0x31, 0x88, 0xa, 0x60, 0x1b, 0xbc, 0xa0, 0x1c,
    0xb3, 0x9d, 0xfd, 0x64, 0x0,

    /* U+00B1 "±" */
    0x0, 0xf0, 0xff, 0xec, 0x0, 0xff, 0xff, 0x80,
    0x7f, 0xf8, 0xbf, 0xfd, 0xc0, 0x18, 0xff, 0xfd,
    0x60, 0x1f, 0xfe, 0xd1, 0x1f, 0x80, 0x38, 0x47,
    0xc5, 0xdd, 0xef, 0x0, 0xc7, 0xdd, 0xe9, 0x0,
    0xff, 0xff, 0x80, 0x7f, 0xf3, 0x85, 0x13, 0x80,
    0x3f, 0xf8, 0x57, 0x7a, 0x0, 0x3f, 0xfc, 0x3d,
    0xdf, 0xfc, 0x69, 0x11, 0xff, 0xe3, 0x10, 0x7,
    0xff, 0xb4,

    /* U+00B7 "·" */
    0x3, 0x3f, 0x26, 0x67, 0x80, 0x3f, 0xfa, 0xe0,

    /* U+00D7 "×" */
    0x0, 0xcc, 0x1, 0xfc, 0xc0, 0x1e, 0xc9, 0x90,
    0x7, 0xd5, 0x34, 0x1, 0xac, 0xc1, 0xa4, 0x3,
    0xa9, 0x41, 0x68, 0x1, 0x68, 0x1, 0x34, 0x80,
    0x54, 0xa0, 0x12, 0xc8, 0x68, 0x7, 0x34, 0x5,
    0x28, 0x7, 0x68, 0x34, 0x80, 0x73, 0xea, 0x80,
    0x75, 0xa0, 0x1, 0xa4, 0x3, 0x88, 0x3, 0xad,
    0x0, 0x33, 0x50, 0x7, 0xf5, 0xa0, 0x7, 0x96,
    0x80, 0x3e, 0xb4, 0x0, 0xfd, 0x80, 0x1f, 0x60,
    0x7, 0xe9, 0x60, 0xf, 0x9e, 0x0, 0x3d, 0x2c,
    0x1, 0xfc, 0xf0, 0x1, 0xa5, 0x80, 0x39, 0x80,
    0x39, 0xe0, 0x1, 0x2c, 0x1, 0xd7, 0x32, 0x0,
    0xe7, 0x70, 0x8, 0x7, 0x5a, 0x3, 0x48, 0x7,
    0x8, 0x43, 0x80, 0x56, 0x80, 0x13, 0x48, 0x5,
    0x2c, 0x0, 0x88, 0x5, 0xa0, 0x7, 0x34, 0x84,
    0xb0, 0x6, 0x7d, 0x40, 0xf, 0x9b, 0x58, 0x0,

    /* U+2212 "−" */
    0xcc, 0xff, 0xe3, 0x41, 0x9f, 0xff, 0x1c, 0x3,
    0xff, 0xdb, 0xfd, 0xdf, 0xfc, 0x5b
};


/*---------------------
 *  GLYPH DESCRIPTION
 *--------------------*/

static const lv_font_fmt_txt_glyph_dsc_t glyph_dsc[] = {
    {.bitmap_index = 0, .adv_w = 0, .box_w = 0, .box_h = 0, .ofs_x = 0, .ofs_y = 0} /* id = 0 reserved */,
    {.bitmap_index = 0, .adv_w = 155, .box_w = 0, .box_h = 0, .ofs_x = 0, .ofs_y = 0},
    {.bitmap_index = 0, .adv_w = 200, .box_w = 8, .box_h = 36, .ofs_x = 2, .ofs_y = 0},
    {.bitmap_index = 83, .adv_w = 291, .box_w = 14, .box_h = 14, .ofs_x = 2, .ofs_y = 22},
    {.bitmap_index = 156, .adv_w = 467, .box_w = 24, .box_h = 36, .ofs_x = 2, .ofs_y = 0},
    {.bitmap_index = 414, .adv_w = 340, .box_w = 18, .box_h = 36, .ofs_x = 2, .ofs_y = 0},
    {.bitmap_index = 593, .adv_w = 582, .box_w = 33, .box_h = 36, .ofs_x = 2, .ofs_y = 0},
    {.bitmap_index = 976, .adv_w = 451, .box_w = 26, .box_h = 36, .ofs_x = 2, .ofs_y = 0},
    {.bitmap_index = 1203, .adv_w = 165, .box_w = 6, .box_h = 14, .ofs_x = 2, .ofs_y = 22},
    {.bitmap_index = 1236, .adv_w = 228, .box_w = 12, .box_h = 47, .ofs_x = 2, .ofs_y = -8},
    {.bitmap_index = 1404, .adv_w = 228, .box_w = 12, .box_h = 47, .ofs_x = 0, .ofs_y = -8},
    {.bitmap_index = 1576, .adv_w = 338, .box_w = 17, .box_h = 18, .ofs_x = 2, .ofs_y = 18},
    {.bitmap_index = 1705, .adv_w = 395, .box_w = 19, .box_h = 19, .ofs_x = 3, .ofs_y = 4},
    {.bitmap_index = 1747, .adv_w = 186, .box_w = 7, .box_h = 14, .ofs_x = 2, .ofs_y = -7},
    {.bitmap_index = 1776, .adv_w = 250, .box_w = 11, .box_h = 6, .ofs_x = 2, .ofs_y = 12},
    {.bitmap_index = 1785, .adv_w = 186, .box_w = 7, .box_h = 7, .ofs_x = 2, .ofs_y = 0},
    {.bitmap_index = 1793, .adv_w = 261, .box_w = 16, .box_h = 42, .ofs_x = 0, .ofs_y = -3},
    {.bitmap_index = 1987, .adv_w = 397, .box_w = 21, .box_h = 36, .ofs_x = 2, .ofs_y = 0},
    {.bitmap_index = 2192, .adv_w = 249, .box_w = 12, .box_h = 36, .ofs_x = 1, .ofs_y = 0},
    {.bitmap_index = 2239, .adv_w = 370, .box_w = 20, .box_h = 36, .ofs_x = 2, .ofs_y = 0},
    {.bitmap_index = 2414, .adv_w = 359, .box_w = 20, .box_h = 36, .ofs_x = 1, .ofs_y = 0},
    {.bitmap_index = 2621, .adv_w = 389, .box_w = 23, .box_h = 36, .ofs_x = 1, .ofs_y = 0},
    {.bitmap_index = 2805, .adv_w = 372, .box_w = 20, .box_h = 36, .ofs_x = 2, .ofs_y = 0},
    {.bitmap_index = 2954, .adv_w = 394, .box_w = 21, .box_h = 36, .ofs_x = 2, .ofs_y = 0},
    {.bitmap_index = 3184, .adv_w = 346, .box_w = 20, .box_h = 36, .ofs_x = 1, .ofs_y = 0},
    {.bitmap_index = 3375, .adv_w = 407, .box_w = 22, .box_h = 36, .ofs_x = 2, .ofs_y = 0},
    {.bitmap_index = 3638, .adv_w = 394, .box_w = 21, .box_h = 36, .ofs_x = 2, .ofs_y = 0},
    {.bitmap_index = 3874, .adv_w = 186, .box_w = 7, .box_h = 27, .ofs_x = 2, .ofs_y = 0},
    {.bitmap_index = 3896, .adv_w = 186, .box_w = 7, .box_h = 34, .ofs_x = 2, .ofs_y = -7},
    {.bitmap_index = 3939, .adv_w = 395, .box_w = 19, .box_h = 20, .ofs_x = 3, .ofs_y = 3},
    {.bitmap_index = 4059, .adv_w = 395, .box_w = 19, .box_h = 14, .ofs_x = 3, .ofs_y = 6},
    {.bitmap_index = 4087, .adv_w = 395, .box_w = 19, .box_h = 20, .ofs_x = 3, .ofs_y = 3},
    {.bitmap_index = 4208, .adv_w = 318, .box_w = 17, .box_h = 36, .ofs_x = 1, .ofs_y = 0},
    {.bitmap_index = 4351, .adv_w = 579, .box_w = 32, .box_h = 42, .ofs_x = 2, .ofs_y = -6},
    {.bitmap_index = 4740, .adv_w = 412, .box_w = 26, .box_h = 36, .ofs_x = 0, .ofs_y = 0},
    {.bitmap_index = 5016, .adv_w = 406, .box_w = 21, .box_h = 36, .ofs_x = 3, .ofs_y = 0},
    {.bitmap_index = 5205, .adv_w = 329, .box_w = 18, .box_h = 36, .ofs_x = 2, .ofs_y = 0},
    {.bitmap_index = 5369, .adv_w = 412, .box_w = 21, .box_h = 36, .ofs_x = 3, .ofs_y = 0},
    {.bitmap_index = 5526, .adv_w = 352, .box_w = 18, .box_h = 36, .ofs_x = 3, .ofs_y = 0},
    {.bitmap_index = 5579, .adv_w = 329, .box_w = 17, .box_h = 36, .ofs_x = 3, .ofs_y = 0},
    {.bitmap_index = 5623, .adv_w = 404, .box_w = 21, .box_h = 36, .ofs_x = 2, .ofs_y = 0},
    {.bitmap_index = 5818, .adv_w = 433, .box_w = 22, .box_h = 36, .ofs_x = 3, .ofs_y = 0},
    {.bitmap_index = 5872, .adv_w = 196, .box_w = 7, .box_h = 36, .ofs_x = 3, .ofs_y = 0},
    {.bitmap_index = 5887, .adv_w = 233, .box_w = 12, .box_h = 36, .ofs_x = 0, .ofs_y = 0},
    {.bitmap_index = 5948, .adv_w = 404, .box_w = 22, .box_h = 36, .ofs_x = 3, .ofs_y = 0},
    {.bitmap_index = 6160, .adv_w = 314, .box_w = 16, .box_h = 36, .ofs_x = 3, .ofs_y = 0},
    {.bitmap_index = 6194, .adv_w = 574, .box_w = 30, .box_h = 36, .ofs_x = 3, .ofs_y = 0},
    {.bitmap_index = 6475, .adv_w = 436, .box_w = 22, .box_h = 36, .ofs_x = 3, .ofs_y = 0},
    {.bitmap_index = 6635, .adv_w = 423, .box_w = 23, .box_h = 36, .ofs_x = 2, .ofs_y = 0},
    {.bitmap_index = 6853, .adv_w = 391, .box_w = 21, .box_h = 36, .ofs_x = 3, .ofs_y = 0},
    {.bitmap_index = 6978, .adv_w = 423, .box_w = 24, .box_h = 42, .ofs_x = 2, .ofs_y = -6},
    {.bitmap_index = 7238, .adv_w = 408, .box_w = 22, .box_h = 36, .ofs_x = 3, .ofs_y = 0},
    {.bitmap_index = 7431, .adv_w = 368, .box_w = 21, .box_h = 36, .ofs_x = 1, .ofs_y = 0},
    {.bitmap_index = 7647, .adv_w = 344, .box_w = 21, .box_h = 36, .ofs_x = 0, .ofs_y = 0},
    {.bitmap_index = 7697, .adv_w = 423, .box_w = 22, .box_h = 36, .ofs_x = 2, .ofs_y = 0},
    {.bitmap_index = 7814, .adv_w = 396, .box_w = 25, .box_h = 36, .ofs_x = 0, .ofs_y = 0},
    {.bitmap_index = 8098, .adv_w = 613, .box_w = 38, .box_h = 36, .ofs_x = 0, .ofs_y = 0},
    {.bitmap_index = 8561, .adv_w = 411, .box_w = 25, .box_h = 36, .ofs_x = 0, .ofs_y = 0},
    {.bitmap_index = 8847, .adv_w = 376, .box_w = 24, .box_h = 36, .ofs_x = 0, .ofs_y = 0},
    {.bitmap_index = 9038, .adv_w = 359, .box_w = 20, .box_h = 36, .ofs_x = 1, .ofs_y = 0},
    {.bitmap_index = 9208, .adv_w = 235, .box_w = 11, .box_h = 47, .ofs_x = 3, .ofs_y = -8},
    {.bitmap_index = 9243, .adv_w = 261, .box_w = 16, .box_h = 42, .ofs_x = 0, .ofs_y = -3},
    {.bitmap_index = 9435, .adv_w = 235, .box_w = 11, .box_h = 47, .ofs_x = 1, .ofs_y = -8},
    {.bitmap_index = 9469, .adv_w = 329, .box_w = 19, .box_h = 15, .ofs_x = 1, .ofs_y = 25},
    {.bitmap_index = 9571, .adv_w = 289, .box_w = 19, .box_h = 5, .ofs_x = 0, .ofs_y = -9},
    {.bitmap_index = 9581, .adv_w = 146, .box_w = 9, .box_h = 8, .ofs_x = 0, .ofs_y = 31},
    {.bitmap_index = 9612, .adv_w = 351, .box_w = 19, .box_h = 27, .ofs_x = 1, .ofs_y = 0},
    {.bitmap_index = 9771, .adv_w = 370, .box_w = 20, .box_h = 39, .ofs_x = 2, .ofs_y = 0},
    {.bitmap_index = 9924, .adv_w = 285, .box_w = 15, .box_h = 27, .ofs_x = 2, .ofs_y = 0},
    {.bitmap_index = 10044, .adv_w = 370, .box_w = 19, .box_h = 39, .ofs_x = 2, .ofs_y = 0},
    {.bitmap_index = 10206, .adv_w = 354, .box_w = 18, .box_h = 27, .ofs_x = 2, .ofs_y = 0},
    {.bitmap_index = 10356, .adv_w = 246, .box_w = 15, .box_h = 39, .ofs_x = 0, .ofs_y = 0},
    {.bitmap_index = 10436, .adv_w = 369, .box_w = 19, .box_h = 37, .ofs_x = 2, .ofs_y = -10},
    {.bitmap_index = 10643, .adv_w = 374, .box_w = 19, .box_h = 39, .ofs_x = 2, .ofs_y = 0},
    {.bitmap_index = 10732, .adv_w = 178, .box_w = 7, .box_h = 39, .ofs_x = 2, .ofs_y = 0},
    {.bitmap_index = 10758, .adv_w = 178, .box_w = 10, .box_h = 49, .ofs_x = -1, .ofs_y = -10},
    {.bitmap_index = 10815, .adv_w = 349, .box_w = 20, .box_h = 39, .ofs_x = 2, .ofs_y = 0},
    {.bitmap_index = 10981, .adv_w = 178, .box_w = 7, .box_h = 39, .ofs_x = 2, .ofs_y = 0},
    {.bitmap_index = 10996, .adv_w = 558, .box_w = 31, .box_h = 27, .ofs_x = 2, .ofs_y = 0},
    {.bitmap_index = 11132, .adv_w = 374, .box_w = 19, .box_h = 27, .ofs_x = 2, .ofs_y = 0},
    {.bitmap_index = 11214, .adv_w = 362, .box_w = 19, .box_h = 27, .ofs_x = 2, .ofs_y = 0},
    {.bitmap_index = 11370, .adv_w = 370, .box_w = 20, .box_h = 37, .ofs_x = 2, .ofs_y = -10},
    {.bitmap_index = 11523, .adv_w = 370, .box_w = 19, .box_h = 37, .ofs_x = 2, .ofs_y = -10},
    {.bitmap_index = 11686, .adv_w = 251, .box_w = 13, .box_h = 27, .ofs_x = 2, .ofs_y = 0},
    {.bitmap_index = 11748, .adv_w = 310, .box_w = 17, .box_h = 27, .ofs_x = 1, .ofs_y = 0},
    {.bitmap_index = 11902, .adv_w = 242, .box_w = 15, .box_h = 35, .ofs_x = 0, .ofs_y = 0},
    {.bitmap_index = 11951, .adv_w = 374, .box_w = 19, .box_h = 27, .ofs_x = 2, .ofs_y = 0},
    {.bitmap_index = 12032, .adv_w = 343, .box_w = 21, .box_h = 27, .ofs_x = 0, .ofs_y = 0},
    {.bitmap_index = 12223, .adv_w = 525, .box_w = 32, .box_h = 27, .ofs_x = 0, .ofs_y = 0},
    {.bitmap_index = 12532, .adv_w = 349, .box_w = 22, .box_h = 27, .ofs_x = 0, .ofs_y = 0},
    {.bitmap_index = 12734, .adv_w = 374, .box_w = 19, .box_h = 37, .ofs_x = 2, .ofs_y = -10},
    {.bitmap_index = 12871, .adv_w = 322, .box_w = 18, .box_h = 27, .ofs_x = 1, .ofs_y = 0},
    {.bitmap_index = 12988, .adv_w = 246, .box_w = 14, .box_h = 47, .ofs_x = 1, .ofs_y = -8},
    {.bitmap_index = 13158, .adv_w = 192, .box_w = 6, .box_h = 48, .ofs_x = 3, .ofs_y = -9},
    {.bitmap_index = 13176, .adv_w = 246, .box_w = 14, .box_h = 47, .ofs_x = 1, .ofs_y = -8},
    {.bitmap_index = 13346, .adv_w = 377, .box_w = 19, .box_h = 8, .ofs_x = 2, .ofs_y = 12},
    {.bitmap_index = 13407, .adv_w = 395, .box_w = 19, .box_h = 27, .ofs_x = 3, .ofs_y = 2},
    {.bitmap_index = 13465, .adv_w = 186, .box_w = 7, .box_h = 7, .ofs_x = 2, .ofs_y = 12},
    {.bitmap_index = 13473, .adv_w = 368, .box_w = 18, .box_h = 18, .ofs_x = 2, .ofs_y = 4},
    {.bitmap_index = 13593, .adv_w = 395, .box_w = 19, .box_h = 6, .ofs_x = 3, .ofs_y = 10}
};

/*---------------------
 *  CHARACTER MAPPING
 *--------------------*/

static const uint16_t unicode_list_1[] = {
    0x0, 0x6, 0x26, 0x2161
};

/*Collect the unicode lists and glyph_id offsets*/
static const lv_font_fmt_txt_cmap_t cmaps[] =
{
    {
        .range_start = 32, .range_length = 95, .glyph_id_start = 1,
        .unicode_list = NULL, .glyph_id_ofs_list = NULL, .list_length = 0, .type = LV_FONT_FMT_TXT_CMAP_FORMAT0_TINY
    },
    {
        .range_start = 177, .range_length = 8546, .glyph_id_start = 96,
        .unicode_list = unicode_list_1, .glyph_id_ofs_list = NULL, .list_length = 4, .type = LV_FONT_FMT_TXT_CMAP_SPARSE_TINY
    }
};

/*-----------------
 *    KERNING
 *----------------*/


/*Pair left and right glyphs for kerning*/
static const uint8_t kern_pair_glyph_ids[] =
{
    9, 36,
    9, 40,
    9, 48,
    9, 50,
    13, 10,
    14, 24,
    15, 10,
    24, 13,
    24, 15,
    34, 53,
    34, 55,
    34, 56,
    34, 58,
    34, 87,
    34, 88,
    35, 10,
    35, 55,
    35, 56,
    35, 57,
    35, 58,
    37, 10,
    37, 55,
    37, 56,
    37, 57,
    37, 58,
    38, 75,
    38, 87,
    38, 88,
    39, 13,
    39, 15,
    39, 34,
    39, 43,
    39, 66,
    39, 68,
    39, 69,
    39, 70,
    39, 72,
    39, 80,
    39, 82,
    44, 36,
    44, 40,
    44, 48,
    44, 50,
    44, 66,
    44, 68,
    44, 69,
    44, 70,
    44, 72,
    44, 80,
    44, 82,
    45, 55,
    45, 56,
    45, 58,
    48, 10,
    48, 55,
    48, 56,
    48, 57,
    48, 58,
    49, 34,
    49, 43,
    49, 58,
    50, 10,
    50, 55,
    50, 56,
    50, 57,
    50, 58,
    51, 55,
    51, 56,
    51, 58,
    51, 75,
    52, 85,
    53, 1,
    53, 13,
    53, 15,
    53, 34,
    53, 68,
    53, 69,
    53, 70,
    53, 72,
    53, 80,
    53, 82,
    53, 84,
    53, 86,
    53, 90,
    55, 34,
    55, 36,
    55, 40,
    55, 48,
    55, 50,
    55, 66,
    55, 68,
    55, 69,
    55, 70,
    55, 72,
    55, 80,
    55, 82,
    55, 84,
    56, 34,
    56, 36,
    56, 40,
    56, 48,
    56, 50,
    56, 66,
    56, 68,
    56, 69,
    56, 70,
    56, 72,
    56, 80,
    56, 82,
    56, 84,
    57, 36,
    57, 40,
    57, 48,
    57, 50,
    57, 66,
    57, 68,
    57, 69,
    57, 70,
    57, 72,
    57, 80,
    57, 82,
    58, 1,
    58, 13,
    58, 15,
    58, 34,
    58, 36,
    58, 40,
    58, 48,
    58, 50,
    58, 52,
    58, 66,
    58, 68,
    58, 69,
    58, 70,
    58, 72,
    58, 78,
    58, 79,
    58, 80,
    58, 81,
    58, 82,
    58, 83,
    58, 84,
    58, 86,
    58, 89,
    58, 90,
    66, 85,
    66, 87,
    66, 88,
    67, 85,
    67, 87,
    67, 88,
    67, 89,
    70, 85,
    70, 87,
    70, 88,
    70, 89,
    71, 13,
    71, 15,
    71, 66,
    71, 68,
    71, 69,
    71, 70,
    71, 72,
    71, 80,
    71, 82,
    76, 68,
    76, 69,
    76, 70,
    76, 72,
    76, 75,
    76, 80,
    76, 82,
    76, 84,
    80, 85,
    80, 87,
    80, 88,
    80, 89,
    81, 85,
    81, 87,
    81, 88,
    81, 89,
    83, 13,
    83, 15,
    83, 66,
    83, 68,
    83, 69,
    83, 70,
    83, 72,
    83, 80,
    83, 82,
    83, 85,
    84, 85,
    84, 89,
    85, 13,
    85, 15,
    85, 66,
    85, 68,
    85, 69,
    85, 70,
    85, 72,
    85, 80,
    85, 82,
    87, 66,
    87, 68,
    87, 69,
    87, 70,
    87, 72,
    87, 80,
    87, 82,
    88, 66,
    88, 68,
    88, 69,
    88, 70,
    88, 72,
    88, 80,
    88, 82,
    89, 68,
    89, 69,
    89, 70,
    89, 72,
    89, 75,
    89, 80,
    89, 82,
    89, 84
};

/* Kerning between the respective left and right glyphs
 * 4.4 format which needs to scaled with `kern_scale`*/
static const int8_t kern_pair_values[] =
{
    -29, -29, -29, -29, -42, -39, -42, -54,
    -54, -26, -21, -1, -42, -12, -12, -29,
    -8, -8, -17, -12, -29, -8, -8, -17,
    -12, 8, -8, -8, -42, -42, -37, -25,
    -8, -12, -12, -12, -12, -12, -12, -17,
    -17, -17, -17, -4, -1, -1, -1, -1,
    -9, -1, -29, -29, -50, -29, -8, -8,
    -17, -12, -25, -29, -4, -29, -8, -8,
    -17, -12, -4, -4, -14, 8, -8, -12,
    -58, -58, -26, -25, -25, -25, -25, -25,
    -25, -25, -17, -17, -21, -8, -8, -8,
    -8, -17, -25, -25, -25, -25, -25, -25,
    -22, -21, -8, -8, -8, -8, -17, -25,
    -25, -25, -25, -25, -25, -22, -17, -17,
    -17, -17, -8, -1, -1, -1, -1, -17,
    -1, -12, -82, -7, -42, -12, -12, -12,
    -12, -12, -37, -4, -4, -4, -4, -25,
    -25, -45, -25, -4, -25, -37, -25, -8,
    -25, -4, -8, -8, -4, -8, -8, -8,
    -4, -8, -8, -8, -42, -42, -8, -4,
    -4, -4, -4, -4, -4, -8, -8, -8,
    -8, 11, -8, -8, -8, -4, -8, -8,
    -8, -4, -8, -8, -8, -50, -50, -8,
    -4, -4, -4, -4, -4, -4, 16, -4,
    -8, -42, -42, -8, -4, -4, -4, -4,
    -4, -4, -8, -8, -8, -8, -8, -8,
    -8, -8, -8, -8, -8, -8, -8, -8,
    -8, -8, -8, -8, 11, -8, -8, -8
};

/*Collect the kern pair's data in one place*/
static const lv_font_fmt_txt_kern_pair_t kern_pairs =
{
    .glyph_ids = kern_pair_glyph_ids,
    .values = kern_pair_values,
    .pair_cnt = 224,
    .glyph_ids_size = 0
};

/*--------------------
 *  ALL CUSTOM DATA
 *--------------------*/

#if LVGL_VERSION_MAJOR == 8
/*Store all the custom data of the font*/
static  lv_font_fmt_txt_glyph_cache_t cache;
#endif

#if LVGL_VERSION_MAJOR >= 8
static const lv_font_fmt_txt_dsc_t font_dsc = {
#else
static lv_font_fmt_txt_dsc_t font_dsc = {
#endif
    .glyph_bitmap = glyph_bitmap,
    .glyph_dsc = glyph_dsc,
    .cmaps = cmaps,
    .kern_dsc = &kern_pairs,
    .kern_scale = 16,
    .cmap_num = 2,
    .bpp = 4,
    .kern_classes = 0,
    .bitmap_format = 1,
#if LVGL_VERSION_MAJOR == 8
    .cache = &cache
#endif
};



/*-----------------
 *  PUBLIC FONT
 *----------------*/

/*Initialize a public general font descriptor*/
#if LVGL_VERSION_MAJOR >= 8
const lv_font_t ardor_font_saira_cond_semibold_52 = {
#else
lv_font_t ardor_font_saira_cond_semibold_52 = {
#endif
    .get_glyph_dsc = lv_font_get_glyph_dsc_fmt_txt,    /*Function pointer to get glyph's data*/
    .get_glyph_bitmap = lv_font_get_bitmap_fmt_txt,    /*Function pointer to get glyph's bitmap*/
    .line_height = 50,          /*The maximum line height required by the font*/
    .base_line = 10,             /*Baseline measured from the bottom of the line*/
#if !(LVGL_VERSION_MAJOR == 6 && LVGL_VERSION_MINOR == 0)
    .subpx = LV_FONT_SUBPX_NONE,
#endif
#if LV_VERSION_CHECK(7, 4, 0) || LVGL_VERSION_MAJOR >= 8
    .underline_position = -4,
    .underline_thickness = 3,
#endif
    .dsc = &font_dsc,          /*The custom font data. Will be accessed by `get_glyph_bitmap/dsc` */
#if LV_VERSION_CHECK(8, 2, 0) || LVGL_VERSION_MAJOR >= 9
    .fallback = NULL,
#endif
    .user_data = NULL,
};



#endif /*#if ARDOR_FONT_SAIRA_COND_SEMIBOLD_52*/

