sample,frame_stamp,resolution,Attack_control_bits,left_regions,right_regions,observations,candidates,families,births,modeled_support_classifications
136,128,1,1024765775,25,25,25,0,0,25,0
257,256,0,1024765775,47,47,47,0,0,47,0
264,256,1,1024765775,47,47,47,1,1,34,47
392,384,1,1024765775,73,72,76,6,6,27,456
513,512,2,1024765775,1,2,3,3,9,3,9
513,512,0,1024765775,98,100,102,6,12,69,612
520,512,1,1024765775,98,96,100,6,14,25,600
648,640,1,1024765775,123,125,126,8,16,27,1008
769,768,0,1024765775,146,146,148,8,16,46,1184
776,768,1,1024765775,137,139,140,10,16,16,1400
904,896,1,1024765775,142,141,145,16,16,21,2320
1025,1024,2,1024765775,2,2,4,4,16,2,16
1025,1024,0,1024765775,186,186,188,12,16,40,2256
1032,1024,1,1024765775,136,136,141,14,16,13,1974
1160,1152,1,1024765775,150,149,154,16,16,11,2464
1281,1280,0,1024765775,229,233,235,21,16,45,4935
1288,1280,1,1024765775,144,143,148,18,16,9,2664
1416,1408,1,1024765775,146,146,148,15,16,10,2220
1537,1536,2,1024765775,3,2,5,5,16,1,25
1537,1536,0,1024765775,256,256,256,27,16,65,6912
1544,1536,1,1024765775,137,136,141,17,16,8,2397
1672,1664,1,1024765775,135,135,141,16,16,6,2256
1793,1792,0,1024765775,256,256,256,29,16,91,7424
1800,1792,1,1024765775,139,139,144,15,16,8,2160
1928,1920,1,1024765775,147,147,151,15,16,9,2265
2049,2048,2,1024765775,3,2,5,5,16,0,25
2049,2048,0,1024765775,256,256,256,22,16,108,5632
2056,2048,1,1024765775,146,147,152,17,16,8,2584
2184,2176,1,1024765775,143,141,146,14,16,5,2044
2305,2304,0,1024765775,256,256,256,24,16,106,6144
2312,2304,1,1024765775,135,133,137,16,16,8,2192
2440,2432,1,1024765775,141,140,146,18,16,11,2628
2561,2560,2,1024765775,4,3,7,7,16,1,49
2561,2560,0,1024765775,256,256,256,25,16,141,6400
2568,2560,1,1024765775,132,135,137,15,16,9,2055
2696,2688,1,1024765775,138,138,141,14,16,8,1974
2817,2816,0,1024765775,256,256,256,23,16,144,5888
2824,2816,1,1024765775,139,140,142,16,16,9,2272
2952,2944,1,1024765775,137,137,140,15,16,5,2100
3073,3072,2,1024765775,4,4,7,7,16,0,49
3073,3072,0,1024765775,256,256,256,20,16,121,5120
3080,3072,1,1024765775,136,137,139,13,16,10,1807
3208,3200,1,1024765775,131,130,134,15,16,7,2010
3329,3328,0,1024765775,256,256,256,24,16,154,6144
3336,3328,1,1024765775,137,137,139,12,16,8,1668
3464,3456,1,1024765775,139,139,143,15,16,9,2145
3585,3584,2,1024765775,7,5,8,7,16,3,56
3585,3584,0,1024765775,256,256,256,24,16,167,6144
3592,3584,1,1024765775,138,138,141,16,16,11,2256
3720,3712,1,1024765775,146,145,150,17,16,14,2550
3841,3840,0,1024765775,256,256,256,22,16,129,5632
3848,3840,1,1024765775,138,139,142,14,16,8,1988
3976,3968,1,1024765775,139,140,143,13,16,8,1859
4097,4096,2,1024765775,9,9,14,11,16,6,154
4097,4096,0,1024765775,256,256,256,19,16,112,4864
4104,4096,1,1024765775,142,143,148,16,16,9,2368
4232,4224,1,1024765775,141,141,146,16,16,6,2336
4353,4352,0,1024765775,256,256,256,22,16,156,5632
4360,4352,1,1024765775,145,144,149,15,16,5,2235
4488,4480,1,1024765775,141,141,145,16,16,9,2320
4609,4608,2,1024765775,9,6,13,11,16,2,143
4609,4608,0,1024765775,256,256,256,20,16,132,5120
4616,4608,1,1024765775,156,156,159,16,16,9,2544
4744,4736,1,1024765775,151,149,153,14,16,5,2142
4865,4864,0,1024765775,256,256,256,22,16,74,5632
4872,4864,1,1024765775,139,136,141,14,16,8,1974
5000,4992,1,1024765775,140,139,143,15,16,8,2145
5121,5120,2,1024765775,8,9,14,9,16,3,126
5121,5120,0,1024765775,256,256,256,21,16,149,5376
5128,5120,1,1024765775,142,143,145,12,16,8,1740
5256,5248,1,1024765775,139,141,144,13,16,7,1872
5377,5376,0,1024765775,256,256,256,22,16,39,5632
5384,5376,1,1024765775,149,150,153,15,16,12,2295
5512,5504,1,1024765775,140,141,144,13,16,7,1872
5633,5632,2,1024765775,8,10,15,12,16,1,180
5633,5632,0,1024765775,256,256,256,27,16,125,6912
5640,5632,1,1024765775,141,142,146,15,16,7,2190
5768,5760,1,1024765775,140,140,144,15,16,10,2160
5889,5888,0,1024765775,256,256,256,22,16,78,5632
5896,5888,1,1024765775,138,139,142,14,16,7,1988
6024,6016,1,1024765775,133,133,136,14,16,3,1904
6145,6144,2,1024765775,10,7,15,13,16,1,195
6145,6144,0,1024765775,256,256,256,21,16,38,5376
6152,6144,1,1024765775,141,139,144,13,16,8,1872
6280,6272,1,1024765775,140,140,145,17,16,7,2465
6401,6400,0,1024765775,256,256,256,24,16,128,6144
6408,6400,1,1024765775,147,147,150,12,16,9,1800
6536,6528,1,1024765775,143,144,148,15,16,8,2220
6657,6656,2,1024765775,9,8,13,12,16,0,156
6657,6656,0,1024765775,256,256,256,23,16,136,5888
6664,6656,1,1024765775,148,148,153,14,16,13,2142
6792,6784,1,1024765775,150,150,155,16,16,6,2480
6913,6912,0,1024765775,256,256,256,20,16,48,5120
6920,6912,1,1024765775,145,144,149,14,16,6,2086
7048,7040,1,1024765775,142,139,144,14,16,6,2016
7169,7168,2,1024765775,9,7,13,10,16,0,130
7169,7168,0,1024765775,256,256,256,21,16,35,5376
7176,7168,1,1024765775,140,140,143,13,16,7,1859
7304,7296,1,1024765775,136,138,141,14,16,6,1974
7425,7424,0,1024765775,256,256,256,24,16,78,6144
7432,7424,1,1024765775,137,137,141,16,16,7,2256
7560,7552,1,1024765775,138,140,142,15,16,11,2130
7681,7680,2,1024765775,11,7,14,11,16,1,154
7681,7680,0,1024765775,256,256,256,24,16,43,6144
7688,7680,1,1024765775,147,146,150,13,16,8,1950
7816,7808,1,1024765775,144,145,147,14,16,6,2058
7937,7936,0,1024765775,256,256,256,24,16,71,6144
7944,7936,1,1024765775,136,132,138,16,16,10,2208
8072,8064,1,1024765775,146,146,151,18,16,15,2718
8193,8192,2,1024765775,10,9,16,12,16,2,192
8193,8192,0,1024765775,256,256,256,24,16,45,6144
8200,8192,1,1024765775,132,132,136,16,16,2,2176
8328,8320,1,1024765775,131,129,135,13,16,6,1755
8449,8448,0,1024765775,256,256,256,21,16,71,5376
8456,8448,1,1024765775,134,133,137,15,16,8,2055
8584,8576,1,1024765775,138,138,140,10,16,3,1400
8705,8704,2,1024765775,9,7,12,10,16,1,120
8705,8704,0,1024765775,256,256,256,24,16,78,6144
8712,8704,1,1024765775,138,138,144,16,16,6,2304
8840,8832,1,1024765775,129,130,134,13,16,3,1742
8961,8960,0,1024765775,256,256,256,22,16,121,5632
8968,8960,1,1024765775,130,133,136,13,16,6,1768
9096,9088,1,1024765775,138,138,144,17,16,9,2448
9217,9216,2,1024765775,10,7,14,12,16,2,168
9217,9216,0,1024765775,256,256,256,22,16,64,5632
9224,9216,1,1024765775,132,129,135,18,16,7,2430
9352,9344,1,1024765775,138,138,141,16,16,10,2256
9473,9472,0,1024765775,256,256,256,22,16,93,5632
9480,9472,1,1024765775,142,142,146,15,16,9,2190
9608,9600,1,1024765775,145,146,148,13,16,5,1924
9729,9728,2,1024765775,9,7,13,10,16,0,130
9729,9728,0,1024765775,256,256,256,24,16,120,6144
9736,9728,1,1024765775,141,141,143,13,16,6,1859
9864,9856,1,1024765775,142,143,146,14,16,4,2044
9985,9984,0,1024765775,256,256,256,19,16,42,4864
9992,9984,1,1024765775,143,142,147,15,16,12,2205
10120,10112,1,1024765775,141,139,144,15,16,9,2160
10241,10240,2,1024765775,10,8,15,11,16,2,165
10241,10240,0,1024765775,256,256,256,26,16,91,6656
10248,10240,1,1024765775,142,139,145,17,16,6,2465
10376,10368,1,1024765775,140,140,144,14,16,10,2016
10497,10496,0,1024765775,256,256,256,24,16,132,6144
10504,10496,1,1024765775,140,139,144,14,16,8,2016
10632,10624,1,1024765775,146,145,150,14,16,10,2100
10753,10752,2,1024765775,9,7,13,10,16,0,130
10753,10752,0,1024765775,256,256,256,20,16,88,5120
10760,10752,1,1024765775,142,143,147,16,16,6,2352
10888,10880,1,1024765775,140,141,145,15,16,12,2175
11009,11008,0,1024765775,256,256,256,23,16,38,5888
11016,11008,1,1024765775,146,147,150,15,16,7,2250
11144,11136,1,1024765775,141,142,146,16,16,4,2336
11265,11264,2,1024765775,10,8,15,9,16,2,135
11265,11264,0,1024765775,256,256,256,23,16,49,5888
11272,11264,1,1024765775,142,143,147,17,16,6,2499
11400,11392,1,1024765775,141,140,144,14,16,9,2016
11521,11520,0,1024765775,256,256,256,22,16,43,5632
11528,11520,1,1024765775,141,139,144,14,16,6,2016
11656,11648,1,1024765775,144,143,146,12,16,7,1752
11777,11776,2,1024765775,9,8,15,11,16,0,165
11777,11776,0,1024765775,256,256,256,20,16,39,5120
11784,11776,1,1024765775,141,140,145,15,16,6,2175
11912,11904,1,1024765775,140,143,146,13,16,8,1898
12033,12032,0,1024765775,256,256,256,19,16,35,4864
12040,12032,1,1024765775,145,146,149,14,16,9,2086
12168,12160,1,1024765775,141,142,146,15,16,7,2190
12289,12288,2,1024765775,8,6,11,10,16,0,110
12289,12288,0,1024765775,256,256,256,21,16,38,5376
12296,12288,1,1024765775,136,137,139,13,16,3,1807
12424,12416,1,1024765775,132,134,136,11,16,7,1496
12545,12544,0,1024765775,256,256,256,22,16,61,5632
12552,12544,1,1024765775,131,131,135,13,16,8,1755
12680,12672,1,1024765775,137,137,141,14,16,10,1974
12801,12800,2,1024765775,9,7,13,10,16,2,130
12801,12800,0,1024765775,256,256,256,20,16,73,5120
12808,12800,1,1024765775,133,133,136,14,16,7,1904
12936,12928,1,1024765775,143,143,148,14,16,16,2072
13057,13056,0,1024765775,256,256,256,24,16,186,6144
13064,13056,1,1024765775,141,144,146,12,16,7,1752
13192,13184,1,1024765775,142,143,146,14,16,10,2044
13313,13312,2,1024765775,8,7,12,9,16,0,108
13313,13312,0,1024765775,256,256,256,23,16,73,5888
13320,13312,1,1024765775,143,142,146,14,16,8,2044
13448,13440,1,1024765775,141,140,144,13,16,7,1872
13569,13568,0,1024765775,256,256,256,21,16,38,5376
13576,13568,1,1024765775,137,136,138,8,16,2,1104
13704,13696,1,1024765775,141,140,145,15,16,12,2175
13825,13824,2,1024765775,11,8,16,13,16,3,208
13825,13824,0,1024765775,256,256,256,21,16,68,5376
13832,13824,1,1024765775,145,146,149,14,16,10,2086
13960,13952,1,1024765775,135,134,138,14,16,4,1932
14081,14080,0,1024765775,256,256,256,23,16,68,5888
14088,14080,1,1024765775,134,133,136,12,16,7,1632
14216,14208,1,1024765775,143,142,146,15,16,8,2190
14337,14336,2,1024765775,10,7,14,11,16,4,154
14337,14336,0,1024765775,256,256,256,24,16,125,6144
14344,14336,1,1024765775,137,138,140,14,16,4,1960
14472,14464,1,1024765775,140,139,144,14,16,12,2016
14593,14592,0,1024765775,256,256,256,23,16,80,5888
14600,14592,1,1024765775,150,149,155,16,16,11,2480
14728,14720,1,1024765775,145,145,149,13,16,8,1937
14849,14848,2,1024765775,12,8,17,13,16,0,221
14849,14848,0,1024765775,256,256,256,21,16,54,5376
14856,14848,1,1024765775,146,145,152,18,16,8,2736
14984,14976,1,1024765775,144,143,147,13,16,6,1911
15105,15104,0,1024765775,256,256,256,22,16,52,5632
15112,15104,1,1024765775,139,140,143,13,16,6,1859
15240,15232,1,1024765775,141,139,145,17,16,4,2465
15361,15360,2,1024765775,8,9,13,9,16,0,117
15361,15360,0,1024765775,256,256,256,21,16,62,5376
15368,15360,1,1024765775,145,145,149,12,16,7,1788
15496,15488,1,1024765775,141,141,146,13,16,4,1898
15617,15616,0,1024765775,256,256,256,21,16,48,5376
15624,15616,1,1024765775,143,144,148,14,16,7,2072
15752,15744,1,1024765775,139,138,143,14,16,9,2002
15873,15872,2,1024765775,9,6,12,9,16,1,108
15873,15872,0,1024765775,256,256,256,18,16,74,4608
15880,15872,1,1024765775,126,127,130,13,16,3,1690
16008,16000,1,1024765775,143,143,149,18,16,10,2682
16129,16128,0,1024765775,256,256,256,24,16,95,6144
16136,16128,1,1024765775,147,146,150,15,16,12,2250
16264,16256,1,1024765775,136,137,140,12,16,9,1680
16385,16384,2,1024765775,9,6,12,9,16,0,108
16385,16384,0,1024765775,256,256,256,24,16,78,6144
16392,16384,1,1024765775,142,141,145,17,16,11,2465
16520,16512,1,1024765775,145,144,148,15,16,7,2220
16641,16640,0,1024765775,256,256,256,23,16,62,5888
16648,16640,1,1024765775,138,140,142,12,16,7,1704
16776,16768,1,1024765775,142,140,146,16,16,9,2336
16897,16896,2,1024765775,9,8,14,10,16,2,140
16897,16896,0,1024765775,256,256,256,26,16,58,6656
16904,16896,1,1024765775,140,140,143,15,16,8,2145
17032,17024,1,1024765775,137,137,140,14,16,7,1960
17153,17152,0,1024765775,256,256,256,25,16,74,6400
17160,17152,1,1024765775,145,144,149,16,16,8,2384
17288,17280,1,1024765775,148,145,151,15,16,13,2265
17409,17408,2,1024765775,11,9,15,13,16,1,195
17409,17408,0,1024765775,256,256,256,23,16,41,5888
17416,17408,1,1024765775,142,142,146,15,16,9,2190
17544,17536,1,1024765775,141,142,145,15,16,7,2175
17665,17664,0,1024765775,256,256,256,21,16,41,5376
17672,17664,1,1024765775,140,140,145,18,16,9,2610
17800,17792,1,1024765775,144,145,148,14,16,12,2072
17921,17920,2,1024765775,10,7,14,11,16,0,154
17921,17920,0,1024765775,256,256,256,23,16,60,5888
17928,17920,1,1024765775,141,143,145,11,16,9,1595
18056,18048,1,1024765775,144,145,149,15,16,9,2235
18177,18176,0,1024765775,256,256,256,23,16,120,5888
18184,18176,1,1024765775,136,137,138,14,16,7,1932
18312,18304,1,1024765775,139,138,141,15,16,9,2115
18433,18432,2,1024765775,9,6,12,10,16,1,120
18433,18432,0,1024765775,256,256,256,25,16,76,6400
18440,18432,1,1024765775,139,138,141,12,16,5,1692
18568,18560,1,1024765775,145,145,149,15,16,9,2235
18689,18688,0,1024765775,256,256,256,26,16,41,6656
18696,18688,1,1024765775,140,139,144,15,16,8,2160
18824,18816,1,1024765775,139,141,144,13,16,6,1872
18945,18944,2,1024765775,9,6,13,10,16,1,130
18945,18944,0,1024765775,256,256,256,23,16,56,5888
18952,18944,1,1024765775,139,139,143,17,16,7,2431
19080,19072,1,1024765775,145,146,148,13,16,10,1924
19201,19200,0,1024765775,256,256,256,25,16,45,6400
19208,19200,1,1024765775,142,144,149,16,16,7,2384
19336,19328,1,1024765775,141,141,143,14,16,9,2002
19457,19456,2,1024765775,12,8,18,13,16,2,234
19457,19456,0,1024765775,256,256,256,25,16,81,6400
19464,19456,1,1024765775,146,147,152,18,16,10,2736
19592,19584,1,1024765775,140,141,145,16,16,7,2320
19713,19712,0,1024765775,256,256,256,26,16,58,6656
19720,19712,1,1024765775,146,146,149,13,16,9,1937
19848,19840,1,1024765775,141,141,145,15,16,6,2175
19969,19968,2,1024765775,9,8,14,10,16,1,140
19969,19968,0,1024765775,256,256,256,24,16,43,6144
19976,19968,1,1024765775,147,146,151,15,16,9,2265
20104,20096,1,1024765775,140,140,144,14,16,7,2016
20225,20224,0,1024765775,256,256,256,22,16,73,5632
20232,20224,1,1024765775,142,141,145,13,16,10,1885
20360,20352,1,1024765775,137,138,143,14,16,6,2002
20481,20480,2,1024765775,10,8,15,11,16,2,165
20481,20480,0,1024765775,256,256,256,24,16,37,6144
20488,20480,1,1024765775,138,137,140,13,16,10,1820
20616,20608,1,1024765775,140,140,142,14,16,4,1988
20737,20736,0,1024765775,256,256,256,22,16,66,5632
20744,20736,1,1024765775,137,137,141,16,16,10,2256
20872,20864,1,1024765775,135,135,139,15,16,10,2085
20993,20992,2,1024765775,11,8,14,13,16,1,182
20993,20992,0,1024765775,256,256,256,23,16,67,5888
21000,20992,1,1024765775,139,139,142,16,16,8,2272
21128,21120,1,1024765775,145,145,149,16,16,10,2384
21249,21248,0,1024765775,256,256,256,24,16,91,6144
21256,21248,1,1024765775,148,149,151,12,16,5,1812
21384,21376,1,1024765775,142,144,147,16,16,9,2352
21505,21504,2,1024765775,10,7,14,11,16,2,154
21505,21504,0,1024765775,256,256,256,24,16,54,6144
21512,21504,1,1024765775,146,148,152,17,16,8,2584
21640,21632,1,1024765775,143,143,148,16,16,9,2368
21761,21760,0,1024765775,256,256,256,26,16,66,6656
21768,21760,1,1024765775,149,150,151,13,16,4,1963
21896,21888,1,1024765775,147,145,151,17,16,9,2567
22017,22016,2,1024765775,7,7,11,10,16,1,110
22017,22016,0,1024765775,256,256,256,25,16,98,6400
22024,22016,1,1024765775,146,143,149,16,16,6,2384
22152,22144,1,1024765775,146,146,151,18,16,12,2718
22273,22272,0,1024765775,256,256,256,23,16,59,5888
22280,22272,1,1024765775,136,136,140,14,16,4,1960
22408,22400,1,1024765775,138,141,145,17,16,13,2465
22529,22528,2,1024765775,10,7,13,11,16,1,143
22529,22528,0,1024765775,256,256,256,24,16,90,6144
22536,22528,1,1024765775,134,135,138,15,16,8,2070
22664,22656,1,1024765775,142,143,145,12,16,8,1740
22785,22784,0,1024765775,256,256,256,22,16,56,5632
22792,22784,1,1024765775,140,142,145,12,16,5,1740
22920,22912,1,1024765775,133,134,136,11,16,7,1496
23041,23040,2,1024765775,7,8,13,11,16,1,143
23041,23040,0,1024765775,256,256,256,21,16,69,5376
23048,23040,1,1024765775,142,142,148,19,16,14,2812
23176,23168,1,1024765775,132,132,136,15,16,5,2040
23297,23296,0,1024765775,256,256,256,20,16,75,5120
23304,23296,1,1024765775,137,140,143,18,16,8,2574
23432,23424,1,1024765775,138,138,144,15,16,8,2160
23553,23552,2,1024765775,10,9,15,13,16,2,195
23553,23552,0,1024765775,256,256,256,20,16,53,5120
23560,23552,1,1024765775,137,137,142,14,16,7,1988
23688,23680,1,1024765775,150,149,154,16,16,11,2464
23809,23808,0,1024765775,256,256,256,21,16,58,5376
23816,23808,1,1024765775,146,146,149,12,16,14,1788
23944,23936,1,1024765775,138,140,143,15,16,7,2145
24065,24064,2,1024765775,9,10,15,12,16,1,180
24065,24064,0,1024765775,256,256,256,21,16,56,5376
24072,24064,1,1024765775,143,143,148,16,16,4,2368
24200,24192,1,1024765775,149,146,151,14,16,8,2114
24321,24320,0,1024765775,256,256,256,21,16,55,5376
24328,24320,1,1024765775,137,139,143,17,16,7,2431
24456,24448,1,1024765775,148,147,152,18,16,12,2736
24577,24576,2,1024765775,10,7,14,11,16,2,154
24577,24576,0,1024765775,256,256,256,19,16,71,4864
24584,24576,1,1024765775,141,141,147,18,16,4,2646
24712,24704,1,1024765775,140,141,145,14,16,8,2030
24833,24832,0,1024765775,256,256,256,21,16,92,5376
24840,24832,1,1024765775,141,140,146,15,16,10,2190
24968,24960,1,1024765775,140,141,144,14,16,8,2016
25089,25088,2,1024765775,8,7,12,9,16,0,108
25089,25088,0,1024765775,256,256,256,20,16,44,5120
25096,25088,1,1024765775,142,142,144,12,16,9,1728
25224,25216,1,1024765775,141,141,144,15,16,8,2160
25345,25344,0,1024765775,256,256,256,22,16,109,5632
25352,25344,1,1024765775,145,146,152,18,16,10,2736
25480,25472,1,1024765775,147,147,150,13,16,11,1950
25601,25600,2,1024765775,8,8,13,10,16,1,130
25601,25600,0,1024765775,256,256,256,22,16,116,5632
25608,25600,1,1024765775,144,145,148,15,16,2,2220
25736,25728,1,1024765775,143,141,145,15,16,9,2175
25857,25856,0,1024765775,256,256,256,23,16,124,5888
25864,25856,1,1024765775,143,144,147,16,16,9,2352
25992,25984,1,1024765775,143,144,149,16,16,8,2384
26113,26112,2,1024765775,10,8,15,9,16,1,135
26113,26112,0,1024765775,256,256,256,23,16,47,5888
26120,26112,1,1024765775,137,137,142,16,16,8,2272
26248,26240,1,1024765775,135,135,138,13,16,10,1794
26369,26368,0,1024765775,256,256,256,24,16,69,6144
26376,26368,1,1024765775,139,139,143,14,16,15,2002
26504,26496,1,1024765775,142,141,147,17,16,9,2499
26625,26624,2,1024765775,10,6,14,11,16,0,154
26625,26624,0,1024765775,256,256,256,22,16,67,5632
26632,26624,1,1024765775,139,136,143,15,16,7,2145
26760,26752,1,1024765775,135,134,138,15,16,5,2070
26881,26880,0,1024765775,256,256,256,21,16,71,5376
26888,26880,1,1024765775,146,145,149,14,16,10,2086
27016,27008,1,1024765775,149,151,153,13,16,9,1989
27137,27136,2,1024765775,9,7,13,11,16,1,143
27137,27136,0,1024765775,256,256,256,22,16,48,5632
27144,27136,1,1024765775,137,136,139,11,16,5,1529
27272,27264,1,1024765775,147,148,150,12,16,4,1800
27393,27392,0,1024765775,256,256,256,23,16,64,5888
27400,27392,1,1024765775,143,144,147,15,16,12,2205
27528,27520,1,1024765775,137,140,143,14,16,7,2002
27649,27648,2,1024765775,9,7,12,10,16,1,120
27649,27648,0,1024765775,256,256,256,23,16,106,5888
27656,27648,1,1024765775,143,143,148,17,16,8,2516
27784,27776,1,1024765775,144,146,149,13,16,8,1937
27905,27904,0,1024765775,256,256,256,24,16,51,6144
27912,27904,1,1024765775,141,141,145,14,16,2,2030
28040,28032,1,1024765775,147,145,150,16,16,10,2400
28161,28160,2,1024765775,10,7,12,10,16,1,120
28161,28160,0,1024765775,256,256,256,22,16,44,5632
28168,28160,1,1024765775,141,142,147,17,16,3,2499
28296,28288,1,1024765775,140,139,142,14,16,5,1988
28417,28416,0,1024765775,256,256,256,27,16,103,6912
28424,28416,1,1024765775,140,143,146,16,16,8,2336
28552,28544,1,1024765775,142,141,144,13,16,5,1872
28673,28672,2,1024765775,10,8,13,11,16,0,143
28673,28672,0,1024765775,256,256,256,25,16,73,6400
28680,28672,1,1024765775,131,132,136,16,16,9,2176
28808,28800,1,1024765775,134,135,138,16,16,7,2208
28929,28928,0,1024765775,256,256,256,25,16,38,6400
28936,28928,1,1024765775,140,141,146,17,16,11,2482
29064,29056,1,1024765775,139,140,143,16,16,8,2288
29185,29184,2,1024765775,10,7,15,12,16,2,180
29185,29184,0,1024765775,256,256,256,26,16,39,6656
29192,29184,1,1024765775,142,141,146,17,16,6,2482
29320,29312,1,1024765775,142,142,147,17,16,11,2499
29441,29440,0,1024765775,256,256,256,27,16,57,6912
29448,29440,1,1024765775,147,147,150,14,16,9,2100
29576,29568,1,1024765775,137,137,140,14,16,6,1960
29697,29696,2,1024765775,9,8,15,10,16,2,150
29697,29696,0,1024765775,256,256,256,21,16,92,5376
29704,29696,1,1024765775,146,147,150,15,16,13,2250
29832,29824,1,1024765775,140,140,144,13,16,8,1872
29953,29952,0,1024765775,256,256,256,23,16,39,5888
29960,29952,1,1024765775,139,139,141,12,16,7,1692
30088,30080,1,1024765775,132,131,135,14,16,6,1890
30209,30208,2,1024765775,10,7,13,11,16,0,143
30209,30208,0,1024765775,256,256,256,21,16,60,5376
30216,30208,1,1024765775,144,144,146,12,16,12,1752
30344,30336,1,1024765775,148,147,151,12,16,9,1812
30465,30464,0,1024765775,256,256,256,20,16,74,5120
30472,30464,1,1024765775,137,138,143,19,16,8,2717
30600,30592,1,1024765775,141,141,145,16,16,16,2320
30721,30720,2,1024765775,9,7,11,10,16,0,110
30721,30720,0,1024765775,256,256,256,22,16,78,5632
30728,30720,1,1024765775,133,135,138,14,16,7,1932
30856,30848,1,1024765775,139,139,144,16,16,8,2304
30977,30976,0,1024765775,256,256,256,20,16,41,5120
30984,30976,1,1024765775,140,141,144,13,16,10,1872
31112,31104,1,1024765775,146,147,150,14,16,3,2100
31233,31232,2,1024765775,9,9,16,12,16,3,192
31233,31232,0,1024765775,256,256,256,24,16,71,6144
31240,31232,1,1024765775,137,137,141,15,16,5,2115
31368,31360,1,1024765775,134,132,136,13,16,10,1768
31489,31488,0,1024765775,256,256,256,23,16,56,5888
31496,31488,1,1024765775,138,138,141,14,16,9,1974
31624,31616,1,1024765775,146,145,149,15,16,10,2235
31745,31744,2,1024765775,8,8,14,11,16,3,154
31745,31744,0,1024765775,256,256,256,23,16,92,5888
31752,31744,1,1024765775,142,144,146,13,16,12,1898
31880,31872,1,1024765775,138,139,143,15,16,6,2145
32001,32000,0,1024765775,256,256,256,24,16,39,6144
32008,32000,1,1024765775,144,145,148,14,16,9,2072
32136,32128,1,1024765775,142,143,145,15,16,7,2175
32257,32256,2,1024765775,9,9,14,11,16,1,154
32257,32256,0,1024765775,256,256,256,24,16,95,6144
32264,32256,1,1024765775,139,139,144,15,16,10,2160
32392,32384,1,1024765775,135,135,141,16,16,12,2256
32513,32512,0,1024765775,256,256,256,26,16,57,6656
32520,32512,1,1024765775,141,141,145,16,16,6,2320
32648,32640,1,1024765775,141,142,146,15,16,6,2190
32769,32768,2,1024765775,9,7,14,10,16,2,140
32769,32768,0,1024765775,256,256,256,26,16,171,6656
32776,32768,1,1024765775,147,148,152,16,16,9,2432
32904,32896,1,1024765775,144,143,148,14,16,7,2072
33025,33024,0,1024765775,256,256,256,26,16,63,6656
33032,33024,1,1024765775,146,145,148,12,16,9,1776
33160,33152,1,1024765775,134,133,137,13,16,4,1781
33281,33280,2,1024765775,9,6,11,10,16,0,110
33281,33280,0,1024765775,256,256,256,24,16,56,6144
33288,33280,1,1024765775,138,139,145,16,16,9,2320
33416,33408,1,1024765775,146,147,150,15,16,15,2250
33537,33536,0,1024765775,256,256,256,20,16,42,5120
33544,33536,1,1024765775,142,141,145,16,16,5,2320
33672,33664,1,1024765775,149,148,151,13,16,7,1963
33793,33792,2,1024765775,10,7,14,11,16,2,154
33793,33792,0,1024765775,256,256,256,22,16,100,5632
33800,33792,1,1024765775,144,143,148,16,16,11,2368
33928,33920,1,1024765775,147,145,152,20,16,9,3040
34049,34048,0,1024765775,256,256,256,22,16,76,5632
34056,34048,1,1024765775,143,144,147,15,16,6,2205
34184,34176,1,1024765775,137,138,141,14,16,8,1974
34305,34304,2,1024765775,9,9,14,12,16,1,168
34305,34304,0,1024765775,256,256,256,26,16,43,6656
34312,34304,1,1024765775,140,140,143,13,16,10,1859
34440,34432,1,1024765775,139,138,140,10,16,4,1400
34561,34560,0,1024765775,256,256,256,20,16,52,5120
34568,34560,1,1024765775,141,142,146,15,16,12,2190
34696,34688,1,1024765775,141,140,145,18,16,7,2610
34817,34816,2,1024765775,9,6,12,10,16,1,120
34817,34816,0,1024765775,256,256,256,23,16,154,5888
34824,34816,1,1024765775,143,142,147,16,16,7,2352
34952,34944,1,1024765775,149,147,153,17,16,4,2601
35073,35072,0,1024765775,256,256,256,24,16,74,6144
35080,35072,1,1024765775,147,146,152,19,16,9,2888
35208,35200,1,1024765775,140,142,144,13,16,5,1872
35329,35328,2,1024765775,8,6,12,9,16,1,108
35329,35328,0,1024765775,256,256,256,23,16,39,5888
35336,35328,1,1024765775,141,142,147,16,16,13,2352
35464,35456,1,1024765775,135,138,141,14,16,9,1974
35585,35584,0,1024765775,256,256,256,25,16,64,6400
35592,35584,1,1024765775,138,139,143,13,16,2,1859
35720,35712,1,1024765775,138,141,142,13,16,7,1846
35841,35840,2,1024765775,9,6,12,10,16,1,120
35841,35840,0,1024765775,256,256,256,27,16,88,6912
35848,35840,1,1024765775,135,133,137,13,16,8,1781
35976,35968,1,1024765775,138,137,140,13,16,4,1820
36097,36096,0,1024765775,256,256,256,23,16,39,5888
36104,36096,1,1024765775,134,133,137,15,16,2,2055
36232,36224,1,1024765775,140,140,145,15,16,7,2175
36353,36352,2,1024765775,10,7,14,11,16,1,154
36353,36352,0,1024765775,256,256,256,24,16,57,6144
36360,36352,1,1024765775,141,141,144,13,16,7,1872
36488,36480,1,1024765775,139,139,144,16,16,7,2304
36609,36608,0,1024765775,256,256,256,26,16,95,6656
36616,36608,1,1024765775,136,136,139,14,16,11,1946
36744,36736,1,1024765775,132,134,138,15,16,8,2070
36865,36864,2,1024765775,9,8,15,11,16,3,165
36865,36864,0,1024765775,256,256,256,24,16,36,6144
36872,36864,1,1024765775,130,131,134,13,16,11,1742
37000,36992,1,1024765775,140,139,145,16,16,9,2320
37121,37120,0,1024765775,256,256,256,26,16,91,6656
37128,37120,1,1024765775,144,143,147,15,16,5,2205
37256,37248,1,1024765775,142,144,147,15,16,11,2205
37377,37376,2,1024765775,8,8,13,9,16,1,117
37377,37376,0,1024765775,256,256,256,25,16,120,6400
37384,37376,1,1024765775,141,140,144,15,16,6,2160
37512,37504,1,1024765775,143,143,147,13,16,12,1911
37633,37632,0,1024765775,256,256,256,26,16,46,6656
37640,37632,1,1024765775,146,148,151,14,16,13,2114
37768,37760,1,1024765775,139,138,142,13,16,9,1846
37889,37888,2,1024765775,10,7,13,11,16,1,143
37889,37888,0,1024765775,256,256,256,20,16,34,5120
37896,37888,1,1024765775,141,140,145,14,16,7,2030
38024,38016,1,1024765775,143,145,147,15,16,7,2205
38145,38144,0,1024765775,256,256,256,24,16,69,6144
38152,38144,1,1024765775,145,145,151,17,16,11,2567
38280,38272,1,1024765775,141,142,146,16,16,8,2336
38401,38400,2,1024765775,10,7,14,10,16,3,140
38401,38400,0,1024765775,256,256,256,23,16,99,5888
38408,38400,1,1024765775,140,140,143,15,16,9,2145
38536,38528,1,1024765775,174,152,185,20,16,30,3700
38657,38656,0,1024765775,256,256,256,28,16,190,7168
38664,38656,1,1024765775,152,147,155,9,16,4,1395
38792,38784,1,1024765775,123,127,132,10,16,5,1320
38913,38912,2,1024765775,8,4,10,9,16,1,90
38913,38912,0,1024765775,256,256,256,22,16,42,5632
38920,38912,1,1024765775,99,111,115,6,16,4,690
39048,39040,1,1024765775,132,133,139,9,16,5,1251
39169,39168,0,1024765775,256,256,256,16,16,39,4096
39176,39168,1,1024765775,154,153,163,12,16,10,1956
39304,39296,1,1024765775,171,149,176,17,16,18,2992
39425,39424,2,1024765775,4,5,7,6,16,2,42
39425,39424,0,1024765775,204,226,233,15,16,38,3495
39432,39424,1,1024765775,139,138,150,16,16,16,2400
39560,39552,1,1024765775,133,133,138,15,16,6,2070
39681,39680,0,1024765775,255,254,256,18,16,40,4608
39688,39680,1,1024765775,141,141,145,17,16,6,2465
39816,39808,1,1024765775,144,145,148,14,16,7,2072
39937,39936,2,1024765775,4,4,7,7,16,1,49
39937,39936,0,1024765775,256,256,256,22,16,91,5632
39944,39936,1,1024765775,132,133,136,11,16,4,1496
40072,40064,1,1024765775,139,139,141,12,16,7,1692
40193,40192,0,1024765775,256,256,256,29,16,68,7424
40200,40192,1,1024765775,139,137,142,15,16,5,2130
40328,40320,1,1024765775,139,139,143,15,16,5,2145
40449,40448,2,1024765775,4,4,8,8,16,1,64
40449,40448,0,1024765775,256,256,256,25,16,55,6400
40456,40448,1,1024765775,141,141,144,14,16,9,2016
40584,40576,1,1024765775,140,140,143,13,16,10,1859
40705,40704,0,1024765775,256,256,256,21,16,64,5376
40712,40704,1,1024765775,144,144,146,11,16,6,1606
40840,40832,1,1024765775,149,150,152,12,16,12,1824
40961,40960,2,1024765775,4,5,9,9,16,1,81
40961,40960,0,1024765775,256,256,256,25,16,75,6400
40968,40960,1,1024765775,146,147,149,13,16,8,1937
41096,41088,1,1024765775,136,134,140,15,16,8,2100
41217,41216,0,1024765775,256,256,256,23,16,92,5888
41224,41216,1,1024765775,138,140,143,13,16,7,1859
41352,41344,1,1024765775,142,142,144,11,16,8,1584
41473,41472,2,1024765775,4,6,10,10,16,1,100
41473,41472,0,1024765775,256,256,256,23,16,110,5888
41480,41472,1,1024765775,134,135,136,11,16,5,1496
41608,41600,1,1024765775,137,137,140,13,16,7,1820
41729,41728,0,1024765775,256,256,256,24,16,74,6144
41736,41728,1,1024765775,139,140,141,13,16,8,1833
41864,41856,1,1024765775,138,139,142,17,16,11,2414
41985,41984,2,1024765775,7,5,11,10,16,3,110
41985,41984,0,1024765775,256,256,256,24,16,37,6144
41992,41984,1,1024765775,131,130,134,15,16,7,2010
42120,42112,1,1024765775,140,139,145,16,16,13,2320
42241,42240,0,1024765775,256,256,256,21,16,65,5376
42248,42240,1,1024765775,140,140,144,13,16,10,1872
42376,42368,1,1024765775,141,142,145,15,16,6,2175
42497,42496,2,1024765775,7,8,12,9,16,3,108
42497,42496,0,1024765775,256,256,256,21,16,61,5376
42504,42496,1,1024765775,140,142,145,14,16,9,2030
42632,42624,1,1024765775,134,135,138,14,16,5,1932
42753,42752,0,1024765775,256,256,256,22,16,71,5632
42760,42752,1,1024765775,137,137,140,13,16,10,1820
42888,42880,1,1024765775,134,134,137,14,16,5,1918
43009,43008,2,1024765775,9,7,16,11,16,3,176
43009,43008,0,1024765775,256,256,256,25,16,47,6400
43016,43008,1,1024765775,139,139,143,13,16,9,1859
43144,43136,1,1024765775,140,141,142,11,16,7,1562
43265,43264,0,1024765775,256,256,256,23,16,62,5888
43272,43264,1,1024765775,145,146,148,14,16,8,2072
43400,43392,1,1024765775,137,139,139,11,16,9,1529
43521,43520,2,1024765775,8,7,14,10,16,1,140
43521,43520,0,1024765775,256,256,256,21,16,55,5376
43528,43520,1,1024765775,137,136,140,12,16,6,1680
43656,43648,1,1024765775,146,145,149,12,16,11,1788
43777,43776,0,1024765775,256,256,256,21,16,138,5376
43784,43776,1,1024765775,141,141,145,13,16,5,1885
43912,43904,1,1024765775,136,136,139,12,16,8,1668
44033,44032,2,1024765775,8,9,15,11,16,1,165
44033,44032,0,1024765775,256,256,256,20,16,66,5120
44040,44032,1,1024765775,136,137,137,11,16,8,1507
44168,44160,1,1024765775,144,145,148,14,16,11,2072
44289,44288,0,1024765775,256,256,256,22,16,43,5632
44296,44288,1,1024765775,142,143,146,14,16,6,2044
44424,44416,1,1024765775,145,143,149,16,16,10,2384
44545,44544,2,1024765775,9,8,15,10,16,1,150
44545,44544,0,1024765775,256,256,256,22,16,109,5632
44552,44544,1,1024765775,145,145,149,16,16,5,2384
44680,44672,1,1024765775,141,140,145,15,16,7,2175
44801,44800,0,1024765775,256,256,256,26,16,96,6656
44808,44800,1,1024765775,137,140,142,12,16,8,1704
44936,44928,1,1024765775,141,143,144,11,16,8,1584
45057,45056,2,1024765775,8,9,16,13,16,1,208
45057,45056,0,1024765775,256,256,256,23,16,118,5888
45064,45056,1,1024765775,147,148,150,11,16,11,1650
45192,45184,1,1024765775,147,147,151,14,16,9,2114
45313,45312,0,1024765775,256,256,256,22,16,38,5632
45320,45312,1,1024765775,142,143,147,11,16,8,1617
45448,45440,1,1024765775,138,138,143,14,16,9,2002
45569,45568,2,1024765775,8,6,14,12,16,2,168
45569,45568,0,1024765775,256,256,256,20,16,43,5120
45576,45568,1,1024765775,137,136,140,14,16,3,1960
45704,45696,1,1024765775,138,138,141,13,16,6,1833
45825,45824,0,1024765775,256,256,256,19,16,37,4864
45832,45824,1,1024765775,139,140,143,14,16,10,2002
45960,45952,1,1024765775,134,136,138,14,16,6,1932
46081,46080,2,1024765775,8,8,15,11,16,0,165
46081,46080,0,1024765775,256,256,256,21,16,44,5376
46088,46080,1,1024765775,140,141,145,14,16,9,2030
46216,46208,1,1024765775,142,142,146,13,16,10,1898
46337,46336,0,1024765775,256,256,256,25,16,111,6400
46344,46336,1,1024765775,136,134,138,12,16,7,1656
46472,46464,1,1024765775,140,141,144,14,16,7,2016
46593,46592,2,1024765775,9,9,16,12,16,1,192
46593,46592,0,1024765775,256,256,256,22,16,185,5632
46600,46592,1,1024765775,137,137,139,13,16,11,1807
46728,46720,1,1024765775,137,139,141,11,16,3,1551
46849,46848,0,1024765775,256,256,256,22,16,31,5632
46856,46848,1,1024765775,140,142,143,12,16,10,1716
46984,46976,1,1024765775,139,141,143,13,16,5,1859
47105,47104,2,1024765775,7,7,13,10,16,1,130
47105,47104,0,1024765775,256,256,256,21,16,41,5376
47112,47104,1,1024765775,145,144,149,17,16,10,2533
47240,47232,1,1024765775,138,140,144,17,16,11,2448
47361,47360,0,1024765775,256,256,256,22,16,65,5632
47368,47360,1,1024765775,142,143,147,16,16,8,2352
47496,47488,1,1024765775,137,137,140,12,16,8,1680
47617,47616,2,1024765775,8,6,13,10,16,0,130
47617,47616,0,1024765775,256,256,256,22,16,81,5632
47624,47616,1,1024765775,144,145,147,11,16,13,1617
47752,47744,1,1024765775,143,144,146,12,16,6,1752
47873,47872,0,1024765775,256,256,256,23,16,41,5888
47880,47872,1,1024765775,139,138,144,16,16,9,2304
48008,48000,1,1024765775,142,139,144,14,16,8,2016
48129,48128,2,1024765775,10,7,17,14,16,3,238
48129,48128,0,1024765775,256,256,256,27,16,54,6912
48136,48128,1,1024765775,133,134,137,14,16,3,1918
48264,48256,1,1024765775,130,129,133,12,16,7,1596
48385,48384,0,1024765775,256,256,256,24,16,40,6144
48392,48384,1,1024765775,130,131,134,11,16,8,1474
48520,48512,1,1024765775,136,138,140,11,16,9,1540
48641,48640,2,1024765775,8,9,17,12,16,2,204
48641,48640,0,1024765775,256,256,256,23,16,51,5888
48648,48640,1,1024765775,132,133,135,14,16,10,1890
48776,48768,1,1024765775,140,140,142,11,16,8,1562
48897,48896,0,1024765775,256,256,256,23,16,47,5888
48904,48896,1,1024765775,141,140,144,15,16,12,2160
49032,49024,1,1024765775,146,144,149,15,16,8,2235
49153,49152,2,1024765775,7,9,13,10,16,0,130
49153,49152,0,1024765775,256,256,256,22,16,72,5632
49160,49152,1,1024765775,140,139,143,14,16,8,2002
49288,49280,1,1024765775,135,135,138,12,16,5,1656
49409,49408,0,1024765775,256,256,256,25,16,113,6400
49416,49408,1,1024765775,139,140,141,13,16,6,1833
49544,49536,1,1024765775,144,146,147,14,16,11,2058
49665,49664,2,1024765775,7,6,12,11,16,0,132
49665,49664,0,1024765775,256,256,256,25,16,72,6400
49672,49664,1,1024765775,140,138,144,16,16,6,2304
49800,49792,1,1024765775,135,134,138,13,16,6,1794
49921,49920,0,1024765775,256,256,256,24,16,132,6144
49928,49920,1,1024765775,139,137,142,15,16,13,2130
50056,50048,1,1024765775,142,145,146,14,16,10,2044
50177,50176,2,1024765775,6,8,12,10,16,0,120
50177,50176,0,1024765775,256,256,256,24,16,63,6144
50184,50176,1,1024765775,139,140,142,14,16,5,1988
50312,50304,1,1024765775,139,141,142,11,16,8,1562
50433,50432,0,1024765775,256,256,256,23,16,41,5888
50440,50432,1,1024765775,139,140,141,10,16,7,1410
50568,50560,1,1024765775,137,136,140,13,16,6,1820
50689,50688,2,1024765775,7,7,12,11,16,0,132
50689,50688,0,1024765775,256,256,256,22,16,72,5632
50696,50688,1,1024765775,134,134,138,14,16,10,1932
50824,50816,1,1024765775,141,140,144,13,16,12,1872
50945,50944,0,1024765775,256,256,256,24,16,81,6144
50952,50944,1,1024765775,144,147,149,14,16,8,2086
51080,51072,1,1024765775,142,142,145,13,16,7,1885
51201,51200,2,1024765775,8,7,13,12,16,0,156
51201,51200,0,1024765775,256,256,256,25,16,37,6400
51208,51200,1,1024765775,139,141,142,12,16,6,1704
51336,51328,1,1024765775,142,142,145,12,16,8,1740
51457,51456,0,1024765775,256,256,256,23,16,63,5888
51464,51456,1,1024765775,137,138,141,12,16,6,1692
51592,51584,1,1024765775,144,145,149,13,16,13,1937
51713,51712,2,1024765775,10,9,18,13,16,4,234
51713,51712,0,1024765775,256,256,256,22,16,90,5632
51720,51712,1,1024765775,146,145,150,14,16,6,2100
51848,51840,1,1024765775,131,132,134,12,16,5,1608
51969,51968,0,1024765775,256,256,256,22,16,44,5632
51976,51968,1,1024765775,147,148,153,17,16,15,2601
52104,52096,1,1024765775,152,152,156,16,16,9,2496
52225,52224,2,1024765775,8,8,13,11,16,0,143
52225,52224,0,1024765775,256,256,256,22,16,42,5632
52232,52224,1,1024765775,133,133,136,14,16,1,1904
52360,52352,1,1024765775,134,135,140,16,16,11,2240
52481,52480,0,1024765775,256,256,256,23,16,47,5888
52488,52480,1,1024765775,139,140,143,12,16,9,1716
52616,52608,1,1024765775,141,140,145,15,16,6,2175
52737,52736,2,1024765775,7,8,14,10,16,1,140
52737,52736,0,1024765775,256,256,256,23,16,63,5888
52744,52736,1,1024765775,135,135,139,14,16,9,1946
52872,52864,1,1024765775,148,148,152,14,16,11,2128
52993,52992,0,1024765775,256,256,256,23,16,98,5888
53000,52992,1,1024765775,148,148,151,14,16,5,2114
53128,53120,1,1024765775,141,142,144,13,16,5,1872
53249,53248,2,1024765775,8,8,15,11,16,1,165
53249,53248,0,1024765775,256,256,256,23,16,59,5888
53256,53248,1,1024765775,129,129,133,12,16,3,1596
53384,53376,1,1024765775,138,137,140,13,16,8,1820
53505,53504,0,1024765775,256,256,256,21,16,57,5376
53512,53504,1,1024765775,144,144,146,12,16,8,1752
53640,53632,1,1024765775,148,148,149,10,16,7,1490
53761,53760,2,1024765775,9,7,15,12,16,0,180
53761,53760,0,1024765775,256,256,256,22,16,34,5632
53768,53760,1,1024765775,136,138,140,10,16,7,1400
53896,53888,1,1024765775,142,144,147,12,16,10,1764
54017,54016,0,1024765775,256,256,256,25,16,130,6400
54024,54016,1,1024765775,140,139,142,13,16,11,1846
54152,54144,1,1024765775,145,144,149,15,16,12,2235
54273,54272,2,1024765775,8,7,13,11,16,1,143
54273,54272,0,1024765775,256,256,256,21,16,40,5376
54280,54272,1,1024765775,147,147,151,16,16,5,2416
54408,54400,1,1024765775,147,145,150,16,16,10,2400
54529,54528,0,1024765775,256,256,256,22,16,78,5632
54536,54528,1,1024765775,143,145,146,14,16,7,2044
54664,54656,1,1024765775,138,140,142,14,16,7,1988
54785,54784,2,1024765775,7,6,13,9,16,2,117
54785,54784,0,1024765775,256,256,256,23,16,42,5888
54792,54784,1,1024765775,138,140,142,13,16,7,1846
54920,54912,1,1024765775,140,139,144,15,16,8,2160
55041,55040,0,1024765775,256,256,256,26,16,91,6656
55048,55040,1,1024765775,135,134,140,17,16,7,2380
55176,55168,1,1024765775,129,129,133,15,16,3,1995
55297,55296,2,1024765775,7,8,15,12,16,1,180
55297,55296,0,1024765775,256,256,256,24,16,39,6144
55304,55296,1,1024765775,138,140,141,13,16,13,1833
55432,55424,1,1024765775,138,137,140,12,16,12,1680
55553,55552,0,1024765775,256,256,256,25,16,95,6400
55560,55552,1,1024765775,134,136,137,12,16,3,1644
55688,55680,1,1024765775,133,133,134,11,16,8,1474
55809,55808,2,1024765775,7,6,13,10,16,0,130
55809,55808,0,1024765775,256,256,256,25,16,85,6400
55816,55808,1,1024765775,140,140,143,14,16,13,2002
55944,55936,1,1024765775,141,140,145,17,16,11,2465
56065,56064,0,1024765775,256,256,256,24,16,99,6144
56072,56064,1,1024765775,143,140,147,17,16,5,2499
56200,56192,1,1024765775,140,139,144,17,16,8,2448
56321,56320,2,1024765775,7,6,12,10,16,0,120
56321,56320,0,1024765775,256,256,256,25,16,43,6400
56328,56320,1,1024765775,143,142,146,15,16,7,2190
56456,56448,1,1024765775,143,143,147,16,16,9,2352
56577,56576,0,1024765775,256,256,256,25,16,66,6400
56584,56576,1,1024765775,139,140,143,14,16,7,2002
56712,56704,1,1024765775,140,138,142,13,16,9,1846
56833,56832,2,1024765775,8,6,14,12,16,1,168
56833,56832,0,1024765775,256,256,256,23,16,69,5888
56840,56832,1,1024765775,141,142,145,13,16,8,1885
56968,56960,1,1024765775,133,137,139,12,16,6,1668
57089,57088,0,1024765775,256,256,256,24,16,36,6144
57096,57088,1,1024765775,144,145,147,11,16,7,1617
57224,57216,1,1024765775,149,151,154,13,16,9,2002
57345,57344,2,1024765775,9,8,16,13,16,2,208
57345,57344,0,1024765775,256,256,256,20,16,46,5120
57352,57344,1,1024765775,145,147,149,15,16,9,2235
57480,57472,1,1024765775,136,137,138,11,16,8,1518
57601,57600,0,1024765775,256,256,256,21,16,77,5376
57608,57600,1,1024765775,140,140,143,13,16,8,1859
57736,57728,1,1024765775,142,140,145,13,16,5,1885
57857,57856,2,1024765775,9,8,15,11,16,1,165
57857,57856,0,1024765775,256,256,256,23,16,52,5888
57864,57856,1,1024765775,137,135,140,16,16,9,2240
57992,57984,1,1024765775,137,137,140,15,16,10,2100
58113,58112,0,1024765775,256,256,256,26,16,83,6656
58120,58112,1,1024765775,141,141,143,13,16,9,1859
58248,58240,1,1024765775,137,140,142,15,16,6,2130
58369,58368,2,1024765775,10,8,17,13,16,3,221
58369,58368,0,1024765775,256,256,256,24,16,87,6144
58376,58368,1,1024765775,138,139,142,15,16,9,2130
58504,58496,1,1024765775,143,142,147,14,16,12,2058
58625,58624,0,1024765775,256,256,256,28,16,43,7168
58632,58624,1,1024765775,134,134,139,16,16,10,2224
58760,58752,1,1024765775,141,139,145,15,16,9,2175
58881,58880,2,1024765775,8,9,15,12,16,2,180
58881,58880,0,1024765775,256,256,256,27,16,52,6912
58888,58880,1,1024765775,144,145,150,17,16,9,2550
59016,59008,1,1024765775,141,142,146,16,16,7,2336
59137,59136,0,1024765775,256,256,256,23,16,60,5888
59144,59136,1,1024765775,135,136,138,14,16,7,1932
59272,59264,1,1024765775,140,139,144,14,16,14,2016
59393,59392,2,1024765775,8,8,15,13,16,2,195
59393,59392,0,1024765775,256,256,256,27,16,68,6912
59400,59392,1,1024765775,141,141,146,15,16,6,2190
59528,59520,1,1024765775,148,148,153,17,16,11,2601
59649,59648,0,1024765775,256,256,256,23,16,48,5888
59656,59648,1,1024765775,139,140,141,12,16,7,1692
59784,59776,1,1024765775,143,143,145,12,16,10,1740
59905,59904,2,1024765775,7,8,13,11,16,0,143
59905,59904,0,1024765775,256,256,256,23,16,51,5888
59912,59904,1,1024765775,144,145,146,10,16,9,1460
60040,60032,1,1024765775,136,138,140,12,16,7,1680
60161,60160,0,1024765775,256,256,256,24,16,46,6144
60168,60160,1,1024765775,143,143,147,16,16,10,2352
60296,60288,1,1024765775,131,131,135,16,16,4,2160
60417,60416,2,1024765775,8,7,14,10,16,2,140
60417,60416,0,1024765775,256,256,256,23,16,41,5888
60424,60416,1,1024765775,134,133,140,15,16,9,2100
60552,60544,1,1024765775,147,147,151,14,16,13,2114
60673,60672,0,1024765775,256,256,256,22,16,70,5632
60680,60672,1,1024765775,140,141,144,14,16,6,2016
60808,60800,1,1024765775,148,149,151,14,16,11,2114
60929,60928,2,1024765775,7,7,12,10,16,0,120
60929,60928,0,1024765775,256,256,256,25,16,90,6400
60936,60928,1,1024765775,138,139,140,12,16,6,1680
61064,61056,1,1024765775,141,141,143,13,16,8,1859
61185,61184,0,1024765775,256,256,256,21,16,119,5376
61192,61184,1,1024765775,142,144,146,11,16,10,1606
61320,61312,1,1024765775,144,145,149,15,16,11,2235
61441,61440,2,1024765775,6,6,11,9,16,0,99
61441,61440,0,1024765775,256,256,256,21,16,142,5376
61448,61440,1,1024765775,139,138,141,12,16,5,1692
61576,61568,1,1024765775,147,147,148,10,16,10,1480
61697,61696,0,1024765775,256,256,256,20,16,37,5120
61704,61696,1,1024765775,139,140,143,13,16,6,1859
61832,61824,1,1024765775,138,138,140,13,16,7,1820
61953,61952,2,1024765775,8,8,15,12,16,0,180
61953,61952,0,1024765775,256,256,256,24,16,87,6144
61960,61952,1,1024765775,141,142,145,16,16,7,2320
62088,62080,1,1024765775,137,137,141,15,16,7,2115
62209,62208,0,1024765775,256,256,256,25,16,49,6400
62216,62208,1,1024765775,138,141,143,14,16,7,2002
62344,62336,1,1024765775,143,144,146,14,16,13,2044
62465,62464,2,1024765775,7,6,13,11,16,1,143
62465,62464,0,1024765775,256,256,256,25,16,68,6400
62472,62464,1,1024765775,142,143,148,16,16,11,2368
62600,62592,1,1024765775,140,141,142,10,16,10,1420
62721,62720,0,1024765775,256,256,256,23,16,45,5888
62728,62720,1,1024765775,149,148,152,14,16,8,2128
62856,62848,1,1024765775,147,146,150,14,16,10,2100
62977,62976,2,1024765775,7,8,13,12,16,1,156
62977,62976,0,1024765775,256,256,256,23,16,69,5888
62984,62976,1,1024765775,140,141,144,13,16,4,1872
63112,63104,1,1024765775,135,135,139,15,16,8,2085
63233,63232,0,1024765775,256,256,256,25,16,46,6400
63240,63232,1,1024765775,144,144,148,16,16,8,2368
63368,63360,1,1024765775,136,137,139,13,16,6,1807
63489,63488,2,1024765775,8,6,13,11,16,0,143
63489,63488,0,1024765775,256,256,256,24,16,43,6144
63496,63488,1,1024765775,136,135,137,9,16,7,1233
63624,63616,1,1024765775,142,141,147,16,16,10,2352
63745,63744,0,1024765775,256,256,256,21,16,67,5376
63752,63744,1,1024765775,135,135,139,15,16,4,2085
63880,63872,1,1024765775,139,141,145,15,16,9,2175
64001,64000,2,1024765775,8,8,15,11,16,2,165
64001,64000,0,1024765775,256,256,256,23,16,111,5888
64008,64000,1,1024765775,134,135,137,12,16,7,1644
64136,64128,1,1024765775,148,147,152,16,16,13,2432
64257,64256,0,1024765775,256,256,256,24,16,77,6144
64264,64256,1,1024765775,146,146,150,16,16,10,2400
64392,64384,1,1024765775,139,141,145,15,16,10,2175
64513,64512,2,1024765775,7,7,13,10,16,0,130
64513,64512,0,1024765775,256,256,256,27,16,132,6912
64520,64512,1,1024765775,146,146,150,15,16,10,2250
64648,64640,1,1024765775,143,142,146,15,16,2,2190
64769,64768,0,1024765775,256,256,256,25,16,38,6400
64776,64768,1,1024765775,136,135,138,13,16,8,1794
64904,64896,1,1024765775,139,139,142,13,16,8,1846
65025,65024,2,1024765775,9,7,15,11,16,1,165
65025,65024,0,1024765775,256,256,256,25,16,79,6400
65032,65024,1,1024765775,144,143,146,12,16,8,1752
65160,65152,1,1024765775,139,139,142,13,16,6,1846
65281,65280,0,1024765775,256,256,256,22,16,52,5632
65288,65280,1,1024765775,138,139,141,13,16,12,1833
65416,65408,1,1024765775,141,140,144,13,16,10,1872
65537,65536,2,1024765775,9,8,17,12,16,3,204
65537,65536,0,1024765775,256,256,256,23,16,79,5888
65544,65536,1,1024765775,146,146,150,17,16,7,2550
65672,65664,1,1024765775,135,136,141,16,16,4,2256
65793,65792,0,1024765775,256,256,256,23,16,70,5888
65800,65792,1,1024765775,137,138,142,15,16,8,2130
65928,65920,1,1024765775,136,137,139,14,16,11,1946
66049,66048,2,1024765775,8,6,13,10,16,1,130
66049,66048,0,1024765775,256,256,256,25,16,55,6400
66056,66048,1,1024765775,143,146,149,14,16,11,2086
66184,66176,1,1024765775,139,140,143,14,16,7,2002
66305,66304,0,1024765775,256,256,256,25,16,43,6400
66312,66304,1,1024765775,139,139,142,13,16,8,1846
66440,66432,1,1024765775,135,136,139,13,16,7,1807
66561,66560,2,1024765775,7,8,14,10,16,1,140
66561,66560,0,1024765775,256,256,256,21,16,43,5376
66568,66560,1,1024765775,148,146,152,16,16,9,2432
66696,66688,1,1024765775,141,143,145,13,16,9,1885
66817,66816,0,1024765775,256,256,256,22,16,114,5632
66824,66816,1,1024765775,134,136,138,13,16,4,1794
66952,66944,1,1024765775,146,146,149,14,16,11,2086
67073,67072,2,1024765775,7,6,12,11,16,0,132
67073,67072,0,1024765775,256,256,256,25,16,47,6400
67080,67072,1,1024765775,144,145,147,14,16,9,2058
67208,67200,1,1024765775,144,145,147,13,16,9,1911
67329,67328,0,1024765775,256,256,256,22,16,63,5632
67336,67328,1,1024765775,141,138,144,15,16,8,2160
67464,67456,1,1024765775,140,140,143,15,16,4,2145
67585,67584,2,1024765775,7,6,13,11,16,1,143
67585,67584,0,1024765775,256,256,256,24,16,65,6144
67592,67584,1,1024765775,136,137,138,11,16,7,1518
67720,67712,1,1024765775,138,139,142,14,16,7,1988
67841,67840,0,1024765775,256,256,256,23,16,37,5888
67848,67840,1,1024765775,140,140,143,13,16,10,1859
67976,67968,1,1024765775,134,135,139,15,16,8,2085
68097,68096,2,1024765775,7,8,14,12,16,0,168
68097,68096,0,1024765775,256,256,256,26,16,128,6656
68104,68096,1,1024765775,135,134,137,15,16,12,2055
68232,68224,1,1024765775,142,142,146,17,16,8,2482
68353,68352,0,1024765775,256,256,256,25,16,63,6400
68360,68352,1,1024765775,135,136,138,11,16,6,1518
68488,68480,1,1024765775,145,144,147,13,16,9,1911
68609,68608,2,1024765775,9,9,16,13,16,1,208
68609,68608,0,1024765775,256,256,256,23,16,74,5888
68616,68608,1,1024765775,145,145,148,15,16,8,2220
68744,68736,1,1024765775,141,142,144,13,16,9,1872
68865,68864,0,1024765775,256,256,256,25,16,42,6400
68872,68864,1,1024765775,139,138,143,16,16,7,2288
69000,68992,1,1024765775,139,137,142,14,16,8,1988
69121,69120,2,1024765775,8,8,15,13,16,1,195
69121,69120,0,1024765775,256,256,256,24,16,45,6144
69128,69120,1,1024765775,147,148,151,15,16,9,2265
69256,69248,1,1024765775,148,148,150,13,16,12,1950
69377,69376,0,1024765775,256,256,256,25,16,54,6400
69384,69376,1,1024765775,138,139,141,13,16,3,1833
69512,69504,1,1024765775,148,148,150,13,16,10,1950
69633,69632,2,1024765775,9,7,16,10,16,1,160
69633,69632,0,1024765775,256,256,256,23,16,39,5888
69640,69632,1,1024765775,141,142,143,12,16,6,1716
69768,69760,1,1024765775,142,142,146,14,16,12,2044
69889,69888,0,1024765775,256,256,256,24,16,57,6144
69896,69888,1,1024765775,149,149,154,15,16,13,2310
70024,70016,1,1024765775,142,141,147,15,16,8,2205
70145,70144,2,1024765775,7,6,12,9,16,0,108
70145,70144,0,1024765775,256,256,256,19,16,37,4864
70152,70144,1,1024765775,143,143,146,11,16,13,1606
70280,70272,1,1024765775,144,143,146,12,16,8,1752
70401,70400,0,1024765775,256,256,256,20,16,60,5120
70408,70400,1,1024765775,138,139,144,14,16,6,2016
70536,70528,1,1024765775,145,147,151,17,16,8,2567
70657,70656,2,1024765775,9,8,16,9,16,0,144
70657,70656,0,1024765775,256,256,256,20,16,71,5120
70664,70656,1,1024765775,144,144,147,15,16,4,2205
70792,70784,1,1024765775,145,144,149,15,16,10,2235
70913,70912,0,1024765775,256,256,256,20,16,61,5120
70920,70912,1,1024765775,143,144,148,15,16,9,2220
71048,71040,1,1024765775,134,134,139,12,16,4,1668
71169,71168,2,1024765775,8,5,13,9,16,0,117
71169,71168,0,1024765775,256,256,256,23,16,114,5888
71176,71168,1,1024765775,146,148,151,13,16,10,1963
71304,71296,1,1024765775,147,148,150,13,16,9,1950
71425,71424,0,1024765775,256,256,256,23,16,124,5888
71432,71424,1,1024765775,141,143,145,13,16,4,1885
71560,71552,1,1024765775,139,139,143,17,16,12,2431
71681,71680,2,1024765775,6,8,14,10,16,1,140
71681,71680,0,1024765775,256,256,256,23,16,43,5888
71688,71680,1,1024765775,144,144,148,16,16,11,2368
71816,71808,1,1024765775,138,140,143,15,16,7,2145
71937,71936,0,1024765775,256,256,256,23,16,39,5888
71944,71936,1,1024765775,139,141,142,12,16,6,1704
72072,72064,1,1024765775,133,133,134,12,16,4,1608
72193,72192,2,1024765775,8,9,15,11,16,0,165
72193,72192,0,1024765775,256,256,256,25,16,116,6400
72200,72192,1,1024765775,130,130,132,14,16,7,1848
72328,72320,1,1024765775,141,141,145,17,16,10,2465
72449,72448,0,1024765775,256,256,256,24,16,44,6144
72456,72448,1,1024765775,138,138,142,15,16,6,2130
72584,72576,1,1024765775,141,140,144,13,16,10,1872
72705,72704,2,1024765775,7,8,14,11,16,0,154
72705,72704,0,1024765775,256,256,256,24,16,35,6144
72712,72704,1,1024765775,144,142,148,16,16,11,2368
72840,72832,1,1024765775,153,153,157,15,16,16,2355
72961,72960,0,1024765775,256,256,256,23,16,54,5888
72968,72960,1,1024765775,144,145,150,16,16,5,2400
73096,73088,1,1024765775,140,140,144,13,16,6,1872
73217,73216,2,1024765775,7,8,14,11,16,1,154
73217,73216,0,1024765775,256,256,256,26,16,114,6656
73224,73216,1,1024765775,133,132,136,14,16,9,1904
73352,73344,1,1024765775,137,136,139,14,16,8,1946
73473,73472,0,1024765775,256,256,256,24,16,59,6144
73480,73472,1,1024765775,143,142,146,15,16,9,2190
73608,73600,1,1024765775,137,138,141,13,16,9,1833
73729,73728,2,1024765775,10,7,16,12,16,2,192
73729,73728,0,1024765775,256,256,256,23,16,37,5888
73736,73728,1,1024765775,142,144,145,13,16,12,1885
73864,73856,1,1024765775,134,136,137,12,16,5,1644
73985,73984,0,1024765775,256,256,256,23,16,51,5888
73992,73984,1,1024765775,138,139,142,14,16,10,1988
74120,74112,1,1024765775,133,134,137,14,16,7,1918
74241,74240,2,1024765775,8,7,13,11,16,1,143
74241,74240,0,1024765775,256,256,256,27,16,120,6912
74248,74240,1,1024765775,136,137,141,14,16,6,1974
74376,74368,1,1024765775,153,153,160,19,16,17,3040
74497,74496,0,1024765775,256,256,256,23,16,43,5888
74504,74496,1,1024765775,146,145,148,12,16,9,1776
74632,74624,1,1024765775,138,139,141,14,16,8,1974
74753,74752,2,1024765775,10,8,16,13,16,0,208
74753,74752,0,1024765775,256,256,256,24,16,55,6144
74760,74752,1,1024765775,134,134,137,12,16,7,1644
74888,74880,1,1024765775,140,141,143,15,16,6,2145
75009,75008,0,1024765775,256,256,256,27,16,82,6912
75016,75008,1,1024765775,142,141,145,16,16,9,2320
75144,75136,1,1024765775,144,143,148,16,16,12,2368
75265,75264,2,1024765775,9,7,14,12,16,0,168
75265,75264,0,1024765775,256,256,256,29,16,138,7424
75272,75264,1,1024765775,145,143,149,14,16,8,2086
75400,75392,1,1024765775,133,134,137,13,16,6,1781
75521,75520,0,1024765775,256,256,256,26,16,53,6656
75528,75520,1,1024765775,144,145,147,13,16,9,1911
75656,75648,1,1024765775,142,143,144,12,16,8,1728
75777,75776,2,1024765775,7,6,12,10,16,0,120
75777,75776,0,1024765775,256,256,256,27,16,60,6912
75784,75776,1,1024765775,136,135,140,15,16,8,2100
75912,75904,1,1024765775,140,141,144,13,16,9,1872
76033,76032,0,1024765775,256,256,256,26,16,48,6656
76040,76032,1,1024765775,145,145,149,15,16,10,2235
76168,76160,1,1024765775,133,132,136,12,16,8,1632
76289,76288,2,1024765775,8,8,14,12,16,1,168
76289,76288,0,1024765775,256,256,256,24,16,103,6144
76296,76288,1,1024765775,132,132,134,11,16,6,1474
76424,76416,1,1024765775,131,133,135,14,16,8,1890
76545,76544,0,1024765775,256,256,256,25,16,46,6400
76552,76544,1,1024765775,136,137,141,16,16,8,2256
76680,76672,1,1024765775,144,144,146,11,16,8,1606
76801,76800,2,1024765775,9,8,15,12,16,1,180
76801,76800,0,1024765775,256,256,256,26,16,45,6656
76808,76800,1,1024765775,137,136,140,14,16,8,1960
76936,76928,1,1024765775,141,140,143,15,16,7,2145
77057,77056,0,1024765775,256,256,256,26,16,92,6656
77064,77056,1,1024765775,138,137,142,15,16,6,2130
77192,77184,1,1024765775,144,143,146,13,16,9,1898
77313,77312,2,1024765775,7,8,13,10,16,0,130
77313,77312,0,1024765775,256,256,256,22,16,36,5632
77320,77312,1,1024765775,146,147,149,14,16,6,2086
77448,77440,1,1024765775,137,138,139,12,16,6,1668
77569,77568,0,1024765775,256,256,256,29,16,115,7424
77576,77568,1,1024765775,143,142,146,13,16,10,1898
77704,77696,1,1024765775,138,138,141,15,16,5,2115
77825,77824,2,1024765775,9,7,15,11,16,1,165
77825,77824,0,1024765775,256,256,256,21,16,55,5376
77832,77824,1,1024765775,144,143,146,14,16,5,2044
77960,77952,1,1024765775,139,142,145,16,16,10,2320
78081,78080,0,1024765775,256,256,256,21,16,54,5376
78088,78080,1,1024765775,134,133,137,14,16,4,1918
78216,78208,1,1024765775,142,143,146,15,16,10,2190
78337,78336,2,1024765775,8,7,15,12,16,2,180
78337,78336,0,1024765775,256,256,256,23,16,59,5888
78344,78336,1,1024765775,137,138,140,14,16,10,1960
78472,78464,1,1024765775,141,141,147,19,16,5,2793
78593,78592,0,1024765775,256,256,256,27,16,100,6912
78600,78592,1,1024765775,140,139,143,15,16,9,2145
78728,78720,1,1024765775,135,135,138,12,16,4,1656
78849,78848,2,1024765775,9,7,15,12,16,2,180
78849,78848,0,1024765775,256,256,256,25,16,58,6400
78856,78848,1,1024765775,137,139,140,10,16,13,1400
78984,78976,1,1024765775,140,142,143,12,16,8,1716
79105,79104,0,1024765775,256,256,256,25,16,106,6400
79112,79104,1,1024765775,139,140,141,10,16,5,1410
79240,79232,1,1024765775,142,143,148,17,16,14,2516
79361,79360,2,1024765775,10,8,15,12,16,1,180
79361,79360,0,1024765775,256,256,256,25,16,35,6400
79368,79360,1,1024765775,140,141,145,16,16,8,2320
79496,79488,1,1024765775,145,145,148,13,16,7,1924
79617,79616,0,1024765775,256,256,256,23,16,42,5888
79624,79616,1,1024765775,144,144,150,16,16,9,2400
79752,79744,1,1024765775,146,147,148,13,16,6,1924
79873,79872,2,1024765775,8,8,15,13,16,2,195
79873,79872,0,1024765775,256,256,256,25,16,89,6400
79880,79872,1,1024765775,135,136,138,14,16,5,1932
80008,80000,1,1024765775,134,136,140,15,16,6,2100
80129,80128,0,1024765775,256,256,256,25,16,42,6400
80136,80128,1,1024765775,140,141,143,13,16,8,1859
80264,80256,1,1024765775,145,145,148,15,16,10,2220
80385,80384,2,1024765775,8,7,13,11,16,0,143
80385,80384,0,1024765775,256,256,256,26,16,61,6656
80392,80384,1,1024765775,146,145,149,15,16,9,2235
80520,80512,1,1024765775,144,143,147,13,16,10,1911
80641,80640,0,1024765775,256,256,256,21,16,38,5376
80648,80640,1,1024765775,143,143,147,13,16,7,1911
80776,80768,1,1024765775,142,143,146,14,16,6,2044
80897,80896,2,1024765775,8,7,14,12,16,0,168
80897,80896,0,1024765775,256,256,256,23,16,85,5888
80904,80896,1,1024765775,142,144,146,11,16,6,1606
81032,81024,1,1024765775,146,146,150,12,16,9,1800
81153,81152,0,1024765775,256,256,256,24,16,41,6144
81160,81152,1,1024765775,143,144,148,16,16,10,2368
81288,81280,1,1024765775,137,135,140,14,16,9,1960
81409,81408,2,1024765775,7,8,14,11,16,2,154
81409,81408,0,1024765775,256,256,256,17,16,53,4352
81416,81408,1,1024765775,142,140,146,18,16,5,2628
81544,81536,1,1024765775,141,142,144,12,16,10,1728
81665,81664,0,1024765775,256,256,256,18,16,110,4608
81672,81664,1,1024765775,136,135,138,12,16,6,1656
81800,81792,1,1024765775,144,143,147,13,16,11,1911
81921,81920,2,1024765775,5,7,11,9,16,1,99
81921,81920,0,1024765775,256,256,256,26,16,98,6656
81928,81920,1,1024765775,136,137,139,13,16,6,1807
82056,82048,1,1024765775,141,140,143,15,16,10,2145
82177,82176,0,1024765775,256,256,256,27,16,143,6912
82184,82176,1,1024765775,148,147,152,16,16,11,2432
82312,82304,1,1024765775,146,147,152,17,16,8,2584
82433,82432,2,1024765775,7,7,13,12,16,1,156
82433,82432,0,1024765775,256,256,256,22,16,76,5632
82440,82432,1,1024765775,143,145,147,15,16,7,2205
82568,82560,1,1024765775,143,144,147,15,16,9,2205
82689,82688,0,1024765775,256,256,256,24,16,168,6144
82696,82688,1,1024765775,144,143,147,15,16,7,2205
82824,82816,1,1024765775,149,148,152,16,16,11,2432
82945,82944,2,1024765775,10,8,17,13,16,2,221
82945,82944,0,1024765775,256,256,256,22,16,34,5632
82952,82944,1,1024765775,143,143,145,15,16,7,2175
83080,83072,1,1024765775,146,146,150,14,16,10,2100
83201,83200,0,1024765775,256,256,256,19,16,34,4864
83208,83200,1,1024765775,137,138,139,11,16,6,1529
83336,83328,1,1024765775,147,147,152,15,16,12,2280
83457,83456,2,1024765775,9,8,17,12,16,1,204
83457,83456,0,1024765775,256,256,256,21,16,71,5376
83464,83456,1,1024765775,141,141,145,13,16,8,1885
83592,83584,1,1024765775,144,145,146,12,16,8,1752
83713,83712,0,1024765775,256,256,256,22,16,38,5632
83720,83712,1,1024765775,141,138,143,12,16,12,1716
83848,83840,1,1024765775,135,135,138,14,16,7,1932
83969,83968,2,1024765775,9,6,15,10,16,2,150
83969,83968,0,1024765775,256,256,256,24,16,54,6144
83976,83968,1,1024765775,142,143,146,14,16,12,2044
84104,84096,1,1024765775,152,150,155,15,16,9,2325
84225,84224,0,1024765775,256,256,256,23,16,100,5888
84232,84224,1,1024765775,144,144,148,15,16,6,2220
84360,84352,1,1024765775,137,139,141,13,16,9,1833
84481,84480,2,1024765775,8,8,15,9,16,1,135
84481,84480,0,1024765775,256,256,256,24,16,82,6144
84488,84480,1,1024765775,145,144,147,15,16,2,2205
84616,84608,1,1024765775,151,149,156,18,16,14,2808
84737,84736,0,1024765775,256,256,256,26,16,46,6656
84744,84736,1,1024765775,133,132,137,14,16,5,1918
84872,84864,1,1024765775,135,134,138,13,16,4,1794
84993,84992,2,1024765775,7,7,14,10,16,0,140
84993,84992,0,1024765775,256,256,256,22,16,45,5632
85000,84992,1,1024765775,141,141,144,15,16,9,2160
85128,85120,1,1024765775,139,141,142,13,16,6,1846
85249,85248,0,1024765775,256,256,256,22,16,123,5632
85256,85248,1,1024765775,134,133,137,15,16,8,2055
85384,85376,1,1024765775,138,138,140,14,16,9,1960
85505,85504,2,1024765775,7,8,13,10,16,0,130
85505,85504,0,1024765775,256,256,256,24,16,70,6144
85512,85504,1,1024765775,138,137,140,16,16,10,2240
85640,85632,1,1024765775,142,142,145,16,16,11,2320
85761,85760,0,1024765775,256,256,256,27,16,39,6912
85768,85760,1,1024765775,143,143,146,13,16,4,1898
85896,85888,1,1024765775,136,137,139,14,16,6,1946
86017,86016,2,1024765775,9,7,14,11,16,1,154
86017,86016,0,1024765775,256,256,256,22,16,49,5632
86024,86016,1,1024765775,139,138,140,12,16,6,1680
86152,86144,1,1024765775,138,139,142,14,16,11,1988
86273,86272,0,1024765775,256,256,256,20,16,55,5120
86280,86272,1,1024765775,145,145,150,16,16,6,2400
86408,86400,1,1024765775,140,140,143,14,16,7,2002
86529,86528,2,1024765775,8,7,14,11,16,2,154
86529,86528,0,1024765775,256,256,256,31,16,124,7936
86536,86528,1,1024765775,163,150,176,21,16,29,3696
86664,86656,1,1024765775,161,148,183,19,16,16,3477
86785,86784,0,1024765775,256,256,256,33,16,138,8448
86792,86784,1,1024765775,131,129,151,13,16,5,1963
86920,86912,1,1024765775,114,116,138,9,16,14,1242
87041,87040,2,1024765775,6,6,12,10,16,0,120
87041,87040,0,1024765775,256,256,256,24,16,42,6144
87048,87040,1,1024765775,122,132,148,11,16,11,1628
87176,87168,1,1024765775,156,159,177,17,16,18,3009
87297,87296,0,1024765775,245,240,256,23,16,40,5888
87304,87296,1,1024765775,163,148,183,24,16,28,4392
87432,87424,1,1024765775,134,135,143,13,16,7,1859
87553,87552,2,1024765775,5,7,12,11,16,1,132
87553,87552,0,1024765775,239,255,256,24,16,34,6144
87560,87552,1,1024765775,144,146,149,14,16,7,2086
87688,87680,1,1024765775,142,141,145,15,16,1,2175
87809,87808,0,1024765775,256,256,256,28,16,41,7168
87816,87808,1,1024765775,142,141,145,16,16,8,2320
87944,87936,1,1024765775,146,146,148,14,16,12,2072
88065,88064,2,1024765775,6,6,12,11,16,1,132
88065,88064,0,1024765775,256,256,256,29,16,62,7424
88072,88064,1,1024765775,136,137,139,15,16,8,2085
88200,88192,1,1024765775,145,145,150,16,16,18,2400
88321,88320,0,1024765775,256,256,256,26,16,57,6656
88328,88320,1,1024765775,141,142,145,14,16,5,2030
88456,88448,1,1024765775,146,145,149,13,16,13,1937
88577,88576,2,1024765775,7,5,12,12,16,1,144
88577,88576,0,1024765775,256,256,256,26,16,69,6656
88584,88576,1,1024765775,142,143,146,12,16,8,1752
88712,88704,1,1024765775,137,136,140,12,16,8,1680
88833,88832,0,1024765775,256,256,256,22,16,48,5632
88840,88832,1,1024765775,146,146,149,12,16,7,1788
88968,88960,1,1024765775,146,144,149,15,16,6,2235
89089,89088,2,1024765775,5,6,11,11,16,0,121
89089,89088,0,1024765775,256,256,256,21,16,67,5376
89096,89088,1,1024765775,140,139,143,12,16,9,1716
89224,89216,1,1024765775,139,140,142,13,16,8,1846
89345,89344,0,1024765775,256,256,256,20,16,58,5120
89352,89344,1,1024765775,138,139,142,14,16,9,1988
89480,89472,1,1024765775,140,141,144,13,16,7,1872
89601,89600,2,1024765775,5,7,12,12,16,0,144
89601,89600,0,1024765775,256,256,256,23,16,79,5888
89608,89600,1,1024765775,138,139,143,15,16,7,2145
89736,89728,1,1024765775,140,139,144,16,16,7,2304
89857,89856,0,1024765775,256,256,256,25,16,53,6400
89864,89856,1,1024765775,140,139,143,16,16,9,2288
89992,89984,1,1024765775,140,141,144,13,16,10,1872
90113,90112,2,1024765775,9,4,13,11,16,4,143
90113,90112,0,1024765775,256,256,256,23,16,76,5888
90120,90112,1,1024765775,142,143,146,13,16,8,1898
90248,90240,1,1024765775,143,143,147,14,16,11,2058
90369,90368,0,1024765775,256,256,256,24,16,71,6144
90376,90368,1,1024765775,144,143,146,15,16,10,2190
90504,90496,1,1024765775,138,137,140,14,16,1,1960
90625,90624,2,1024765775,9,7,15,11,16,2,165
90625,90624,0,1024765775,256,256,256,23,16,52,5888
90632,90624,1,1024765775,143,143,146,14,16,7,2044
90760,90752,1,1024765775,140,140,144,16,16,6,2304
90881,90880,0,1024765775,256,256,256,23,16,100,5888
90888,90880,1,1024765775,148,145,151,15,16,12,2265
91016,91008,1,1024765775,142,141,145,15,16,9,2175
91137,91136,2,1024765775,7,5,11,9,16,0,99
91137,91136,0,1024765775,256,256,256,23,16,35,5888
91144,91136,1,1024765775,141,142,144,15,16,7,2160
91272,91264,1,1024765775,137,137,142,16,16,6,2272
91393,91392,0,1024765775,256,256,256,23,16,69,5888
91400,91392,1,1024765775,142,143,143,11,16,9,1573
91528,91520,1,1024765775,144,145,145,10,16,14,1450
91649,91648,2,1024765775,8,6,12,10,16,1,120
91649,91648,0,1024765775,256,256,256,25,16,94,6400
91656,91648,1,1024765775,144,143,146,14,16,11,2044
91784,91776,1,1024765775,146,144,149,14,16,8,2086
91905,91904,0,1024765775,256,256,256,21,16,54,5376
91912,91904,1,1024765775,142,144,146,11,16,8,1606
92040,92032,1,1024765775,137,138,141,12,16,6,1692
92161,92160,2,1024765775,10,6,15,11,16,1,165
92161,92160,0,1024765775,256,256,256,20,16,68,5120
92168,92160,1,1024765775,147,147,150,13,16,9,1950
92296,92288,1,1024765775,151,151,154,15,16,12,2310
92417,92416,0,1024765775,256,256,256,22,16,150,5632
92424,92416,1,1024765775,140,139,142,13,16,3,1846
92552,92544,1,1024765775,131,130,134,15,16,5,2010
92673,92672,2,1024765775,8,7,14,10,16,1,140
92673,92672,0,1024765775,256,256,256,22,16,64,5632
92680,92672,1,1024765775,148,148,150,12,16,11,1800
92808,92800,1,1024765775,152,151,154,13,16,9,2002
92929,92928,0,1024765775,256,256,256,23,16,40,5888
92936,92928,1,1024765775,139,140,142,12,16,7,1704
93064,93056,1,1024765775,142,141,144,13,16,9,1872
93185,93184,2,1024765775,6,7,12,9,16,0,108
93185,93184,0,1024765775,256,256,256,23,16,47,5888
93192,93184,1,1024765775,140,141,143,12,16,6,1716
93320,93312,1,1024765775,144,145,147,13,16,8,1911
93441,93440,0,1024765775,256,256,256,20,16,36,5120
93448,93440,1,1024765775,141,141,143,10,16,5,1430
93576,93568,1,1024765775,142,140,144,13,16,8,1872
93697,93696,2,1024765775,7,6,12,10,16,1,120
93697,93696,0,1024765775,256,256,256,20,16,51,5120
93704,93696,1,1024765775,140,138,143,15,16,11,2145
93832,93824,1,1024765775,141,141,144,13,16,5,1872
93953,93952,0,1024765775,256,256,256,22,16,53,5632
93960,93952,1,1024765775,133,133,136,12,16,5,1632
94088,94080,1,1024765775,141,144,146,15,16,12,2190
94209,94208,2,1024765775,8,5,12,10,16,1,120
94209,94208,0,1024765775,256,256,256,22,16,147,5632
94216,94208,1,1024765775,137,136,140,14,16,9,1960
94344,94336,1,1024765775,135,135,138,14,16,7,1932
94465,94464,0,1024765775,256,256,256,25,16,44,6400
94472,94464,1,1024765775,133,131,136,13,16,10,1768
94600,94592,1,1024765775,135,135,139,12,16,8,1668
94721,94720,2,1024765775,6,6,10,9,16,0,90
94721,94720,0,1024765775,256,256,256,25,16,134,6400
94728,94720,1,1024765775,142,141,144,11,16,7,1584
94856,94848,1,1024765775,146,146,149,11,16,10,1639
94977,94976,0,1024765775,256,256,256,22,16,44,5632
94984,94976,1,1024765775,140,139,142,13,16,8,1846
95112,95104,1,1024765775,140,141,145,16,16,8,2320
95233,95232,2,1024765775,7,6,12,9,16,2,108
95233,95232,0,1024765775,256,256,256,21,16,72,5376
95240,95232,1,1024765775,141,142,145,13,16,6,1885
95368,95360,1,1024765775,136,137,140,13,16,8,1820
95489,95488,0,1024765775,256,256,256,22,16,51,5632
95496,95488,1,1024765775,138,137,142,14,16,6,1988
95624,95616,1,1024765775,148,146,151,17,16,11,2567
95745,95744,2,1024765775,7,6,11,9,16,0,99
95745,95744,0,1024765775,256,256,256,24,16,76,6144
95752,95744,1,1024765775,129,128,132,14,16,3,1848
95880,95872,1,1024765775,136,137,140,12,16,11,1680
96001,96000,0,1024765775,256,256,256,19,16,35,4864
96008,96000,1,1024765775,146,146,150,14,16,10,2100
96136,96128,1,1024765775,146,145,149,14,16,7,2086
96257,96256,2,1024765775,8,5,11,10,16,0,110
96257,96256,0,1024765775,256,256,256,20,16,45,5120
96264,96256,1,1024765775,134,135,139,15,16,11,2085
96392,96384,1,1024765775,127,127,131,13,16,6,1703
96513,96512,0,1024765775,256,256,256,20,16,115,5120
96520,96512,1,1024765775,138,134,141,14,16,7,1974
96648,96640,1,1024765775,145,144,150,15,16,10,2250
96769,96768,2,1024765775,9,8,14,11,16,2,154
96769,96768,0,1024765775,256,256,256,23,16,83,5888
96776,96768,1,1024765775,145,144,148,15,16,9,2220
96904,96896,1,1024765775,132,130,134,14,16,4,1876
97025,97024,0,1024765775,256,256,256,22,16,37,5632
97032,97024,1,1024765775,148,147,150,13,16,14,1950
97160,97152,1,1024765775,148,147,150,11,16,6,1650
97281,97280,2,1024765775,8,5,12,9,16,0,108
97281,97280,0,1024765775,256,256,256,22,16,76,5632
97288,97280,1,1024765775,141,144,146,12,16,6,1752
97416,97408,1,1024765775,145,148,149,10,16,10,1490
97537,97536,0,1024765775,256,256,256,23,16,68,5888
97544,97536,1,1024765775,138,136,141,17,16,8,2397
97672,97664,1,1024765775,136,135,138,13,16,5,1794
97793,97792,2,1024765775,9,5,12,10,16,1,120
97793,97792,0,1024765775,256,256,256,21,16,74,5376
97800,97792,1,1024765775,135,136,138,14,16,4,1932
97928,97920,1,1024765775,131,132,135,15,16,4,2025
98049,98048,0,1024765775,256,256,256,27,16,157,6912
98056,98048,1,1024765775,132,133,135,12,16,9,1620
98184,98176,1,1024765775,129,132,134,12,16,12,1608
98305,98304,2,1024765775,6,5,10,7,16,0,70
98305,98304,0,1024765775,256,256,256,24,16,90,6144
98312,98304,1,1024765775,136,134,138,15,16,8,2070
98440,98432,1,1024765775,145,145,148,15,16,15,2220
98561,98560,0,1024765775,256,256,256,25,16,62,6400
98568,98560,1,1024765775,145,146,148,14,16,7,2072
98696,98688,1,1024765775,136,136,139,12,16,6,1668
98817,98816,2,1024765775,8,6,12,8,16,1,96
98817,98816,0,1024765775,256,256,256,25,16,41,6400
98824,98816,1,1024765775,143,141,145,11,16,5,1595
98952,98944,1,1024765775,136,135,139,14,16,4,1946
99073,99072,0,1024765775,256,256,256,26,16,46,6656
99080,99072,1,1024765775,142,142,145,13,16,5,1885
99208,99200,1,1024765775,134,134,136,11,16,12,1496
99329,99328,2,1024765775,10,6,14,11,16,3,154
99329,99328,0,1024765775,256,256,256,25,16,58,6400
99336,99328,1,1024765775,143,144,145,14,16,7,2030
99464,99456,1,1024765775,140,138,142,14,16,6,1988
99585,99584,0,1024765775,256,256,256,26,16,84,6656
99592,99584,1,1024765775,140,139,144,15,16,7,2160
99720,99712,1,1024765775,146,146,149,13,16,7,1937
99841,99840,2,1024765775,8,6,13,10,16,2,130
99841,99840,0,1024765775,256,256,256,26,16,79,6656
99848,99840,1,1024765775,143,143,146,14,16,4,2044
99976,99968,1,1024765775,139,140,141,11,16,10,1551
100097,100096,0,1024765775,256,256,256,27,16,128,6912
100104,100096,1,1024765775,145,146,149,15,16,13,2235
100232,100224,1,1024765775,141,143,147,14,16,8,2058
100353,100352,2,1024765775,7,6,12,10,16,0,120
100353,100352,0,1024765775,256,256,256,23,16,32,5888
100360,100352,1,1024765775,141,140,144,16,16,8,2304
100488,100480,1,1024765775,133,133,137,14,16,6,1918
100609,100608,0,1024765775,256,256,256,27,16,63,6912
100616,100608,1,1024765775,135,136,140,15,16,8,2100
100744,100736,1,1024765775,143,143,146,13,16,6,1898
100865,100864,2,1024765775,7,5,11,9,16,0,99
100865,100864,0,1024765775,256,256,256,27,16,88,6912
100872,100864,1,1024765775,137,137,139,10,16,3,1390
101000,100992,1,1024765775,136,136,138,11,16,11,1518
101121,101120,0,1024765775,256,256,256,28,16,126,7168
101128,101120,1,1024765775,135,137,141,16,16,12,2256
101256,101248,1,1024765775,140,140,143,11,16,13,1573
101377,101376,2,1024765775,7,7,13,9,16,1,117
101377,101376,0,1024765775,256,256,256,23,16,37,5888
101384,101376,1,1024765775,142,143,145,13,16,4,1885
101512,101504,1,1024765775,143,141,146,17,16,7,2482
101633,101632,0,1024765775,256,256,256,23,16,51,5888
101640,101632,1,1024765775,136,136,139,14,16,7,1946
101768,101760,1,1024765775,144,147,150,15,16,13,2250
101889,101888,2,1024765775,8,6,13,11,16,0,143
101889,101888,0,1024765775,256,256,256,22,16,60,5632
101896,101888,1,1024765775,144,145,146,13,16,6,1898
102024,102016,1,1024765775,144,144,147,13,16,7,1911
102145,102144,0,1024765775,256,256,256,25,16,80,6400
102152,102144,1,1024765775,147,148,151,14,16,10,2114
102280,102272,1,1024765775,143,142,145,13,16,5,1885
102401,102400,2,1024765775,9,7,14,12,16,3,168
102401,102400,0,1024765775,256,256,256,24,16,24,6144
102408,102400,1,1024765775,138,138,141,15,16,8,2115
102536,102528,1,1024765775,142,141,146,16,16,10,2336
102657,102656,0,1024765775,256,256,256,23,16,82,5888
102664,102656,1,1024765775,143,140,145,12,16,8,1740
102792,102784,1,1024765775,147,146,149,12,16,8,1788
102913,102912,2,1024765775,8,6,11,10,16,1,110
102913,102912,0,1024765775,256,256,256,20,16,104,5120
102920,102912,1,1024765775,140,138,142,13,16,13,1846
103048,103040,1,1024765775,139,139,143,14,16,6,2002
103169,103168,0,1024765775,256,256,256,22,16,29,5632
103176,103168,1,1024765775,138,138,141,16,16,7,2256
103304,103296,1,1024765775,142,142,144,11,16,10,1584
103425,103424,2,1024765775,8,6,13,9,16,2,117
103425,103424,0,1024765775,256,256,256,21,16,46,5376
103432,103424,1,1024765775,137,137,140,14,16,8,1960
103560,103552,1,1024765775,138,137,140,13,16,6,1820
103681,103680,0,1024765775,256,256,256,23,16,113,5888
103688,103680,1,1024765775,144,144,148,14,16,10,2072
103816,103808,1,1024765775,143,143,146,14,16,7,2044
103937,103936,2,1024765775,9,6,14,11,16,1,154
103937,103936,0,1024765775,256,256,256,24,16,42,6144
103944,103936,1,1024765775,141,141,145,14,16,4,2030
104072,104064,1,1024765775,135,137,139,15,16,11,2085
104193,104192,0,1024765775,256,256,256,23,16,93,5888
104200,104192,1,1024765775,137,136,140,15,16,6,2100
104328,104320,1,1024765775,148,148,153,16,16,10,2448
104449,104448,2,1024765775,8,6,13,10,16,0,130
104449,104448,0,1024765775,256,256,256,25,16,122,6400
104456,104448,1,1024765775,142,142,144,13,16,8,1872
104584,104576,1,1024765775,136,136,139,15,16,4,2085
104705,104704,0,1024765775,256,256,256,26,16,34,6656
104712,104704,1,1024765775,143,142,147,17,16,6,2499
104840,104832,1,1024765775,149,149,152,15,16,10,2280
104961,104960,2,1024765775,8,7,14,11,16,2,154
104961,104960,0,1024765775,256,256,256,24,16,53,6144
104968,104960,1,1024765775,143,141,145,12,16,6,1740
105096,105088,1,1024765775,141,142,144,13,16,9,1872
105217,105216,0,1024765775,256,256,256,23,16,55,5888
105224,105216,1,1024765775,142,143,144,10,16,6,1440
105352,105344,1,1024765775,150,150,154,14,16,9,2156
105473,105472,2,1024765775,7,7,13,10,16,0,130
105473,105472,0,1024765775,256,256,256,22,16,48,5632
105480,105472,1,1024765775,152,148,154,16,16,10,2464
105608,105600,1,1024765775,142,141,145,15,16,3,2175
105729,105728,0,1024765775,256,256,256,26,16,99,6656
105736,105728,1,1024765775,137,174,182,18,16,30,3276
105864,105856,1,1024765775,146,163,173,14,16,13,2422
105985,105984,2,1024765775,10,7,16,11,16,1,176
105985,105984,0,1024765775,256,256,256,30,16,162,7680
105992,105984,1,1024765775,136,128,144,11,16,6,1584
106120,106112,1,1024765775,130,108,136,11,16,8,1496
106241,106240,0,1024765775,256,256,256,25,16,41,6400
106248,106240,1,1024765775,132,122,135,9,16,2,1215
106376,106368,1,1024765775,140,157,166,14,16,22,2324
106497,106496,2,1024765775,7,6,12,9,16,0,108
106497,106496,0,1024765775,256,229,256,16,16,42,4096
106504,106496,1,1024765775,147,168,183,21,16,26,3843
106632,106624,1,1024765775,145,143,156,14,16,11,2184
106753,106752,0,1024765775,256,225,256,19,16,47,4864
106760,106752,1,1024765775,141,142,146,15,16,7,2190
106888,106880,1,1024765775,138,139,144,17,16,4,2448
107009,107008,2,1024765775,6,5,10,9,16,1,90
107009,107008,0,1024765775,256,256,256,22,16,62,5632
107016,107008,1,1024765775,143,139,147,19,16,9,2793
107144,107136,1,1024765775,143,142,147,17,16,5,2499
107265,107264,0,1024765775,256,256,256,30,16,65,7680
107272,107264,1,1024765775,142,141,145,13,16,8,1885
107400,107392,1,1024765775,142,141,147,15,16,7,2205
107521,107520,2,1024765775,9,6,13,12,16,0,156
107521,107520,0,1024765775,256,256,256,27,16,63,6912
107528,107520,1,1024765775,137,136,141,15,16,7,2115
107656,107648,1,1024765775,140,137,142,12,16,5,1704
107777,107776,0,1024765775,256,256,256,24,16,53,6144
107784,107776,1,1024765775,138,138,141,13,16,6,1833
107912,107904,1,1024765775,140,140,145,17,16,10,2465
108033,108032,2,1024765775,7,6,11,10,16,0,110
108033,108032,0,1024765775,256,256,256,27,16,77,6912
108040,108032,1,1024765775,140,140,146,16,16,11,2336
108168,108160,1,1024765775,144,142,150,20,16,12,3000
108289,108288,0,1024765775,256,256,256,24,16,36,6144
108296,108288,1,1024765775,133,134,137,13,16,5,1781
108424,108416,1,1024765775,137,136,142,15,16,6,2130
108545,108544,2,1024765775,5,8,12,11,16,2,132
108545,108544,0,1024765775,256,256,256,22,16,97,5632
108552,108544,1,1024765775,142,139,147,18,16,8,2646
108680,108672,1,1024765775,141,139,146,14,16,9,2044
108801,108800,0,1024765775,256,256,256,23,16,35,5888
108808,108800,1,1024765775,137,136,142,13,16,7,1846
108936,108928,1,1024765775,140,138,144,13,16,12,1872
109057,109056,2,1024765775,7,7,12,10,16,1,120
109057,109056,0,1024765775,256,256,256,21,16,42,5376
109064,109056,1,1024765775,139,137,143,14,16,10,2002
109192,109184,1,1024765775,140,139,145,16,16,13,2320
109313,109312,0,1024765775,256,256,256,25,16,113,6400
109320,109312,1,1024765775,144,141,149,16,16,7,2384
109448,109440,1,1024765775,141,142,147,13,16,8,1911
109569,109568,2,1024765775,7,8,12,10,16,1,120
109569,109568,0,1024765775,256,256,256,25,16,52,6400
109576,109568,1,1024765775,147,145,151,15,16,11,2265
109704,109696,1,1024765775,137,139,141,14,16,6,1974
109825,109824,0,1024765775,256,256,256,25,16,51,6400
109832,109824,1,1024765775,141,139,145,18,16,11,2610
109960,109952,1,1024765775,144,141,151,20,16,13,3020
110081,110080,2,1024765775,8,10,13,10,16,2,130
110081,110080,0,1024765775,256,256,256,25,16,50,6400
110088,110080,1,1024765775,141,140,145,16,16,7,2320
110216,110208,1,1024765775,137,139,142,15,16,10,2130
110337,110336,0,1024765775,256,256,256,20,16,36,5120
110344,110336,1,1024765775,139,137,143,15,16,7,2145
110472,110464,1,1024765775,143,141,147,17,16,11,2499
110593,110592,2,1024765775,8,10,12,8,16,1,96
110593,110592,0,1024765775,256,256,256,24,16,112,6144
110600,110592,1,1024765775,144,141,147,15,16,8,2205
110728,110720,1,1024765775,135,135,139,13,16,7,1807
110849,110848,0,1024765775,256,256,256,25,16,60,6400
110856,110848,1,1024765775,137,135,141,15,16,6,2115
110984,110976,1,1024765775,135,133,139,16,16,6,2224
111105,111104,2,1024765775,7,10,12,8,16,0,96
111105,111104,0,1024765775,256,256,256,22,16,55,5632
111112,111104,1,1024765775,138,137,143,15,16,9,2145
111240,111232,1,1024765775,137,137,142,14,16,10,1988
111361,111360,0,1024765775,256,256,256,21,16,53,5376
111368,111360,1,1024765775,134,134,139,15,16,6,2085
111496,111488,1,1024765775,141,140,147,17,16,14,2499
111617,111616,2,1024765775,8,9,11,8,16,0,88
111617,111616,0,1024765775,256,256,256,26,16,129,6656
111624,111616,1,1024765775,135,132,139,17,16,3,2363
111752,111744,1,1024765775,134,132,137,13,16,8,1781
111873,111872,0,1024765775,256,256,256,20,16,50,5120
111880,111872,1,1024765775,141,138,144,15,16,11,2160
112008,112000,1,1024765775,137,134,140,17,16,7,2380
112129,112128,2,1024765775,8,9,11,8,16,0,88
112129,112128,0,1024765775,256,256,256,23,16,115,5888
112136,112128,1,1024765775,141,140,145,15,16,10,2175
112264,112256,1,1024765775,143,143,147,14,16,9,2058
112385,112384,0,1024765775,256,256,256,28,16,53,7168
112392,112384,1,1024765775,138,140,146,19,16,12,2774
112520,112512,1,1024765775,135,133,141,18,16,6,2538
112641,112640,2,1024765775,6,9,11,9,16,1,99
112641,112640,0,1024765775,256,256,256,26,16,66,6656
112648,112640,1,1024765775,133,131,137,13,16,6,1781
112776,112768,1,1024765775,137,137,142,15,16,8,2130
112897,112896,0,1024765775,256,256,256,25,16,59,6400
112904,112896,1,1024765775,134,133,138,16,16,12,2208
113032,113024,1,1024765775,141,140,146,17,16,10,2482
113153,113152,2,1024765775,7,9,11,9,16,0,99
113153,113152,0,1024765775,256,256,256,23,16,42,5888
113160,113152,1,1024765775,134,133,138,17,16,7,2346
113288,113280,1,1024765775,137,136,141,16,16,11,2256
113409,113408,0,1024765775,256,256,256,25,16,71,6400
113416,113408,1,1024765775,145,146,151,18,16,9,2718
113544,113536,1,1024765775,140,136,144,17,16,5,2448
113665,113664,2,1024765775,8,10,12,9,16,0,108
113665,113664,0,1024765775,256,256,256,26,16,110,6656
113672,113664,1,1024765775,138,138,141,14,16,9,1974
113800,113792,1,1024765775,135,135,140,16,16,8,2240
113921,113920,0,1024765775,256,256,256,25,16,63,6400
113928,113920,1,1024765775,142,139,147,17,16,10,2499
114056,114048,1,1024765775,142,139,146,17,16,3,2482
114177,114176,2,1024765775,7,11,13,9,16,0,117
114177,114176,0,1024765775,256,256,256,27,16,41,6912
114184,114176,1,1024765775,139,138,142,13,16,9,1846
114312,114304,1,1024765775,135,137,141,15,16,7,2115
114433,114432,0,1024765775,256,256,256,25,16,33,6400
114440,114432,1,1024765775,144,145,150,17,16,10,2550
114568,114560,1,1024765775,139,137,141,11,16,5,1551
114689,114688,2,1024765775,8,10,13,9,16,1,117
114689,114688,0,1024765775,256,256,256,25,16,64,6400
114696,114688,1,1024765775,135,134,139,13,16,5,1807
114824,114816,1,1024765775,144,142,147,15,16,8,2205
114945,114944,0,1024765775,256,256,256,24,16,61,6144
114952,114944,1,1024765775,145,143,148,16,16,7,2368
115080,115072,1,1024765775,137,138,142,13,16,6,1846
115201,115200,2,1024765775,7,9,11,8,16,1,88
115201,115200,0,1024765775,256,256,256,25,16,116,6400
115208,115200,1,1024765775,136,134,140,13,16,9,1820
115336,115328,1,1024765775,141,141,147,16,16,10,2352
115457,115456,0,1024765775,256,256,256,25,16,79,6400
115464,115456,1,1024765775,145,146,153,19,16,10,2907
115592,115584,1,1024765775,142,143,147,15,16,6,2205
115713,115712,2,1024765775,6,9,11,8,16,0,88
115713,115712,0,1024765775,256,256,256,26,16,68,6656
115720,115712,1,1024765775,142,141,146,16,16,6,2336
115848,115840,1,1024765775,145,142,148,15,16,8,2220
115969,115968,0,1024765775,256,256,256,23,16,30,5888
115976,115968,1,1024765775,147,145,150,14,16,8,2100
116104,116096,1,1024765775,141,142,147,16,16,6,2352
116225,116224,2,1024765775,8,9,11,8,16,1,88
116225,116224,0,1024765775,256,256,256,22,16,51,5632
116232,116224,1,1024765775,140,139,143,14,16,8,2002
116360,116352,1,1024765775,143,141,147,15,16,5,2205
116481,116480,0,1024765775,256,256,256,23,16,69,5888
116488,116480,1,1024765775,150,147,154,16,16,6,2464
116616,116608,1,1024765775,138,139,142,13,16,8,1846
116737,116736,2,1024765775,8,8,12,10,16,2,120
116737,116736,0,1024765775,256,256,256,22,16,83,5632
116744,116736,1,1024765775,140,138,144,17,16,9,2448
116872,116864,1,1024765775,137,138,142,15,16,5,2130
116993,116992,0,1024765775,256,256,256,22,16,55,5632
117000,116992,1,1024765775,135,133,139,14,16,13,1946
117128,117120,1,1024765775,137,137,143,17,16,12,2431
117249,117248,2,1024765775,7,10,14,10,16,2,140
117249,117248,0,1024765775,256,256,256,22,16,83,5632
117256,117248,1,1024765775,134,134,139,14,16,5,1946
117384,117376,1,1024765775,137,134,141,15,16,7,2115
117505,117504,0,1024765775,256,256,256,22,16,45,5632
117512,117504,1,1024765775,137,136,141,12,16,7,1692
117640,117632,1,1024765775,140,141,144,14,16,6,2016
117761,117760,2,1024765775,8,11,14,10,16,1,140
117761,117760,0,1024765775,256,256,256,21,16,34,5376
117768,117760,1,1024765775,143,143,148,16,16,10,2368
117896,117888,1,1024765775,141,141,145,15,16,14,2175
118017,118016,0,1024765775,256,256,256,23,16,104,5888
118024,118016,1,1024765775,142,140,146,15,16,8,2190
118152,118144,1,1024765775,142,139,146,13,16,11,1898
118273,118272,2,1024765775,7,10,11,8,16,0,88
118273,118272,0,1024765775,256,256,256,23,16,51,5888
118280,118272,1,1024765775,138,138,144,15,16,11,2160
118408,118400,1,1024765775,139,138,145,16,16,5,2320
118529,118528,0,1024765775,256,256,256,22,16,82,5632
118536,118528,1,1024765775,142,142,145,12,16,6,1740
118664,118656,1,1024765775,149,147,155,16,16,13,2480
118785,118784,2,1024765775,7,10,13,11,16,1,143
118785,118784,0,1024765775,256,256,256,22,16,45,5632
118792,118784,1,1024765775,140,138,143,12,16,10,1716
118920,118912,1,1024765775,144,142,148,16,16,8,2368
119041,119040,0,1024765775,256,256,256,23,16,69,5888
119048,119040,1,1024765775,139,138,143,17,16,4,2431
119176,119168,1,1024765775,144,143,149,16,16,7,2384
119297,119296,2,1024765775,8,8,11,9,16,1,99
119297,119296,0,1024765775,256,256,256,23,16,49,5888
119304,119296,1,1024765775,143,141,146,14,16,12,2044
119432,119424,1,1024765775,148,149,155,17,16,14,2635
119553,119552,0,1024765775,256,256,256,20,16,42,5120
119560,119552,1,1024765775,142,144,148,16,16,6,2368
119688,119680,1,1024765775,145,145,151,16,16,10,2416
119809,119808,2,1024765775,7,8,10,8,16,1,80
119809,119808,0,1024765775,256,256,256,22,16,60,5632
119816,119808,1,1024765775,147,147,154,17,16,8,2618
119944,119936,1,1024765775,149,149,154,14,16,10,2156
120065,120064,0,1024765775,256,256,256,22,16,95,5632
120072,120064,1,1024765775,142,141,145,13,16,3,1885
120200,120192,1,1024765775,135,133,138,13,16,5,1794
120321,120320,2,1024765775,7,8,11,8,16,0,88
120321,120320,0,1024765775,256,256,256,25,16,51,6400
120328,120320,1,1024765775,141,139,145,15,16,8,2175
120456,120448,1,1024765775,148,146,150,15,16,13,2250
120577,120576,0,1024765775,256,256,256,22,16,43,5632
120584,120576,1,1024765775,143,142,146,15,16,5,2190
120712,120704,1,1024765775,136,134,140,15,16,12,2100
120833,120832,2,1024765775,8,10,12,9,16,1,108
120833,120832,0,1024765775,256,256,256,21,16,104,5376
120840,120832,1,1024765775,138,138,144,17,16,5,2448
120968,120960,1,1024765775,131,132,136,14,16,3,1904
121089,121088,0,1024765775,256,256,256,22,16,37,5632
121096,121088,1,1024765775,143,141,147,16,16,7,2352
121224,121216,1,1024765775,143,143,149,18,16,9,2682
121345,121344,2,1024765775,7,9,10,9,16,1,90
121345,121344,0,1024765775,256,256,256,24,16,61,6144
121352,121344,1,1024765775,139,136,142,15,16,9,2130
121480,121472,1,1024765775,138,138,142,14,16,10,1988
121601,121600,0,1024765775,256,256,256,22,16,73,5632
121608,121600,1,1024765775,143,140,147,17,16,8,2499
121736,121728,1,1024765775,142,139,144,15,16,9,2160
121857,121856,2,1024765775,6,9,10,8,16,0,80
121857,121856,0,1024765775,256,256,256,21,16,43,5376
121864,121856,1,1024765775,142,138,146,16,16,7,2336
121992,121984,1,1024765775,141,140,146,17,16,8,2482
122113,122112,0,1024765775,256,256,256,23,16,69,5888
122120,122112,1,1024765775,140,140,144,15,16,7,2160
122248,122240,1,1024765775,144,143,148,14,16,7,2072
122369,122368,2,1024765775,8,9,12,9,16,2,108
122369,122368,0,1024765775,256,256,256,23,16,82,5888
122376,122368,1,1024765775,148,147,152,16,16,12,2432
122504,122496,1,1024765775,136,137,139,13,16,4,1807
122625,122624,0,1024765775,256,256,256,24,16,170,6144
122632,122624,1,1024765775,142,140,146,16,16,11,2336
122760,122752,1,1024765775,140,137,144,15,16,4,2160
122881,122880,2,1024765775,8,10,13,9,16,1,117
122881,122880,0,1024765775,256,256,256,21,16,63,5376
122888,122880,1,1024765775,134,135,140,15,16,9,2100
123016,123008,1,1024765775,137,136,141,16,16,4,2256
123137,123136,0,1024765775,256,256,256,23,16,93,5888
123144,123136,1,1024765775,132,130,136,16,16,7,2176
123272,123264,1,1024765775,147,146,151,13,16,10,1963
123393,123392,2,1024765775,7,8,11,7,16,1,77
123393,123392,0,1024765775,256,256,256,24,16,38,6144
123400,123392,1,1024765775,136,136,140,11,16,6,1540
123528,123520,1,1024765775,138,136,141,13,16,10,1833
123649,123648,0,1024765775,256,256,256,25,16,54,6400
123656,123648,1,1024765775,138,137,142,12,16,4,1704
123784,123776,1,1024765775,143,142,147,15,16,10,2205
123905,123904,2,1024765775,8,8,11,8,16,0,88
123905,123904,0,1024765775,256,256,256,25,16,46,6400
123912,123904,1,1024765775,143,142,147,15,16,11,2205
124040,124032,1,1024765775,138,136,143,16,16,5,2288
124161,124160,0,1024765775,256,256,256,24,16,47,6144
124168,124160,1,1024765775,141,141,145,14,16,6,2030
124296,124288,1,1024765775,138,140,145,17,16,7,2465
124417,124416,2,1024765775,8,9,12,7,16,1,84
124417,124416,0,1024765775,256,256,256,20,16,84,5120
124424,124416,1,1024765775,136,137,141,15,16,5,2115
124552,124544,1,1024765775,141,139,146,16,16,12,2336
124673,124672,0,1024765775,256,256,256,22,16,39,5632
124680,124672,1,1024765775,138,136,140,12,16,3,1680
124808,124800,1,1024765775,142,141,146,14,16,5,2044
124929,124928,2,1024765775,6,11,13,10,16,2,130
124929,124928,0,1024765775,256,256,256,25,16,64,6400
124936,124928,1,1024765775,140,140,144,16,16,13,2304
125064,125056,1,1024765775,142,138,146,19,16,7,2774
125185,125184,0,1024765775,256,256,256,22,16,106,5632
125192,125184,1,1024765775,131,130,135,11,16,5,1485
125320,125312,1,1024765775,136,134,140,13,16,6,1820
125441,125440,2,1024765775,7,10,12,8,16,0,96
125441,125440,0,1024765775,256,256,256,24,16,91,6144
125448,125440,1,1024765775,140,141,145,16,16,9,2320
125576,125568,1,1024765775,136,135,140,14,16,6,1960
125697,125696,0,1024765775,256,256,256,25,16,45,6400
125704,125696,1,1024765775,137,137,140,11,16,5,1540
125832,125824,1,1024765775,135,134,141,15,16,9,2115
125953,125952,2,1024765775,8,10,12,7,16,0,84
125953,125952,0,1024765775,256,256,256,22,16,42,5632
125960,125952,1,1024765775,139,139,144,15,16,6,2160
126088,126080,1,1024765775,139,137,141,14,16,6,1974
126209,126208,0,1024765775,256,256,256,20,16,77,5120
126216,126208,1,1024765775,135,137,141,15,16,4,2115
126344,126336,1,1024765775,145,144,148,14,16,14,2072
126465,126464,2,1024765775,7,9,11,7,16,0,77
126465,126464,0,1024765775,256,256,256,22,16,59,5632
126472,126464,1,1024765775,151,149,153,15,16,10,2295
126600,126592,1,1024765775,136,138,143,17,16,7,2431
126721,126720,0,1024765775,256,256,256,25,16,82,6400
126728,126720,1,1024765775,133,132,137,15,16,4,2055
126856,126848,1,1024765775,143,143,146,14,16,7,2044
126977,126976,2,1024765775,8,10,12,9,16,0,108
126977,126976,0,1024765775,256,256,256,25,16,73,6400
126984,126976,1,1024765775,141,139,144,15,16,8,2160
127112,127104,1,1024765775,139,138,142,14,16,9,1988
127233,127232,0,1024765775,256,256,256,23,16,39,5888
127240,127232,1,1024765775,143,141,147,16,16,11,2352
127368,127360,1,1024765775,145,144,147,11,16,7,1617
127489,127488,2,1024765775,7,8,10,9,16,1,90
127489,127488,0,1024765775,256,256,256,21,16,96,5376
127496,127488,1,1024765775,138,135,142,17,16,4,2414
127624,127616,1,1024765775,136,134,141,16,16,6,2256
127745,127744,0,1024765775,256,256,256,23,16,60,5888
127752,127744,1,1024765775,144,142,148,15,16,9,2220
127880,127872,1,1024765775,140,140,143,15,16,10,2145
128001,128000,2,1024765775,7,10,12,10,16,1,120
128001,128000,0,1024765775,256,256,256,25,16,82,6400
128008,128000,1,1024765775,143,143,150,19,16,13,2850
128136,128128,1,1024765775,140,138,145,16,16,8,2320
128257,128256,0,1024765775,256,256,256,28,16,35,7168
128264,128256,1,1024765775,144,141,147,15,16,6,2205
128392,128384,1,1024765775,152,152,155,14,16,11,2170
128513,128512,2,1024765775,7,8,11,8,16,1,88
128513,128512,0,1024765775,256,256,256,25,16,37,6400
128520,128512,1,1024765775,138,140,143,14,16,9,2002
128648,128640,1,1024765775,138,139,145,17,16,8,2465
128769,128768,0,1024765775,256,256,256,25,16,73,6400
128776,128768,1,1024765775,144,142,149,18,16,5,2682
128904,128896,1,1024765775,145,141,149,17,16,7,2533
129025,129024,2,1024765775,7,11,12,9,16,1,108
129025,129024,0,1024765775,256,256,256,23,16,107,5888
129032,129024,1,1024765775,143,142,147,16,16,6,2352
129160,129152,1,1024765775,142,140,144,14,16,6,2016
129281,129280,0,1024765775,256,256,256,25,16,36,6400
129288,129280,1,1024765775,152,151,155,15,16,15,2325
129416,129408,1,1024765775,137,135,141,15,16,5,2115
129537,129536,2,1024765775,8,9,11,9,16,0,99
129537,129536,0,1024765775,256,256,256,26,16,53,6656
129544,129536,1,1024765775,136,136,143,17,16,6,2431
129672,129664,1,1024765775,139,137,145,17,16,6,2465
129793,129792,0,1024765775,256,256,256,23,16,53,5888
129800,129792,1,1024765775,142,143,147,16,16,10,2352
129928,129920,1,1024765775,136,136,143,18,16,12,2574
130049,130048,2,1024765775,6,9,11,10,16,1,110
130049,130048,0,1024765775,256,256,256,23,16,40,5888
130056,130048,1,1024765775,134,131,136,14,16,5,1904
130184,130176,1,1024765775,136,135,140,16,16,8,2240
130305,130304,0,1024765775,256,256,256,26,16,51,6656
130312,130304,1,1024765775,146,145,149,14,16,16,2086
130440,130432,1,1024765775,153,149,157,18,16,13,2826
130561,130560,2,1024765775,8,8,11,8,16,1,88
130561,130560,0,1024765775,256,256,256,27,16,109,6912
130568,130560,1,1024765775,144,143,151,21,16,5,3171
130696,130688,1,1024765775,143,144,148,14,16,11,2072
130817,130816,0,1024765775,256,256,256,24,16,32,6144
130824,130816,1,1024765775,135,134,138,14,16,3,1932
130952,130944,1,1024765775,144,141,148,17,16,9,2516
131073,131072,2,1024765775,7,8,11,8,16,0,88
131073,131072,0,1024765775,256,256,256,24,16,164,6144
131080,131072,1,1024765775,140,139,144,14,16,6,2016
131208,131200,1,1024765775,139,139,144,16,16,9,2304
131329,131328,0,1024765775,256,256,256,22,16,49,5632
131336,131328,1,1024765775,143,141,146,16,16,8,2336
131464,131456,1,1024765775,139,139,144,18,16,10,2592
131585,131584,2,1024765775,6,9,11,9,16,0,99
131585,131584,0,1024765775,256,256,256,23,16,44,5888
131592,131584,1,1024765775,138,137,142,15,16,6,2130
131720,131712,1,1024765775,140,142,145,13,16,6,1885
131841,131840,0,1024765775,256,256,256,23,16,41,5888
131848,131840,1,1024765775,144,143,148,15,16,7,2220
131976,131968,1,1024765775,139,137,143,17,16,12,2431
132097,132096,2,1024765775,7,8,11,9,16,1,99
132097,132096,0,1024765775,256,256,256,22,16,34,5632
132104,132096,1,1024765775,142,141,146,16,16,11,2336
132232,132224,1,1024765775,140,140,143,13,16,6,1859
132353,132352,0,1024765775,256,256,256,22,16,48,5632
132360,132352,1,1024765775,138,136,143,16,16,6,2288
132488,132480,1,1024765775,136,136,141,14,16,8,1974
132609,132608,2,1024765775,8,10,12,9,16,1,108
132609,132608,0,1024765775,256,256,256,23,16,69,5888
132616,132608,1,1024765775,147,144,151,17,16,7,2567
132744,132736,1,1024765775,140,138,143,15,16,7,2145
132865,132864,0,1024765775,256,256,256,23,16,130,5888
132872,132864,1,1024765775,134,133,140,17,16,8,2380
133000,132992,1,1024765775,139,137,141,11,16,10,1551
133121,133120,2,1024765775,7,9,12,8,16,0,96
133121,133120,0,1024765775,256,256,256,21,16,28,5376
133128,133120,1,1024765775,138,136,142,12,16,5,1704
133256,133248,1,1024765775,139,138,142,13,16,7,1846
133377,133376,0,1024765775,256,256,256,19,16,48,4864
133384,133376,1,1024765775,147,145,150,15,16,12,2250
133512,133504,1,1024765775,139,136,144,15,16,6,2160
133633,133632,2,1024765775,8,9,13,10,16,2,130
133633,133632,0,1024765775,256,256,256,20,16,103,5120
133640,133632,1,1024765775,132,132,138,17,16,4,2346
133768,133760,1,1024765775,136,136,141,14,16,8,1974
133889,133888,0,1024765775,256,256,256,21,16,98,5376
133896,133888,1,1024765775,144,141,151,20,16,12,3020
134024,134016,1,1024765775,137,134,142,18,16,10,2556
134145,134144,2,1024765775,7,9,12,8,16,1,96
134145,134144,0,1024765775,256,256,256,24,16,81,6144
134152,134144,1,1024765775,141,141,147,16,16,15,2352
134280,134272,1,1024765775,144,143,149,14,16,8,2086
134401,134400,0,1024765775,256,256,256,22,16,42,5632
134408,134400,1,1024765775,137,135,141,14,16,7,1974
134536,134528,1,1024765775,137,136,142,15,16,8,2130
134657,134656,2,1024765775,6,10,12,9,16,1,108
134657,134656,0,1024765775,256,256,256,24,16,115,6144
134664,134656,1,1024765775,143,144,148,13,16,12,1924
134792,134784,1,1024765775,144,142,148,15,16,10,2220
134913,134912,0,1024765775,256,256,256,25,16,39,6400
134920,134912,1,1024765775,134,135,139,15,16,7,2085
135048,135040,1,1024765775,128,127,134,17,16,4,2278
135169,135168,2,1024765775,8,8,10,8,16,0,80
135169,135168,0,1024765775,256,256,256,27,16,48,6912
135176,135168,1,1024765775,140,139,145,16,16,10,2320
135304,135296,1,1024765775,139,139,144,14,16,10,2016
135425,135424,0,1024765775,256,256,256,22,16,69,5632
135432,135424,1,1024765775,131,129,134,14,16,12,1876
135560,135552,1,1024765775,136,136,141,14,16,11,1974
135681,135680,2,1024765775,7,11,12,9,16,1,108
135681,135680,0,1024765775,256,256,256,22,16,40,5632
135688,135680,1,1024765775,141,141,144,11,16,7,1584
135816,135808,1,1024765775,142,141,148,17,16,10,2516
135937,135936,0,1024765775,256,256,256,26,16,77,6656
135944,135936,1,1024765775,144,143,147,16,16,6,2352
136072,136064,1,1024765775,142,140,146,17,16,9,2482
136193,136192,2,1024765775,6,10,11,8,16,1,88
136193,136192,0,1024765775,256,256,256,21,16,54,5376
136200,136192,1,1024765775,132,130,134,11,16,3,1474
136328,136320,1,1024765775,140,139,146,16,16,9,2336
136449,136448,0,1024765775,256,256,256,23,16,49,5888
136456,136448,1,1024765775,142,141,146,16,16,9,2336
136584,136576,1,1024765775,141,141,147,17,16,8,2499
136705,136704,2,1024765775,7,11,12,8,16,3,96
136705,136704,0,1024765775,256,256,256,24,16,77,6144
136712,136704,1,1024765775,139,139,143,15,16,3,2145
136840,136832,1,1024765775,142,142,147,16,16,6,2352
136961,136960,0,1024765775,256,256,256,23,16,75,5888
136968,136960,1,1024765775,143,143,148,17,16,9,2516
137096,137088,1,1024765775,141,141,145,14,16,10,2030
137217,137216,2,1024765775,8,10,13,10,16,0,130
137217,137216,0,1024765775,256,256,256,23,16,77,5888
137224,137216,1,1024765775,138,138,142,15,16,8,2130
137352,137344,1,1024765775,136,135,140,15,16,6,2100
137473,137472,0,1024765775,256,256,256,23,16,39,5888
137480,137472,1,1024765775,142,140,146,13,16,10,1898
137608,137600,1,1024765775,144,146,149,15,16,8,2235
137729,137728,2,1024765775,7,10,11,9,16,0,99
137729,137728,0,1024765775,256,256,256,23,16,113,5888
137736,137728,1,1024765775,137,136,142,16,16,9,2272
137864,137856,1,1024765775,140,139,144,14,16,6,2016
137985,137984,0,1024765775,256,256,256,19,16,73,4864
137992,137984,1,1024765775,145,145,150,17,16,8,2550
138120,138112,1,1024765775,139,138,142,14,16,5,1988
138241,138240,2,1024765775,7,8,10,8,16,1,80
138241,138240,0,1024765775,256,256,256,22,16,58,5632
138248,138240,1,1024765775,139,139,143,15,16,7,2145
138376,138368,1,1024765775,146,144,150,15,16,11,2250
138497,138496,0,1024765775,256,256,256,23,16,52,5888
138504,138496,1,1024765775,145,141,149,18,16,9,2682
138632,138624,1,1024765775,137,135,139,11,16,2,1529
138753,138752,2,1024765775,8,9,12,8,16,2,96
138753,138752,0,1024765775,256,256,256,20,16,47,5120
138760,138752,1,1024765775,139,139,145,15,16,9,2175
138888,138880,1,1024765775,139,137,143,15,16,7,2145
139009,139008,0,1024765775,256,256,256,19,16,43,4864
139016,139008,1,1024765775,144,143,146,12,16,7,1752
139144,139136,1,1024765775,138,138,141,9,16,8,1269
139265,139264,2,1024765775,7,10,13,7,16,1,91
139265,139264,0,1024765775,256,256,256,19,16,55,4864
139272,139264,1,1024765775,142,139,147,14,16,8,2058
139400,139392,1,1024765775,150,148,153,14,16,8,2142
139521,139520,0,1024765775,256,256,256,22,16,72,5632
139528,139520,1,1024765775,154,153,157,15,16,11,2355
139656,139648,1,1024765775,147,147,152,17,16,9,2584
139777,139776,2,1024765775,8,10,12,8,16,0,96
139777,139776,0,1024765775,256,256,256,23,16,109,5888
139784,139776,1,1024765775,142,141,146,16,16,4,2336
139912,139904,1,1024765775,143,142,149,18,16,10,2682
140033,140032,0,1024765775,256,256,256,23,16,66,5888
140040,140032,1,1024765775,145,145,151,18,16,9,2718
140168,140160,1,1024765775,135,134,138,15,16,2,2070
140289,140288,2,1024765775,8,8,10,7,16,0,70
140289,140288,0,1024765775,256,256,256,22,16,30,5632
140296,140288,1,1024765775,133,132,137,15,16,9,2055
140424,140416,1,1024765775,140,136,142,13,16,11,1846
140545,140544,0,1024765775,256,256,256,24,16,71,6144
140552,140544,1,1024765775,144,146,150,15,16,11,2250
140680,140672,1,1024765775,149,148,153,12,16,12,1836
140801,140800,2,1024765775,7,8,11,7,16,1,77
140801,140800,0,1024765775,256,256,256,18,16,62,4608
140808,140800,1,1024765775,136,134,139,14,16,5,1946
140936,140928,1,1024765775,144,144,149,17,16,4,2533
141057,141056,0,1024765775,256,256,256,20,16,43,5120
141064,141056,1,1024765775,137,140,143,15,16,8,2145
141192,141184,1,1024765775,141,140,145,15,16,7,2175
141313,141312,2,1024765775,8,8,11,9,16,1,99
141313,141312,0,1024765775,256,256,256,20,16,62,5120
141320,141312,1,1024765775,142,141,146,14,16,4,2044
141448,141440,1,1024765775,148,142,152,19,16,9,2888
141569,141568,0,1024765775,256,256,256,23,16,156,5888
141576,141568,1,1024765775,140,139,144,17,16,6,2448
141704,141696,1,1024765775,143,140,147,17,16,10,2499
141825,141824,2,1024765775,7,10,12,8,16,1,96
141825,141824,0,1024765775,256,256,256,23,16,138,5888
141832,141824,1,1024765775,145,142,151,19,16,9,2869
141960,141952,1,1024765775,138,136,142,15,16,9,2130
142081,142080,0,1024765775,256,256,256,26,16,95,6656
142088,142080,1,1024765775,137,139,142,12,16,5,1704
142216,142208,1,1024765775,144,143,149,15,16,14,2235
142337,142336,2,1024765775,7,10,13,10,16,1,130
142337,142336,0,1024765775,256,256,256,23,16,65,5888
142344,142336,1,1024765775,141,140,145,15,16,10,2175
142472,142464,1,1024765775,143,142,148,18,16,7,2664
142593,142592,0,1024765775,256,256,256,24,16,28,6144
142600,142592,1,1024765775,144,143,147,15,16,10,2205
142728,142720,1,1024765775,141,140,145,16,16,10,2320
142849,142848,2,1024765775,8,9,11,8,16,1,88
142849,142848,0,1024765775,256,256,256,24,16,52,6144
142856,142848,1,1024765775,148,147,152,17,16,8,2584
142984,142976,1,1024765775,137,137,141,15,16,7,2115
143105,143104,0,1024765775,256,256,256,22,16,55,5632
143112,143104,1,1024765775,139,135,141,15,16,2,2115
143240,143232,1,1024765775,132,129,135,15,16,9,2025
143361,143360,2,1024765775,8,10,13,8,16,1,104
143361,143360,0,1024765775,256,256,256,22,16,45,5632
143368,143360,1,1024765775,136,134,139,14,16,8,1946
143496,143488,1,1024765775,135,136,140,13,16,10,1820
143617,143616,0,1024765775,256,256,256,25,16,62,6400
143624,143616,1,1024765775,139,138,144,16,16,8,2304
143752,143744,1,1024765775,139,135,143,17,16,8,2431
143873,143872,2,1024765775,6,9,12,8,16,1,96
143873,143872,0,1024765775,256,256,256,25,16,137,6400
143880,143872,1,1024765775,135,132,140,19,16,7,2660
144008,144000,1,1024765775,136,136,140,14,16,10,1960
144129,144128,0,1024765775,256,256,256,21,16,36,5376
144136,144128,1,1024765775,141,141,146,15,16,10,2190
144264,144256,1,1024765775,148,147,152,14,16,10,2128
144385,144384,2,1024765775,7,9,10,8,16,1,80
144385,144384,0,1024765775,256,256,256,18,16,38,4608
144392,144384,1,1024765775,148,147,153,17,16,9,2601
144520,144512,1,1024765775,145,144,149,15,16,8,2235
144641,144640,0,1024765775,256,256,256,23,16,76,5888
144648,144640,1,1024765775,144,143,149,18,16,10,2682
144776,144768,1,1024765775,145,144,150,17,16,1,2550
144897,144896,2,1024765775,7,8,10,7,16,1,70
144897,144896,0,1024765775,256,256,256,22,16,93,5632
144904,144896,1,1024765775,142,141,146,15,16,7,2190
145032,145024,1,1024765775,141,141,146,15,16,9,2190
145153,145152,0,1024765775,256,256,256,22,16,83,5632
145160,145152,1,1024765775,152,149,156,16,16,10,2496
145288,145280,1,1024765775,146,144,150,14,16,4,2100
145409,145408,2,1024765775,6,10,12,7,16,1,84
145409,145408,0,1024765775,256,256,256,22,16,56,5632
145416,145408,1,1024765775,140,140,146,16,16,8,2336
145544,145536,1,1024765775,143,143,148,15,16,10,2220
145665,145664,0,1024765775,256,256,256,23,16,32,5888
145672,145664,1,1024765775,141,139,144,12,16,3,1728
145800,145792,1,1024765775,144,144,149,17,16,10,2533
145921,145920,2,1024765775,8,9,11,8,16,1,88
145921,145920,0,1024765775,256,256,256,27,16,85,6912
145928,145920,1,1024765775,147,146,150,14,16,6,2100
146056,146048,1,1024765775,143,140,147,14,16,4,2058
146177,146176,0,1024765775,256,256,256,24,16,94,6144
146184,146176,1,1024765775,146,146,153,18,16,13,2754
146312,146304,1,1024765775,144,142,148,14,16,5,2072
146433,146432,2,1024765775,7,10,12,8,16,1,96
146433,146432,0,1024765775,256,256,256,26,16,41,6656
146440,146432,1,1024765775,139,140,145,14,16,5,2030
146568,146560,1,1024765775,148,149,154,15,16,7,2310
146689,146688,0,1024765775,256,256,256,24,16,49,6144
146696,146688,1,1024765775,146,145,150,16,16,8,2400
146824,146816,1,1024765775,146,145,151,16,16,10,2416
146945,146944,2,1024765775,6,7,10,8,16,0,80
146945,146944,0,1024765775,256,256,256,23,16,58,5888
146952,146944,1,1024765775,147,146,152,15,16,12,2280
147080,147072,1,1024765775,138,135,141,14,16,3,1974
147201,147200,0,1024765775,256,256,256,21,16,61,5376
147208,147200,1,1024765775,143,144,149,16,16,6,2384
147336,147328,1,1024765775,149,148,155,18,16,13,2790
147457,147456,2,1024765775,7,9,11,9,16,1,99
147457,147456,0,1024765775,256,256,256,23,16,62,5888
147464,147456,1,1024765775,142,141,146,16,16,4,2336
147592,147584,1,1024765775,137,134,140,15,16,6,2100
147713,147712,0,1024765775,256,256,256,21,16,46,5376
147720,147712,1,1024765775,138,138,144,17,16,8,2448
147848,147840,1,1024765775,139,139,144,14,16,11,2016
147969,147968,2,1024765775,7,8,10,7,16,1,70
147969,147968,0,1024765775,256,256,256,22,16,37,5632
147976,147968,1,1024765775,145,145,150,15,16,11,2250
148104,148096,1,1024765775,142,140,146,17,16,9,2482
148225,148224,0,1024765775,256,256,256,23,16,72,5888
148232,148224,1,1024765775,142,140,146,17,16,8,2482
148360,148352,1,1024765775,136,136,140,15,16,3,2100
148481,148480,2,1024765775,6,9,12,7,16,1,84
148481,148480,0,1024765775,256,256,256,20,16,64,5120
148488,148480,1,1024765775,142,141,145,13,16,4,1885
148616,148608,1,1024765775,142,142,147,15,16,8,2205
148737,148736,0,1024765775,256,256,256,23,16,46,5888
148744,148736,1,1024765775,145,142,150,17,16,13,2550
148872,148864,1,1024765775,139,137,142,13,16,7,1846
148993,148992,2,1024765775,8,11,14,9,16,2,126
148993,148992,0,1024765775,256,256,256,22,16,58,5632
149000,148992,1,1024765775,139,136,142,14,16,7,1988
149128,149120,1,1024765775,138,138,142,14,16,9,1988
149249,149248,0,1024765775,256,256,256,22,16,122,5632
149256,149248,1,1024765775,140,139,143,13,16,7,1859
149384,149376,1,1024765775,141,139,146,15,16,10,2190
149505,149504,2,1024765775,8,10,12,7,16,0,84
149505,149504,0,1024765775,256,256,256,25,16,82,6400
149512,149504,1,1024765775,139,137,143,15,16,8,2145
149640,149632,1,1024765775,137,134,143,18,16,10,2574
149761,149760,0,1024765775,256,256,256,26,16,62,6656
149768,149760,1,1024765775,142,141,147,16,16,12,2352
149896,149888,1,1024765775,139,139,143,13,16,5,1859
150017,150016,2,1024765775,7,10,11,7,16,0,77
150017,150016,0,1024765775,256,256,256,24,16,36,6144
150024,150016,1,1024765775,143,140,146,15,16,14,2190
150152,150144,1,1024765775,138,137,144,17,16,10,2448
150273,150272,0,1024765775,256,256,256,23,16,89,5888
150280,150272,1,1024765775,141,141,147,18,16,7,2646
150408,150400,1,1024765775,145,144,150,18,16,8,2700
150529,150528,2,1024765775,8,10,13,7,16,2,91
150529,150528,0,1024765775,256,256,256,25,16,57,6400
150536,150528,1,1024765775,138,136,142,17,16,6,2414
150664,150656,1,1024765775,141,137,145,16,16,10,2320
150785,150784,0,1024765775,256,256,256,23,16,39,5888
150792,150784,1,1024765775,136,136,141,16,16,7,2256
150920,150912,1,1024765775,135,135,142,19,16,9,2698
151041,151040,2,1024765775,7,9,11,7,16,1,77
151041,151040,0,1024765775,256,256,256,23,16,62,5888
151048,151040,1,1024765775,141,141,145,15,16,14,2175
151176,151168,1,1024765775,144,144,151,18,16,10,2718
151297,151296,0,1024765775,256,256,256,27,16,91,6912
151304,151296,1,1024765775,138,135,142,14,16,5,1988
151432,151424,1,1024765775,134,135,138,15,16,4,2070
151553,151552,2,1024765775,6,10,12,8,16,1,96
151553,151552,0,1024765775,256,256,256,24,16,102,6144
151560,151552,1,1024765775,144,145,150,17,16,12,2550
151688,151680,1,1024765775,141,141,146,17,16,9,2482
151809,151808,0,1024765775,256,256,256,23,16,71,5888
151816,151808,1,1024765775,139,138,143,15,16,7,2145
151944,151936,1,1024765775,145,146,151,15,16,8,2265
152065,152064,2,1024765775,7,8,11,9,16,0,99
152065,152064,0,1024765775,256,256,256,23,16,34,5888
152072,152064,1,1024765775,139,139,144,16,16,8,2304
152200,152192,1,1024765775,146,146,151,16,16,9,2416
152321,152320,0,1024765775,256,256,256,23,16,84,5888
152328,152320,1,1024765775,140,141,144,11,16,4,1584
152456,152448,1,1024765775,131,132,136,13,16,3,1768
152577,152576,2,1024765775,8,10,13,9,16,0,117
152577,152576,0,1024765775,256,256,256,21,16,60,5376
152584,152576,1,1024765775,140,140,145,14,16,12,2030
152712,152704,1,1024765775,142,140,146,16,16,11,2336
152833,152832,0,1024765775,256,256,256,26,16,81,6656
152840,152832,1,1024765775,132,133,136,15,16,4,2040
152968,152960,1,1024765775,141,139,145,15,16,12,2175
153089,153088,2,1024765775,6,11,13,8,16,3,104
153089,153088,0,1024765775,256,256,256,22,16,62,5632
153096,153088,1,1024765775,139,139,143,16,16,9,2288
153224,153216,1,1024765775,143,142,147,15,16,10,2205
153345,153344,0,1024765775,256,256,256,22,16,54,5632
153352,153344,1,1024765775,137,138,142,16,16,5,2272
153480,153472,1,1024765775,146,145,151,17,16,8,2567
153601,153600,2,1024765775,8,10,13,10,16,1,130
153601,153600,0,1024765775,256,256,256,23,16,46,5888
153608,153600,1,1024765775,148,147,153,18,16,10,2754
153736,153728,1,1024765775,142,141,147,18,16,7,2646
153857,153856,0,1024765775,256,256,256,23,16,44,5888
153864,153856,1,1024765775,143,142,149,19,16,11,2831
153992,153984,1,1024765775,149,148,154,16,16,7,2464
154113,154112,2,1024765775,7,10,12,8,16,0,96
154113,154112,0,1024765775,256,256,256,25,16,48,6400
154120,154112,1,1024765775,146,146,150,14,16,5,2100
154248,154240,1,1024765775,129,129,134,16,16,3,2144
154369,154368,0,1024765775,256,256,256,21,16,37,5376
154376,154368,1,1024765775,139,139,145,16,16,13,2320
154504,154496,1,1024765775,139,137,145,16,16,5,2320
154625,154624,2,1024765775,6,11,14,9,16,1,126
154625,154624,0,1024765775,256,256,256,23,16,97,5888
154632,154624,1,1024765775,144,143,149,16,16,15,2384
154760,154752,1,1024765775,146,144,150,16,16,7,2400
154881,154880,0,1024765775,256,256,256,22,16,57,5632
154888,154880,1,1024765775,141,140,145,13,16,11,1885
155016,155008,1,1024765775,137,138,144,19,16,11,2736
155137,155136,2,1024765775,8,9,11,9,16,0,99
155137,155136,0,1024765775,256,256,256,24,16,111,6144
155144,155136,1,1024765775,139,138,142,15,16,11,2130
155272,155264,1,1024765775,145,145,149,16,16,8,2384
155393,155392,0,1024765775,256,256,256,19,16,32,4864
155400,155392,1,1024765775,147,145,153,17,16,7,2601
155528,155520,1,1024765775,150,149,156,16,16,10,2496
155649,155648,2,1024765775,8,10,13,11,16,1,143
155649,155648,0,1024765775,256,256,256,23,16,60,5888
155656,155648,1,1024765775,146,143,148,15,16,10,2220
155784,155776,1,1024765775,141,140,147,17,16,12,2499
155905,155904,0,1024765775,256,256,256,23,16,46,5888
155912,155904,1,1024765775,140,138,145,17,16,6,2465
156040,156032,1,1024765775,138,135,142,16,16,7,2272
156161,156160,2,1024765775,6,8,11,8,16,0,88
156161,156160,0,1024765775,256,256,256,21,16,87,5376
156168,156160,1,1024765775,142,141,147,15,16,4,2205
156296,156288,1,1024765775,146,146,151,15,16,12,2265
156417,156416,0,1024765775,256,256,256,23,16,50,5888
156424,156416,1,1024765775,141,139,146,17,16,9,2482
156552,156544,1,1024765775,141,140,147,17,16,8,2499
156673,156672,2,1024765775,7,9,12,10,16,1,120
156673,156672,0,1024765775,256,256,256,24,16,69,6144
156680,156672,1,1024765775,139,138,144,18,16,10,2592
156808,156800,1,1024765775,145,143,148,13,16,5,1924
156929,156928,0,1024765775,256,256,256,22,16,37,5632
156936,156928,1,1024765775,144,143,149,15,16,10,2235
157064,157056,1,1024765775,135,134,139,15,16,8,2085
157185,157184,2,1024765775,7,10,11,9,16,1,99
157185,157184,0,1024765775,256,256,256,24,16,36,6144
157192,157184,1,1024765775,139,138,143,14,16,7,2002
157320,157312,1,1024765775,135,136,140,13,16,7,1820
157441,157440,0,1024765775,256,256,256,25,16,55,6400
157448,157440,1,1024765775,135,133,139,15,16,8,2085
157576,157568,1,1024765775,146,144,151,17,16,13,2567
157697,157696,2,1024765775,6,8,10,8,16,1,80
157697,157696,0,1024765775,256,256,256,24,16,80,6144
157704,157696,1,1024765775,142,141,146,15,16,6,2190
157832,157824,1,1024765775,141,141,146,17,16,9,2482
157953,157952,0,1024765775,256,256,256,21,16,104,5376
157960,157952,1,1024765775,139,139,144,16,16,14,2304
158088,158080,1,1024765775,141,140,145,16,16,6,2320
158209,158208,2,1024765775,7,9,11,9,16,0,99
158209,158208,0,1024765775,256,256,256,21,16,83,5376
158216,158208,1,1024765775,143,144,148,14,16,6,2072
158344,158336,1,1024765775,136,133,140,18,16,7,2520
158465,158464,0,1024765775,256,256,256,20,16,31,5120
158472,158464,1,1024765775,137,137,142,16,16,6,2272
158600,158592,1,1024765775,143,142,149,19,16,8,2831
158721,158720,2,1024765775,7,9,11,8,16,1,88
158721,158720,0,1024765775,256,256,256,24,16,109,6144
158728,158720,1,1024765775,149,147,153,16,16,10,2448
158856,158848,1,1024765775,145,144,149,16,16,7,2384
158977,158976,0,1024765775,256,256,256,26,16,45,6656
158984,158976,1,1024765775,145,145,150,15,16,8,2250
159112,159104,1,1024765775,137,136,140,14,16,7,1960
159233,159232,2,1024765775,7,10,13,8,16,2,104
159233,159232,0,1024765775,256,256,256,28,16,123,7168
159240,159232,1,1024765775,144,144,148,14,16,10,2072
159368,159360,1,1024765775,145,145,150,16,16,14,2400
159489,159488,0,1024765775,256,256,256,25,16,74,6400
159496,159488,1,1024765775,143,138,148,18,16,8,2664
159624,159616,1,1024765775,148,146,152,17,16,10,2584
159745,159744,2,1024765775,8,10,12,8,16,0,96
159745,159744,0,1024765775,256,256,256,25,16,102,6400
159752,159744,1,1024765775,145,144,152,18,16,6,2736
159880,159872,1,1024765775,141,138,145,16,16,10,2320
160001,160000,0,1024765775,256,256,256,24,16,52,6144
160008,160000,1,1024765775,147,145,151,19,16,7,2869
160136,160128,1,1024765775,140,136,143,14,16,8,2002
160257,160256,2,1024765775,8,11,13,8,16,0,104
160257,160256,0,1024765775,256,256,256,26,16,98,6656
160264,160256,1,1024765775,137,136,141,18,16,5,2538
160392,160384,1,1024765775,141,139,143,15,16,8,2145
160513,160512,0,1024765775,256,256,256,24,16,35,6144
160520,160512,1,1024765775,139,138,143,14,16,5,2002
160648,160640,1,1024765775,140,138,143,14,16,11,2002
160769,160768,2,1024765775,7,9,12,8,16,1,96
160769,160768,0,1024765775,256,256,256,24,16,56,6144
160776,160768,1,1024765775,140,140,144,15,16,6,2160
160904,160896,1,1024765775,146,144,150,16,16,11,2400
161025,161024,0,1024765775,256,256,256,24,16,80,6144
161032,161024,1,1024765775,145,145,148,14,16,7,2072
161160,161152,1,1024765775,145,144,147,12,16,12,1764
161281,161280,2,1024765775,7,11,12,9,16,0,108
161281,161280,0,1024765775,256,256,256,22,16,39,5632
161288,161280,1,1024765775,144,143,147,14,16,11,2058
161416,161408,1,1024765775,154,149,158,19,16,13,3002
161537,161536,0,1024765775,256,256,256,25,16,43,6400
161544,161536,1,1024765775,141,140,145,14,16,4,2030
161672,161664,1,1024765775,139,141,144,13,16,6,1872
161793,161792,2,1024765775,8,10,13,9,16,1,117
161793,161792,0,1024765775,256,256,256,23,16,84,5888
161800,161792,1,1024765775,145,144,149,15,16,9,2235
161928,161920,1,1024765775,142,141,147,15,16,7,2205
162049,162048,0,1024765775,256,256,256,24,16,77,6144
162056,162048,1,1024765775,137,135,143,19,16,8,2717
162184,162176,1,1024765775,138,137,141,14,16,6,1974
162305,162304,2,1024765775,8,10,14,10,16,1,140
162305,162304,0,1024765775,256,256,256,24,16,82,6144
162312,162304,1,1024765775,139,136,142,14,16,6,1988
162440,162432,1,1024765775,139,136,142,15,16,4,2130
162561,162560,0,1024765775,256,256,256,24,16,52,6144
162568,162560,1,1024765775,139,137,143,16,16,8,2288
162696,162688,1,1024765775,137,136,143,18,16,8,2574
162817,162816,2,1024765775,7,8,10,9,16,1,90
162817,162816,0,1024765775,256,256,256,22,16,45,5632
162824,162816,1,1024765775,142,139,145,16,16,12,2320
162952,162944,1,1024765775,146,144,151,18,16,7,2718
163073,163072,0,1024765775,256,256,256,20,16,70,5120
163080,163072,1,1024765775,133,131,137,14,16,6,1918
163208,163200,1,1024765775,142,141,145,14,16,12,2030
163329,163328,2,1024765775,7,10,11,10,16,0,110
163329,163328,0,1024765775,256,256,256,22,16,51,5632
163336,163328,1,1024765775,150,150,156,18,16,15,2808
163464,163456,1,1024765775,143,142,149,17,16,7,2533
163585,163584,0,1024765775,256,256,256,25,16,60,6400
163592,163584,1,1024765775,142,140,146,16,16,7,2336
163720,163712,1,1024765775,140,138,145,18,16,8,2610
163841,163840,2,1024765775,7,8,11,10,16,0,110
163841,163840,0,1024765775,256,256,256,24,16,60,6144
163848,163840,1,1024765775,147,145,150,15,16,10,2250
163976,163968,1,1024765775,141,140,146,16,16,10,2336
164097,164096,0,1024765775,256,256,256,23,16,78,5888
164104,164096,1,1024765775,135,136,141,17,16,7,2397
164232,164224,1,1024765775,147,146,151,15,16,11,2265
164353,164352,2,1024765775,8,9,11,9,16,0,99
164353,164352,0,1024765775,256,256,256,22,16,42,5632
164360,164352,1,1024765775,146,142,149,17,16,10,2533
164488,164480,1,1024765775,134,133,139,17,16,3,2363
164609,164608,0,1024765775,256,256,256,22,16,52,5632
164616,164608,1,1024765775,140,140,144,15,16,5,2160
164744,164736,1,1024765775,142,140,147,18,16,7,2646
164865,164864,2,1024765775,8,10,12,10,16,1,120
164865,164864,0,1024765775,256,256,256,23,16,61,5888
164872,164864,1,1024765775,148,145,151,17,16,10,2567
165000,164992,1,1024765775,146,145,150,17,16,4,2550
165121,165120,0,1024765775,256,256,256,21,16,58,5376
165128,165120,1,1024765775,145,145,151,18,16,10,2718
165256,165248,1,1024765775,139,138,143,17,16,5,2431
165377,165376,2,1024765775,7,10,12,10,16,0,120
165377,165376,0,1024765775,256,256,256,22,16,37,5632
165384,165376,1,1024765775,138,136,144,17,16,10,2448
165512,165504,1,1024765775,135,133,137,13,16,8,1781
165633,165632,0,1024765775,256,256,256,22,16,48,5632
165640,165632,1,1024765775,136,134,140,16,16,7,2240
165768,165760,1,1024765775,139,138,142,14,16,4,1988
165889,165888,2,1024765775,7,9,11,8,16,2,88
165889,165888,0,1024765775,256,256,256,25,16,73,6400
165896,165888,1,1024765775,143,140,147,17,16,9,2499
166024,166016,1,1024765775,136,137,139,13,16,7,1807
166145,166144,0,1024765775,256,256,256,25,16,171,6400
166152,166144,1,1024765775,136,134,139,13,16,7,1807
166280,166272,1,1024765775,135,133,138,14,16,8,1932
166401,166400,2,1024765775,7,10,11,9,16,2,99
166401,166400,0,1024765775,256,256,256,23,16,37,5888
166408,166400,1,1024765775,133,132,138,15,16,9,2070
166536,166528,1,1024765775,142,140,146,15,16,9,2190
166657,166656,0,1024765775,256,256,256,23,16,52,5888
166664,166656,1,1024765775,140,137,143,17,16,5,2431
166792,166784,1,1024765775,137,136,141,13,16,8,1833
166913,166912,2,1024765775,8,9,12,10,16,0,120
166913,166912,0,1024765775,256,256,256,22,16,42,5632
166920,166912,1,1024765775,142,142,146,13,16,14,1898
167048,167040,1,1024765775,132,132,135,12,16,6,1620
167169,167168,0,1024765775,256,256,256,24,16,78,6144
167176,167168,1,1024765775,139,138,142,15,16,9,2130
167304,167296,1,1024765775,148,145,153,21,16,15,3213
167425,167424,2,1024765775,6,10,12,11,16,0,132
167425,167424,0,1024765775,256,256,256,25,16,69,6400
167432,167424,1,1024765775,143,142,149,18,16,9,2682
167560,167552,1,1024765775,139,139,143,14,16,8,2002
167681,167680,0,1024765775,256,256,256,25,16,155,6400
167688,167680,1,1024765775,150,150,155,13,16,12,2015
167816,167808,1,1024765775,147,146,152,15,16,8,2280
167937,167936,2,1024765775,8,8,11,9,16,1,99
167937,167936,0,1024765775,256,256,256,24,16,40,6144
167944,167936,1,1024765775,148,149,156,19,16,12,2964
168072,168064,1,1024765775,140,140,144,14,16,7,2016
168193,168192,0,1024765775,256,256,256,25,16,45,6400
168200,168192,1,1024765775,139,141,145,15,16,11,2175
168328,168320,1,1024765775,147,145,151,17,16,13,2567
168449,168448,2,1024765775,7,10,12,10,16,2,120
168449,168448,0,1024765775,256,256,256,24,16,67,6144
168456,168448,1,1024765775,144,142,148,14,16,7,2072
168584,168576,1,1024765775,140,137,143,14,16,9,2002
168705,168704,0,1024765775,256,256,256,22,16,46,5632
168712,168704,1,1024765775,145,142,148,15,16,12,2220
168840,168832,1,1024765775,139,138,143,17,16,4,2431
168961,168960,2,1024765775,7,10,12,9,16,0,108
168961,168960,0,1024765775,256,256,256,26,16,90,6656
168968,168960,1,1024765775,140,139,144,15,16,8,2160
169096,169088,1,1024765775,144,143,150,16,16,7,2400
169217,169216,0,1024765775,256,256,256,25,16,38,6400
169224,169216,1,1024765775,147,148,154,16,16,12,2464
169352,169344,1,1024765775,142,141,147,17,16,9,2499
169473,169472,2,1024765775,7,9,11,8,16,1,88
169473,169472,0,1024765775,256,256,256,24,16,47,6144
169480,169472,1,1024765775,139,138,141,11,16,6,1551
169608,169600,1,1024765775,145,144,151,18,16,7,2718
169729,169728,0,1024765775,256,256,256,24,16,70,6144
169736,169728,1,1024765775,141,139,146,17,16,11,2482
169864,169856,1,1024765775,140,140,145,18,16,10,2610
169985,169984,2,1024765775,7,10,13,9,16,1,117
169985,169984,0,1024765775,256,256,256,23,16,57,5888
169992,169984,1,1024765775,141,140,145,15,16,6,2175
170120,170112,1,1024765775,141,140,146,16,16,10,2336
170241,170240,0,1024765775,256,256,256,21,16,118,5376
170248,170240,1,1024765775,139,137,144,16,16,11,2304
170376,170368,1,1024765775,138,136,141,15,16,6,2115
170497,170496,2,1024765775,7,10,12,9,16,0,108
170497,170496,0,1024765775,256,256,256,22,16,59,5632
170504,170496,1,1024765775,142,140,145,15,16,13,2175
170632,170624,1,1024765775,137,137,142,16,16,6,2272
170753,170752,0,1024765775,256,256,256,20,16,41,5120
170760,170752,1,1024765775,140,137,144,17,16,5,2448
170888,170880,1,1024765775,142,140,147,17,16,12,2499
171009,171008,2,1024765775,7,8,10,7,16,0,70
171009,171008,0,1024765775,256,256,256,23,16,51,5888
171016,171008,1,1024765775,146,148,151,14,16,7,2114
171144,171136,1,1024765775,144,143,148,15,16,8,2220
171265,171264,0,1024765775,256,256,256,23,16,78,5888
171272,171264,1,1024765775,145,142,148,15,16,4,2220
171400,171392,1,1024765775,138,138,142,13,16,12,1846
171521,171520,2,1024765775,6,10,12,8,16,1,96
171521,171520,0,1024765775,256,256,256,23,16,72,5888
171528,171520,1,1024765775,142,140,145,13,16,10,1885
171656,171648,1,1024765775,139,136,144,16,16,9,2304
171777,171776,0,1024765775,256,256,256,20,16,85,5120
171784,171776,1,1024765775,141,139,145,18,16,5,2610
171912,171904,1,1024765775,140,140,145,15,16,6,2175
172033,172032,2,1024765775,8,9,12,7,16,1,84
172033,172032,0,1024765775,256,256,256,21,16,54,5376
172040,172032,1,1024765775,146,146,151,15,16,5,2265
172168,172160,1,1024765775,148,148,154,16,16,9,2464
172289,172288,0,1024765775,256,256,256,21,16,52,5376
172296,172288,1,1024765775,140,141,147,15,16,6,2205
172424,172416,1,1024765775,139,137,142,13,16,8,1846
172545,172544,2,1024765775,7,9,12,8,16,1,96
172545,172544,0,1024765775,256,256,256,23,16,37,5888
172552,172544,1,1024765775,142,139,145,15,16,7,2175
172680,172672,1,1024765775,131,127,136,15,16,9,2040
172801,172800,0,1024765775,256,256,256,23,16,79,5888
172808,172800,1,1024765775,140,138,145,18,16,10,2610
172936,172928,1,1024765775,142,141,147,16,16,10,2352
173057,173056,2,1024765775,6,9,11,7,16,1,77
173057,173056,0,1024765775,256,256,256,22,16,63,5632
173064,173056,1,1024765775,146,146,151,15,16,7,2265
173192,173184,1,1024765775,141,140,146,17,16,4,2482
173313,173312,0,1024765775,256,256,256,22,16,39,5632
173320,173312,1,1024765775,136,137,142,17,16,12,2414
173448,173440,1,1024765775,134,133,139,14,16,11,1946
173569,173568,2,1024765775,8,9,12,9,16,0,108
173569,173568,0,1024765775,256,256,256,24,16,66,6144
173576,173568,1,1024765775,146,145,150,16,16,8,2400
173704,173696,1,1024765775,146,146,152,17,16,9,2584
173825,173824,0,1024765775,256,256,256,22,16,103,5632
173832,173824,1,1024765775,139,138,144,16,16,5,2304
173960,173952,1,1024765775,137,135,143,17,16,7,2431
174081,174080,2,1024765775,7,9,11,7,16,1,77
174081,174080,0,1024765775,256,256,256,25,16,89,6400
174088,174080,1,1024765775,143,144,148,14,16,9,2072
174216,174208,1,1024765775,146,144,150,15,16,4,2250
174337,174336,0,1024765775,256,256,256,25,16,36,6400
174344,174336,1,1024765775,147,145,150,13,16,9,1950
174472,174464,1,1024765775,143,143,148,14,16,11,2072
174593,174592,2,1024765775,6,9,11,7,16,0,77
174593,174592,0,1024765775,256,256,256,24,16,101,6144
174600,174592,1,1024765775,138,137,141,14,16,7,1974
174728,174720,1,1024765775,135,136,141,17,16,6,2397
174849,174848,0,1024765775,256,256,256,21,16,63,5376
174856,174848,1,1024765775,136,136,141,14,16,8,1974
174984,174976,1,1024765775,146,146,150,14,16,16,2100
175105,175104,2,1024765775,7,7,10,7,16,0,70
175105,175104,0,1024765775,256,256,256,19,16,43,4864
175112,175104,1,1024765775,139,138,145,18,16,9,2610
175240,175232,1,1024765775,142,140,147,18,16,13,2646
175361,175360,0,1024765775,256,256,256,21,16,87,5376
175368,175360,1,1024765775,146,146,151,14,16,9,2114
175496,175488,1,1024765775,138,136,143,15,16,6,2145
175617,175616,2,1024765775,7,9,12,7,16,1,84
175617,175616,0,1024765775,256,256,256,26,16,76,6656
175624,175616,1,1024765775,147,146,151,13,16,9,1963
175752,175744,1,1024765775,139,137,141,15,16,6,2115
175873,175872,0,1024765775,256,256,256,25,16,152,6400
175880,175872,1,1024765775,134,134,138,16,16,9,2208
176008,176000,1,1024765775,145,144,149,17,16,11,2533
176129,176128,2,1024765775,6,9,11,8,16,1,88
176129,176128,0,1024765775,256,256,256,24,16,33,6144
176136,176128,1,1024765775,141,139,146,17,16,4,2482
176264,176256,1,1024765775,138,137,142,15,16,6,2130
176385,176384,0,1024765775,256,256,256,21,16,51,5376
176392,176384,1,1024765775,142,143,146,13,16,6,1898
176520,176512,1,1024765775,138,138,144,17,16,12,2448
176641,176640,2,1024765775,8,9,12,8,16,2,96
176641,176640,0,1024765775,256,256,256,22,16,39,5632
176648,176640,1,1024765775,145,143,149,17,16,8,2533
176776,176768,1,1024765775,140,138,143,14,16,5,2002
176897,176896,0,1024765775,256,256,256,20,16,56,5120
176904,176896,1,1024765775,145,146,150,15,16,11,2250
177032,177024,1,1024765775,143,143,146,13,16,7,1898
177153,177152,2,1024765775,8,7,10,8,16,0,80
177153,177152,0,1024765775,256,256,256,22,16,50,5632
177160,177152,1,1024765775,141,140,145,16,16,6,2320
177288,177280,1,1024765775,139,141,144,15,16,10,2160
177409,177408,0,1024765775,256,256,256,23,16,60,5888
177416,177408,1,1024765775,149,148,154,17,16,8,2618
177544,177536,1,1024765775,142,139,148,19,16,11,2812
177665,177664,2,1024765775,6,10,11,8,16,0,88
177665,177664,0,1024765775,256,256,256,24,16,101,6144
177672,177664,1,1024765775,127,127,132,13,16,7,1716
177800,177792,1,1024765775,142,144,148,16,16,9,2368
177921,177920,0,1024765775,256,256,256,24,16,166,6144
177928,177920,1,1024765775,153,150,156,16,16,10,2496
178056,178048,1,1024765775,150,151,155,16,16,7,2480
178177,178176,2,1024765775,8,10,13,9,16,0,117
178177,178176,0,1024765775,256,256,256,24,16,37,6144
178184,178176,1,1024765775,150,149,153,15,16,3,2295
178312,178304,1,1024765775,145,142,147,13,16,5,1911
178433,178432,0,1024765775,256,256,256,26,16,60,6656
178440,178432,1,1024765775,143,142,147,14,16,4,2058
178568,178560,1,1024765775,146,145,150,15,16,12,2250
178689,178688,2,1024765775,7,9,12,9,16,3,108
178689,178688,0,1024765775,256,256,256,20,16,58,5120
178696,178688,1,1024765775,143,142,149,18,16,13,2682
178824,178816,1,1024765775,142,143,147,14,16,7,2058
178945,178944,0,1024765775,256,256,256,21,16,69,5376
178952,178944,1,1024765775,147,146,151,15,16,5,2265
179080,179072,1,1024765775,144,142,147,14,16,3,2058
179201,179200,2,1024765775,7,9,13,8,16,1,104
179201,179200,0,1024765775,256,256,256,19,16,30,4864
179208,179200,1,1024765775,144,142,149,16,16,7,2384
179336,179328,1,1024765775,140,139,143,12,16,8,1716
179457,179456,0,1024765775,256,256,256,20,16,69,5120
179464,179456,1,1024765775,139,139,144,15,16,9,2160
179592,179584,1,1024765775,133,131,137,17,16,5,2329
179713,179712,2,1024765775,8,11,13,8,16,0,104
179713,179712,0,1024765775,256,256,256,22,16,59,5632
179720,179712,1,1024765775,142,141,146,14,16,12,2044
179848,179840,1,1024765775,141,139,145,14,16,8,2030
179969,179968,0,1024765775,256,256,256,22,16,118,5632
179976,179968,1,1024765775,144,142,149,17,16,13,2533
180104,180096,1,1024765775,150,149,155,16,16,10,2480
180225,180224,2,1024765775,8,10,13,10,16,0,130
180225,180224,0,1024765775,256,256,256,23,16,79,5888
180232,180224,1,1024765775,147,147,151,15,16,2,2265
180360,180352,1,1024765775,144,143,148,16,16,8,2368
180481,180480,0,1024765775,256,256,256,21,16,73,5376
180488,180480,1,1024765775,141,140,147,17,16,8,2499
180616,180608,1,1024765775,140,138,145,20,16,7,2900
180737,180736,2,1024765775,7,9,12,9,16,0,108
180737,180736,0,1024765775,256,256,256,24,16,38,6144
180744,180736,1,1024765775,139,140,143,15,16,5,2145
180872,180864,1,1024765775,139,137,142,14,16,4,1988
180993,180992,0,1024765775,256,256,256,23,16,33,5888
181000,180992,1,1024765775,141,140,147,16,16,10,2352
181128,181120,1,1024765775,145,146,150,16,16,7,2400
181249,181248,2,1024765775,7,9,10,8,16,1,80
181249,181248,0,1024765775,256,256,256,22,16,58,5632
181256,181248,1,1024765775,143,141,145,12,16,10,1740
181384,181376,1,1024765775,142,140,145,17,16,7,2465
181505,181504,0,1024765775,256,256,256,23,16,87,5888
181512,181504,1,1024765775,134,132,139,17,16,9,2363
181640,181632,1,1024765775,138,133,142,16,16,9,2272
181761,181760,2,1024765775,7,9,11,8,16,0,88
181761,181760,0,1024765775,256,256,256,25,16,97,6400
181768,181760,1,1024765775,143,145,149,15,16,9,2235
181896,181888,1,1024765775,144,144,150,16,16,9,2400
182017,182016,0,1024765775,256,256,256,26,16,64,6656
182024,182016,1,1024765775,139,139,145,15,16,7,2175
182152,182144,1,1024765775,138,138,144,15,16,11,2160
182273,182272,2,1024765775,6,10,12,7,16,1,84
182273,182272,0,1024765775,256,256,256,26,16,52,6656
182280,182272,1,1024765775,142,141,145,16,16,7,2320
182408,182400,1,1024765775,144,143,150,17,16,10,2550
182529,182528,0,1024765775,256,256,256,23,16,118,5888
182536,182528,1,1024765775,138,139,144,17,16,11,2448
182664,182656,1,1024765775,134,134,138,14,16,6,1932
182785,182784,2,1024765775,8,10,12,8,16,0,96
182785,182784,0,1024765775,256,256,256,24,16,57,6144
182792,182784,1,1024765775,136,133,140,17,16,6,2380
182920,182912,1,1024765775,142,140,146,15,16,11,2190
183041,183040,0,1024765775,256,256,256,28,16,53,7168
183048,183040,1,1024765775,141,140,144,13,16,7,1872
183176,183168,1,1024765775,145,145,148,12,16,9,1776
183297,183296,2,1024765775,8,10,13,7,16,1,91
183297,183296,0,1024765775,256,256,256,25,16,84,6400
183304,183296,1,1024765775,140,140,144,15,16,4,2160
183432,183424,1,1024765775,146,143,149,16,16,8,2384
183553,183552,0,1024765775,256,256,256,27,16,37,6912
183560,183552,1,1024765775,147,144,154,21,16,13,3234
183688,183680,1,1024765775,145,146,150,14,16,7,2100
183809,183808,2,1024765775,7,10,12,8,16,1,96
183809,183808,0,1024765775,256,256,256,23,16,53,5888
183816,183808,1,1024765775,136,138,143,15,16,13,2145
183944,183936,1,1024765775,140,137,144,16,16,3,2304
184065,184064,0,1024765775,256,256,256,25,16,54,6400
184072,184064,1,1024765775,140,138,144,15,16,9,2160
184200,184192,1,1024765775,138,137,142,16,16,9,2272
184321,184320,2,1024765775,7,10,12,8,16,1,96
184321,184320,0,1024765775,256,256,256,23,16,105,5888
184328,184320,1,1024765775,138,138,142,16,16,6,2272
184456,184448,1,1024765775,137,135,140,13,16,9,1820
184577,184576,0,1024765775,256,256,256,25,16,133,6400
184584,184576,1,1024765775,140,139,144,14,16,11,2016
184712,184704,1,1024765775,142,143,146,13,16,10,1898
184833,184832,2,1024765775,7,11,13,8,16,2,104
184833,184832,0,1024765775,256,256,256,23,16,109,5888
184840,184832,1,1024765775,146,145,151,15,16,5,2265
184968,184960,1,1024765775,142,142,148,17,16,11,2516
185089,185088,0,1024765775,256,256,256,20,16,40,5120
185096,185088,1,1024765775,139,138,143,15,16,5,2145
185224,185216,1,1024765775,137,136,139,12,16,8,1668
185345,185344,2,1024765775,6,9,10,7,16,0,70
185345,185344,0,1024765775,256,256,256,22,16,66,5632
185352,185344,1,1024765775,137,137,142,14,16,4,1988
185480,185472,1,1024765775,142,141,147,16,16,12,2352
185601,185600,0,1024765775,256,256,256,19,16,39,4864
185608,185600,1,1024765775,138,138,143,16,16,6,2288
185736,185728,1,1024765775,137,136,143,18,16,6,2574
185857,185856,2,1024765775,7,9,10,7,16,1,70
185857,185856,0,1024765775,256,256,256,21,16,67,5376
185864,185856,1,1024765775,141,139,145,17,16,10,2465
185992,185984,1,1024765775,140,139,145,16,16,10,2320
186113,186112,0,1024765775,256,256,256,23,16,73,5888
186120,186112,1,1024765775,143,143,147,15,16,6,2205
186248,186240,1,1024765775,145,143,149,14,16,8,2086
186369,186368,2,1024765775,8,9,12,7,16,3,84
186369,186368,0,1024765775,256,256,256,23,16,48,5888
186376,186368,1,1024765775,144,143,148,15,16,6,2220
186504,186496,1,1024765775,134,132,138,15,16,3,2070
186625,186624,0,1024765775,256,256,256,23,16,91,5888
186632,186624,1,1024765775,135,137,140,13,16,13,1820
186760,186752,1,1024765775,136,135,139,13,16,8,1807
186881,186880,2,1024765775,7,9,13,7,16,1,91
186881,186880,0,1024765775,256,256,256,21,16,44,5376
186888,186880,1,1024765775,137,136,143,16,16,12,2288
187016,187008,1,1024765775,143,142,148,17,16,12,2516
187137,187136,0,1024765775,256,256,256,25,16,153,6400
187144,187136,1,1024765775,140,139,144,14,16,9,2016
187272,187264,1,1024765775,138,136,142,15,16,6,2130
187393,187392,2,1024765775,7,8,10,7,16,0,70
187393,187392,0,1024765775,256,256,256,25,16,83,6400
187400,187392,1,1024765775,145,143,149,16,16,10,2384
187528,187520,1,1024765775,150,149,154,16,16,13,2464
187649,187648,0,1024765775,256,256,256,25,16,37,6400
187656,187648,1,1024765775,144,142,148,16,16,4,2368
187784,187776,1,1024765775,138,138,143,15,16,4,2145
187905,187904,2,1024765775,7,10,12,8,16,2,96
187905,187904,0,1024765775,256,256,256,22,16,49,5632
187912,187904,1,1024765775,141,140,146,18,16,8,2628
188040,188032,1,1024765775,138,136,141,12,16,6,1692
188161,188160,0,1024765775,256,256,256,25,16,67,6400
188168,188160,1,1024765775,146,143,148,12,16,5,1776
188296,188288,1,1024765775,145,143,148,14,16,5,2072
188417,188416,2,1024765775,7,9,11,7,16,0,77
188417,188416,0,1024765775,256,256,256,25,16,101,6400
188424,188416,1,1024765775,142,142,148,17,16,6,2516
188552,188544,1,1024765775,133,132,137,16,16,6,2192
188673,188672,0,1024765775,256,256,256,23,16,47,5888
188680,188672,1,1024765775,143,143,147,16,16,10,2352
188808,188800,1,1024765775,149,147,152,16,16,6,2432
188929,188928,2,1024765775,8,11,13,9,16,1,117
188929,188928,0,1024765775,256,256,256,23,16,89,5888
188936,188928,1,1024765775,139,140,144,15,16,11,2160
189064,189056,1,1024765775,133,135,138,16,16,3,2208
189185,189184,0,1024765775,256,256,256,24,16,108,6144
189192,189184,1,1024765775,138,137,142,17,16,6,2414
189320,189312,1,1024765775,140,139,143,14,16,8,2002
189441,189440,2,1024765775,8,9,12,7,16,1,84
189441,189440,0,1024765775,256,256,256,23,16,60,5888
189448,189440,1,1024765775,142,140,146,16,16,8,2336
189576,189568,1,1024765775,141,142,145,12,16,12,1740
189697,189696,0,1024765775,256,256,256,24,16,116,6144
189704,189696,1,1024765775,136,138,143,18,16,8,2574
189832,189824,1,1024765775,144,142,149,14,16,10,2086
189953,189952,2,1024765775,7,9,12,9,16,0,108
189953,189952,0,1024765775,256,256,256,24,16,86,6144
189960,189952,1,1024765775,154,150,156,15,16,9,2340
190088,190080,1,1024765775,142,143,146,14,16,7,2044
190209,190208,0,1024765775,256,256,256,23,16,45,5888
190216,190208,1,1024765775,148,148,153,15,16,11,2295
190344,190336,1,1024765775,143,141,146,14,16,7,2044
190465,190464,2,1024765775,8,10,14,8,16,2,112
190465,190464,0,1024765775,256,256,256,26,16,77,6656
190472,190464,1,1024765775,141,139,146,15,16,10,2190
190600,190592,1,1024765775,135,134,139,14,16,5,1946
190721,190720,0,1024765775,256,256,256,23,16,66,5888
190728,190720,1,1024765775,143,143,147,15,16,10,2205
190856,190848,1,1024765775,139,140,144,15,16,7,2160
190977,190976,2,1024765775,6,10,11,8,16,1,88
190977,190976,0,1024765775,256,256,256,25,16,39,6400
190984,190976,1,1024765775,146,143,151,18,16,12,2718
191112,191104,1,1024765775,139,138,143,14,16,8,2002
191233,191232,0,1024765775,256,256,256,24,16,163,6144
191240,191232,1,1024765775,147,145,149,12,16,12,1788
191368,191360,1,1024765775,146,144,150,16,16,5,2400
191489,191488,2,1024765775,6,9,12,9,16,0,108
191489,191488,0,1024765775,256,256,256,23,16,41,5888
191496,191488,1,1024765775,141,143,146,16,16,13,2336
191624,191616,1,1024765775,145,145,150,16,16,8,2400
191745,191744,0,1024765775,256,256,256,24,16,37,6144
191752,191744,1,1024765775,141,139,145,15,16,8,2175
191880,191872,1,1024765775,151,149,155,17,16,11,2635
