sample,frame_stamp,frame_size,channel,bins,peaks,phase,logarithmic,phase_reuse,predicted,matched,births,first_steps,fallback_steps,selected
128,128,1024,0,513,25,0,24,0,0,0,25,325,0,25
129,128,1024,1,513,25,0,24,0,0,0,25,325,0,25
256,256,2048,0,1025,47,0,46,0,0,0,47,1128,0,47
256,256,1024,0,513,47,46,0,0,25,13,34,1445,0,47
257,256,2048,1,1025,47,0,46,0,0,0,47,1128,0,47
257,256,1024,1,513,47,46,0,0,25,13,34,1445,0,47
384,384,1024,0,513,73,73,0,20,59,49,24,1716,0,73
385,384,1024,1,513,72,71,0,19,59,47,25,1800,0,72
512,512,2048,0,1025,98,97,0,0,47,33,65,5200,0,98
512,512,1024,0,513,98,97,0,42,83,74,24,2292,0,98
512,512,4096,0,37,1,0,1,0,0,0,1,1,0,1
513,512,2048,1,1025,100,99,0,0,47,32,68,5542,0,100
513,512,1024,1,513,96,95,0,40,84,72,24,2316,0,96
513,512,4096,1,37,2,0,2,0,0,0,2,3,0,2
640,640,1024,0,513,123,123,0,69,107,96,27,3267,0,123
641,640,1024,1,513,125,125,0,67,108,97,28,3430,0,125
768,768,2048,0,1025,146,145,0,37,112,98,48,6552,0,146
768,768,1024,0,513,137,137,0,90,130,121,16,1734,0,137
769,768,2048,1,1025,146,145,0,41,115,101,45,6210,0,146
769,768,1024,1,513,139,139,0,89,133,124,15,1750,0,139
896,896,1024,0,513,142,142,0,86,144,120,22,3208,0,142
897,896,1024,1,513,141,141,0,90,146,123,18,2592,0,141
1024,1024,2048,0,1025,186,185,0,98,160,146,40,7220,0,186
1024,1024,1024,0,513,136,135,0,83,166,124,12,2070,0,136
1024,1024,4096,0,37,2,2,0,0,1,1,1,2,0,2
1025,1024,2048,1,1025,186,185,0,98,160,146,40,7220,0,186
1025,1024,1024,1,513,136,135,0,83,164,123,13,2223,0,136
1025,1024,4096,1,37,2,2,0,0,2,1,1,3,0,2
1152,1152,1024,0,513,150,149,0,86,178,139,11,2024,0,150
1153,1152,1024,1,513,149,148,0,87,177,139,10,1825,0,149
1280,1280,2048,0,1025,229,228,0,129,200,186,43,9546,0,229
1280,1280,1024,0,513,144,144,0,95,188,136,8,1475,0,144
1281,1280,2048,1,1025,233,232,0,128,200,188,45,10035,0,233
1281,1280,1024,1,513,143,143,0,93,186,134,9,1658,0,143
1408,1408,1024,0,513,146,146,0,96,189,136,10,1262,0,146
1409,1408,1024,1,513,146,146,0,96,188,136,10,1267,0,146
1536,1536,2048,0,1025,278,278,0,179,238,188,68,16161,12800,256
1536,1536,1024,0,513,137,137,0,87,191,131,6,715,0,137
1536,1536,4096,0,37,3,3,0,1,2,2,1,3,0,3
1537,1536,2048,1,1025,279,278,0,180,242,188,68,16690,13824,256
1537,1536,1024,1,513,136,136,0,88,191,131,5,689,0,136
1537,1536,4096,1,37,2,2,0,2,3,2,0,0,0,2
1664,1664,1024,0,513,135,134,0,89,188,130,5,327,0,135
1665,1664,1024,1,513,135,134,0,90,186,130,5,155,0,135
1792,1792,2048,0,1025,290,290,0,181,256,163,93,23808,23808,256
1792,1792,1024,0,513,139,138,0,80,182,132,7,579,0,139
1793,1792,2048,1,1025,288,288,0,181,256,164,92,23552,23552,256
1793,1792,1024,1,513,139,138,0,80,180,131,8,814,0,139
1920,1920,1024,0,513,147,146,0,85,183,138,9,943,0,147
1921,1920,1024,1,513,147,146,0,84,183,138,9,987,0,147
2048,2048,2048,0,1025,292,292,0,175,256,139,117,29952,29952,256
2048,2048,1024,0,513,146,145,0,97,184,139,7,501,0,146
2048,2048,4096,0,37,3,3,0,3,3,3,0,0,0,3
2049,2048,2048,1,1025,291,291,0,178,256,144,112,28672,28672,256
2049,2048,1024,1,513,147,146,0,96,185,140,7,674,0,147
2049,2048,4096,1,37,2,2,0,1,3,2,0,0,0,2
2176,2176,1024,0,513,143,142,0,99,188,138,5,811,0,143
2177,2176,1024,1,513,141,140,0,97,190,137,4,669,0,141
2304,2304,2048,0,1025,288,287,0,169,256,142,114,29184,29184,256
2304,2304,1024,0,513,135,134,0,84,181,127,8,481,0,135
2305,2304,2048,1,1025,287,286,0,169,256,127,129,33024,33024,256
2305,2304,1024,1,513,133,132,0,83,182,126,7,297,0,133
2432,2432,1024,0,513,141,140,0,79,183,132,9,853,0,141
2433,2432,1024,1,513,140,139,0,79,183,131,9,713,0,140
2560,2560,2048,0,1025,283,282,0,188,256,107,149,38144,38144,256
2560,2560,1024,0,513,132,131,0,78,182,123,9,832,0,132
2560,2560,4096,0,37,4,4,0,2,3,3,1,4,0,4
2561,2560,2048,1,1025,281,280,0,189,256,113,143,36608,36608,256
2561,2560,1024,1,513,135,134,0,82,182,126,9,952,0,135
2561,2560,4096,1,37,3,3,0,2,3,3,0,0,0,3
2688,2688,1024,0,513,138,138,0,83,185,130,8,1065,0,138
2689,2688,1024,1,513,138,138,0,86,184,130,8,1015,0,138
2816,2816,2048,0,1025,283,282,0,182,256,104,152,38912,38912,256
2816,2816,1024,0,513,139,139,0,89,183,130,9,774,0,139
2817,2816,2048,1,1025,281,280,0,180,256,101,155,39680,39680,256
2817,2816,1024,1,513,140,140,0,88,182,130,10,927,0,140
2944,2944,1024,0,513,137,137,0,89,186,132,5,215,0,137
2945,2944,1024,1,513,137,137,0,90,186,132,5,212,0,137
3072,3072,2048,0,1025,286,285,0,172,256,121,135,34560,34560,256
3072,3072,1024,0,513,136,135,0,83,178,126,10,853,0,136
3072,3072,4096,0,37,4,4,0,3,4,4,0,0,0,4
3073,3072,2048,1,1025,285,284,0,172,256,132,124,31744,31744,256
3073,3072,1024,1,513,137,136,0,82,179,127,10,907,0,137
3073,3072,4096,1,37,4,4,0,3,3,3,1,4,0,4
3200,3200,1024,0,513,131,131,0,82,184,124,7,728,0,131
3201,3200,1024,1,513,130,130,0,84,185,124,6,723,0,130
3328,3328,2048,0,1025,283,283,0,185,256,83,173,44288,44288,256
3328,3328,1024,0,513,137,137,0,80,181,129,8,641,0,137
3329,3328,2048,1,1025,282,282,0,184,256,101,155,39680,39680,256
3329,3328,1024,1,513,137,137,0,81,181,129,8,672,0,137
3456,3456,1024,0,513,139,139,0,87,183,131,8,1056,0,139
3457,3456,1024,1,513,139,139,0,86,182,131,8,924,0,139
3584,3584,2048,0,1025,274,274,0,185,256,81,175,44800,44800,256
3584,3584,1024,0,513,138,138,0,88,184,126,12,1487,0,138
3584,3584,4096,0,37,7,6,0,4,4,4,3,18,0,7
3585,3584,2048,1,1025,273,273,0,186,256,85,171,43776,43776,256
3585,3584,1024,1,513,138,138,0,90,183,125,13,1688,0,138
3585,3584,4096,1,37,5,4,0,3,4,3,2,11,0,5
3712,3712,1024,0,513,146,145,0,93,181,133,13,931,0,146
3713,3712,1024,1,513,145,144,0,93,181,132,13,992,0,145
3840,3840,2048,0,1025,277,277,0,159,256,110,146,37376,37376,256
3840,3840,1024,0,513,138,137,0,85,185,131,7,367,0,138
3841,3840,2048,1,1025,276,276,0,159,256,123,133,34048,34048,256
3841,3840,1024,1,513,139,138,0,85,185,132,7,378,0,139
3968,3968,1024,0,513,139,139,0,91,186,132,7,600,0,139
3969,3968,1024,1,513,140,140,0,91,186,132,8,782,0,140
4096,4096,2048,0,1025,292,292,0,181,256,137,119,30464,30464,256
4096,4096,1024,0,513,142,142,0,87,183,136,6,185,0,142
4096,4096,4096,0,37,9,9,0,6,7,6,3,27,0,9
4097,4096,2048,1,1025,292,292,0,180,256,140,116,29696,29696,256
4097,4096,1024,1,513,143,143,0,86,185,136,7,410,0,143
4097,4096,4096,1,37,9,9,0,4,6,5,4,34,0,9
4224,4224,1024,0,513,141,141,0,94,186,135,6,451,0,141
4225,4224,1024,1,513,141,141,0,96,188,136,5,342,0,141
4352,4352,2048,0,1025,286,286,0,180,256,87,169,43264,43264,256
4352,4352,1024,0,513,145,145,0,89,187,141,4,300,0,145
4353,4352,2048,1,1025,285,285,0,182,256,89,167,42752,42752,256
4353,4352,1024,1,513,144,144,0,90,188,140,4,257,0,144
4480,4480,1024,0,513,141,140,0,96,183,131,10,1281,0,141
4481,4480,1024,1,513,141,140,0,94,184,132,9,1014,0,141
4608,4608,2048,0,1025,270,270,0,169,256,122,134,34304,34304,256
4608,4608,1024,0,513,156,155,0,96,188,147,9,1236,0,156
4608,4608,4096,0,37,9,8,0,5,10,8,1,11,0,9
4609,4608,2048,1,1025,271,271,0,168,256,89,167,42752,42752,256
4609,4608,1024,1,513,156,155,0,97,187,146,10,1361,0,156
4609,4608,4096,1,37,6,6,0,5,10,6,0,0,0,6
4736,4736,1024,0,513,151,150,0,108,189,146,5,477,0,151
4737,4736,1024,1,513,149,148,0,103,189,145,4,288,0,149
4864,4864,2048,0,1025,267,267,0,163,256,173,83,21248,21248,256
4864,4864,1024,0,513,139,138,0,88,186,131,8,1022,0,139
4865,4864,2048,1,1025,267,267,0,167,256,178,78,19968,19968,256
4865,4864,1024,1,513,136,135,0,83,185,128,8,797,0,136
4992,4992,1024,0,513,140,139,0,87,190,133,7,961,0,140
4993,4992,1024,1,513,139,138,0,85,189,133,6,709,0,139
5120,5120,2048,0,1025,281,280,0,164,256,95,161,41216,41216,256
5120,5120,1024,0,513,142,141,0,94,190,134,8,705,0,142
5120,5120,4096,0,37,8,7,0,6,11,8,0,0,0,8
5121,5120,2048,1,1025,280,279,0,166,256,102,154,39424,39424,256
5121,5120,1024,1,513,143,142,0,94,188,135,8,827,0,143
5121,5120,4096,1,37,9,8,0,2,10,7,2,23,0,9
5248,5248,1024,0,513,139,138,0,91,189,133,6,376,0,139
5249,5248,1024,1,513,141,140,0,88,187,135,6,384,0,141
5376,5376,2048,0,1025,276,275,0,172,256,215,41,10496,10496,256
5376,5376,1024,0,513,149,148,0,91,186,138,11,1068,0,149
5377,5376,2048,1,1025,276,275,0,169,256,213,43,11008,11008,256
5377,5376,1024,1,513,150,149,0,93,184,138,12,1279,0,150
5504,5504,1024,0,513,140,139,0,90,186,134,6,303,0,140
5505,5504,1024,1,513,141,140,0,95,187,136,5,191,0,141
5632,5632,2048,0,1025,281,280,0,178,256,119,137,35072,35072,256
5632,5632,1024,0,513,141,140,0,84,185,135,6,562,0,141
5632,5632,4096,0,37,8,8,0,6,11,8,0,0,0,8
5633,5632,2048,1,1025,279,278,0,177,256,126,130,33280,33280,256
5633,5632,1024,1,513,142,141,0,81,186,136,6,628,0,142
5633,5632,4096,1,37,10,9,0,7,11,9,1,1,0,10
5760,5760,1024,0,513,140,139,0,81,183,132,8,792,0,140
5761,5760,1024,1,513,140,139,0,83,184,132,8,872,0,140
5888,5888,2048,0,1025,286,285,0,177,256,177,79,20224,20224,256
5888,5888,1024,0,513,138,137,0,79,189,132,6,885,0,138
5889,5888,2048,1,1025,284,283,0,176,256,167,89,22784,22784,256
5889,5888,1024,1,513,139,138,0,81,190,134,5,671,0,139
6016,6016,1024,0,513,133,133,0,86,182,130,3,21,0,133
6017,6016,1024,1,513,133,133,0,88,183,130,3,66,0,133
6144,6144,2048,0,1025,293,292,0,189,256,194,62,15872,15872,256
6144,6144,1024,0,513,141,141,0,84,180,133,8,491,0,141
6144,6144,4096,0,37,10,10,0,6,11,9,1,12,0,10
6145,6144,2048,1,1025,289,288,0,189,256,217,39,9984,9984,256
6145,6144,1024,1,513,139,139,0,84,182,132,7,585,0,139
6145,6144,4096,1,37,7,7,0,4,12,7,0,0,0,7
6272,6272,1024,0,513,140,140,0,90,180,133,7,522,0,140
6273,6272,1024,1,513,140,140,0,89,180,134,6,337,0,140
6400,6400,2048,0,1025,272,271,0,189,256,129,127,32512,32512,256
6400,6400,1024,0,513,147,147,0,93,181,139,8,729,0,147
6401,6400,2048,1,1025,271,270,0,186,256,94,162,41472,41472,256
6401,6400,1024,1,513,147,147,0,93,180,138,9,796,0,147
6528,6528,1024,0,513,143,143,0,93,182,137,6,607,0,143
6529,6528,1024,1,513,144,144,0,94,181,138,6,331,0,144
6656,6656,2048,0,1025,285,285,0,169,256,119,137,35072,35072,256
6656,6656,1024,0,513,148,148,0,84,180,135,13,1375,0,148
6656,6656,4096,0,37,9,9,0,6,12,9,0,0,0,9
6657,6656,2048,1,1025,284,284,0,170,256,97,159,40704,40704,256
6657,6656,1024,1,513,148,148,0,87,181,136,12,1407,0,148
6657,6656,4096,1,37,8,8,0,6,11,8,0,0,0,8
6784,6784,1024,0,513,150,150,0,101,185,144,6,339,0,150
6785,6784,1024,1,513,150,150,0,101,185,144,6,408,0,150
6912,6912,2048,0,1025,283,282,0,182,256,207,49,12544,12544,256
6912,6912,1024,0,513,145,145,0,82,188,139,6,996,0,145
6913,6912,2048,1,1025,283,282,0,183,256,181,75,19200,19200,256
6913,6912,1024,1,513,144,144,0,82,188,139,5,758,0,144
7040,7040,1024,0,513,142,142,0,96,189,136,6,874,0,142
7041,7040,1024,1,513,139,139,0,94,188,134,5,663,0,139
7168,7168,2048,0,1025,288,287,0,179,256,220,36,9216,9216,256
7168,7168,1024,0,513,140,140,0,90,187,133,7,679,0,140
7168,7168,4096,0,37,9,8,0,7,12,9,0,0,0,9
7169,7168,2048,1,1025,289,288,0,181,256,220,36,9216,9216,256
7169,7168,1024,1,513,140,140,0,89,186,133,7,686,0,140
7169,7168,4096,1,37,7,6,0,4,11,7,0,0,0,7
7296,7296,1024,0,513,136,136,0,87,188,132,4,409,0,136
7297,7296,1024,1,513,138,138,0,90,187,133,5,501,0,138
7424,7424,2048,0,1025,283,283,0,173,256,169,87,22272,22272,256
7424,7424,1024,0,513,137,137,0,84,180,129,8,560,0,137
7425,7424,2048,1,1025,282,282,0,174,256,176,80,20480,20480,256
7425,7424,1024,1,513,137,137,0,83,179,130,7,356,0,137
7552,7552,1024,0,513,138,137,0,77,182,127,11,1346,0,138
7553,7552,1024,1,513,140,139,0,78,180,129,11,1340,0,140
7680,7680,2048,0,1025,280,279,0,171,256,214,42,10752,10752,256
7680,7680,1024,0,513,147,146,0,87,186,140,7,658,0,147
7680,7680,4096,0,37,11,10,0,6,12,11,0,0,0,11
7681,7680,2048,1,1025,279,278,0,171,256,201,55,14080,14080,256
7681,7680,1024,1,513,146,145,0,88,186,139,7,978,0,146
7681,7680,4096,1,37,7,6,0,4,11,7,0,0,0,7
7808,7808,1024,0,513,144,144,0,95,183,137,7,517,0,144
7809,7808,1024,1,513,145,145,0,94,184,139,6,556,0,145
7936,7936,2048,0,1025,283,282,0,178,256,175,81,20736,20736,256
7936,7936,1024,0,513,136,136,0,80,186,126,10,1425,0,136
7937,7936,2048,1,1025,281,280,0,178,256,170,86,22016,22016,256
7937,7936,1024,1,513,132,132,0,81,186,124,8,944,0,132
8064,8064,1024,0,513,146,146,0,87,189,133,13,1959,0,146
8065,8064,1024,1,513,146,146,0,86,186,132,14,1849,0,146
8192,8192,2048,0,1025,282,282,0,179,256,211,45,11520,11520,256
8192,8192,1024,0,513,132,132,0,88,196,129,3,57,0,132
8192,8192,4096,0,37,10,10,0,6,12,9,1,13,0,10
8193,8192,2048,1,1025,281,281,0,175,256,209,47,12032,12032,256
8193,8192,1024,1,513,132,132,0,88,194,130,2,19,0,132
8193,8192,4096,1,37,9,8,0,5,10,8,1,7,0,9
8320,8320,1024,0,513,131,131,0,75,189,125,6,338,0,131
8321,8320,1024,1,513,129,129,0,76,186,124,5,236,0,129
8448,8448,2048,0,1025,274,273,0,175,256,183,73,18688,18688,256
8448,8448,1024,0,513,134,134,0,85,181,127,7,570,0,134
8449,8448,2048,1,1025,274,273,0,177,256,182,74,18944,18944,256
8449,8448,1024,1,513,133,133,0,85,176,125,8,458,0,133
8576,8576,1024,0,513,138,138,0,81,183,135,3,227,0,138
8577,8576,1024,1,513,138,138,0,83,180,135,3,246,0,138
8704,8704,2048,0,1025,277,276,0,169,256,158,98,25088,25088,256
8704,8704,1024,0,513,138,138,0,86,177,132,6,305,0,138
8704,8704,4096,0,37,9,8,0,8,13,9,0,0,0,9
8705,8704,2048,1,1025,275,274,0,170,256,177,79,20224,20224,256
8705,8704,1024,1,513,138,138,0,84,175,132,6,403,0,138
8705,8704,4096,1,37,7,6,0,6,11,7,0,0,0,7
8832,8832,1024,0,513,129,129,0,82,175,127,2,78,0,129
8833,8832,1024,1,513,130,130,0,80,174,128,2,56,0,130
8960,8960,2048,0,1025,278,277,0,160,256,132,124,31744,31744,256
8960,8960,1024,0,513,130,130,0,84,172,124,6,349,0,130
8961,8960,2048,1,1025,276,275,0,158,256,96,160,40960,40960,256
8961,8960,1024,1,513,133,133,0,84,172,127,6,470,0,133
9088,9088,1024,0,513,138,138,0,82,175,129,9,828,0,138
9089,9088,1024,1,513,138,138,0,86,175,130,8,723,0,138
9216,9216,2048,0,1025,277,276,0,169,256,191,65,16640,16640,256
9216,9216,1024,0,513,132,132,0,89,176,126,6,390,0,132
9216,9216,4096,0,37,10,9,0,6,13,8,2,29,0,10
9217,9216,2048,1,1025,279,278,0,169,256,165,91,23296,23296,256
9217,9216,1024,1,513,129,129,0,87,176,123,6,600,0,129
9217,9216,4096,1,37,7,6,0,3,10,7,0,0,0,7
9344,9344,1024,0,513,138,138,0,82,172,128,10,1049,0,138
9345,9344,1024,1,513,138,138,0,82,171,127,11,1054,0,138
9472,9472,2048,0,1025,279,278,0,189,256,153,103,26368,26368,256
9472,9472,1024,0,513,142,142,0,93,177,135,7,867,0,142
9473,9472,2048,1,1025,278,277,0,189,256,138,118,30208,30208,256
9473,9472,1024,1,513,142,142,0,94,178,135,7,903,0,142
9600,9600,1024,0,513,145,145,0,96,180,140,5,519,0,145
9601,9600,1024,1,513,146,146,0,98,179,141,5,292,0,146
9728,9728,2048,0,1025,273,273,0,178,256,110,146,37376,37376,256
9728,9728,1024,0,513,141,141,0,104,179,135,6,574,0,141
9728,9728,4096,0,37,9,9,0,6,15,9,0,0,0,9
9729,9728,2048,1,1025,271,271,0,178,256,136,120,30720,30720,256
9729,9728,1024,1,513,141,141,0,107,179,135,6,744,0,141
9729,9728,4096,1,37,7,6,0,2,9,7,0,0,0,7
9856,9856,1024,0,513,142,142,0,92,179,139,3,72,0,142
9857,9856,1024,1,513,143,143,0,91,179,140,3,110,0,143
9984,9984,2048,0,1025,287,286,0,173,256,213,43,11008,11008,256
9984,9984,1024,0,513,143,143,0,84,177,133,10,1164,0,143
9985,9984,2048,1,1025,287,286,0,173,256,213,43,11008,11008,256
9985,9984,1024,1,513,142,142,0,81,177,132,10,1083,0,142
10112,10112,1024,0,513,141,140,0,82,181,132,9,1089,0,141
10113,10112,1024,1,513,139,138,0,83,181,130,9,1203,0,139
10240,10240,2048,0,1025,282,281,0,179,256,163,93,23808,23808,256
10240,10240,1024,0,513,142,141,0,95,187,136,6,884,0,142
10240,10240,4096,0,37,10,9,0,7,14,10,0,0,0,10
10241,10240,2048,1,1025,281,280,0,181,256,135,121,30976,30976,256
10241,10240,1024,1,513,139,138,0,93,187,133,6,923,0,139
10241,10240,4096,1,37,8,8,0,4,9,7,1,10,0,8
10368,10368,1024,0,513,140,139,0,87,190,131,9,1393,0,140
10369,10368,1024,1,513,140,139,0,84,190,131,9,1459,0,140
10496,10496,2048,0,1025,279,278,0,174,256,84,172,44032,44032,256
10496,10496,1024,0,513,140,139,0,89,188,132,8,542,0,140
10497,10496,2048,1,1025,276,275,0,174,256,124,132,33792,33792,256
10497,10496,1024,1,513,139,138,0,89,187,131,8,439,0,139
10624,10624,1024,0,513,146,145,0,77,185,137,9,582,0,146
10625,10624,1024,1,513,145,144,0,78,183,137,8,335,0,145
10752,10752,2048,0,1025,278,277,0,168,256,166,90,23040,23040,256
10752,10752,1024,0,513,142,141,0,88,187,137,5,450,0,142
10752,10752,4096,0,37,9,8,0,5,14,9,0,0,0,9
10753,10752,2048,1,1025,279,278,0,168,256,126,130,33280,33280,256
10753,10752,1024,1,513,143,142,0,87,184,137,6,532,0,143
10753,10752,4096,1,37,7,7,0,6,9,7,0,0,0,7
10880,10880,1024,0,513,140,139,0,85,188,130,10,1409,0,140
10881,10880,1024,1,513,141,140,0,86,185,129,12,1358,0,141
11008,11008,2048,0,1025,276,275,0,174,256,209,47,12032,12032,256
11008,11008,1024,0,513,146,145,0,81,192,139,7,649,0,146
11009,11008,2048,1,1025,276,275,0,175,256,216,40,10240,10240,256
11009,11008,1024,1,513,147,146,0,83,191,140,7,664,0,147
11136,11136,1024,0,513,141,141,0,96,193,137,4,193,0,141
11137,11136,1024,1,513,142,142,0,95,194,138,4,424,0,142
11264,11264,2048,0,1025,286,285,0,181,256,197,59,15104,15104,256
11264,11264,1024,0,513,142,141,0,86,192,137,5,231,0,142
11264,11264,4096,0,37,10,10,0,5,14,9,1,10,0,10
11265,11264,2048,1,1025,285,284,0,183,256,208,48,12288,12288,256
11265,11264,1024,1,513,143,142,0,87,193,137,6,377,0,143
11265,11264,4096,1,37,8,8,0,5,9,7,1,6,0,8
11392,11392,1024,0,513,141,141,0,91,190,134,7,627,0,141
11393,11392,1024,1,513,140,140,0,92,191,133,7,552,0,140
11520,11520,2048,0,1025,293,292,0,188,256,212,44,11264,11264,256
11520,11520,1024,0,513,141,141,0,86,191,135,6,640,0,141
11521,11520,2048,1,1025,294,293,0,188,256,192,64,16384,16384,256
11521,11520,1024,1,513,139,139,0,86,192,133,6,650,0,139
11648,11648,1024,0,513,144,144,0,92,190,137,7,560,0,144
11649,11648,1024,1,513,143,143,0,90,191,136,7,468,0,143
11776,11776,2048,0,1025,294,294,0,194,256,205,51,13056,13056,256
11776,11776,1024,0,513,141,141,0,90,190,136,5,309,0,141
11776,11776,4096,0,37,9,9,0,6,13,9,0,0,0,9
11777,11776,2048,1,1025,293,293,0,194,256,216,40,10240,10240,256
11777,11776,1024,1,513,140,140,0,88,191,135,5,283,0,140
11777,11776,4096,1,37,8,8,0,4,10,8,0,0,0,8
11904,11904,1024,0,513,140,140,0,90,186,133,7,442,0,140
11905,11904,1024,1,513,143,143,0,93,186,137,6,258,0,143
12032,12032,2048,0,1025,283,283,0,174,256,219,37,9472,9472,256
12032,12032,1024,0,513,145,145,0,83,184,136,9,769,0,145
12033,12032,2048,1,1025,282,282,0,173,256,217,39,9984,9984,256
12033,12032,1024,1,513,146,146,0,84,182,136,10,750,0,146
12160,12160,1024,0,513,141,140,0,93,187,134,7,764,0,141
12161,12160,1024,1,513,142,141,0,93,186,134,8,740,0,142
12288,12288,2048,0,1025,269,269,0,181,256,216,40,10240,10240,256
12288,12288,1024,0,513,136,136,0,87,187,133,3,162,0,136
12288,12288,4096,0,37,8,8,0,8,13,8,0,0,0,8
12289,12288,2048,1,1025,270,270,0,181,256,207,49,12544,12544,256
12289,12288,1024,1,513,137,137,0,88,188,134,3,160,0,137
12289,12288,4096,1,37,6,6,0,4,10,6,0,0,0,6
12416,12416,1024,0,513,132,132,0,87,180,126,6,431,0,132
12417,12416,1024,1,513,134,134,0,90,182,128,6,568,0,134
12544,12544,2048,0,1025,279,279,0,163,256,187,69,17664,17664,256
12544,12544,1024,0,513,131,131,0,88,181,124,7,756,0,131
12545,12544,2048,1,1025,279,279,0,164,256,186,70,17920,17920,256
12545,12544,1024,1,513,131,131,0,90,182,125,6,524,0,131
12672,12672,1024,0,513,137,137,0,84,178,128,9,783,0,137
12673,12672,1024,1,513,137,137,0,84,179,129,8,722,0,137
12800,12800,2048,0,1025,283,283,0,182,256,192,64,16384,16384,256
12800,12800,1024,0,513,133,133,0,97,179,127,6,347,0,133
12800,12800,4096,0,37,9,9,0,5,11,8,1,8,0,9
12801,12800,2048,1,1025,284,284,0,183,256,185,71,18176,18176,256
12801,12800,1024,1,513,133,133,0,97,180,128,5,332,0,133
12801,12800,4096,1,37,7,7,0,5,10,7,0,0,0,7
12928,12928,1024,0,513,143,143,0,80,178,128,15,2375,0,143
12929,12928,1024,1,513,143,143,0,81,177,128,15,2175,0,143
13056,13056,2048,0,1025,276,276,0,180,256,53,203,51968,51968,256
13056,13056,1024,0,513,141,141,0,81,184,133,8,620,0,141
13057,13056,2048,1,1025,275,275,0,183,256,52,204,52224,52224,256
13057,13056,1024,1,513,144,144,0,84,183,137,7,486,0,144
13184,13184,1024,0,513,142,142,0,95,188,132,10,1478,0,142
13185,13184,1024,1,513,143,143,0,96,186,133,10,1437,0,143
13312,13312,2048,0,1025,274,273,0,180,256,174,82,20992,20992,256
13312,13312,1024,0,513,143,143,0,92,192,135,8,946,0,143
13312,13312,4096,0,37,8,8,0,7,11,8,0,0,0,8
13313,13312,2048,1,1025,271,270,0,180,256,180,76,19456,19456,256
13313,13312,1024,1,513,142,142,0,93,191,135,7,932,0,142
13313,13312,4096,1,37,7,7,0,5,9,7,0,0,0,7
13440,13440,1024,0,513,141,140,0,98,189,135,6,312,0,141
13441,13440,1024,1,513,140,139,0,98,188,134,6,328,0,140
13568,13568,2048,0,1025,291,290,0,158,256,220,36,9216,9216,256
13568,13568,1024,0,513,137,136,0,94,189,136,1,1,0,137
13569,13568,2048,1,1025,289,288,0,158,256,222,34,8704,8704,256
13569,13568,1024,1,513,136,135,0,93,189,134,2,69,0,136
13696,13696,1024,0,513,141,140,0,88,178,131,10,745,0,141
13697,13696,1024,1,513,140,139,0,91,179,133,7,535,0,140
13824,13824,2048,0,1025,287,286,0,190,256,186,70,17920,17920,256
13824,13824,1024,0,513,145,144,0,103,181,135,10,1175,0,145
13824,13824,4096,0,37,11,10,0,6,11,9,2,23,0,11
13825,13824,2048,1,1025,286,285,0,191,256,186,70,17920,17920,256
13825,13824,1024,1,513,146,145,0,103,177,134,12,1159,0,146
13825,13824,4096,1,37,8,7,0,3,9,7,1,8,0,8
13952,13952,1024,0,513,135,135,0,84,183,132,3,94,0,135
13953,13952,1024,1,513,134,134,0,85,182,131,3,127,0,134
14080,14080,2048,0,1025,276,275,0,179,256,183,73,18688,18688,256
14080,14080,1024,0,513,134,134,0,76,179,127,7,503,0,134
14081,14080,2048,1,1025,276,275,0,180,256,179,77,19712,19712,256
14081,14080,1024,1,513,133,133,0,76,178,126,7,641,0,133
14208,14208,1024,0,513,143,143,0,97,181,135,8,868,0,143
14209,14208,1024,1,513,142,142,0,98,180,135,7,722,0,142
14336,14336,2048,0,1025,283,283,0,161,256,76,180,46080,46080,256
14336,14336,1024,0,513,137,137,0,78,183,133,4,218,0,137
14336,14336,4096,0,37,10,10,0,7,13,8,2,29,0,10
14337,14336,2048,1,1025,279,279,0,161,256,130,126,32256,32256,256
14337,14336,1024,1,513,138,138,0,81,181,133,5,297,0,138
14337,14336,4096,1,37,7,6,0,4,10,6,1,11,0,7
14464,14464,1024,0,513,140,140,0,88,177,128,12,1214,0,140
14465,14464,1024,1,513,139,139,0,89,177,129,10,979,0,139
14592,14592,2048,0,1025,276,276,0,182,256,177,79,20224,20224,256
14592,14592,1024,0,513,150,149,0,97,179,140,10,1026,0,150
14593,14592,2048,1,1025,275,275,0,180,256,117,139,35584,35584,256
14593,14592,1024,1,513,149,148,0,94,177,139,10,1024,0,149
14720,14720,1024,0,513,145,144,0,91,186,137,8,1146,0,145
14721,14720,1024,1,513,145,144,0,92,184,137,8,1107,0,145
14848,14848,2048,0,1025,276,276,0,166,256,204,52,13312,13312,256
14848,14848,1024,0,513,146,146,0,89,188,140,6,563,0,146
14848,14848,4096,0,37,12,12,0,8,15,12,0,0,0,12
14849,14848,2048,1,1025,275,275,0,167,256,205,51,13056,13056,256
14849,14848,1024,1,513,145,145,0,92,186,140,5,334,0,145
14849,14848,4096,1,37,8,8,0,5,11,8,0,0,0,8
14976,14976,1024,0,513,144,143,0,90,187,138,6,265,0,144
14977,14976,1024,1,513,143,142,0,89,186,137,6,580,0,143
15104,15104,2048,0,1025,278,277,0,177,256,198,58,14848,14848,256
15104,15104,1024,0,513,139,138,0,91,191,133,6,966,0,139
15105,15104,2048,1,1025,279,278,0,178,256,197,59,15104,15104,256
15105,15104,1024,1,513,140,139,0,91,190,134,6,940,0,140
15232,15232,1024,0,513,141,140,0,86,190,137,4,163,0,141
15233,15232,1024,1,513,139,138,0,88,190,137,2,107,0,139
15360,15360,2048,0,1025,279,278,0,172,256,186,70,17920,17920,256
15360,15360,1024,0,513,145,144,0,95,183,138,7,539,0,145
15360,15360,4096,0,37,8,8,0,7,15,8,0,0,0,8
15361,15360,2048,1,1025,278,277,0,174,256,185,71,18176,18176,256
15361,15360,1024,1,513,145,144,0,93,182,138,7,477,0,145
15361,15360,4096,1,37,9,8,0,5,10,9,0,0,0,9
15488,15488,1024,0,513,141,141,0,101,182,137,4,278,0,141
15489,15488,1024,1,513,141,141,0,102,182,138,3,192,0,141
15616,15616,2048,0,1025,282,281,0,172,256,205,51,13056,13056,256
15616,15616,1024,0,513,143,142,0,86,177,136,7,443,0,143
15617,15616,2048,1,1025,281,280,0,170,256,208,48,12288,12288,256
15617,15616,1024,1,513,144,143,0,84,176,136,8,604,0,144
15744,15744,1024,0,513,139,139,0,79,179,130,9,1049,0,139
15745,15744,1024,1,513,138,138,0,81,179,129,9,1055,0,138
15872,15872,2048,0,1025,293,292,0,182,256,184,72,18432,18432,256
15872,15872,1024,0,513,126,126,0,77,184,123,3,166,0,126
15872,15872,4096,0,37,9,8,0,4,15,9,0,0,0,9
15873,15872,2048,1,1025,294,293,0,183,256,169,87,22272,22272,256
15873,15872,1024,1,513,127,127,0,74,184,124,3,42,0,127
15873,15872,4096,1,37,6,5,0,5,10,6,0,0,0,6
16000,16000,1024,0,513,143,143,0,76,181,134,9,981,0,143
16001,16000,1024,1,513,143,143,0,79,182,136,7,593,0,143
16128,16128,2048,0,1025,280,280,0,199,256,157,99,25344,25344,256
16128,16128,1024,0,513,147,147,0,98,184,135,12,1870,0,147
16129,16128,2048,1,1025,281,281,0,200,256,119,137,35072,35072,256
16129,16128,1024,1,513,146,146,0,102,183,134,12,1967,0,146
16256,16256,1024,0,513,136,135,0,86,191,128,8,1161,0,136
16257,16256,1024,1,513,137,136,0,86,190,128,9,1301,0,137
16384,16384,2048,0,1025,295,295,0,176,256,152,104,26624,26624,256
16384,16384,1024,0,513,142,141,0,81,188,131,11,857,0,142
16384,16384,4096,0,37,9,8,0,8,13,9,0,0,0,9
16385,16384,2048,1,1025,293,293,0,175,256,185,71,18176,18176,256
16385,16384,1024,1,513,141,140,0,83,187,131,10,591,0,141
16385,16384,4096,1,37,6,5,0,4,9,6,0,0,0,6
16512,16512,1024,0,513,145,144,0,88,194,138,7,946,0,145
16513,16512,1024,1,513,144,143,0,86,193,136,8,1157,0,144
16640,16640,2048,0,1025,288,288,0,189,256,194,62,15872,15872,256
16640,16640,1024,0,513,138,137,0,74,197,132,6,824,0,138
16641,16640,2048,1,1025,287,287,0,190,256,184,72,18432,18432,256
16641,16640,1024,1,513,140,139,0,74,197,134,6,816,0,140
16768,16768,1024,0,513,142,141,0,78,188,134,8,557,0,142
16769,16768,1024,1,513,140,139,0,82,189,133,7,437,0,140
16896,16896,2048,0,1025,295,295,0,178,256,154,102,26112,26112,256
16896,16896,1024,0,513,140,140,0,90,188,132,8,741,0,140
16896,16896,4096,0,37,9,8,0,5,13,8,1,7,0,9
16897,16896,2048,1,1025,293,293,0,176,256,191,65,16640,16640,256
16897,16896,1024,1,513,140,140,0,89,188,133,7,694,0,140
16897,16896,4096,1,37,8,7,0,4,9,7,1,7,0,8
17024,17024,1024,0,513,137,137,0,91,187,129,8,871,0,137
17025,17024,1024,1,513,137,137,0,91,186,130,7,708,0,137
17152,17152,2048,0,1025,285,285,0,187,256,177,79,20224,20224,256
17152,17152,1024,0,513,145,145,0,85,185,138,7,500,0,145
17153,17152,2048,1,1025,283,283,0,185,256,173,83,21248,21248,256
17153,17152,1024,1,513,144,144,0,88,182,137,7,350,0,144
17280,17280,1024,0,513,148,147,0,99,187,136,12,1574,0,148
17281,17280,1024,1,513,145,144,0,95,184,132,13,1587,0,145
17408,17408,2048,0,1025,280,280,0,179,256,216,40,10240,10240,256
17408,17408,1024,0,513,142,142,0,90,191,134,8,753,0,142
17408,17408,4096,0,37,11,10,0,7,11,9,2,14,0,11
17409,17408,2048,1,1025,279,279,0,177,256,212,44,11264,11264,256
17409,17408,1024,1,513,142,142,0,86,190,133,9,1055,0,142
17409,17408,4096,1,37,9,8,0,5,10,9,0,0,0,9
17536,17536,1024,0,513,141,141,0,83,191,135,6,452,0,141
17537,17536,1024,1,513,142,142,0,83,191,136,6,507,0,142
17664,17664,2048,0,1025,281,281,0,162,256,205,51,13056,13056,256
17664,17664,1024,0,513,140,140,0,92,189,132,8,630,0,140
17665,17664,2048,1,1025,281,281,0,164,256,215,41,10496,10496,256
17665,17664,1024,1,513,140,140,0,95,190,132,8,789,0,140
17792,17792,1024,0,513,144,144,0,87,190,133,11,1413,0,144
17793,17792,1024,1,513,145,145,0,88,191,134,11,1374,0,145
17920,17920,2048,0,1025,275,275,0,174,256,190,66,16896,16896,256
17920,17920,1024,0,513,141,141,0,84,191,132,9,669,0,141
17920,17920,4096,0,37,10,9,0,6,13,10,0,0,0,10
17921,17920,2048,1,1025,274,274,0,171,256,187,69,17664,17664,256
17921,17920,1024,1,513,143,143,0,85,193,134,9,804,0,143
17921,17920,4096,1,37,7,7,0,4,10,7,0,0,0,7
18048,18048,1024,0,513,144,143,0,88,194,135,9,1183,0,144
18049,18048,1024,1,513,145,144,0,90,196,138,7,780,0,145
18176,18176,2048,0,1025,286,285,0,161,256,113,143,36608,36608,256
18176,18176,1024,0,513,136,136,0,93,189,129,7,611,0,136
18177,18176,2048,1,1025,284,283,0,161,256,133,123,31488,31488,256
18177,18176,1024,1,513,137,137,0,93,189,130,7,473,0,137
18304,18304,1024,0,513,139,139,0,84,189,131,8,548,0,139
18305,18304,1024,1,513,138,138,0,84,190,131,7,453,0,138
18432,18432,2048,0,1025,287,286,0,191,256,177,79,20224,20224,256
18432,18432,1024,0,513,139,138,0,88,185,134,5,285,0,139
18432,18432,4096,0,37,9,9,0,5,13,8,1,10,0,9
18433,18432,2048,1,1025,286,285,0,192,256,149,107,27392,27392,256
18433,18432,1024,1,513,138,137,0,86,185,133,5,398,0,138
18433,18432,4096,1,37,6,6,0,6,10,6,0,0,0,6
18560,18560,1024,0,513,145,144,0,89,185,135,10,1127,0,145
18561,18560,1024,1,513,145,144,0,89,186,136,9,1166,0,145
18688,18688,2048,0,1025,280,279,0,185,256,217,39,9984,9984,256
18688,18688,1024,0,513,140,140,0,90,183,134,6,438,0,140
18689,18688,2048,1,1025,280,279,0,188,256,202,54,13824,13824,256
18689,18688,1024,1,513,139,139,0,89,183,133,6,375,0,139
18816,18816,1024,0,513,139,139,0,88,182,133,6,524,0,139
18817,18816,1024,1,513,141,141,0,89,182,136,5,400,0,141
18944,18944,2048,0,1025,292,291,0,184,256,193,63,16128,16128,256
18944,18944,1024,0,513,139,139,0,97,184,132,7,736,0,139
18944,18944,4096,0,37,9,8,0,6,14,9,0,0,0,9
18945,18944,2048,1,1025,291,290,0,184,256,203,53,13568,13568,256
18945,18944,1024,1,513,139,139,0,98,183,131,8,772,0,139
18945,18944,4096,1,37,6,6,0,3,10,6,0,0,0,6
19072,19072,1024,0,513,145,145,0,90,181,135,10,883,0,145
19073,19072,1024,1,513,146,146,0,90,180,136,10,677,0,146
19200,19200,2048,0,1025,275,274,0,177,256,203,53,13568,13568,256
19200,19200,1024,0,513,142,142,0,91,185,137,5,223,0,142
19201,19200,2048,1,1025,274,273,0,174,256,208,48,12288,12288,256
19201,19200,1024,1,513,144,144,0,94,185,139,5,438,0,144
19328,19328,1024,0,513,141,141,0,78,182,132,9,599,0,141
19329,19328,1024,1,513,141,141,0,77,183,133,8,712,0,141
19456,19456,2048,0,1025,287,286,0,164,256,167,89,22784,22784,256
19456,19456,1024,0,513,146,146,0,91,188,139,7,919,0,146
19456,19456,4096,0,37,12,11,0,5,13,12,0,0,0,12
19457,19456,2048,1,1025,287,286,0,167,256,162,94,24064,24064,256
19457,19456,1024,1,513,147,147,0,94,188,138,9,1303,0,147
19457,19456,4096,1,37,8,8,0,4,10,7,1,10,0,8
19584,19584,1024,0,513,140,140,0,85,186,133,7,590,0,140
19585,19584,1024,1,513,141,141,0,86,188,135,6,497,0,141
19712,19712,2048,0,1025,272,272,0,174,256,198,58,14848,14848,256
19712,19712,1024,0,513,146,146,0,94,187,138,8,982,0,146
19713,19712,2048,1,1025,272,272,0,176,256,199,57,14592,14592,256
19713,19712,1024,1,513,146,146,0,97,188,138,8,924,0,146
19840,19840,1024,0,513,141,141,0,100,187,137,4,192,0,141
19841,19840,1024,1,513,141,141,0,99,188,137,4,150,0,141
19968,19968,2048,0,1025,268,268,0,175,256,212,44,11264,11264,256
19968,19968,1024,0,513,147,147,0,94,184,139,8,641,0,147
19968,19968,4096,0,37,9,9,0,5,13,9,0,0,0,9
19969,19968,2048,1,1025,268,268,0,177,256,213,43,11008,11008,256
19969,19968,1024,1,513,146,146,0,95,185,138,8,677,0,146
19969,19968,4096,1,37,8,7,0,6,9,7,1,1,0,8
20096,20096,1024,0,513,140,140,0,92,184,134,6,340,0,140
20097,20096,1024,1,513,140,140,0,91,185,134,6,267,0,140
20224,20224,2048,0,1025,284,284,0,178,256,180,76,19456,19456,256
20224,20224,1024,0,513,142,142,0,85,183,132,10,1048,0,142
20225,20224,2048,1,1025,285,285,0,177,256,165,91,23296,23296,256
20225,20224,1024,1,513,141,141,0,85,183,132,9,840,0,141
20352,20352,1024,0,513,137,137,0,88,187,133,4,333,0,137
20353,20352,1024,1,513,138,138,0,89,186,134,4,286,0,138
20480,20480,2048,0,1025,285,285,0,191,256,204,52,13312,13312,256
20480,20480,1024,0,513,138,138,0,82,183,128,10,1044,0,138
20480,20480,4096,0,37,10,10,0,6,13,9,1,12,0,10
20481,20480,2048,1,1025,283,283,0,192,256,218,38,9728,9728,256
20481,20480,1024,1,513,137,137,0,80,182,128,9,774,0,137
20481,20480,4096,1,37,8,7,0,4,10,7,1,5,0,8
20608,20608,1024,0,513,140,140,0,94,185,136,4,220,0,140
20609,20608,1024,1,513,140,140,0,94,184,136,4,242,0,140
20736,20736,2048,0,1025,288,288,0,174,256,189,67,17152,17152,256
20736,20736,1024,0,513,137,137,0,81,183,128,9,815,0,137
20737,20736,2048,1,1025,288,288,0,176,256,182,74,18944,18944,256
20737,20736,1024,1,513,137,137,0,82,182,129,8,743,0,137
20864,20864,1024,0,513,135,135,0,89,184,125,10,789,0,135
20865,20864,1024,1,513,135,135,0,89,184,126,9,888,0,135
20992,20992,2048,0,1025,285,285,0,177,256,182,74,18944,18944,256
20992,20992,1024,0,513,139,139,0,97,183,131,8,710,0,139
20992,20992,4096,0,37,11,10,0,7,14,11,0,0,0,11
20993,20992,2048,1,1025,285,285,0,180,256,184,72,18432,18432,256
20993,20992,1024,1,513,139,139,0,98,182,131,8,779,0,139
20993,20992,4096,1,37,8,7,0,5,11,8,0,0,0,8
21120,21120,1024,0,513,145,145,0,90,187,136,9,1548,0,145
21121,21120,1024,1,513,145,145,0,89,186,136,9,1440,0,145
21248,21248,2048,0,1025,275,275,0,182,256,154,102,26112,26112,256
21248,21248,1024,0,513,148,147,0,91,188,143,5,291,0,148
21249,21248,2048,1,1025,275,275,0,182,256,153,103,26368,26368,256
21249,21248,1024,1,513,149,148,0,93,187,144,5,313,0,149
21376,21376,1024,0,513,142,142,0,89,184,134,8,920,0,142
21377,21376,1024,1,513,144,144,0,91,183,136,8,888,0,144
21504,21504,2048,0,1025,276,276,0,176,256,190,66,16896,16896,256
21504,21504,1024,0,513,146,146,0,86,186,139,7,516,0,146
21504,21504,4096,0,37,10,9,0,7,14,10,0,0,0,10
21505,21504,2048,1,1025,275,275,0,174,256,204,52,13312,13312,256
21505,21504,1024,1,513,148,148,0,88,186,142,6,614,0,148
21505,21504,4096,1,37,7,6,0,3,11,7,0,0,0,7
21632,21632,1024,0,513,143,143,0,83,190,135,8,1234,0,143
21633,21632,1024,1,513,143,143,0,88,190,135,8,1429,0,143
21760,21760,2048,0,1025,284,284,0,171,256,181,75,19200,19200,256
21760,21760,1024,0,513,149,148,0,94,193,145,4,221,0,149
21761,21760,2048,1,1025,283,283,0,170,256,193,63,16128,16128,256
21761,21760,1024,1,513,150,149,0,96,193,146,4,145,0,150
21888,21888,1024,0,513,147,146,0,99,188,139,8,751,0,147
21889,21888,1024,1,513,145,144,0,98,187,138,7,533,0,145
22016,22016,2048,0,1025,292,292,0,176,256,147,109,27904,27904,256
22016,22016,1024,0,513,146,145,0,92,188,141,5,369,0,146
22016,22016,4096,0,37,7,6,0,6,13,7,0,0,0,7
22017,22016,2048,1,1025,291,291,0,176,256,154,102,26112,26112,256
22017,22016,1024,1,513,143,142,0,92,186,138,5,408,0,143
22017,22016,4096,1,37,7,6,0,4,11,7,0,0,0,7
22144,22144,1024,0,513,146,145,0,88,187,135,11,1451,0,146
22145,22144,1024,1,513,146,145,0,86,185,136,10,1173,0,146
22272,22272,2048,0,1025,287,287,0,185,256,176,80,20480,20480,256
22272,22272,1024,0,513,136,136,0,87,191,132,4,244,0,136
22273,22272,2048,1,1025,285,285,0,186,256,197,59,15104,15104,256
22273,22272,1024,1,513,136,136,0,89,189,132,4,396,0,136
22400,22400,1024,0,513,138,138,0,96,187,127,11,1605,0,138
22401,22400,1024,1,513,141,141,0,95,185,129,12,1770,0,141
22528,22528,2048,0,1025,275,275,0,176,256,160,96,24576,24576,256
22528,22528,1024,0,513,134,134,0,80,191,126,8,940,0,134
22528,22528,4096,0,37,10,9,0,5,12,10,0,0,0,10
22529,22528,2048,1,1025,274,274,0,180,256,146,110,28160,28160,256
22529,22528,1024,1,513,135,135,0,82,190,127,8,868,0,135
22529,22528,4096,1,37,7,6,0,4,9,7,0,0,0,7
22656,22656,1024,0,513,142,142,0,83,188,135,7,380,0,142
22657,22656,1024,1,513,143,143,0,81,188,135,8,511,0,143
22784,22784,2048,0,1025,289,288,0,175,256,182,74,18944,18944,256
22784,22784,1024,0,513,140,140,0,85,188,135,5,111,0,140
22785,22784,2048,1,1025,287,286,0,175,256,198,58,14848,14848,256
22785,22784,1024,1,513,142,142,0,87,189,137,5,211,0,142
22912,22912,1024,0,513,133,133,0,91,186,126,7,602,0,133
22913,22912,1024,1,513,134,134,0,92,186,127,7,589,0,134
23040,23040,2048,0,1025,291,290,0,188,256,186,70,17920,17920,256
23040,23040,1024,0,513,142,142,0,75,185,131,11,1501,0,142
23040,23040,4096,0,37,7,7,0,5,12,7,0,0,0,7
23041,23040,2048,1,1025,290,289,0,189,256,172,84,21504,21504,256
23041,23040,1024,1,513,142,142,0,78,185,131,11,1527,0,142
23041,23040,4096,1,37,8,8,0,6,9,7,1,1,0,8
23168,23168,1024,0,513,132,132,0,93,192,127,5,437,0,132
23169,23168,1024,1,513,132,132,0,92,192,127,5,469,0,132
23296,23296,2048,0,1025,281,280,0,177,256,177,79,20224,20224,256
23296,23296,1024,0,513,137,137,0,93,189,130,7,763,0,137
23297,23296,2048,1,1025,282,281,0,178,256,173,83,21248,21248,256
23297,23296,1024,1,513,140,140,0,93,190,133,7,901,0,140
23424,23424,1024,0,513,138,138,0,78,181,131,7,265,0,138
23425,23424,1024,1,513,138,138,0,80,182,131,7,256,0,138
23552,23552,2048,0,1025,280,280,0,172,256,191,65,16640,16640,256
23552,23552,1024,0,513,137,137,0,83,178,130,7,477,0,137
23552,23552,4096,0,37,10,9,0,7,11,9,1,6,0,10
23553,23552,2048,1,1025,279,279,0,172,256,201,55,14080,14080,256
23553,23552,1024,1,513,137,137,0,84,179,130,7,478,0,137
23553,23552,4096,1,37,9,8,0,3,10,8,1,6,0,9
23680,23680,1024,0,513,150,150,0,87,177,139,11,1104,0,150
23681,23680,1024,1,513,149,149,0,89,178,139,10,890,0,149
23808,23808,2048,0,1025,279,279,0,168,256,198,58,14848,14848,256
23808,23808,1024,0,513,146,146,0,95,185,133,13,2058,0,146
23809,23808,2048,1,1025,280,280,0,170,256,185,71,18176,18176,256
23809,23808,1024,1,513,146,146,0,92,185,133,13,2135,0,146
23936,23936,1024,0,513,138,138,0,85,194,133,5,545,0,138
23937,23936,1024,1,513,140,140,0,88,194,134,6,828,0,140
24064,24064,2048,0,1025,275,275,0,185,256,185,71,18176,18176,256
24064,24064,1024,0,513,143,143,0,82,193,140,3,153,0,143
24064,24064,4096,0,37,9,9,0,6,12,9,0,0,0,9
24065,24064,2048,1,1025,275,275,0,184,256,198,58,14848,14848,256
24065,24064,1024,1,513,143,143,0,80,193,140,3,89,0,143
24065,24064,4096,1,37,10,9,0,5,11,9,1,12,0,10
24192,24192,1024,0,513,149,149,0,95,190,142,7,577,0,149
24193,24192,1024,1,513,146,146,0,92,189,139,7,300,0,146
24320,24320,2048,0,1025,282,282,0,171,256,200,56,14336,14336,256
24320,24320,1024,0,513,137,137,0,89,187,132,5,287,0,137
24321,24320,2048,1,1025,281,281,0,171,256,218,38,9728,9728,256
24321,24320,1024,1,513,139,139,0,88,186,132,7,399,0,139
24448,24448,1024,0,513,148,148,0,85,183,136,12,1238,0,148
24449,24448,1024,1,513,147,147,0,85,184,136,11,1175,0,147
24576,24576,2048,0,1025,289,289,0,168,256,186,70,17920,17920,256
24576,24576,1024,0,513,141,141,0,92,189,137,4,493,0,141
24576,24576,4096,0,37,10,9,0,5,12,9,1,8,0,10
24577,24576,2048,1,1025,288,288,0,167,256,179,77,19712,19712,256
24577,24576,1024,1,513,141,141,0,91,189,137,4,555,0,141
24577,24576,4096,1,37,7,6,0,4,11,7,0,0,0,7
24704,24704,1024,0,513,140,139,0,95,188,133,7,675,0,140
24705,24704,1024,1,513,141,140,0,100,187,134,7,599,0,141
24832,24832,2048,0,1025,284,283,0,174,256,162,94,24064,24064,256
24832,24832,1024,0,513,141,140,0,82,189,132,9,1184,0,141
24833,24832,2048,1,1025,285,284,0,173,256,139,117,29952,29952,256
24833,24832,1024,1,513,140,139,0,82,188,132,8,985,0,140
24960,24960,1024,0,513,140,140,0,94,191,132,8,868,0,140
24961,24960,1024,1,513,141,141,0,95,189,133,8,916,0,141
25088,25088,2048,0,1025,281,280,0,171,256,205,51,13056,13056,256
25088,25088,1024,0,513,142,142,0,88,193,133,9,1297,0,142
25088,25088,4096,0,37,8,7,0,5,13,8,0,0,0,8
25089,25088,2048,1,1025,280,279,0,167,256,214,42,10752,10752,256
25089,25088,1024,1,513,142,142,0,87,190,132,10,1420,0,142
25089,25088,4096,1,37,7,6,0,6,11,7,0,0,0,7
25216,25216,1024,0,513,141,141,0,93,194,134,7,382,0,141
25217,25216,1024,1,513,141,141,0,95,193,134,7,567,0,141
25344,25344,2048,0,1025,278,278,0,171,256,115,141,36096,36096,256
25344,25344,1024,0,513,145,144,0,86,192,139,6,452,0,145
25345,25344,2048,1,1025,277,276,0,171,256,147,109,27904,27904,256
25345,25344,1024,1,513,146,145,0,84,191,139,7,595,0,146
25472,25472,1024,0,513,147,146,0,84,186,136,11,912,0,147
25473,25472,1024,1,513,147,146,0,86,187,135,12,1147,0,147
25600,25600,2048,0,1025,263,263,0,161,256,124,132,33792,33792,256
25600,25600,1024,0,513,144,143,0,96,190,142,2,134,0,144
25600,25600,4096,0,37,8,8,0,6,13,8,0,0,0,8
25601,25600,2048,1,1025,263,263,0,161,256,111,145,37120,37120,256
25601,25600,1024,1,513,145,144,0,97,192,143,2,102,0,145
25601,25600,4096,1,37,8,8,0,4,11,8,0,0,0,8
25728,25728,1024,0,513,143,142,0,90,187,135,8,682,0,143
25729,25728,1024,1,513,141,140,0,89,190,133,8,943,0,141
25856,25856,2048,0,1025,282,282,0,172,256,128,128,32768,32768,256
25856,25856,1024,0,513,143,142,0,86,191,134,9,1251,0,143
25857,25856,2048,1,1025,282,282,0,174,256,125,131,33536,33536,256
25857,25856,1024,1,513,144,143,0,85,193,136,8,955,0,144
25984,25984,1024,0,513,143,142,0,86,194,136,7,647,0,143
25985,25984,1024,1,513,144,143,0,88,195,138,6,504,0,144
26112,26112,2048,0,1025,293,292,0,191,256,198,58,14848,14848,256
26112,26112,1024,0,513,137,136,0,91,195,130,7,899,0,137
26112,26112,4096,0,37,10,10,0,5,12,10,0,0,0,10
26113,26112,2048,1,1025,290,289,0,189,256,212,44,11264,11264,256
26113,26112,1024,1,513,137,136,0,90,195,131,6,694,0,137
26113,26112,4096,1,37,8,8,0,6,11,8,0,0,0,8
26240,26240,1024,0,513,135,134,0,79,189,125,10,616,0,135
26241,26240,1024,1,513,135,134,0,78,189,125,10,791,0,135
26368,26368,2048,0,1025,283,282,0,178,256,183,73,18688,18688,256
26368,26368,1024,0,513,139,138,0,69,186,125,14,1671,0,139
26369,26368,2048,1,1025,283,282,0,177,256,179,77,19712,19712,256
26369,26368,1024,1,513,139,138,0,68,187,125,14,1855,0,139
26496,26496,1024,0,513,142,141,0,82,189,133,9,759,0,142
26497,26496,1024,1,513,141,140,0,82,190,134,7,440,0,141
26624,26624,2048,0,1025,288,287,0,172,256,178,78,19968,19968,256
26624,26624,1024,0,513,139,138,0,79,189,133,6,641,0,139
26624,26624,4096,0,37,10,9,0,5,11,10,0,0,0,10
26625,26624,2048,1,1025,286,285,0,174,256,189,67,17152,17152,256
26625,26624,1024,1,513,136,135,0,75,186,128,8,687,0,136
26625,26624,4096,1,37,6,6,0,6,9,6,0,0,0,6
26752,26752,1024,0,513,135,134,0,92,187,130,5,283,0,135
26753,26752,1024,1,513,134,133,0,92,188,130,4,250,0,134
26880,26880,2048,0,1025,285,284,0,176,256,183,73,18688,18688,256
26880,26880,1024,0,513,146,146,0,84,188,137,9,1142,0,146
26881,26880,2048,1,1025,284,283,0,174,256,184,72,18432,18432,256
26881,26880,1024,1,513,145,145,0,82,188,135,10,1383,0,145
27008,27008,1024,0,513,149,149,0,101,184,140,9,777,0,149
27009,27008,1024,1,513,151,151,0,103,185,142,9,820,0,151
27136,27136,2048,0,1025,289,288,0,194,256,202,54,13824,13824,256
27136,27136,1024,0,513,137,137,0,88,186,132,5,227,0,137
27136,27136,4096,0,37,9,8,0,8,11,9,0,0,0,9
27137,27136,2048,1,1025,286,285,0,193,256,205,51,13056,13056,256
27137,27136,1024,1,513,136,136,0,87,185,131,5,122,0,136
27137,27136,4096,1,37,7,6,0,4,9,6,1,10,0,7
27264,27264,1024,0,513,147,147,0,91,188,142,5,432,0,147
27265,27264,1024,1,513,148,148,0,91,187,144,4,256,0,148
27392,27392,2048,0,1025,280,280,0,181,256,188,68,17408,17408,256
27392,27392,1024,0,513,143,142,0,84,186,134,9,1274,0,143
27393,27392,2048,1,1025,278,278,0,177,256,189,67,17152,17152,256
27393,27392,1024,1,513,144,143,0,84,185,133,11,1505,0,144
27520,27520,1024,0,513,137,136,0,85,191,131,6,550,0,137
27521,27520,1024,1,513,140,139,0,88,194,135,5,706,0,140
27648,27648,2048,0,1025,279,279,0,174,256,144,112,28672,28672,256
27648,27648,1024,0,513,143,142,0,81,191,136,7,671,0,143
27648,27648,4096,0,37,9,8,0,8,11,8,1,11,0,9
27649,27648,2048,1,1025,278,278,0,176,256,137,119,30464,30464,256
27649,27648,1024,1,513,143,142,0,83,192,136,7,464,0,143
27649,27648,4096,1,37,7,6,0,5,10,7,0,0,0,7
27776,27776,1024,0,513,144,143,0,101,192,137,7,824,0,144
27777,27776,1024,1,513,146,145,0,103,193,139,7,849,0,146
27904,27904,2048,0,1025,284,284,0,185,256,205,51,13056,13056,256
27904,27904,1024,0,513,141,140,0,89,191,139,2,66,0,141
27905,27904,2048,1,1025,286,286,0,186,256,187,69,17664,17664,256
27905,27904,1024,1,513,141,140,0,91,192,138,3,140,0,141
28032,28032,1024,0,513,147,146,0,86,187,138,9,859,0,147
28033,28032,1024,1,513,145,144,0,85,189,136,9,770,0,145
28160,28160,2048,0,1025,288,287,0,189,256,213,43,11008,11008,256
28160,28160,1024,0,513,141,141,0,95,189,138,3,196,0,141
28160,28160,4096,0,37,10,9,0,7,12,9,1,12,0,10
28161,28160,2048,1,1025,288,287,0,190,256,207,49,12544,12544,256
28161,28160,1024,1,513,142,142,0,93,191,139,3,212,0,142
28161,28160,4096,1,37,7,6,0,5,10,6,1,11,0,7
28288,28288,1024,0,513,140,140,0,86,185,135,5,267,0,140
28289,28288,1024,1,513,139,139,0,89,187,135,4,199,0,139
28416,28416,2048,0,1025,294,293,0,185,256,123,133,34048,34048,256
28416,28416,1024,0,513,140,140,0,89,182,132,8,693,0,140
28417,28416,2048,1,1025,292,291,0,183,256,157,99,25344,25344,256
28417,28416,1024,1,513,143,143,0,87,183,135,8,674,0,143
28544,28544,1024,0,513,142,141,0,82,186,137,5,665,0,142
28545,28544,1024,1,513,141,140,0,81,187,136,5,670,0,141
28672,28672,2048,0,1025,286,286,0,180,256,191,65,16640,16640,256
28672,28672,1024,0,513,131,131,0,88,186,123,8,860,0,131
28672,28672,4096,0,37,10,9,0,6,13,10,0,0,0,10
28673,28672,2048,1,1025,287,287,0,182,256,161,95,24320,24320,256
28673,28672,1024,1,513,132,132,0,86,187,124,8,759,0,132
28673,28672,4096,1,37,8,7,0,5,9,8,0,0,0,8
28800,28800,1024,0,513,134,134,0,88,189,127,7,683,0,134
28801,28800,1024,1,513,135,135,0,88,191,129,6,686,0,135
28928,28928,2048,0,1025,281,281,0,178,256,209,47,12032,12032,256
28928,28928,1024,0,513,140,140,0,79,186,129,11,936,0,140
28929,28928,2048,1,1025,279,279,0,179,256,218,38,9728,9728,256
28929,28928,1024,1,513,141,141,0,80,189,132,9,911,0,141
29056,29056,1024,0,513,139,139,0,95,187,131,8,504,0,139
29057,29056,1024,1,513,140,140,0,94,187,132,8,424,0,140
29184,29184,2048,0,1025,286,286,0,185,256,221,35,8960,8960,256
29184,29184,1024,0,513,142,141,0,88,185,136,6,551,0,142
29184,29184,4096,0,37,10,10,0,8,13,10,0,0,0,10
29185,29184,2048,1,1025,285,285,0,183,256,200,56,14336,14336,256
29185,29184,1024,1,513,141,140,0,87,185,136,5,369,0,141
29185,29184,4096,1,37,7,6,0,4,8,7,0,0,0,7
29312,29312,1024,0,513,142,141,0,95,179,133,9,840,0,142
29313,29312,1024,1,513,142,141,0,94,178,133,9,738,0,142
29440,29440,2048,0,1025,278,278,0,187,256,188,68,17408,17408,256
29440,29440,1024,0,513,147,147,0,94,179,139,8,715,0,147
29441,29440,2048,1,1025,276,276,0,187,256,198,58,14848,14848,256
29441,29440,1024,1,513,147,147,0,96,179,139,8,891,0,147
29568,29568,1024,0,513,137,137,0,82,181,132,5,383,0,137
29569,29568,1024,1,513,137,137,0,81,181,132,5,354,0,137
29696,29696,2048,0,1025,285,285,0,176,256,152,104,26624,26624,256
29696,29696,1024,0,513,146,146,0,84,184,135,11,1839,0,146
29696,29696,4096,0,37,9,9,0,6,12,9,0,0,0,9
29697,29696,2048,1,1025,284,284,0,173,256,160,96,24576,24576,256
29697,29696,1024,1,513,147,147,0,85,184,136,11,1726,0,147
29697,29696,4096,1,37,8,7,0,3,8,7,1,5,0,8
29824,29824,1024,0,513,140,140,0,93,188,132,8,840,0,140
29825,29824,1024,1,513,140,140,0,91,188,132,8,850,0,140
29952,29952,2048,0,1025,284,283,0,192,256,217,39,9984,9984,256
29952,29952,1024,0,513,139,139,0,91,192,132,7,1054,0,139
29953,29952,2048,1,1025,283,282,0,194,256,215,41,10496,10496,256
29953,29952,1024,1,513,139,139,0,92,192,132,7,1023,0,139
30080,30080,1024,0,513,132,131,0,79,190,127,5,260,0,132
30081,30080,1024,1,513,131,130,0,79,190,126,5,232,0,131
30208,30208,2048,0,1025,292,291,0,173,256,194,62,15872,15872,256
30208,30208,1024,0,513,144,144,0,81,186,132,12,1170,0,144
30208,30208,4096,0,37,10,9,0,7,12,10,0,0,0,10
30209,30208,2048,1,1025,291,290,0,174,256,194,62,15872,15872,256
30209,30208,1024,1,513,144,144,0,81,186,132,12,1130,0,144
30209,30208,4096,1,37,7,7,0,4,9,7,0,0,0,7
30336,30336,1024,0,513,148,148,0,94,187,140,8,699,0,148
30337,30336,1024,1,513,147,147,0,96,188,140,7,509,0,147
30464,30464,2048,0,1025,275,275,0,168,256,182,74,18944,18944,256
30464,30464,1024,0,513,137,137,0,95,183,131,6,378,0,137
30465,30464,2048,1,1025,275,275,0,168,256,178,78,19968,19968,256
30465,30464,1024,1,513,138,138,0,95,182,132,6,272,0,138
30592,30592,1024,0,513,141,140,0,76,183,126,15,2111,0,141
30593,30592,1024,1,513,141,140,0,77,182,127,14,1823,0,141
30720,30720,2048,0,1025,275,275,0,176,256,169,87,22272,22272,256
30720,30720,1024,0,513,133,132,0,84,194,126,7,843,0,133
30720,30720,4096,0,37,9,8,0,8,11,9,0,0,0,9
30721,30720,2048,1,1025,275,275,0,178,256,175,81,20736,20736,256
30721,30720,1024,1,513,135,134,0,86,192,128,7,838,0,135
30721,30720,4096,1,37,7,6,0,5,9,7,0,0,0,7
30848,30848,1024,0,513,139,138,0,79,193,132,7,519,0,139
30849,30848,1024,1,513,139,138,0,79,191,132,7,609,0,139
30976,30976,2048,0,1025,294,294,0,189,256,215,41,10496,10496,256
30976,30976,1024,0,513,140,139,0,85,189,131,9,608,0,140
30977,30976,2048,1,1025,294,294,0,188,256,216,40,10240,10240,256
30977,30976,1024,1,513,141,140,0,88,188,131,10,937,0,141
31104,31104,1024,0,513,146,145,0,90,190,143,3,46,0,146
31105,31104,1024,1,513,147,146,0,91,190,144,3,30,0,147
31232,31232,2048,0,1025,283,283,0,197,256,181,75,19200,19200,256
31232,31232,1024,0,513,137,136,0,84,185,133,4,164,0,137
31232,31232,4096,0,37,9,9,0,6,11,8,1,6,0,9
31233,31232,2048,1,1025,283,283,0,197,256,180,76,19456,19456,256
31233,31232,1024,1,513,137,136,0,82,185,134,3,111,0,137
31233,31232,4096,1,37,9,8,0,3,9,8,1,8,0,9
31360,31360,1024,0,513,134,134,0,76,183,124,10,913,0,134
31361,31360,1024,1,513,132,132,0,76,182,122,10,673,0,132
31488,31488,2048,0,1025,277,276,0,176,256,177,79,20224,20224,256
31488,31488,1024,0,513,138,138,0,91,184,129,9,855,0,138
31489,31488,2048,1,1025,276,275,0,174,256,196,60,15360,15360,256
31489,31488,1024,1,513,138,138,0,91,182,129,9,688,0,138
31616,31616,1024,0,513,146,146,0,90,189,137,9,1065,0,146
31617,31616,1024,1,513,145,145,0,92,189,136,9,1411,0,145
31744,31744,2048,0,1025,290,290,0,190,256,157,99,25344,25344,256
31744,31744,1024,0,513,142,142,0,88,188,131,11,1066,0,142
31744,31744,4096,0,37,8,8,0,6,12,8,0,0,0,8
31745,31744,2048,1,1025,291,291,0,190,256,148,108,27648,27648,256
31745,31744,1024,1,513,144,144,0,89,187,132,12,1139,0,144
31745,31744,4096,1,37,8,7,0,6,10,7,1,9,0,8
31872,31872,1024,0,513,138,137,0,88,187,134,4,109,0,138
31873,31872,1024,1,513,139,138,0,89,187,134,5,132,0,139
32000,32000,2048,0,1025,279,279,0,175,256,196,60,15360,15360,256
32000,32000,1024,0,513,144,143,0,90,184,135,9,838,0,144
32001,32000,2048,1,1025,277,277,0,174,256,221,35,8960,8960,256
32001,32000,1024,1,513,145,144,0,90,185,137,8,689,0,145
32128,32128,1024,0,513,142,141,0,99,184,135,7,662,0,142
32129,32128,1024,1,513,143,142,0,102,185,136,7,717,0,143
32256,32256,2048,0,1025,274,274,0,175,256,159,97,24832,24832,256
32256,32256,1024,0,513,139,139,0,94,187,130,9,1131,0,139
32256,32256,4096,0,37,9,8,0,4,12,9,0,0,0,9
32257,32256,2048,1,1025,274,274,0,175,256,140,116,29696,29696,256
32257,32256,1024,1,513,139,139,0,95,188,131,8,996,0,139
32257,32256,4096,1,37,9,8,0,5,11,8,1,12,0,9
32384,32384,1024,0,513,135,135,0,87,185,125,10,791,0,135
32385,32384,1024,1,513,135,135,0,85,184,125,10,646,0,135
32512,32512,2048,0,1025,281,280,0,162,256,189,67,17152,17152,256
32512,32512,1024,0,513,141,141,0,81,187,134,7,545,0,141
32513,32512,2048,1,1025,280,279,0,164,256,197,59,15104,15104,256
32513,32512,1024,1,513,141,141,0,82,187,134,7,647,0,141
32640,32640,1024,0,513,141,141,0,92,186,135,6,385,0,141
32641,32640,1024,1,513,142,142,0,94,186,136,6,313,0,142
32768,32768,2048,0,1025,289,289,0,186,256,73,183,46848,46848,256
32768,32768,1024,0,513,147,146,0,90,186,139,8,895,0,147
32768,32768,4096,0,37,9,9,0,6,11,8,1,7,0,9
32769,32768,2048,1,1025,287,287,0,186,256,82,174,44544,44544,256
32769,32768,1024,1,513,148,147,0,92,185,140,8,728,0,148
32769,32768,4096,1,37,7,6,0,6,12,7,0,0,0,7
32896,32896,1024,0,513,144,143,0,81,187,137,7,663,0,144
32897,32896,1024,1,513,143,142,0,83,186,136,7,645,0,143
33024,33024,2048,0,1025,269,269,0,172,256,170,86,22016,22016,256
33024,33024,1024,0,513,146,145,0,92,186,137,9,927,0,146
33025,33024,2048,1,1025,267,267,0,172,256,190,66,16896,16896,256
33025,33024,1024,1,513,145,144,0,91,186,136,9,1056,0,145
33152,33152,1024,0,513,134,134,0,91,190,131,3,352,0,134
33153,33152,1024,1,513,133,133,0,90,190,131,2,196,0,133
33280,33280,2048,0,1025,278,278,0,166,256,201,55,14080,14080,256
33280,33280,1024,0,513,138,138,0,84,186,132,6,419,0,138
33280,33280,4096,0,37,9,9,0,5,11,9,0,0,0,9
33281,33280,2048,1,1025,275,275,0,165,256,199,57,14592,14592,256
33281,33280,1024,1,513,139,139,0,82,186,133,6,512,0,139
33281,33280,4096,1,37,6,6,0,3,12,6,0,0,0,6
33408,33408,1024,0,513,146,146,0,86,182,131,15,1567,0,146
33409,33408,1024,1,513,147,147,0,85,181,132,15,1570,0,147
33536,33536,2048,0,1025,281,281,0,177,256,207,49,12544,12544,256
33536,33536,1024,0,513,142,142,0,101,190,137,5,239,0,142
33537,33536,2048,1,1025,279,279,0,178,256,212,44,11264,11264,256
33537,33536,1024,1,513,141,141,0,100,190,137,4,290,0,141
33664,33664,1024,0,513,149,148,0,97,185,142,7,714,0,149
33665,33664,1024,1,513,148,147,0,98,184,141,7,777,0,148
33792,33792,2048,0,1025,275,275,0,161,256,155,101,25856,25856,256
33792,33792,1024,0,513,144,144,0,85,185,134,10,1305,0,144
33792,33792,4096,0,37,10,10,0,7,11,9,1,8,0,10
33793,33792,2048,1,1025,275,275,0,161,256,137,119,30464,30464,256
33793,33792,1024,1,513,143,143,0,85,184,133,10,1298,0,143
33793,33792,4096,1,37,7,7,0,4,11,7,0,0,0,7
33920,33920,1024,0,513,147,146,0,93,186,139,8,446,0,147
33921,33920,1024,1,513,145,144,0,95,185,138,7,385,0,145
34048,34048,2048,0,1025,268,268,0,159,256,177,79,20224,20224,256
34048,34048,1024,0,513,143,142,0,91,189,137,6,726,0,143
34049,34048,2048,1,1025,267,267,0,161,256,174,82,20992,20992,256
34049,34048,1024,1,513,144,143,0,88,188,138,6,772,0,144
34176,34176,1024,0,513,137,136,0,81,187,129,8,690,0,137
34177,34176,1024,1,513,138,137,0,84,186,130,8,723,0,138
34304,34304,2048,0,1025,291,291,0,174,256,215,41,10496,10496,256
34304,34304,1024,0,513,140,139,0,91,188,130,10,1077,0,140
34304,34304,4096,0,37,9,9,0,7,12,9,0,0,0,9
34305,34304,2048,1,1025,291,291,0,172,256,210,46,11776,11776,256
34305,34304,1024,1,513,140,139,0,90,186,130,10,813,0,140
34305,34304,4096,1,37,9,8,0,6,10,8,1,1,0,9
34432,34432,1024,0,513,139,138,0,85,192,135,4,380,0,139
34433,34432,1024,1,513,138,137,0,84,190,134,4,404,0,138
34560,34560,2048,0,1025,287,286,0,191,256,206,50,12800,12800,256
34560,34560,1024,0,513,141,141,0,83,183,131,10,454,0,141
34561,34560,2048,1,1025,287,286,0,191,256,203,53,13568,13568,256
34561,34560,1024,1,513,142,142,0,83,183,133,9,544,0,142
34688,34688,1024,0,513,141,141,0,92,187,134,7,471,0,141
34689,34688,1024,1,513,140,140,0,93,188,135,5,443,0,140
34816,34816,2048,0,1025,292,292,0,180,256,101,155,39680,39680,256
34816,34816,1024,0,513,143,143,0,99,187,137,6,528,0,143
34816,34816,4096,0,37,9,8,0,6,12,8,1,11,0,9
34817,34816,2048,1,1025,291,291,0,183,256,84,172,44032,44032,256
34817,34816,1024,1,513,142,142,0,97,186,136,6,492,0,142
34817,34816,4096,1,37,6,5,0,4,10,6,0,0,0,6
34944,34944,1024,0,513,149,148,0,99,186,145,4,151,0,149
34945,34944,1024,1,513,147,146,0,96,185,143,4,192,0,147
35072,35072,2048,0,1025,287,287,0,187,256,181,75,19200,19200,256
35072,35072,1024,0,513,147,147,0,94,182,139,8,805,0,147
35073,35072,2048,1,1025,287,287,0,187,256,171,85,21760,21760,256
35073,35072,1024,1,513,146,146,0,95,181,138,8,825,0,146
35200,35200,1024,0,513,140,140,0,89,181,136,4,163,0,140
35201,35200,1024,1,513,142,142,0,91,180,138,4,171,0,142
35328,35328,2048,0,1025,275,275,0,181,256,211,45,11520,11520,256
35328,35328,1024,0,513,141,141,0,89,180,131,10,1210,0,141
35328,35328,4096,0,37,8,8,0,5,13,8,0,0,0,8
35329,35328,2048,1,1025,275,275,0,183,256,216,40,10240,10240,256
35329,35328,1024,1,513,142,142,0,92,179,132,10,1179,0,142
35329,35328,4096,1,37,6,5,0,3,9,5,1,7,0,6
35456,35456,1024,0,513,135,135,0,83,184,127,8,950,0,135
35457,35456,1024,1,513,138,138,0,83,184,130,8,1189,0,138
35584,35584,2048,0,1025,275,274,0,161,256,189,67,17152,17152,256
35584,35584,1024,0,513,138,138,0,80,186,136,2,94,0,138
35585,35584,2048,1,1025,275,274,0,159,256,192,64,16384,16384,256
35585,35584,1024,1,513,139,139,0,82,186,136,3,194,0,139
35712,35712,1024,0,513,138,138,0,86,182,131,7,703,0,138
35713,35712,1024,1,513,141,141,0,87,183,134,7,724,0,141
35840,35840,2048,0,1025,286,285,0,172,256,155,101,25856,25856,256
35840,35840,1024,0,513,135,135,0,87,183,127,8,806,0,135
35840,35840,4096,0,37,9,8,0,5,13,9,0,0,0,9
35841,35840,2048,1,1025,285,284,0,172,256,168,88,22528,22528,256
35841,35840,1024,1,513,133,133,0,89,185,127,6,607,0,133
35841,35840,4096,1,37,6,5,0,3,10,6,0,0,0,6
35968,35968,1024,0,513,138,138,0,93,184,134,4,186,0,138
35969,35968,1024,1,513,137,137,0,93,187,134,3,349,0,137
36096,36096,2048,0,1025,287,287,0,176,256,216,40,10240,10240,256
36096,36096,1024,0,513,134,134,0,90,183,132,2,33,0,134
36097,36096,2048,1,1025,286,286,0,171,256,216,40,10240,10240,256
36097,36096,1024,1,513,133,133,0,87,185,131,2,63,0,133
36224,36224,1024,0,513,140,140,0,92,178,135,5,185,0,140
36225,36224,1024,1,513,140,140,0,93,180,135,5,319,0,140
36352,36352,2048,0,1025,286,286,0,174,256,192,64,16384,16384,256
36352,36352,1024,0,513,141,140,0,89,174,133,8,806,0,141
36352,36352,4096,0,37,10,9,0,6,12,10,0,0,0,10
36353,36352,2048,1,1025,285,285,0,173,256,191,65,16640,16640,256
36353,36352,1024,1,513,141,140,0,92,175,135,6,314,0,141
36353,36352,4096,1,37,7,7,0,3,10,7,0,0,0,7
36480,36480,1024,0,513,139,138,0,89,180,134,5,645,0,139
36481,36480,1024,1,513,139,138,0,90,178,134,5,517,0,139
36608,36608,2048,0,1025,278,278,0,182,256,157,99,25344,25344,256
36608,36608,1024,0,513,136,136,0,80,174,126,10,889,0,136
36609,36608,2048,1,1025,277,277,0,182,256,159,97,24832,24832,256
36609,36608,1024,1,513,136,136,0,80,172,125,11,914,0,136
36736,36736,1024,0,513,132,132,0,82,179,126,6,576,0,132
36737,36736,1024,1,513,134,134,0,85,179,128,6,674,0,134
36864,36864,2048,0,1025,287,287,0,188,256,221,35,8960,8960,256
36864,36864,1024,0,513,130,130,0,84,179,120,10,1203,0,130
36864,36864,4096,0,37,9,9,0,5,11,8,1,5,0,9
36865,36864,2048,1,1025,286,286,0,186,256,220,36,9216,9216,256
36865,36864,1024,1,513,131,131,0,88,179,122,9,1026,0,131
36865,36864,4096,1,37,8,8,0,6,8,6,2,14,0,8
36992,36992,1024,0,513,140,139,0,74,181,133,7,583,0,140
36993,36992,1024,1,513,139,138,0,73,180,133,6,423,0,139
37120,37120,2048,0,1025,292,292,0,188,256,155,101,25856,25856,256
37120,37120,1024,0,513,144,143,0,84,183,138,6,732,0,144
37121,37120,2048,1,1025,291,291,0,184,256,165,91,23296,23296,256
37121,37120,1024,1,513,143,142,0,84,181,138,5,523,0,143
37248,37248,1024,0,513,142,142,0,88,180,132,10,1170,0,142
37249,37248,1024,1,513,144,144,0,89,178,134,10,1239,0,144
37376,37376,2048,0,1025,286,286,0,195,256,130,126,32256,32256,256
37376,37376,1024,0,513,141,141,0,89,183,136,5,427,0,141
37376,37376,4096,0,37,8,8,0,6,12,8,0,0,0,8
37377,37376,2048,1,1025,286,286,0,194,256,122,134,34304,34304,256
37377,37376,1024,1,513,140,140,0,89,180,134,6,452,0,140
37377,37376,4096,1,37,8,8,0,5,10,8,0,0,0,8
37504,37504,1024,0,513,143,143,0,90,182,131,12,1537,0,143
37505,37504,1024,1,513,143,143,0,88,181,131,12,1648,0,143
37632,37632,2048,0,1025,279,279,0,184,256,168,88,22528,22528,256
37632,37632,1024,0,513,146,146,0,89,184,134,12,1276,0,146
37633,37632,2048,1,1025,278,278,0,186,256,207,49,12544,12544,256
37633,37632,1024,1,513,148,148,0,90,184,137,11,1130,0,148
37760,37760,1024,0,513,139,139,0,83,188,131,8,849,0,139
37761,37760,1024,1,513,138,138,0,82,188,130,8,993,0,138
37888,37888,2048,0,1025,289,289,0,180,256,223,33,8448,8448,256
37888,37888,1024,0,513,141,141,0,94,190,135,6,688,0,141
37888,37888,4096,0,37,10,10,0,6,12,9,1,10,0,10
37889,37888,2048,1,1025,288,288,0,179,256,220,36,9216,9216,256
37889,37888,1024,1,513,140,140,0,91,190,134,6,673,0,140
37889,37888,4096,1,37,7,6,0,4,10,7,0,0,0,7
38016,38016,1024,0,513,143,143,0,86,191,136,7,672,0,143
38017,38016,1024,1,513,145,145,0,86,191,138,7,679,0,145
38144,38144,2048,0,1025,281,281,0,181,256,187,69,17664,17664,256
38144,38144,1024,0,513,145,144,0,85,188,137,8,765,0,145
38145,38144,2048,1,1025,281,281,0,180,256,183,73,18688,18688,256
38145,38144,1024,1,513,145,144,0,86,187,136,9,706,0,145
38272,38272,1024,0,513,141,140,0,84,184,133,8,439,0,141
38273,38272,1024,1,513,142,141,0,84,185,135,7,476,0,142
38400,38400,2048,0,1025,285,285,0,183,256,149,107,27392,27392,256
38400,38400,1024,0,513,140,139,0,88,186,131,9,1047,0,140
38400,38400,4096,0,37,10,9,0,6,13,8,2,27,0,10
38401,38400,2048,1,1025,285,285,0,184,256,154,102,26112,26112,256
38401,38400,1024,1,513,140,139,0,90,186,131,9,1026,0,140
38401,38400,4096,1,37,7,7,0,2,10,6,1,9,0,7
38528,38528,1024,0,513,174,173,0,68,190,148,26,4905,0,174
38529,38528,1024,1,513,152,151,0,75,190,137,15,2544,0,152
38656,38656,2048,0,1025,328,328,0,163,256,61,195,49920,49920,256
38656,38656,1024,0,513,152,151,0,118,211,145,7,830,0,152
38657,38656,2048,1,1025,288,287,0,162,256,61,195,49920,49920,256
38657,38656,1024,1,513,147,147,0,100,198,139,8,552,0,147
38784,38784,1024,0,513,123,123,0,101,212,123,0,0,0,123
38785,38784,1024,1,513,127,127,0,95,197,124,3,130,0,127
38912,38912,2048,0,1025,322,321,0,240,256,174,82,20992,20992,256
38912,38912,1024,0,513,99,99,0,63,205,99,0,0,0,99
38912,38912,4096,0,37,8,7,0,3,13,7,1,6,0,8
38913,38912,2048,1,1025,307,307,0,214,256,183,73,18688,18688,256
38913,38912,1024,1,513,111,111,0,79,194,108,3,205,0,111
38913,38912,4096,1,37,4,3,0,3,11,4,0,0,0,4
39040,39040,1024,0,513,132,132,0,67,192,128,4,62,0,132
39041,39040,1024,1,513,133,133,0,64,185,129,4,106,0,133
39168,39168,2048,0,1025,259,259,0,218,256,223,33,8448,8448,256
39168,39168,1024,0,513,154,154,0,103,175,145,9,137,0,154
39169,39168,2048,1,1025,274,274,0,203,256,214,42,10752,10752,256
39169,39168,1024,1,513,153,152,0,101,173,143,10,373,0,153
39296,39296,1024,0,513,171,170,0,126,175,153,18,1405,0,171
39297,39296,1024,1,513,149,148,0,85,169,139,10,696,0,149
39424,39424,2048,0,1025,204,204,0,125,256,191,13,3328,3328,204
39424,39424,1024,0,513,139,138,0,63,185,126,13,1499,0,139
39424,39424,4096,0,37,4,4,0,4,14,4,0,0,0,4
39425,39424,2048,1,1025,226,226,0,133,256,204,22,5632,5632,226
39425,39424,1024,1,513,138,137,0,75,174,125,13,1365,0,138
39425,39424,4096,1,37,5,4,0,2,10,3,2,18,0,5
39552,39552,1024,0,513,133,132,0,85,191,122,11,1296,0,133
39553,39552,1024,1,513,133,132,0,85,183,129,4,395,0,133
39680,39680,2048,0,1025,255,255,0,142,256,200,55,14080,14080,255
39680,39680,1024,0,513,141,140,0,95,201,136,5,878,0,141
39681,39680,2048,1,1025,254,254,0,144,256,205,49,12544,12544,254
39681,39680,1024,1,513,141,140,0,94,187,133,8,1295,0,141
39808,39808,1024,0,513,144,144,0,90,205,137,7,1209,0,144
39809,39808,1024,1,513,145,145,0,93,189,132,13,1816,0,145
39936,39936,2048,0,1025,318,317,0,195,256,117,139,35584,35584,256
39936,39936,1024,0,513,132,132,0,90,197,129,3,88,0,132
39936,39936,4096,0,37,4,4,0,3,14,4,0,0,0,4
39937,39936,2048,1,1025,300,299,0,185,256,179,77,19712,19712,256
39937,39936,1024,1,513,133,133,0,91,191,129,4,147,0,133
39937,39936,4096,1,37,4,4,0,3,11,3,1,12,0,4
40064,40064,1024,0,513,139,139,0,82,186,132,7,221,0,139
40065,40064,1024,1,513,139,139,0,82,184,131,8,464,0,139
40192,40192,2048,0,1025,321,321,0,245,256,146,110,28160,28160,256
40192,40192,1024,0,513,139,139,0,93,189,134,5,363,0,139
40193,40192,2048,1,1025,285,284,0,190,256,182,74,18944,18944,256
40193,40192,1024,1,513,137,137,0,95,187,133,4,287,0,137
40320,40320,1024,0,513,139,138,0,86,184,135,4,198,0,139
40321,40320,1024,1,513,139,138,0,87,182,135,4,409,0,139
40448,40448,2048,0,1025,272,272,0,146,256,202,54,13824,13824,256
40448,40448,1024,0,513,141,140,0,90,180,132,9,711,0,141
40448,40448,4096,0,37,4,4,0,1,12,4,0,0,0,4
40449,40448,2048,1,1025,272,272,0,160,256,196,60,15360,15360,256
40449,40448,1024,1,513,141,140,0,90,178,133,8,719,0,141
40449,40448,4096,1,37,4,4,0,2,10,4,0,0,0,4
40576,40576,1024,0,513,140,139,0,91,184,132,8,618,0,140
40577,40576,1024,1,513,140,139,0,91,181,131,9,871,0,140
40704,40704,2048,0,1025,272,272,0,171,256,179,77,19712,19712,256
40704,40704,1024,0,513,144,144,0,82,183,138,6,288,0,144
40705,40704,2048,1,1025,271,271,0,169,256,174,82,20992,20992,256
40705,40704,1024,1,513,144,144,0,85,182,139,5,172,0,144
40832,40832,1024,0,513,149,149,0,88,182,137,12,1339,0,149
40833,40832,1024,1,513,150,150,0,89,181,138,12,1423,0,150
40960,40960,2048,0,1025,273,273,0,177,256,165,91,23296,23296,256
40960,40960,1024,0,513,146,146,0,88,191,138,8,920,0,146
40960,40960,4096,0,37,4,4,0,3,8,4,0,0,0,4
40961,40960,2048,1,1025,272,272,0,175,256,154,102,26112,26112,256
40961,40960,1024,1,513,147,147,0,91,190,139,8,1105,0,147
40961,40960,4096,1,37,5,5,0,4,7,4,1,5,0,5
41088,41088,1024,0,513,136,136,0,90,190,130,6,400,0,136
41089,41088,1024,1,513,134,134,0,91,188,128,6,333,0,134
41216,41216,2048,0,1025,284,282,0,180,256,142,114,29184,29184,256
41216,41216,1024,0,513,138,138,0,87,191,131,7,815,0,138
41217,41216,2048,1,1025,282,281,0,179,256,137,119,30464,30464,256
41217,41216,1024,1,513,140,140,0,87,189,135,5,529,0,140
41344,41344,1024,0,513,142,142,0,82,190,134,8,832,0,142
41345,41344,1024,1,513,142,142,0,84,186,134,8,893,0,142
41472,41472,2048,0,1025,283,283,0,184,256,126,130,33280,33280,256
41472,41472,1024,0,513,134,134,0,80,186,129,5,379,0,134
41472,41472,4096,0,37,4,4,0,2,4,3,1,5,0,4
41473,41472,2048,1,1025,281,281,0,183,256,121,135,34560,34560,256
41473,41472,1024,1,513,135,135,0,81,182,130,5,329,0,135
41473,41472,4096,1,37,6,6,0,4,7,6,0,0,0,6
41600,41600,1024,0,513,137,136,0,100,181,131,6,473,0,137
41601,41600,1024,1,513,137,136,0,102,178,131,6,480,0,137
41728,41728,2048,0,1025,277,277,0,182,256,166,90,23040,23040,256
41728,41728,1024,0,513,139,138,0,84,179,130,9,686,0,139
41729,41728,2048,1,1025,276,276,0,180,256,166,90,23040,23040,256
41729,41728,1024,1,513,140,139,0,84,179,132,8,881,0,140
41856,41856,1024,0,513,138,137,0,77,181,130,8,813,0,138
41857,41856,1024,1,513,139,138,0,81,181,131,8,766,0,139
41984,41984,2048,0,1025,279,278,0,181,256,221,35,8960,8960,256
41984,41984,1024,0,513,131,130,0,87,175,124,7,390,0,131
41984,41984,4096,0,37,7,7,0,4,5,4,3,21,0,7
41985,41984,2048,1,1025,278,277,0,179,256,222,34,8704,8704,256
41985,41984,1024,1,513,130,129,0,87,175,123,7,434,0,130
41985,41984,4096,1,37,5,5,0,3,6,4,1,1,0,5
42112,42112,1024,0,513,140,139,0,93,177,129,11,1216,0,140
42113,42112,1024,1,513,139,138,0,95,176,129,10,974,0,139
42240,42240,2048,0,1025,298,297,0,185,256,186,70,17920,17920,256
42240,42240,1024,0,513,140,139,0,80,183,131,9,1223,0,140
42241,42240,2048,1,1025,295,294,0,181,256,182,74,18944,18944,256
42241,42240,1024,1,513,140,139,0,81,181,132,8,1040,0,140
42368,42368,1024,0,513,141,141,0,84,186,135,6,739,0,141
42369,42368,1024,1,513,142,142,0,84,183,136,6,599,0,142
42496,42496,2048,0,1025,288,287,0,191,256,180,76,19456,19456,256
42496,42496,1024,0,513,140,139,0,89,184,133,7,452,0,140
42496,42496,4096,0,37,7,6,0,4,8,5,2,19,0,7
42497,42496,2048,1,1025,286,285,0,187,256,196,60,15360,15360,256
42497,42496,1024,1,513,142,141,0,92,181,135,7,601,0,142
42497,42496,4096,1,37,8,7,0,4,7,4,4,26,0,8
42624,42624,1024,0,513,134,133,0,82,189,129,5,564,0,134
42625,42624,1024,1,513,135,134,0,85,187,130,5,778,0,135
42752,42752,2048,0,1025,293,292,0,184,256,147,109,27904,27904,256
42752,42752,1024,0,513,137,137,0,81,183,128,9,553,0,137
42753,42752,2048,1,1025,290,289,0,183,256,185,71,18176,18176,256
42753,42752,1024,1,513,137,137,0,84,183,128,9,700,0,137
42880,42880,1024,0,513,134,134,0,77,185,129,5,367,0,134
42881,42880,1024,1,513,134,134,0,75,186,129,5,505,0,134
43008,43008,2048,0,1025,284,283,0,189,256,209,47,12032,12032,256
43008,43008,1024,0,513,139,139,0,80,182,131,8,588,0,139
43008,43008,4096,0,37,9,9,0,6,10,9,0,0,0,9
43009,43008,2048,1,1025,282,281,0,188,256,187,69,17664,17664,256
43009,43008,1024,1,513,139,139,0,81,183,132,7,452,0,139
43009,43008,4096,1,37,7,7,0,5,11,6,1,11,0,7
43136,43136,1024,0,513,140,140,0,84,183,133,7,563,0,140
43137,43136,1024,1,513,141,141,0,87,182,134,7,366,0,141
43264,43264,2048,0,1025,291,289,0,179,256,184,72,18432,18432,256
43264,43264,1024,0,513,145,145,0,91,182,138,7,653,0,145
43265,43264,2048,1,1025,289,288,0,176,256,172,84,21504,21504,256
43265,43264,1024,1,513,146,146,0,92,180,137,9,829,0,146
43392,43392,1024,0,513,137,137,0,84,182,128,9,1292,0,137
43393,43392,1024,1,513,139,139,0,85,182,130,9,1254,0,139
43520,43520,2048,0,1025,283,282,0,174,256,204,52,13312,13312,256
43520,43520,1024,0,513,137,137,0,79,183,132,5,368,0,137
43520,43520,4096,0,37,8,7,0,6,10,7,1,11,0,8
43521,43520,2048,1,1025,286,285,0,176,256,142,114,29184,29184,256
43521,43520,1024,1,513,136,136,0,80,184,131,5,450,0,136
43521,43520,4096,1,37,7,7,0,5,12,7,0,0,0,7
43648,43648,1024,0,513,146,146,0,84,181,136,10,1184,0,146
43649,43648,1024,1,513,145,145,0,84,182,136,9,866,0,145
43776,43776,2048,0,1025,293,292,0,176,256,107,149,38144,38144,256
43776,43776,1024,0,513,141,141,0,86,187,137,4,290,0,141
43777,43776,2048,1,1025,292,291,0,177,256,88,168,43008,43008,256
43777,43776,1024,1,513,141,141,0,85,187,136,5,642,0,141
43904,43904,1024,0,513,136,136,0,89,184,129,7,465,0,136
43905,43904,1024,1,513,136,136,0,90,185,130,6,490,0,136
44032,44032,2048,0,1025,291,290,0,178,256,182,74,18944,18944,256
44032,44032,1024,0,513,136,136,0,88,182,128,8,696,0,136
44032,44032,4096,0,37,8,7,0,5,11,8,0,0,0,8
44033,44032,2048,1,1025,289,287,0,177,256,184,72,18432,18432,256
44033,44032,1024,1,513,137,137,0,92,182,129,8,636,0,137
44033,44032,4096,1,37,9,8,0,6,11,8,1,2,0,9
44160,44160,1024,0,513,144,144,0,93,182,135,9,1126,0,144
44161,44160,1024,1,513,145,145,0,93,182,136,9,1002,0,145
44288,44288,2048,0,1025,271,271,0,177,256,205,51,13056,13056,256
44288,44288,1024,0,513,142,142,0,93,186,137,5,434,0,142
44289,44288,2048,1,1025,269,269,0,173,256,214,42,10752,10752,256
44289,44288,1024,1,513,143,143,0,94,186,138,5,460,0,143
44416,44416,1024,0,513,145,145,0,84,182,135,10,824,0,145
44417,44416,1024,1,513,143,143,0,86,182,135,8,519,0,143
44544,44544,2048,0,1025,284,283,0,169,256,139,117,29952,29952,256
44544,44544,1024,0,513,145,145,0,88,185,140,5,229,0,145
44544,44544,4096,0,37,9,8,0,4,11,8,1,12,0,9
44545,44544,2048,1,1025,282,282,0,168,256,143,113,28928,28928,256
44545,44544,1024,1,513,145,145,0,87,184,140,5,469,0,145
44545,44544,4096,1,37,8,8,0,6,12,8,0,0,0,8
44672,44672,1024,0,513,141,141,0,98,187,135,6,718,0,141
44673,44672,1024,1,513,140,140,0,97,186,134,6,771,0,140
44800,44800,2048,0,1025,281,281,0,186,256,123,133,34048,34048,256
44800,44800,1024,0,513,137,136,0,92,186,129,8,860,0,137
44801,44800,2048,1,1025,280,280,0,184,256,159,97,24832,24832,256
44801,44800,1024,1,513,140,139,0,96,185,132,8,860,0,140
44928,44928,1024,0,513,141,140,0,86,184,133,8,552,0,141
44929,44928,1024,1,513,143,142,0,87,183,135,8,595,0,143
45056,45056,2048,0,1025,282,282,0,187,256,129,127,32512,32512,256
45056,45056,1024,0,513,147,147,0,86,185,137,10,1214,0,147
45056,45056,4096,0,37,8,7,0,5,11,8,0,0,0,8
45057,45056,2048,1,1025,283,283,0,188,256,114,142,36352,36352,256
45057,45056,1024,1,513,148,148,0,88,186,138,10,1472,0,148
45057,45056,4096,1,37,9,8,0,5,11,9,0,0,0,9
45184,45184,1024,0,513,147,147,0,87,187,139,8,947,0,147
45185,45184,1024,1,513,147,147,0,91,188,140,7,737,0,147
45312,45312,2048,0,1025,281,281,0,178,256,216,40,10240,10240,256
45312,45312,1024,0,513,142,142,0,95,186,135,7,409,0,142
45313,45312,2048,1,1025,279,279,0,176,256,219,37,9472,9472,256
45313,45312,1024,1,513,143,143,0,96,187,136,7,666,0,143
45440,45440,1024,0,513,138,138,0,85,187,130,8,674,0,138
45441,45440,1024,1,513,138,138,0,89,188,131,7,665,0,138
45568,45568,2048,0,1025,293,293,0,178,256,203,53,13568,13568,256
45568,45568,1024,0,513,137,136,0,93,187,134,3,188,0,137
45568,45568,4096,0,37,8,8,0,5,10,7,1,8,0,8
45569,45568,2048,1,1025,289,289,0,175,256,208,48,12288,12288,256
45569,45568,1024,1,513,136,135,0,91,186,133,3,103,0,136
45569,45568,4096,1,37,6,5,0,5,11,6,0,0,0,6
45696,45696,1024,0,513,138,137,0,82,184,132,6,341,0,138
45697,45696,1024,1,513,138,137,0,84,184,132,6,512,0,138
45824,45824,2048,0,1025,282,282,0,184,256,219,37,9472,9472,256
45824,45824,1024,0,513,139,138,0,88,179,129,10,756,0,139
45825,45824,2048,1,1025,281,281,0,182,256,212,44,11264,11264,256
45825,45824,1024,1,513,140,139,0,91,180,130,10,883,0,140
45952,45952,1024,0,513,134,133,0,86,180,128,6,233,0,134
45953,45952,1024,1,513,136,135,0,87,180,131,5,159,0,136
46080,46080,2048,0,1025,293,292,0,177,256,208,48,12288,12288,256
46080,46080,1024,0,513,140,139,0,92,181,133,7,923,0,140
46080,46080,4096,0,37,8,8,0,7,11,8,0,0,0,8
46081,46080,2048,1,1025,293,292,0,178,256,205,51,13056,13056,256
46081,46080,1024,1,513,141,140,0,92,180,134,7,739,0,141
46081,46080,4096,1,37,8,7,0,4,10,8,0,0,0,8
46208,46208,1024,0,513,142,141,0,78,179,134,8,563,0,142
46209,46208,1024,1,513,142,141,0,79,180,134,8,777,0,142
46336,46336,2048,0,1025,274,272,0,181,256,138,118,30208,30208,256
46336,46336,1024,0,513,136,135,0,82,182,129,7,783,0,136
46337,46336,2048,1,1025,273,272,0,180,256,130,126,32256,32256,256
46337,46336,1024,1,513,134,133,0,83,184,128,6,776,0,134
46464,46464,1024,0,513,140,139,0,78,179,134,6,287,0,140
46465,46464,1024,1,513,141,140,0,80,180,135,6,349,0,141
46592,46592,2048,0,1025,281,280,0,174,256,62,194,49664,49664,256
46592,46592,1024,0,513,137,136,0,85,181,126,11,1376,0,137
46592,46592,4096,0,37,9,8,0,7,11,9,0,0,0,9
46593,46592,2048,1,1025,283,282,0,172,256,66,190,48640,48640,256
46593,46592,1024,1,513,137,136,0,85,182,126,11,1435,0,137
46593,46592,4096,1,37,9,8,0,6,10,9,0,0,0,9
46720,46720,1024,0,513,137,136,0,89,189,134,3,417,0,137
46721,46720,1024,1,513,139,138,0,90,188,136,3,182,0,139
46848,46848,2048,0,1025,286,285,0,187,256,223,33,8448,8448,256
46848,46848,1024,0,513,140,139,0,75,183,130,10,985,0,140
46849,46848,2048,1,1025,283,282,0,188,256,227,29,7424,7424,256
46849,46848,1024,1,513,142,141,0,76,182,132,10,850,0,142
46976,46976,1024,0,513,139,139,0,93,187,135,4,186,0,139
46977,46976,1024,1,513,141,141,0,96,187,137,4,399,0,141
47104,47104,2048,0,1025,277,276,0,200,256,215,41,10496,10496,256
47104,47104,1024,0,513,145,145,0,88,178,136,9,718,0,145
47104,47104,4096,0,37,7,6,0,5,10,7,0,0,0,7
47105,47104,2048,1,1025,276,275,0,198,256,205,51,13056,13056,256
47105,47104,1024,1,513,144,144,0,92,181,138,6,653,0,144
47105,47104,4096,1,37,7,6,0,5,10,7,0,0,0,7
47232,47232,1024,0,513,138,138,0,77,181,128,10,978,0,138
47233,47232,1024,1,513,140,140,0,78,180,129,11,987,0,140
47360,47360,2048,0,1025,287,286,0,177,256,184,72,18432,18432,256
47360,47360,1024,0,513,142,142,0,92,186,133,9,1192,0,142
47361,47360,2048,1,1025,286,285,0,177,256,188,68,17408,17408,256
47361,47360,1024,1,513,143,143,0,93,186,135,8,937,0,143
47488,47488,1024,0,513,137,136,0,78,187,129,8,695,0,137
47489,47488,1024,1,513,137,136,0,82,186,128,9,815,0,137
47616,47616,2048,0,1025,283,282,0,194,256,150,106,27136,27136,256
47616,47616,1024,0,513,144,144,0,85,192,131,13,2225,0,144
47616,47616,4096,0,37,8,7,0,5,9,8,0,0,0,8
47617,47616,2048,1,1025,278,278,0,191,256,179,77,19712,19712,256
47617,47616,1024,1,513,145,145,0,87,192,133,12,1962,0,145
47617,47616,4096,1,37,6,5,0,4,9,6,0,0,0,6
47744,47744,1024,0,513,143,142,0,94,194,138,5,227,0,143
47745,47744,1024,1,513,144,143,0,94,194,139,5,382,0,144
47872,47872,2048,0,1025,286,286,0,168,256,217,39,9984,9984,256
47872,47872,1024,0,513,139,139,0,84,189,132,7,628,0,139
47873,47872,2048,1,1025,286,286,0,164,256,183,73,18688,18688,256
47873,47872,1024,1,513,138,138,0,86,189,132,6,437,0,138
48000,48000,1024,0,513,142,142,0,81,181,134,8,306,0,142
48001,48000,1024,1,513,139,139,0,80,180,131,8,261,0,139
48128,48128,2048,0,1025,287,286,0,178,256,190,66,16896,16896,256
48128,48128,1024,0,513,133,133,0,92,185,130,3,256,0,133
48128,48128,4096,0,37,10,10,0,6,9,7,3,16,0,10
48129,48128,2048,1,1025,287,286,0,176,256,172,84,21504,21504,256
48129,48128,1024,1,513,134,134,0,91,184,131,3,261,0,134
48129,48128,4096,1,37,7,6,0,4,9,7,0,0,0,7
48256,48256,1024,0,513,130,130,0,78,181,123,7,614,0,130
48257,48256,1024,1,513,129,129,0,80,180,122,7,509,0,129
48384,48384,2048,0,1025,290,290,0,184,256,192,64,16384,16384,256
48384,48384,1024,0,513,130,130,0,80,179,123,7,499,0,130
48385,48384,2048,1,1025,286,286,0,181,256,216,40,10240,10240,256
48385,48384,1024,1,513,131,131,0,80,178,124,7,436,0,131
48512,48512,1024,0,513,136,136,0,68,177,127,9,876,0,136
48513,48512,1024,1,513,138,138,0,72,175,129,9,680,0,138
48640,48640,2048,0,1025,290,290,0,178,256,202,54,13824,13824,256
48640,48640,1024,0,513,132,132,0,81,177,123,9,695,0,132
48640,48640,4096,0,37,8,8,0,4,12,8,0,0,0,8
48641,48640,2048,1,1025,289,289,0,175,256,165,91,23296,23296,256
48641,48640,1024,1,513,133,133,0,84,175,124,9,685,0,133
48641,48640,4096,1,37,9,8,0,5,9,8,1,1,0,9
48768,48768,1024,0,513,140,140,0,94,177,132,8,413,0,140
48769,48768,1024,1,513,140,140,0,92,176,133,7,588,0,140
48896,48896,2048,0,1025,282,282,0,189,256,201,55,14080,14080,256
48896,48896,1024,0,513,141,140,0,81,179,131,10,1271,0,141
48897,48896,2048,1,1025,281,281,0,189,256,202,54,13824,13824,256
48897,48896,1024,1,513,140,139,0,83,177,130,10,1276,0,140
49024,49024,1024,0,513,146,145,0,94,182,138,8,771,0,146
49025,49024,1024,1,513,144,143,0,94,181,136,8,997,0,144
49152,49152,2048,0,1025,278,278,0,169,256,182,74,18944,18944,256
49152,49152,1024,0,513,140,139,0,91,185,132,8,893,0,140
49152,49152,4096,0,37,7,7,0,5,12,7,0,0,0,7
49153,49152,2048,1,1025,278,278,0,167,256,155,101,25856,25856,256
49153,49152,1024,1,513,139,138,0,91,184,131,8,740,0,139
49153,49152,4096,1,37,9,9,0,6,10,9,0,0,0,9
49280,49280,1024,0,513,135,134,0,83,187,130,5,319,0,135
49281,49280,1024,1,513,135,134,0,85,185,130,5,301,0,135
49408,49408,2048,0,1025,273,273,0,166,256,121,135,34560,34560,256
49408,49408,1024,0,513,139,138,0,76,183,133,6,194,0,139
49409,49408,2048,1,1025,270,270,0,164,256,124,132,33792,33792,256
49409,49408,1024,1,513,140,139,0,76,181,134,6,247,0,140
49536,49536,1024,0,513,144,143,0,90,183,133,11,1508,0,144
49537,49536,1024,1,513,146,145,0,92,182,135,11,1650,0,146
49664,49664,2048,0,1025,282,280,0,168,256,178,78,19968,19968,256
49664,49664,1024,0,513,140,139,0,97,186,136,4,211,0,140
49664,49664,4096,0,37,7,6,0,6,12,7,0,0,0,7
49665,49664,2048,1,1025,281,280,0,164,256,172,84,21504,21504,256
49665,49664,1024,1,513,138,137,0,100,186,135,3,228,0,138
49665,49664,4096,1,37,6,5,0,4,10,6,0,0,0,6
49792,49792,1024,0,513,135,135,0,80,183,129,6,466,0,135
49793,49792,1024,1,513,134,134,0,81,182,128,6,530,0,134
49920,49920,2048,0,1025,276,275,0,169,256,116,140,35840,35840,256
49920,49920,1024,0,513,139,139,0,85,184,127,12,1455,0,139
49921,49920,2048,1,1025,275,274,0,168,256,107,149,38144,38144,256
49921,49920,1024,1,513,137,137,0,86,183,126,11,1330,0,137
50048,50048,1024,0,513,142,142,0,91,188,132,10,1269,0,142
50049,50048,1024,1,513,145,145,0,93,187,135,10,1406,0,145
50176,50176,2048,0,1025,265,265,0,161,256,180,76,19456,19456,256
50176,50176,1024,0,513,139,138,0,84,190,134,5,397,0,139
50176,50176,4096,0,37,6,6,0,6,12,6,0,0,0,6
50177,50176,2048,1,1025,264,264,0,158,256,192,64,16384,16384,256
50177,50176,1024,1,513,140,139,0,85,189,135,5,462,0,140
50177,50176,4096,1,37,8,8,0,4,10,8,0,0,0,8
50304,50304,1024,0,513,139,138,0,82,185,132,7,607,0,139
50305,50304,1024,1,513,141,140,0,84,185,133,8,900,0,141
50432,50432,2048,0,1025,276,276,0,166,256,213,43,11008,11008,256
50432,50432,1024,0,513,139,138,0,89,185,132,7,679,0,139
50433,50432,2048,1,1025,274,274,0,166,256,215,41,10496,10496,256
50433,50432,1024,1,513,140,139,0,91,186,133,7,710,0,140
50560,50560,1024,0,513,137,136,0,96,181,131,6,284,0,137
50561,50560,1024,1,513,136,135,0,99,184,132,4,236,0,136
50688,50688,2048,0,1025,278,278,0,172,256,183,73,18688,18688,256
50688,50688,1024,0,513,134,133,0,77,182,126,8,836,0,134
50688,50688,4096,0,37,7,7,0,5,9,7,0,0,0,7
50689,50688,2048,1,1025,279,279,0,174,256,170,86,22016,22016,256
50689,50688,1024,1,513,134,133,0,77,182,126,8,738,0,134
50689,50688,4096,1,37,7,7,0,6,10,7,0,0,0,7
50816,50816,1024,0,513,141,140,0,82,185,129,12,1667,0,141
50817,50816,1024,1,513,140,139,0,82,185,128,12,1597,0,140
50944,50944,2048,0,1025,279,278,0,168,256,169,87,22272,22272,256
50944,50944,1024,0,513,144,143,0,94,182,137,7,368,0,144
50945,50944,2048,1,1025,278,277,0,166,256,172,84,21504,21504,256
50945,50944,1024,1,513,147,146,0,97,181,139,8,532,0,147
51072,51072,1024,0,513,142,141,0,77,185,135,7,663,0,142
51073,51072,1024,1,513,142,141,0,78,185,134,8,845,0,142
51200,51200,2048,0,1025,289,288,0,180,256,220,36,9216,9216,256
51200,51200,1024,0,513,139,138,0,89,183,134,5,374,0,139
51200,51200,4096,0,37,8,7,0,7,8,8,0,0,0,8
51201,51200,2048,1,1025,289,288,0,178,256,212,44,11264,11264,256
51201,51200,1024,1,513,141,140,0,91,183,135,6,390,0,141
51201,51200,4096,1,37,7,6,0,6,10,7,0,0,0,7
51328,51328,1024,0,513,142,141,0,88,183,135,7,676,0,142
51329,51328,1024,1,513,142,141,0,89,184,136,6,593,0,142
51456,51456,2048,0,1025,294,293,0,203,256,193,63,16128,16128,256
51456,51456,1024,0,513,137,136,0,95,185,131,6,566,0,137
51457,51456,2048,1,1025,294,293,0,200,256,189,67,17152,17152,256
51457,51456,1024,1,513,138,137,0,98,186,133,5,396,0,138
51584,51584,1024,0,513,144,143,0,86,179,132,12,1375,0,144
51585,51584,1024,1,513,145,144,0,86,179,133,12,1319,0,145
51712,51712,2048,0,1025,276,275,0,174,256,156,100,25600,25600,256
51712,51712,1024,0,513,146,146,0,90,185,140,6,436,0,146
51712,51712,4096,0,37,10,9,0,4,8,8,2,6,0,10
51713,51712,2048,1,1025,275,274,0,173,256,163,93,23808,23808,256
51713,51712,1024,1,513,145,145,0,91,185,140,5,236,0,145
51713,51712,4096,1,37,9,9,0,5,10,8,1,3,0,9
51840,51840,1024,0,513,131,131,0,87,188,126,5,498,0,131
51841,51840,1024,1,513,132,132,0,85,187,127,5,419,0,132
51968,51968,2048,0,1025,285,284,0,187,256,208,48,12288,12288,256
51968,51968,1024,0,513,147,147,0,85,186,132,15,2281,0,147
51969,51968,2048,1,1025,284,283,0,182,256,207,49,12544,12544,256
51969,51968,1024,1,513,148,148,0,87,187,135,13,2189,0,148
52096,52096,1024,0,513,152,152,0,102,196,144,8,1139,0,152
52097,52096,1024,1,513,152,152,0,105,195,143,9,1343,0,152
52224,52224,2048,0,1025,277,276,0,181,256,213,43,11008,11008,256
52224,52224,1024,0,513,133,133,0,90,196,132,1,15,0,133
52224,52224,4096,0,37,8,7,0,4,10,8,0,0,0,8
52225,52224,2048,1,1025,277,277,0,179,256,208,48,12288,12288,256
52225,52224,1024,1,513,133,133,0,90,196,132,1,7,0,133
52225,52224,4096,1,37,8,7,0,6,11,8,0,0,0,8
52352,52352,1024,0,513,134,134,0,69,184,125,9,485,0,134
52353,52352,1024,1,513,135,135,0,72,184,126,9,535,0,135
52480,52480,2048,0,1025,272,272,0,165,256,209,47,12032,12032,256
52480,52480,1024,0,513,139,139,0,84,186,130,9,661,0,139
52481,52480,2048,1,1025,274,273,0,165,256,185,71,18176,18176,256
52481,52480,1024,1,513,140,140,0,86,186,131,9,754,0,140
52608,52608,1024,0,513,141,140,0,88,192,136,5,491,0,141
52609,52608,1024,1,513,140,139,0,88,193,135,5,641,0,140
52736,52736,2048,0,1025,290,290,0,185,256,187,69,17664,17664,256
52736,52736,1024,0,513,135,134,0,84,189,127,8,680,0,135
52736,52736,4096,0,37,7,7,0,5,10,7,0,0,0,7
52737,52736,2048,1,1025,289,289,0,184,256,191,65,16640,16640,256
52737,52736,1024,1,513,135,134,0,85,189,126,9,764,0,135
52737,52736,4096,1,37,8,8,0,5,11,8,0,0,0,8
52864,52864,1024,0,513,148,147,0,84,190,138,10,1027,0,148
52865,52864,1024,1,513,148,147,0,84,191,138,10,1131,0,148
52992,52992,2048,0,1025,291,291,0,198,256,147,109,27904,27904,256
52992,52992,1024,0,513,148,147,0,98,189,143,5,162,0,148
52993,52992,2048,1,1025,289,289,0,196,256,156,100,25600,25600,256
52993,52992,1024,1,513,148,147,0,99,190,143,5,164,0,148
53120,53120,1024,0,513,141,140,0,100,185,137,4,200,0,141
53121,53120,1024,1,513,142,141,0,100,185,138,4,185,0,142
53248,53248,2048,0,1025,289,287,0,168,256,184,72,18432,18432,256
53248,53248,1024,0,513,129,129,0,88,183,126,3,89,0,129
53248,53248,4096,0,37,8,8,0,6,10,8,0,0,0,8
53249,53248,2048,1,1025,286,285,0,169,256,197,59,15104,15104,256
53249,53248,1024,1,513,129,129,0,93,184,127,2,49,0,129
53249,53248,4096,1,37,8,7,0,4,10,8,0,0,0,8
53376,53376,1024,0,513,138,138,0,91,179,130,8,429,0,138
53377,53376,1024,1,513,137,137,0,89,179,129,8,400,0,137
53504,53504,2048,0,1025,271,271,0,179,256,196,60,15360,15360,256
53504,53504,1024,0,513,144,144,0,84,180,136,8,563,0,144
53505,53504,2048,1,1025,270,270,0,177,256,185,71,18176,18176,256
53505,53504,1024,1,513,144,144,0,86,180,137,7,484,0,144
53632,53632,1024,0,513,148,147,0,98,178,141,7,676,0,148
53633,53632,1024,1,513,148,147,0,100,177,141,7,626,0,148
53760,53760,2048,0,1025,280,280,0,187,256,202,54,13824,13824,256
53760,53760,1024,0,513,136,135,0,92,177,130,6,513,0,136
53760,53760,4096,0,37,9,9,0,6,10,9,0,0,0,9
53761,53760,2048,1,1025,276,276,0,185,256,224,32,8192,8192,256
53761,53760,1024,1,513,138,137,0,92,176,133,5,308,0,138
53761,53760,4096,1,37,7,7,0,6,10,7,0,0,0,7
53888,53888,1024,0,513,142,141,0,92,183,135,7,1065,0,142
53889,53888,1024,1,513,144,143,0,93,180,134,10,1319,0,144
54016,54016,2048,0,1025,285,285,0,190,256,110,146,37376,37376,256
54016,54016,1024,0,513,140,139,0,88,184,128,12,1347,0,140
54017,54016,2048,1,1025,284,284,0,188,256,110,146,37376,37376,256
54017,54016,1024,1,513,139,138,0,89,184,130,9,801,0,139
54144,54144,1024,0,513,145,144,0,84,192,135,10,1607,0,145
54145,54144,1024,1,513,144,143,0,83,190,135,9,1546,0,144
54272,54272,2048,0,1025,292,291,0,187,256,219,37,9472,9472,256
54272,54272,1024,0,513,147,146,0,91,190,143,4,118,0,147
54272,54272,4096,0,37,8,8,0,4,10,7,1,6,0,8
54273,54272,2048,1,1025,291,290,0,187,256,214,42,10752,10752,256
54273,54272,1024,1,513,147,146,0,90,189,143,4,202,0,147
54273,54272,4096,1,37,7,7,0,6,10,7,0,0,0,7
54400,54400,1024,0,513,147,146,0,89,189,138,9,739,0,147
54401,54400,1024,1,513,145,144,0,87,187,136,9,542,0,145
54528,54528,2048,0,1025,283,282,0,182,256,172,84,21504,21504,256
54528,54528,1024,0,513,143,142,0,89,190,136,7,669,0,143
54529,54528,2048,1,1025,280,279,0,182,256,176,80,20480,20480,256
54529,54528,1024,1,513,145,144,0,89,188,136,9,916,0,145
54656,54656,1024,0,513,138,138,0,84,190,132,6,759,0,138
54657,54656,1024,1,513,140,140,0,86,190,134,6,852,0,140
54784,54784,2048,0,1025,285,284,0,173,256,213,43,11008,11008,256
54784,54784,1024,0,513,138,138,0,88,190,131,7,779,0,138
54784,54784,4096,0,37,7,7,0,6,11,7,0,0,0,7
54785,54784,2048,1,1025,283,282,0,170,256,211,45,11520,11520,256
54785,54784,1024,1,513,140,140,0,90,190,133,7,831,0,140
54785,54784,4096,1,37,6,5,0,4,10,5,1,2,0,6
54912,54912,1024,0,513,140,140,0,90,190,134,6,628,0,140
54913,54912,1024,1,513,139,139,0,93,191,134,5,571,0,139
55040,55040,2048,0,1025,292,290,0,181,256,152,104,26624,26624,256
55040,55040,1024,0,513,135,135,0,90,187,130,5,311,0,135
55041,55040,2048,1,1025,290,288,0,180,256,164,92,23552,23552,256
55041,55040,1024,1,513,134,134,0,88,186,128,6,199,0,134
55168,55168,1024,0,513,129,129,0,85,180,126,3,117,0,129
55169,55168,1024,1,513,129,129,0,87,180,126,3,101,0,129
55296,55296,2048,0,1025,273,272,0,201,256,217,39,9984,9984,256
55296,55296,1024,0,513,138,138,0,85,174,125,13,1253,0,138
55296,55296,4096,0,37,7,6,0,5,11,7,0,0,0,7
55297,55296,2048,1,1025,272,271,0,198,256,184,72,18432,18432,256
55297,55296,1024,1,513,140,140,0,87,174,127,13,1244,0,140
55297,55296,4096,1,37,8,8,0,5,10,7,1,3,0,8
55424,55424,1024,0,513,138,138,0,83,177,125,13,1518,0,138
55425,55424,1024,1,513,137,137,0,85,178,126,11,1290,0,137
55552,55552,2048,0,1025,281,281,0,165,256,159,97,24832,24832,256
55552,55552,1024,0,513,134,134,0,94,178,131,3,109,0,134
55553,55552,2048,1,1025,281,281,0,163,256,143,113,28928,28928,256
55553,55552,1024,1,513,136,136,0,93,177,133,3,129,0,136
55680,55680,1024,0,513,133,133,0,77,176,125,8,483,0,133
55681,55680,1024,1,513,133,133,0,77,175,125,8,533,0,133
55808,55808,2048,0,1025,283,283,0,173,256,172,84,21504,21504,256
55808,55808,1024,0,513,140,140,0,82,179,129,11,1292,0,140
55808,55808,4096,0,37,7,6,0,5,10,7,0,0,0,7
55809,55808,2048,1,1025,283,282,0,172,256,162,94,24064,24064,256
55809,55808,1024,1,513,140,140,0,84,179,130,10,1262,0,140
55809,55808,4096,1,37,6,6,0,6,10,6,0,0,0,6
55936,55936,1024,0,513,141,141,0,95,184,130,11,1275,0,141
55937,55936,1024,1,513,140,140,0,96,184,130,10,1314,0,140
56064,56064,2048,0,1025,285,285,0,180,256,149,107,27392,27392,256
56064,56064,1024,0,513,143,143,0,86,187,139,4,339,0,143
56065,56064,2048,1,1025,284,284,0,179,256,148,108,27648,27648,256
56065,56064,1024,1,513,140,140,0,82,186,136,4,338,0,140
56192,56192,1024,0,513,140,139,0,86,183,134,6,539,0,140
56193,56192,1024,1,513,139,138,0,88,181,134,5,194,0,139
56320,56320,2048,0,1025,285,285,0,171,256,201,55,14080,14080,256
56320,56320,1024,0,513,143,142,0,102,181,136,7,567,0,143
56320,56320,4096,0,37,7,7,0,6,9,7,0,0,0,7
56321,56320,2048,1,1025,282,282,0,170,256,216,40,10240,10240,256
56321,56320,1024,1,513,142,141,0,100,178,136,6,344,0,142
56321,56320,4096,1,37,6,6,0,4,10,6,0,0,0,6
56448,56448,1024,0,513,143,142,0,90,180,135,8,787,0,143
56449,56448,1024,1,513,143,142,0,88,176,134,9,962,0,143
56576,56576,2048,0,1025,286,285,0,185,256,184,72,18432,18432,256
56576,56576,1024,0,513,139,138,0,90,184,132,7,786,0,139
56577,56576,2048,1,1025,284,284,0,184,256,184,72,18432,18432,256
56577,56576,1024,1,513,140,139,0,90,182,133,7,845,0,140
56704,56704,1024,0,513,140,139,0,82,182,131,9,790,0,140
56705,56704,1024,1,513,138,137,0,84,182,131,7,865,0,138
56832,56832,2048,0,1025,282,282,0,177,256,187,69,17664,17664,256
56832,56832,1024,0,513,141,140,0,85,185,134,7,642,0,141
56832,56832,4096,0,37,8,8,0,7,9,7,1,5,0,8
56833,56832,2048,1,1025,283,283,0,177,256,172,84,21504,21504,256
56833,56832,1024,1,513,142,141,0,86,184,135,7,772,0,142
56833,56832,4096,1,37,6,6,0,4,10,6,0,0,0,6
56960,56960,1024,0,513,133,132,0,77,185,127,6,193,0,133
56961,56960,1024,1,513,137,136,0,80,184,131,6,183,0,137
57088,57088,2048,0,1025,278,277,0,175,256,218,38,9728,9728,256
57088,57088,1024,0,513,144,143,0,88,185,137,7,785,0,144
57089,57088,2048,1,1025,277,276,0,173,256,221,35,8960,8960,256
57089,57088,1024,1,513,145,144,0,93,184,138,7,675,0,145
57216,57216,1024,0,513,149,148,0,95,185,141,8,835,0,149
57217,57216,1024,1,513,151,150,0,97,185,145,6,655,0,151
57344,57344,2048,0,1025,283,282,0,184,256,209,47,12032,12032,256
57344,57344,1024,0,513,145,144,0,105,183,138,7,391,0,145
57344,57344,4096,0,37,9,8,0,6,9,7,2,18,0,9
57345,57344,2048,1,1025,281,280,0,183,256,209,47,12032,12032,256
57345,57344,1024,1,513,147,146,0,106,183,140,7,582,0,147
57345,57344,4096,1,37,8,8,0,5,10,8,0,0,0,8
57472,57472,1024,0,513,136,135,0,81,182,128,8,889,0,136
57473,57472,1024,1,513,137,136,0,82,183,129,8,1211,0,137
57600,57600,2048,0,1025,280,279,0,185,256,173,83,21248,21248,256
57600,57600,1024,0,513,140,140,0,90,187,133,7,1037,0,140
57601,57600,2048,1,1025,277,276,0,181,256,178,78,19968,19968,256
57601,57600,1024,1,513,140,140,0,91,188,133,7,1005,0,140
57728,57728,1024,0,513,142,142,0,86,188,138,4,336,0,142
57729,57728,1024,1,513,140,140,0,86,190,136,4,383,0,140
57856,57856,2048,0,1025,280,279,0,183,256,200,56,14336,14336,256
57856,57856,1024,0,513,137,137,0,86,184,129,8,681,0,137
57856,57856,4096,0,37,9,8,0,7,11,9,0,0,0,9
57857,57856,2048,1,1025,279,278,0,182,256,197,59,15104,15104,256
57857,57856,1024,1,513,135,135,0,86,187,129,6,646,0,135
57857,57856,4096,1,37,8,7,0,5,10,7,1,6,0,8
57984,57984,1024,0,513,137,137,0,85,183,128,9,645,0,137
57985,57984,1024,1,513,137,137,0,86,184,130,7,462,0,137
58112,58112,2048,0,1025,275,274,0,158,256,157,99,25344,25344,256
58112,58112,1024,0,513,141,141,0,86,186,132,9,975,0,141
58113,58112,2048,1,1025,273,272,0,159,256,168,88,22528,22528,256
58113,58112,1024,1,513,141,141,0,87,185,132,9,936,0,141
58240,58240,1024,0,513,137,136,0,83,192,132,5,442,0,137
58241,58240,1024,1,513,140,139,0,84,191,135,5,486,0,140
58368,58368,2048,0,1025,282,281,0,171,256,143,113,28928,28928,256
58368,58368,1024,0,513,138,137,0,82,187,129,9,947,0,138
58368,58368,4096,0,37,10,9,0,6,11,8,2,24,0,10
58369,58368,2048,1,1025,278,278,0,168,256,171,85,21760,21760,256
58369,58368,1024,1,513,139,138,0,85,186,131,8,848,0,139
58369,58368,4096,1,37,8,8,0,6,11,7,1,11,0,8
58496,58496,1024,0,513,143,142,0,88,185,133,10,887,0,143
58497,58496,1024,1,513,142,141,0,89,185,132,10,1333,0,142
58624,58624,2048,0,1025,301,301,0,179,256,215,41,10496,10496,256
58624,58624,1024,0,513,134,133,0,80,185,126,8,642,0,134
58625,58624,2048,1,1025,301,301,0,176,256,175,81,20736,20736,256
58625,58624,1024,1,513,134,133,0,80,185,126,8,777,0,134
58752,58752,1024,0,513,141,141,0,84,185,133,8,967,0,141
58753,58752,1024,1,513,139,139,0,85,184,131,8,801,0,139
58880,58880,2048,0,1025,283,283,0,184,256,201,55,14080,14080,256
58880,58880,1024,0,513,144,144,0,101,184,135,9,692,0,144
58880,58880,4096,0,37,8,8,0,5,13,8,0,0,0,8
58881,58880,2048,1,1025,283,283,0,185,256,195,61,15616,15616,256
58881,58880,1024,1,513,145,145,0,101,184,137,8,686,0,145
58881,58880,4096,1,37,9,8,0,7,12,8,1,13,0,9
59008,59008,1024,0,513,141,141,0,100,188,134,7,885,0,141
59009,59008,1024,1,513,142,142,0,101,187,135,7,914,0,142
59136,59136,2048,0,1025,273,273,0,168,256,193,63,16128,16128,256
59136,59136,1024,0,513,135,135,0,83,182,128,7,348,0,135
59137,59136,2048,1,1025,273,273,0,166,256,191,65,16640,16640,256
59137,59136,1024,1,513,136,136,0,84,181,129,7,291,0,136
59264,59264,1024,0,513,140,140,0,92,180,128,12,1294,0,140
59265,59264,1024,1,513,139,139,0,94,179,128,11,1355,0,139
59392,59392,2048,0,1025,288,288,0,172,256,158,98,25088,25088,256
59392,59392,1024,0,513,141,141,0,89,189,135,6,853,0,141
59392,59392,4096,0,37,8,8,0,5,12,8,0,0,0,8
59393,59392,2048,1,1025,287,287,0,171,256,175,81,20736,20736,256
59393,59392,1024,1,513,141,141,0,90,187,136,5,755,0,141
59393,59392,4096,1,37,8,8,0,5,13,8,0,0,0,8
59520,59520,1024,0,513,148,148,0,94,188,137,11,1459,0,148
59521,59520,1024,1,513,148,148,0,95,186,137,11,1562,0,148
59648,59648,2048,0,1025,277,277,0,182,256,207,49,12544,12544,256
59648,59648,1024,0,513,139,138,0,88,185,132,7,297,0,139
59649,59648,2048,1,1025,276,276,0,181,256,207,49,12544,12544,256
59649,59648,1024,1,513,140,139,0,92,184,133,7,334,0,140
59776,59776,1024,0,513,143,142,0,88,185,133,10,1067,0,143
59777,59776,1024,1,513,143,142,0,87,184,133,10,1032,0,143
59904,59904,2048,0,1025,269,269,0,164,256,204,52,13312,13312,256
59904,59904,1024,0,513,144,143,0,90,188,135,9,914,0,144
59904,59904,4096,0,37,7,7,0,7,12,7,0,0,0,7
59905,59904,2048,1,1025,269,269,0,162,256,202,54,13824,13824,256
59905,59904,1024,1,513,145,144,0,92,187,136,9,944,0,145
59905,59904,4096,1,37,8,8,0,8,13,8,0,0,0,8
60032,60032,1024,0,513,136,135,0,81,190,129,7,559,0,136
60033,60032,1024,1,513,138,137,0,82,189,131,7,517,0,138
60160,60160,2048,0,1025,274,274,0,179,256,208,48,12288,12288,256
60160,60160,1024,0,513,143,142,0,88,186,135,8,364,0,143
60161,60160,2048,1,1025,275,275,0,178,256,200,56,14336,14336,256
60161,60160,1024,1,513,143,142,0,91,187,135,8,637,0,143
60288,60288,1024,0,513,131,131,0,91,185,128,3,125,0,131
60289,60288,1024,1,513,131,131,0,91,186,128,3,113,0,131
60416,60416,2048,0,1025,281,280,0,190,256,215,41,10496,10496,256
60416,60416,1024,0,513,134,134,0,87,181,126,8,827,0,134
60416,60416,4096,0,37,8,8,0,6,11,7,1,5,0,8
60417,60416,2048,1,1025,281,280,0,188,256,217,39,9984,9984,256
60417,60416,1024,1,513,133,133,0,85,182,125,8,737,0,133
60417,60416,4096,1,37,7,6,0,5,12,7,0,0,0,7
60544,60544,1024,0,513,147,147,0,90,176,134,13,1471,0,147
60545,60544,1024,1,513,147,147,0,93,177,135,12,1252,0,147
60672,60672,2048,0,1025,284,283,0,170,256,168,88,22528,22528,256
60672,60672,1024,0,513,140,140,0,92,185,135,5,472,0,140
60673,60672,2048,1,1025,282,281,0,169,256,189,67,17152,17152,256
60673,60672,1024,1,513,141,141,0,94,185,135,6,677,0,141
60800,60800,1024,0,513,148,148,0,94,182,138,10,950,0,148
60801,60800,1024,1,513,149,149,0,97,183,139,10,1035,0,149
60928,60928,2048,0,1025,275,274,0,175,256,159,97,24832,24832,256
60928,60928,1024,0,513,138,138,0,88,185,132,6,398,0,138
60928,60928,4096,0,37,7,7,0,5,10,7,0,0,0,7
60929,60928,2048,1,1025,274,273,0,172,256,148,108,27648,27648,256
60929,60928,1024,1,513,139,139,0,91,185,133,6,322,0,139
60929,60928,4096,1,37,7,7,0,5,12,7,0,0,0,7
61056,61056,1024,0,513,141,141,0,93,186,134,7,698,0,141
61057,61056,1024,1,513,141,141,0,93,186,135,6,453,0,141
61184,61184,2048,0,1025,275,274,0,191,256,136,120,30720,30720,256
61184,61184,1024,0,513,142,142,0,84,181,132,10,771,0,142
61185,61184,2048,1,1025,275,274,0,192,256,117,139,35584,35584,256
61185,61184,1024,1,513,144,144,0,86,181,134,10,720,0,144
61312,61312,1024,0,513,144,144,0,92,186,135,9,1092,0,144
61313,61312,1024,1,513,145,145,0,92,186,136,9,1100,0,145
61440,61440,2048,0,1025,277,276,0,173,256,99,157,40192,40192,256
61440,61440,1024,0,513,139,139,0,89,184,133,6,349,0,139
61440,61440,4096,0,37,6,6,0,6,10,6,0,0,0,6
61441,61440,2048,1,1025,275,274,0,172,256,110,146,37376,37376,256
61441,61440,1024,1,513,138,138,0,90,184,133,5,239,0,138
61441,61440,4096,1,37,6,6,0,5,12,6,0,0,0,6
61568,61568,1024,0,513,147,147,0,91,181,137,10,1033,0,147
61569,61568,1024,1,513,147,147,0,93,180,137,10,914,0,147
61696,61696,2048,0,1025,279,278,0,162,256,216,40,10240,10240,256
61696,61696,1024,0,513,139,138,0,94,182,135,4,201,0,139
61697,61696,2048,1,1025,278,277,0,162,256,222,34,8704,8704,256
61697,61696,1024,1,513,140,139,0,98,181,135,5,289,0,140
61824,61824,1024,0,513,138,137,0,95,179,131,7,601,0,138
61825,61824,1024,1,513,138,137,0,94,179,132,6,521,0,138
61952,61952,2048,0,1025,289,287,0,178,256,166,90,23040,23040,256
61952,61952,1024,0,513,141,141,0,81,181,136,5,415,0,141
61952,61952,4096,0,37,8,8,0,5,10,8,0,0,0,8
61953,61952,2048,1,1025,290,289,0,178,256,150,106,27136,27136,256
61953,61952,1024,1,513,142,142,0,82,181,136,6,664,0,142
61953,61952,4096,1,37,8,7,0,5,10,8,0,0,0,8
62080,62080,1024,0,513,137,137,0,88,181,130,7,796,0,137
62081,62080,1024,1,513,137,137,0,89,182,131,6,638,0,137
62208,62208,2048,0,1025,286,286,0,185,256,188,68,17408,17408,256
62208,62208,1024,0,513,138,138,0,80,182,132,6,580,0,138
62209,62208,2048,1,1025,285,285,0,185,256,202,54,13824,13824,256
62209,62208,1024,1,513,141,141,0,82,182,135,6,612,0,141
62336,62336,1024,0,513,143,143,0,87,186,131,12,1931,0,143
62337,62336,1024,1,513,144,144,0,88,185,131,13,1909,0,144
62464,62464,2048,0,1025,286,285,0,173,256,181,75,19200,19200,256
62464,62464,1024,0,513,142,142,0,76,189,133,9,739,0,142
62464,62464,4096,0,37,7,7,0,6,10,7,0,0,0,7
62465,62464,2048,1,1025,285,284,0,171,256,176,80,20480,20480,256
62465,62464,1024,1,513,143,143,0,78,190,134,9,870,0,143
62465,62464,4096,1,37,6,6,0,4,9,6,0,0,0,6
62592,62592,1024,0,513,140,140,0,85,188,130,10,1268,0,140
62593,62592,1024,1,513,141,141,0,86,189,131,10,1163,0,141
62720,62720,2048,0,1025,291,290,0,179,256,208,48,12288,12288,256
62720,62720,1024,0,513,149,149,0,99,191,142,7,861,0,149
62721,62720,2048,1,1025,290,289,0,178,256,214,42,10752,10752,256
62721,62720,1024,1,513,148,148,0,102,193,142,6,785,0,148
62848,62848,1024,0,513,147,147,0,96,189,137,10,1084,0,147
62849,62848,1024,1,513,146,146,0,94,190,137,9,849,0,146
62976,62976,2048,0,1025,278,277,0,194,256,183,73,18688,18688,256
62976,62976,1024,0,513,140,140,0,98,190,136,4,52,0,140
62976,62976,4096,0,37,7,7,0,7,10,7,0,0,0,7
62977,62976,2048,1,1025,278,277,0,192,256,178,78,19968,19968,256
62977,62976,1024,1,513,141,141,0,98,189,137,4,80,0,141
62977,62976,4096,1,37,8,8,0,6,9,7,1,4,0,8
63104,63104,1024,0,513,135,135,0,84,188,128,7,410,0,135
63105,63104,1024,1,513,135,135,0,86,187,129,6,223,0,135
63232,63232,2048,0,1025,283,283,0,185,256,209,47,12032,12032,256
63232,63232,1024,0,513,144,144,0,86,189,137,7,738,0,144
63233,63232,2048,1,1025,282,282,0,183,256,208,48,12288,12288,256
63233,63232,1024,1,513,144,144,0,90,187,138,6,480,0,144
63360,63360,1024,0,513,136,136,0,84,190,130,6,630,0,136
63361,63360,1024,1,513,137,137,0,84,188,131,6,734,0,137
63488,63488,2048,0,1025,284,283,0,182,256,213,43,11008,11008,256
63488,63488,1024,0,513,136,136,0,76,187,129,7,458,0,136
63488,63488,4096,0,37,8,8,0,5,9,8,0,0,0,8
63489,63488,2048,1,1025,284,283,0,182,256,210,46,11776,11776,256
63489,63488,1024,1,513,135,135,0,75,186,128,7,662,0,135
63489,63488,4096,1,37,6,6,0,6,9,6,0,0,0,6
63616,63616,1024,0,513,142,141,0,91,185,134,8,768,0,142
63617,63616,1024,1,513,141,140,0,92,184,134,7,605,0,141
63744,63744,2048,0,1025,280,279,0,172,256,187,69,17664,17664,256
63744,63744,1024,0,513,135,134,0,89,185,132,3,182,0,135
63745,63744,2048,1,1025,277,276,0,170,256,187,69,17664,17664,256
63745,63744,1024,1,513,135,134,0,90,183,129,6,587,0,135
63872,63872,1024,0,513,139,138,0,79,179,131,8,595,0,139
63873,63872,1024,1,513,141,140,0,79,179,133,8,448,0,141
64000,64000,2048,0,1025,286,286,0,176,256,141,115,29440,29440,256
64000,64000,1024,0,513,134,133,0,86,180,126,8,762,0,134
64000,64000,4096,0,37,8,8,0,7,9,7,1,1,0,8
64001,64000,2048,1,1025,285,285,0,174,256,139,117,29952,29952,256
64001,64000,1024,1,513,135,134,0,87,180,128,7,605,0,135
64001,64000,4096,1,37,8,7,0,5,9,8,0,0,0,8
64128,64128,1024,0,513,148,147,0,91,182,137,11,1341,0,148
64129,64128,1024,1,513,147,146,0,92,181,137,10,1205,0,147
64256,64256,2048,0,1025,283,282,0,173,256,179,77,19712,19712,256
64256,64256,1024,0,513,146,146,0,86,183,136,10,940,0,146
64257,64256,2048,1,1025,282,281,0,171,256,179,77,19712,19712,256
64257,64256,1024,1,513,146,146,0,85,181,135,11,1089,0,146
64384,64384,1024,0,513,139,139,0,84,188,129,10,1564,0,139
64385,64384,1024,1,513,141,141,0,87,187,132,9,1410,0,141
64512,64512,2048,0,1025,275,274,0,178,256,119,137,35072,35072,256
64512,64512,1024,0,513,146,146,0,90,191,137,9,1213,0,146
64512,64512,4096,0,37,7,7,0,5,9,7,0,0,0,7
64513,64512,2048,1,1025,274,273,0,177,256,114,142,36352,36352,256
64513,64512,1024,1,513,146,146,0,93,190,138,8,1115,0,146
64513,64512,4096,1,37,7,7,0,5,9,7,0,0,0,7
64640,64640,1024,0,513,143,142,0,100,194,141,2,64,0,143
64641,64640,1024,1,513,142,141,0,100,192,140,2,118,0,142
64768,64768,2048,0,1025,284,284,0,171,256,218,38,9728,9728,256
64768,64768,1024,0,513,136,135,0,85,185,128,8,526,0,136
64769,64768,2048,1,1025,285,285,0,171,256,199,57,14592,14592,256
64769,64768,1024,1,513,135,134,0,84,183,127,8,588,0,135
64896,64896,1024,0,513,139,139,0,85,183,132,7,310,0,139
64897,64896,1024,1,513,139,139,0,88,182,132,7,269,0,139
65024,65024,2048,0,1025,282,282,0,173,256,152,104,26624,26624,256
65024,65024,1024,0,513,144,144,0,96,179,136,8,479,0,144
65024,65024,4096,0,37,9,9,0,5,9,8,1,5,0,9
65025,65024,2048,1,1025,281,281,0,175,256,181,75,19200,19200,256
65025,65024,1024,1,513,143,143,0,95,179,136,7,509,0,143
65025,65024,4096,1,37,7,7,0,6,9,7,0,0,0,7
65152,65152,1024,0,513,139,139,0,92,182,133,6,804,0,139
65153,65152,1024,1,513,139,139,0,93,181,134,5,667,0,139
65280,65280,2048,0,1025,289,289,0,188,256,216,40,10240,10240,256
65280,65280,1024,0,513,138,138,0,78,180,127,11,1263,0,138
65281,65280,2048,1,1025,286,286,0,184,256,218,38,9728,9728,256
65281,65280,1024,1,513,139,139,0,79,177,129,10,1019,0,139
65408,65408,1024,0,513,141,140,0,90,182,132,9,838,0,141
65409,65408,1024,1,513,140,139,0,90,179,132,8,733,0,140
65536,65536,2048,0,1025,286,286,0,181,256,168,88,22528,22528,256
65536,65536,1024,0,513,146,146,0,83,186,139,7,796,0,146
65536,65536,4096,0,37,9,9,0,4,10,7,2,14,0,9
65537,65536,2048,1,1025,284,284,0,178,256,171,85,21760,21760,256
65537,65536,1024,1,513,146,146,0,83,182,138,8,963,0,146
65537,65536,4096,1,37,8,7,0,5,9,7,1,3,0,8
65664,65664,1024,0,513,135,135,0,89,184,132,3,74,0,135
65665,65664,1024,1,513,136,136,0,89,182,133,3,99,0,136
65792,65792,2048,0,1025,284,284,0,174,256,182,74,18944,18944,256
65792,65792,1024,0,513,137,137,0,77,180,129,8,596,0,137
65793,65792,2048,1,1025,283,283,0,172,256,178,78,19968,19968,256
65793,65792,1024,1,513,138,138,0,78,178,130,8,575,0,138
65920,65920,1024,0,513,136,136,0,82,182,126,10,964,0,136
65921,65920,1024,1,513,137,137,0,83,181,126,11,1400,0,137
66048,66048,2048,0,1025,292,292,0,176,256,202,54,13824,13824,256
66048,66048,1024,0,513,143,143,0,84,187,134,9,1203,0,143
66048,66048,4096,0,37,8,8,0,4,12,7,1,13,0,8
66049,66048,2048,1,1025,291,291,0,173,256,167,89,22784,22784,256
66049,66048,1024,1,513,146,146,0,87,187,137,9,1234,0,146
66049,66048,4096,1,37,6,6,0,5,10,6,0,0,0,6
66176,66176,1024,0,513,139,139,0,87,185,131,8,411,0,139
66177,66176,1024,1,513,140,140,0,91,187,134,6,339,0,140
66304,66304,2048,0,1025,289,288,0,197,256,215,41,10496,10496,256
66304,66304,1024,0,513,139,139,0,100,184,131,8,793,0,139
66305,66304,2048,1,1025,291,290,0,197,256,197,59,15104,15104,256
66305,66304,1024,1,513,139,139,0,101,183,131,8,527,0,139
66432,66432,1024,0,513,135,135,0,83,187,128,7,747,0,135
66433,66432,1024,1,513,136,136,0,85,186,128,8,925,0,136
66560,66560,2048,0,1025,284,284,0,188,256,204,52,13312,13312,256
66560,66560,1024,0,513,148,148,0,90,187,141,7,641,0,148
66560,66560,4096,0,37,7,7,0,4,13,7,0,0,0,7
66561,66560,2048,1,1025,285,285,0,187,256,208,48,12288,12288,256
66561,66560,1024,1,513,146,146,0,90,187,139,7,584,0,146
66561,66560,4096,1,37,8,8,0,5,9,7,1,4,0,8
66688,66688,1024,0,513,141,141,0,85,186,133,8,643,0,141
66689,66688,1024,1,513,143,143,0,87,186,134,9,727,0,143
66816,66816,2048,0,1025,272,272,0,177,256,126,130,33280,33280,256
66816,66816,1024,0,513,134,134,0,85,187,130,4,215,0,134
66817,66816,2048,1,1025,271,271,0,177,256,129,127,32512,32512,256
66817,66816,1024,1,513,136,136,0,88,188,132,4,218,0,136
66944,66944,1024,0,513,146,146,0,84,182,135,11,1092,0,146
66945,66944,1024,1,513,146,146,0,86,182,135,11,1032,0,146
67072,67072,2048,0,1025,284,283,0,158,256,209,47,12032,12032,256
67072,67072,1024,0,513,144,143,0,101,189,136,8,1080,0,144
67072,67072,4096,0,37,7,7,0,6,13,7,0,0,0,7
67073,67072,2048,1,1025,282,282,0,154,256,211,45,11520,11520,256
67073,67072,1024,1,513,145,144,0,103,189,136,9,1344,0,145
67073,67072,4096,1,37,6,6,0,5,10,5,1,9,0,6
67200,67200,1024,0,513,144,144,0,88,184,136,8,588,0,144
67201,67200,1024,1,513,145,145,0,91,186,138,7,494,0,145
67328,67328,2048,0,1025,288,287,0,185,256,193,63,16128,16128,256
67328,67328,1024,0,513,141,141,0,91,187,133,8,1079,0,141
67329,67328,2048,1,1025,287,287,0,187,256,189,67,17152,17152,256
67329,67328,1024,1,513,138,138,0,91,189,131,7,1001,0,138
67456,67456,1024,0,513,140,140,0,87,191,136,4,326,0,140
67457,67456,1024,1,513,140,140,0,84,192,136,4,259,0,140
67584,67584,2048,0,1025,294,294,0,190,256,177,79,20224,20224,256
67584,67584,1024,0,513,136,136,0,84,187,130,6,496,0,136
67584,67584,4096,0,37,7,7,0,6,13,7,0,0,0,7
67585,67584,2048,1,1025,291,291,0,188,256,189,67,17152,17152,256
67585,67584,1024,1,513,137,137,0,87,188,131,6,608,0,137
67585,67584,4096,1,37,6,5,0,5,10,6,0,0,0,6
67712,67712,1024,0,513,138,138,0,94,184,132,6,474,0,138
67713,67712,1024,1,513,139,139,0,95,184,133,6,289,0,139
67840,67840,2048,0,1025,287,286,0,182,256,222,34,8704,8704,256
67840,67840,1024,0,513,140,140,0,77,182,130,10,1177,0,140
67841,67840,2048,1,1025,286,285,0,181,256,204,52,13312,13312,256
67841,67840,1024,1,513,140,140,0,80,181,130,10,998,0,140
67968,67968,1024,0,513,134,134,0,81,182,128,6,135,0,134
67969,67968,1024,1,513,135,135,0,84,182,129,6,321,0,135
68096,68096,2048,0,1025,285,284,0,184,256,127,129,33024,33024,256
68096,68096,1024,0,513,135,135,0,76,178,124,11,777,0,135
68096,68096,4096,0,37,7,7,0,6,12,7,0,0,0,7
68097,68096,2048,1,1025,285,284,0,183,256,109,147,37632,37632,256
68097,68096,1024,1,513,134,134,0,75,178,123,11,881,0,134
68097,68096,4096,1,37,8,8,0,4,10,7,1,1,0,8
68224,68224,1024,0,513,142,142,0,82,185,135,7,702,0,142
68225,68224,1024,1,513,142,142,0,81,184,134,8,752,0,142
68352,68352,2048,0,1025,287,287,0,178,256,181,75,19200,19200,256
68352,68352,1024,0,513,135,135,0,80,184,128,7,803,0,135
68353,68352,2048,1,1025,285,285,0,176,256,191,65,16640,16640,256
68353,68352,1024,1,513,136,136,0,84,184,130,6,493,0,136
68480,68480,1024,0,513,145,145,0,93,185,136,9,1090,0,145
68481,68480,1024,1,513,144,144,0,95,184,136,8,870,0,144
68608,68608,2048,0,1025,278,277,0,178,256,165,91,23296,23296,256
68608,68608,1024,0,513,145,144,0,92,188,137,8,734,0,145
68608,68608,4096,0,37,9,9,0,7,9,8,1,5,0,9
68609,68608,2048,1,1025,276,276,0,177,256,169,87,22272,22272,256
68609,68608,1024,1,513,145,144,0,91,186,137,8,813,0,145
68609,68608,4096,1,37,9,8,0,5,11,8,1,11,0,9
68736,68736,1024,0,513,141,140,0,99,189,132,9,945,0,141
68737,68736,1024,1,513,142,141,0,99,187,133,9,911,0,142
68864,68864,2048,0,1025,297,297,0,194,256,215,41,10496,10496,256
68864,68864,1024,0,513,139,139,0,86,186,133,6,419,0,139
68865,68864,2048,1,1025,296,296,0,192,256,207,49,12544,12544,256
68865,68864,1024,1,513,138,138,0,89,185,132,6,400,0,138
68992,68992,1024,0,513,139,139,0,86,186,131,8,809,0,139
68993,68992,1024,1,513,137,137,0,85,185,129,8,783,0,137
69120,69120,2048,0,1025,289,289,0,197,256,198,58,14848,14848,256
69120,69120,1024,0,513,147,147,0,90,185,139,8,684,0,147
69120,69120,4096,0,37,8,8,0,6,10,7,1,6,0,8
69121,69120,2048,1,1025,288,288,0,197,256,210,46,11776,11776,256
69121,69120,1024,1,513,148,148,0,89,185,140,8,768,0,148
69121,69120,4096,1,37,8,8,0,8,12,8,0,0,0,8
69248,69248,1024,0,513,148,148,0,94,185,136,12,1387,0,148
69249,69248,1024,1,513,148,148,0,97,185,136,12,1471,0,148
69376,69376,2048,0,1025,284,284,0,180,256,201,55,14080,14080,256
69376,69376,1024,0,513,138,137,0,90,189,136,2,57,0,138
69377,69376,2048,1,1025,283,283,0,176,256,195,61,15616,15616,256
69377,69376,1024,1,513,139,138,0,90,189,137,2,32,0,139
69504,69504,1024,0,513,148,147,0,86,185,138,10,708,0,148
69505,69504,1024,1,513,148,147,0,86,185,139,9,601,0,148
69632,69632,2048,0,1025,287,287,0,181,256,213,43,11008,11008,256
69632,69632,1024,0,513,141,141,0,78,187,136,5,298,0,141
69632,69632,4096,0,37,9,9,0,5,11,9,0,0,0,9
69633,69632,2048,1,1025,288,288,0,182,256,214,42,10752,10752,256
69633,69632,1024,1,513,142,142,0,80,186,138,4,227,0,142
69633,69632,4096,1,37,7,7,0,4,11,7,0,0,0,7
69760,69760,1024,0,513,142,142,0,83,183,133,9,601,0,142
69761,69760,1024,1,513,142,142,0,86,182,133,9,734,0,142
69888,69888,2048,0,1025,289,289,0,191,256,200,56,14336,14336,256
69888,69888,1024,0,513,149,149,0,89,186,138,11,1482,0,149
69889,69888,2048,1,1025,290,290,0,191,256,191,65,16640,16640,256
69889,69888,1024,1,513,149,149,0,87,185,137,12,1760,0,149
70016,70016,1024,0,513,142,142,0,91,192,135,7,914,0,142
70017,70016,1024,1,513,141,141,0,90,192,135,6,753,0,141
70144,70144,2048,0,1025,285,285,0,184,256,213,43,11008,11008,256
70144,70144,1024,0,513,143,143,0,82,191,130,13,1800,0,143
70144,70144,4096,0,37,7,6,0,3,11,7,0,0,0,7
70145,70144,2048,1,1025,285,285,0,184,256,217,39,9984,9984,256
70145,70144,1024,1,513,143,143,0,84,191,130,13,1965,0,143
70145,70144,4096,1,37,6,5,0,5,11,6,0,0,0,6
70272,70272,1024,0,513,144,144,0,84,195,136,8,899,0,144
70273,70272,1024,1,513,143,143,0,84,195,136,7,703,0,143
70400,70400,2048,0,1025,281,280,0,183,256,186,70,17920,17920,256
70400,70400,1024,0,513,138,137,0,87,198,135,3,98,0,138
70401,70400,2048,1,1025,281,280,0,182,256,191,65,16640,16640,256
70401,70400,1024,1,513,139,138,0,85,196,135,4,123,0,139
70528,70528,1024,0,513,145,144,0,95,191,137,8,543,0,145
70529,70528,1024,1,513,147,146,0,95,190,140,7,396,0,147
70656,70656,2048,0,1025,290,288,0,173,256,168,88,22528,22528,256
70656,70656,1024,0,513,144,143,0,88,188,140,4,153,0,144
70656,70656,4096,0,37,9,8,0,4,11,9,0,0,0,9
70657,70656,2048,1,1025,288,287,0,173,256,183,73,18688,18688,256
70657,70656,1024,1,513,144,143,0,92,188,141,3,91,0,144
70657,70656,4096,1,37,8,7,0,4,10,8,0,0,0,8
70784,70784,1024,0,513,145,145,0,85,187,136,9,501,0,145
70785,70784,1024,1,513,144,144,0,84,186,136,8,418,0,144
70912,70912,2048,0,1025,276,275,0,181,256,194,62,15872,15872,256
70912,70912,1024,0,513,143,143,0,97,191,135,8,841,0,143
70913,70912,2048,1,1025,278,277,0,181,256,137,119,30464,30464,256
70913,70912,1024,1,513,144,144,0,96,189,135,9,847,0,144
71040,71040,1024,0,513,134,134,0,80,196,131,3,463,0,134
71041,71040,1024,1,513,134,134,0,83,195,131,3,436,0,134
71168,71168,2048,0,1025,278,277,0,170,256,118,138,35328,35328,256
71168,71168,1024,0,513,146,146,0,87,183,136,10,517,0,146
71168,71168,4096,0,37,8,7,0,4,11,8,0,0,0,8
71169,71168,2048,1,1025,276,275,0,169,256,143,113,28928,28928,256
71169,71168,1024,1,513,148,148,0,87,182,138,10,518,0,148
71169,71168,4096,1,37,5,5,0,5,9,5,0,0,0,5
71296,71296,1024,0,513,147,147,0,97,183,139,8,746,0,147
71297,71296,1024,1,513,148,148,0,98,182,140,8,745,0,148
71424,71424,2048,0,1025,285,284,0,180,256,101,155,39680,39680,256
71424,71424,1024,0,513,141,140,0,93,181,137,4,82,0,141
71425,71424,2048,1,1025,283,282,0,177,256,130,126,32256,32256,256
71425,71424,1024,1,513,143,142,0,94,182,139,4,174,0,143
71552,71552,1024,0,513,139,138,0,88,177,129,10,739,0,139
71553,71552,1024,1,513,139,138,0,89,178,129,10,990,0,139
71680,71680,2048,0,1025,288,287,0,179,256,215,41,10496,10496,256
71680,71680,1024,0,513,144,143,0,84,180,133,11,1238,0,144
71680,71680,4096,0,37,6,5,0,4,11,6,0,0,0,6
71681,71680,2048,1,1025,289,288,0,178,256,208,48,12288,12288,256
71681,71680,1024,1,513,144,143,0,85,182,133,11,1433,0,144
71681,71680,4096,1,37,8,8,0,5,9,7,1,1,0,8
71808,71808,1024,0,513,138,138,0,92,186,132,6,738,0,138
71809,71808,1024,1,513,140,140,0,94,187,133,7,828,0,140
71936,71936,2048,0,1025,288,287,0,173,256,200,56,14336,14336,256
71936,71936,1024,0,513,139,139,0,91,185,133,6,565,0,139
71937,71936,2048,1,1025,290,289,0,176,256,201,55,14080,14080,256
71937,71936,1024,1,513,141,141,0,94,187,135,6,517,0,141
72064,72064,1024,0,513,133,133,0,94,183,129,4,197,0,133
72065,72064,1024,1,513,133,133,0,95,184,129,4,140,0,133
72192,72192,2048,0,1025,288,287,0,175,256,88,168,43008,43008,256
72192,72192,1024,0,513,130,130,0,75,178,123,7,370,0,130
72192,72192,4096,0,37,8,7,0,3,11,8,0,0,0,8
72193,72192,2048,1,1025,282,282,0,173,256,140,116,29696,29696,256
72193,72192,1024,1,513,130,130,0,74,178,123,7,346,0,130
72193,72192,4096,1,37,9,8,0,5,10,9,0,0,0,9
72320,72320,1024,0,513,141,140,0,83,176,133,8,486,0,141
72321,72320,1024,1,513,141,140,0,84,176,134,7,398,0,141
72448,72448,2048,0,1025,286,286,0,188,256,220,36,9216,9216,256
72448,72448,1024,0,513,138,137,0,85,175,133,5,149,0,138
72449,72448,2048,1,1025,285,285,0,187,256,206,50,12800,12800,256
72449,72448,1024,1,513,138,137,0,85,175,133,5,216,0,138
72576,72576,1024,0,513,141,140,0,88,176,131,10,1112,0,141
72577,72576,1024,1,513,140,139,0,89,175,130,10,895,0,140
72704,72704,2048,0,1025,282,281,0,182,256,218,38,9728,9728,256
72704,72704,1024,0,513,144,143,0,82,174,135,9,924,0,144
72704,72704,4096,0,37,7,6,0,5,10,7,0,0,0,7
72705,72704,2048,1,1025,281,281,0,179,256,222,34,8704,8704,256
72705,72704,1024,1,513,142,141,0,84,173,132,10,991,0,142
72705,72704,4096,1,37,8,8,0,6,10,8,0,0,0,8
72832,72832,1024,0,513,153,153,0,95,179,137,16,2519,0,153
72833,72832,1024,1,513,153,153,0,95,179,139,14,2068,0,153
72960,72960,2048,0,1025,292,292,0,182,256,191,65,16640,16640,256
72960,72960,1024,0,513,144,144,0,97,192,140,4,460,0,144
72961,72960,2048,1,1025,291,291,0,182,256,200,56,14336,14336,256
72961,72960,1024,1,513,145,145,0,98,190,141,4,472,0,145
73088,73088,1024,0,513,140,140,0,96,188,135,5,197,0,140
73089,73088,1024,1,513,140,140,0,98,185,134,6,316,0,140
73216,73216,2048,0,1025,287,287,0,188,256,139,117,29952,29952,256
73216,73216,1024,0,513,133,132,0,91,185,124,9,1152,0,133
73216,73216,4096,0,37,7,7,0,5,9,6,1,1,0,7
73217,73216,2048,1,1025,286,286,0,186,256,95,161,41216,41216,256
73217,73216,1024,1,513,132,131,0,91,184,123,9,1355,0,132
73217,73216,4096,1,37,8,7,0,5,10,8,0,0,0,8
73344,73344,1024,0,513,137,137,0,79,185,130,7,487,0,137
73345,73344,1024,1,513,136,136,0,79,184,129,7,428,0,136
73472,73472,2048,0,1025,288,288,0,187,256,192,64,16384,16384,256
73472,73472,1024,0,513,143,143,0,88,181,134,9,823,0,143
73473,73472,2048,1,1025,286,286,0,185,256,198,58,14848,14848,256
73473,73472,1024,1,513,142,142,0,87,180,133,9,681,0,142
73600,73600,1024,0,513,137,137,0,80,185,130,7,1028,0,137
73601,73600,1024,1,513,138,138,0,80,183,130,8,1045,0,138
73728,73728,2048,0,1025,284,284,0,184,256,219,37,9472,9472,256
73728,73728,1024,0,513,142,142,0,87,182,131,11,1316,0,142
73728,73728,4096,0,37,10,10,0,5,9,9,1,6,0,10
73729,73728,2048,1,1025,282,282,0,184,256,215,41,10496,10496,256
73729,73728,1024,1,513,144,144,0,86,181,131,13,1572,0,144
73729,73728,4096,1,37,7,6,0,5,10,7,0,0,0,7
73856,73856,1024,0,513,134,133,0,88,188,129,5,517,0,134
73857,73856,1024,1,513,136,135,0,89,190,131,5,706,0,136
73984,73984,2048,0,1025,282,281,0,182,256,206,50,12800,12800,256
73984,73984,1024,0,513,138,137,0,85,184,129,9,807,0,138
73985,73984,2048,1,1025,284,283,0,183,256,194,62,15872,15872,256
73985,73984,1024,1,513,139,138,0,85,186,131,8,659,0,139
74112,74112,1024,0,513,133,132,0,79,179,127,6,229,0,133
74113,74112,1024,1,513,134,133,0,81,182,129,5,250,0,134
74240,74240,2048,0,1025,280,280,0,182,256,132,124,31744,31744,256
74240,74240,1024,0,513,136,135,0,95,180,131,5,479,0,136
74240,74240,4096,0,37,8,7,0,5,10,7,1,10,0,8
74241,74240,2048,1,1025,280,280,0,181,256,116,140,35840,35840,256
74241,74240,1024,1,513,137,136,0,95,182,132,5,475,0,137
74241,74240,4096,1,37,7,6,0,5,10,7,0,0,0,7
74368,74368,1024,0,513,153,152,0,93,176,138,15,1584,0,153
74369,74368,1024,1,513,153,152,0,96,178,138,15,1801,0,153
74496,74496,2048,0,1025,287,287,0,181,256,209,47,12032,12032,256
74496,74496,1024,0,513,146,146,0,97,183,136,10,1242,0,146
74497,74496,2048,1,1025,286,286,0,180,256,217,39,9984,9984,256
74497,74496,1024,1,513,145,145,0,98,184,136,9,863,0,145
74624,74624,1024,0,513,138,138,0,82,187,130,8,998,0,138
74625,74624,1024,1,513,139,139,0,84,187,131,8,954,0,139
74752,74752,2048,0,1025,286,285,0,186,256,191,65,16640,16640,256
74752,74752,1024,0,513,134,134,0,83,192,128,6,1046,0,134
74752,74752,4096,0,37,10,9,0,5,11,9,1,12,0,10
74753,74752,2048,1,1025,284,283,0,187,256,198,58,14848,14848,256
74753,74752,1024,1,513,134,134,0,83,191,128,6,917,0,134
74753,74752,4096,1,37,8,8,0,6,10,8,0,0,0,8
74880,74880,1024,0,513,140,140,0,88,191,134,6,295,0,140
74881,74880,1024,1,513,141,141,0,89,190,135,6,299,0,141
75008,75008,2048,0,1025,290,289,0,163,256,146,110,28160,28160,256
75008,75008,1024,0,513,142,142,0,80,185,134,8,553,0,142
75009,75008,2048,1,1025,288,287,0,162,256,175,81,20736,20736,256
75009,75008,1024,1,513,141,141,0,82,184,133,8,613,0,141
75136,75136,1024,0,513,144,143,0,92,183,134,10,973,0,144
75137,75136,1024,1,513,143,142,0,91,182,133,10,922,0,143
75264,75264,2048,0,1025,285,284,0,174,256,105,151,38656,38656,256
75264,75264,1024,0,513,145,144,0,93,186,137,8,792,0,145
75264,75264,4096,0,37,9,8,0,6,12,9,0,0,0,9
75265,75264,2048,1,1025,282,281,0,172,256,109,147,37632,37632,256
75265,75264,1024,1,513,143,142,0,92,185,136,7,590,0,143
75265,75264,4096,1,37,7,6,0,6,10,7,0,0,0,7
75392,75392,1024,0,513,133,132,0,76,187,128,5,335,0,133
75393,75392,1024,1,513,134,133,0,79,186,129,5,309,0,134
75520,75520,2048,0,1025,283,282,0,178,256,204,52,13312,13312,256
75520,75520,1024,0,513,144,143,0,89,188,137,7,892,0,144
75521,75520,2048,1,1025,282,281,0,177,256,195,61,15616,15616,256
75521,75520,1024,1,513,145,144,0,91,187,137,8,1070,0,145
75648,75648,1024,0,513,142,141,0,90,189,134,8,758,0,142
75649,75648,1024,1,513,143,142,0,90,188,135,8,557,0,143
75776,75776,2048,0,1025,291,290,0,175,256,196,60,15360,15360,256
75776,75776,1024,0,513,136,135,0,88,189,130,6,605,0,136
75776,75776,4096,0,37,7,7,0,6,12,7,0,0,0,7
75777,75776,2048,1,1025,291,290,0,177,256,183,73,18688,18688,256
75777,75776,1024,1,513,135,134,0,88,187,130,5,295,0,135
75777,75776,4096,1,37,6,6,0,5,9,6,0,0,0,6
75904,75904,1024,0,513,140,139,0,88,184,133,7,497,0,140
75905,75904,1024,1,513,141,140,0,88,182,134,7,488,0,141
76032,76032,2048,0,1025,278,277,0,165,256,207,49,12544,12544,256
76032,76032,1024,0,513,145,144,0,87,186,136,9,942,0,145
76033,76032,2048,1,1025,277,276,0,163,256,209,47,12032,12032,256
76033,76032,1024,1,513,145,144,0,87,185,136,9,1018,0,145
76160,76160,1024,0,513,133,133,0,91,186,126,7,694,0,133
76161,76160,1024,1,513,132,132,0,92,185,125,7,826,0,132
76288,76288,2048,0,1025,274,273,0,177,256,153,103,26368,26368,256
76288,76288,1024,0,513,132,132,0,82,182,126,6,342,0,132
76288,76288,4096,0,37,8,7,0,6,12,8,0,0,0,8
76289,76288,2048,1,1025,274,273,0,177,256,148,108,27648,27648,256
76289,76288,1024,1,513,132,132,0,84,181,126,6,330,0,132
76289,76288,4096,1,37,8,8,0,4,9,7,1,4,0,8
76416,76416,1024,0,513,131,130,0,78,181,123,8,902,0,131
76417,76416,1024,1,513,133,132,0,80,181,126,7,846,0,133
76544,76544,2048,0,1025,278,278,0,170,256,203,53,13568,13568,256
76544,76544,1024,0,513,136,135,0,75,183,130,6,640,0,136
76545,76544,2048,1,1025,277,277,0,170,256,209,47,12032,12032,256
76545,76544,1024,1,513,137,136,0,77,181,130,7,741,0,137
76672,76672,1024,0,513,144,144,0,90,179,136,8,692,0,144
76673,76672,1024,1,513,144,144,0,92,179,137,7,568,0,144
76800,76800,2048,0,1025,303,303,0,186,256,208,48,12288,12288,256
76800,76800,1024,0,513,137,137,0,80,178,131,6,343,0,137
76800,76800,4096,0,37,9,8,0,7,11,9,0,0,0,9
76801,76800,2048,1,1025,302,302,0,183,256,210,46,11776,11776,256
76801,76800,1024,1,513,136,136,0,79,178,130,6,383,0,136
76801,76800,4096,1,37,8,7,0,6,10,8,0,0,0,8
76928,76928,1024,0,513,141,141,0,101,180,133,8,995,0,141
76929,76928,1024,1,513,140,140,0,101,181,134,6,799,0,140
77056,77056,2048,0,1025,286,286,0,193,256,150,106,27136,27136,256
77056,77056,1024,0,513,138,138,0,88,184,134,4,530,0,138
77057,77056,2048,1,1025,284,284,0,194,256,163,93,23808,23808,256
77057,77056,1024,1,513,137,137,0,88,182,133,4,345,0,137
77184,77184,1024,0,513,144,144,0,91,182,135,9,1300,0,144
77185,77184,1024,1,513,143,143,0,92,181,133,10,1659,0,143
77312,77312,2048,0,1025,285,284,0,176,256,218,38,9728,9728,256
77312,77312,1024,0,513,146,146,0,100,183,140,6,625,0,146
77312,77312,4096,0,37,7,7,0,7,10,7,0,0,0,7
77313,77312,2048,1,1025,284,283,0,176,256,217,39,9984,9984,256
77313,77312,1024,1,513,147,147,0,100,184,142,5,543,0,147
77313,77312,4096,1,37,8,7,0,5,9,7,1,6,0,8
77440,77440,1024,0,513,137,137,0,85,179,131,6,199,0,137
77441,77440,1024,1,513,138,138,0,86,179,132,6,243,0,138
77568,77568,2048,0,1025,278,277,0,190,256,124,132,33792,33792,256
77568,77568,1024,0,513,143,143,0,79,181,134,9,875,0,143
77569,77568,2048,1,1025,277,276,0,185,256,134,122,31232,31232,256
77569,77568,1024,1,513,142,142,0,79,180,133,9,668,0,142
77696,77696,1024,0,513,138,138,0,95,188,133,5,816,0,138
77697,77696,1024,1,513,138,138,0,98,187,134,4,638,0,138
77824,77824,2048,0,1025,281,281,0,177,256,202,54,13824,13824,256
77824,77824,1024,0,513,144,144,0,86,188,139,5,451,0,144
77824,77824,4096,0,37,9,8,0,6,9,8,1,1,0,9
77825,77824,2048,1,1025,281,281,0,177,256,200,56,14336,14336,256
77825,77824,1024,1,513,143,143,0,85,186,138,5,493,0,143
77825,77824,4096,1,37,7,7,0,5,10,7,0,0,0,7
77952,77952,1024,0,513,139,139,0,95,182,131,8,595,0,139
77953,77952,1024,1,513,142,142,0,97,180,132,10,922,0,142
78080,78080,2048,0,1025,292,292,0,177,256,204,52,13312,13312,256
78080,78080,1024,0,513,134,134,0,84,185,130,4,161,0,134
78081,78080,2048,1,1025,290,290,0,174,256,204,52,13312,13312,256
78081,78080,1024,1,513,133,133,0,85,187,130,3,201,0,133
78208,78208,1024,0,513,142,141,0,80,182,133,9,1007,0,142
78209,78208,1024,1,513,143,142,0,82,183,133,10,1291,0,143
78336,78336,2048,0,1025,291,291,0,186,256,194,62,15872,15872,256
78336,78336,1024,0,513,137,136,0,83,185,127,10,1063,0,137
78336,78336,4096,0,37,8,8,0,6,10,7,1,6,0,8
78337,78336,2048,1,1025,291,291,0,185,256,192,64,16384,16384,256
78337,78336,1024,1,513,138,137,0,85,187,128,10,1092,0,138
78337,78336,4096,1,37,7,7,0,6,10,7,0,0,0,7
78464,78464,1024,0,513,141,140,0,84,186,137,4,141,0,141
78465,78464,1024,1,513,141,140,0,89,189,138,3,123,0,141
78592,78592,2048,0,1025,295,295,0,198,256,153,103,26368,26368,256
78592,78592,1024,0,513,140,140,0,82,184,131,9,895,0,140
78593,78592,2048,1,1025,294,294,0,195,256,139,117,29952,29952,256
78593,78592,1024,1,513,139,139,0,81,186,131,8,706,0,139
78720,78720,1024,0,513,135,135,0,83,189,131,4,355,0,135
78721,78720,1024,1,513,135,135,0,83,190,131,4,378,0,135
78848,78848,2048,0,1025,279,279,0,176,256,200,56,14336,14336,256
78848,78848,1024,0,513,137,137,0,82,184,124,13,1623,0,137
78848,78848,4096,0,37,9,9,0,5,11,8,1,10,0,9
78849,78848,2048,1,1025,279,279,0,176,256,199,57,14592,14592,256
78849,78848,1024,1,513,139,139,0,84,185,126,13,1684,0,139
78849,78848,4096,1,37,7,7,0,4,10,7,0,0,0,7
78976,78976,1024,0,513,140,139,0,91,191,132,8,802,0,140
78977,78976,1024,1,513,142,141,0,93,191,134,8,545,0,142
79104,79104,2048,0,1025,280,279,0,175,256,140,116,29696,29696,256
79104,79104,1024,0,513,139,138,0,96,188,135,4,154,0,139
79105,79104,2048,1,1025,279,279,0,175,256,140,116,29696,29696,256
79105,79104,1024,1,513,140,139,0,95,187,136,4,94,0,140
79232,79232,1024,0,513,142,141,0,85,183,131,11,884,0,142
79233,79232,1024,1,513,143,142,0,84,183,133,10,739,0,143
79360,79360,2048,0,1025,284,284,0,178,256,221,35,8960,8960,256
79360,79360,1024,0,513,140,140,0,85,181,132,8,397,0,140
79360,79360,4096,0,37,10,9,0,6,12,10,0,0,0,10
79361,79360,2048,1,1025,282,282,0,176,256,217,39,9984,9984,256
79361,79360,1024,1,513,141,141,0,88,183,133,8,667,0,141
79361,79360,4096,1,37,8,7,0,6,10,8,0,0,0,8
79488,79488,1024,0,513,145,145,0,103,183,139,6,589,0,145
79489,79488,1024,1,513,145,145,0,104,184,139,6,548,0,145
79616,79616,2048,0,1025,273,273,0,167,256,215,41,10496,10496,256
79616,79616,1024,0,513,144,144,0,88,181,136,8,532,0,144
79617,79616,2048,1,1025,273,273,0,166,256,208,48,12288,12288,256
79617,79616,1024,1,513,144,144,0,89,183,137,7,522,0,144
79744,79744,1024,0,513,146,146,0,87,185,140,6,746,0,146
79745,79744,1024,1,513,147,147,0,88,186,141,6,820,0,147
79872,79872,2048,0,1025,276,276,0,182,256,158,98,25088,25088,256
79872,79872,1024,0,513,135,135,0,91,184,130,5,423,0,135
79872,79872,4096,0,37,8,7,0,6,12,8,0,0,0,8
79873,79872,2048,1,1025,275,275,0,182,256,165,91,23296,23296,256
79873,79872,1024,1,513,136,136,0,91,184,131,5,253,0,136
79873,79872,4096,1,37,8,8,0,4,10,7,1,9,0,8
80000,80000,1024,0,513,134,134,0,86,184,129,5,570,0,134
80001,80000,1024,1,513,136,136,0,87,184,131,5,576,0,136
80128,80128,2048,0,1025,293,293,0,175,256,216,40,10240,10240,256
80128,80128,1024,0,513,140,140,0,89,183,132,8,810,0,140
80129,80128,2048,1,1025,292,292,0,173,256,203,53,13568,13568,256
80129,80128,1024,1,513,141,141,0,91,183,133,8,690,0,141
80256,80256,1024,0,513,145,144,0,93,186,136,9,1270,0,145
80257,80256,1024,1,513,145,144,0,94,186,135,10,1453,0,145
80384,80384,2048,0,1025,289,288,0,189,256,188,68,17408,17408,256
80384,80384,1024,0,513,146,145,0,92,183,138,8,324,0,146
80384,80384,4096,0,37,8,7,0,5,12,8,0,0,0,8
80385,80384,2048,1,1025,288,287,0,186,256,189,67,17152,17152,256
80385,80384,1024,1,513,145,144,0,92,185,138,7,294,0,145
80385,80384,4096,1,37,7,6,0,6,11,7,0,0,0,7
80512,80512,1024,0,513,144,144,0,98,183,134,10,815,0,144
80513,80512,1024,1,513,143,143,0,98,184,133,10,823,0,143
80640,80640,2048,0,1025,270,269,0,180,256,221,35,8960,8960,256
80640,80640,1024,0,513,143,143,0,92,182,137,6,207,0,143
80641,80640,2048,1,1025,269,268,0,176,256,213,43,11008,11008,256
80641,80640,1024,1,513,143,143,0,92,183,137,6,189,0,143
80768,80768,1024,0,513,142,142,0,93,183,136,6,432,0,142
80769,80768,1024,1,513,143,143,0,93,183,138,5,252,0,143
80896,80896,2048,0,1025,285,285,0,171,256,161,95,24320,24320,256
80896,80896,1024,0,513,142,141,0,90,184,136,6,734,0,142
80896,80896,4096,0,37,8,8,0,5,12,8,0,0,0,8
80897,80896,2048,1,1025,283,283,0,168,256,169,87,22272,22272,256
80897,80896,1024,1,513,144,143,0,95,182,138,6,570,0,144
80897,80896,4096,1,37,7,7,0,5,10,7,0,0,0,7
81024,81024,1024,0,513,146,146,0,90,186,137,9,1442,0,146
81025,81024,1024,1,513,146,146,0,91,184,137,9,1267,0,146
81152,81152,2048,0,1025,290,290,0,182,256,213,43,11008,11008,256
81152,81152,1024,0,513,143,143,0,87,185,136,7,301,0,143
81153,81152,2048,1,1025,288,288,0,181,256,194,62,15872,15872,256
81153,81152,1024,1,513,144,144,0,88,183,137,7,300,0,144
81280,81280,1024,0,513,137,137,0,85,187,128,9,1082,0,137
81281,81280,1024,1,513,135,135,0,85,186,126,9,1189,0,135
81408,81408,2048,0,1025,280,280,0,179,256,199,57,14592,14592,256
81408,81408,1024,0,513,142,142,0,82,186,138,4,212,0,142
81408,81408,4096,0,37,7,7,0,6,12,7,0,0,0,7
81409,81408,2048,1,1025,278,278,0,177,256,193,63,16128,16128,256
81409,81408,1024,1,513,140,140,0,80,185,137,3,114,0,140
81409,81408,4096,1,37,8,8,0,4,10,7,1,7,0,8
81536,81536,1024,0,513,141,140,0,85,179,131,10,673,0,141
81537,81536,1024,1,513,142,141,0,87,178,132,10,937,0,142
81664,81664,2048,0,1025,287,287,0,173,256,141,115,29440,29440,256
81664,81664,1024,0,513,136,136,0,84,181,131,5,326,0,136
81665,81664,2048,1,1025,287,287,0,170,256,115,141,36096,36096,256
81665,81664,1024,1,513,135,135,0,84,180,130,5,257,0,135
81792,81792,1024,0,513,144,144,0,91,177,133,11,1035,0,144
81793,81792,1024,1,513,143,143,0,90,177,133,10,903,0,143
81920,81920,2048,0,1025,289,288,0,190,256,149,107,27392,27392,256
81920,81920,1024,0,513,136,136,0,87,186,131,5,629,0,136
81920,81920,4096,0,37,5,5,0,5,9,5,0,0,0,5
81921,81920,2048,1,1025,288,287,0,189,256,142,114,29184,29184,256
81921,81920,1024,1,513,137,137,0,87,184,131,6,664,0,137
81921,81920,4096,1,37,7,6,0,6,10,6,1,4,0,7
82048,82048,1024,0,513,141,141,0,95,186,132,9,1263,0,141
82049,82048,1024,1,513,140,140,0,95,185,131,9,1269,0,140
82176,82176,2048,0,1025,290,289,0,195,256,79,177,45312,45312,256
82176,82176,1024,0,513,148,148,0,90,179,138,10,437,0,148
82177,82176,2048,1,1025,288,287,0,192,256,115,141,36096,36096,256
82177,82176,1024,1,513,147,147,0,90,178,138,9,359,0,147
82304,82304,1024,0,513,146,146,0,96,185,138,8,959,0,146
82305,82304,1024,1,513,147,147,0,99,182,138,9,1049,0,147
82432,82432,2048,0,1025,284,284,0,179,256,180,76,19456,19456,256
82432,82432,1024,0,513,143,143,0,85,182,137,6,552,0,143
82432,82432,4096,0,37,7,7,0,5,9,6,1,1,0,7
82433,82432,2048,1,1025,284,284,0,177,256,148,108,27648,27648,256
82433,82432,1024,1,513,145,145,0,89,180,138,7,674,0,145
82433,82432,4096,1,37,7,7,0,5,11,7,0,0,0,7
82560,82560,1024,0,513,143,143,0,101,181,136,7,829,0,143
82561,82560,1024,1,513,144,144,0,103,180,136,8,985,0,144
82688,82688,2048,0,1025,269,268,0,174,256,71,185,47360,47360,256
82688,82688,1024,0,513,144,143,0,98,186,137,7,1117,0,144
82689,82688,2048,1,1025,266,266,0,172,256,84,172,44032,44032,256
82689,82688,1024,1,513,143,142,0,99,186,138,5,773,0,143
82816,82816,1024,0,513,149,149,0,93,183,138,11,1007,0,149
82817,82816,1024,1,513,148,148,0,93,181,137,11,988,0,148
82944,82944,2048,0,1025,264,264,0,152,256,224,32,8192,8192,256
82944,82944,1024,0,513,143,143,0,104,185,136,7,330,0,143
82944,82944,4096,0,37,10,10,0,5,9,8,2,16,0,10
82945,82944,2048,1,1025,263,263,0,150,256,217,39,9984,9984,256
82945,82944,1024,1,513,143,143,0,103,184,136,7,403,0,143
82945,82944,4096,1,37,8,7,0,5,11,8,0,0,0,8
83072,83072,1024,0,513,146,145,0,86,187,138,8,858,0,146
83073,83072,1024,1,513,146,145,0,85,187,138,8,1117,0,146
83200,83200,2048,0,1025,280,280,0,184,256,211,45,11520,11520,256
83200,83200,1024,0,513,137,136,0,87,187,131,6,449,0,137
83201,83200,2048,1,1025,277,277,0,182,256,221,35,8960,8960,256
83201,83200,1024,1,513,138,137,0,91,187,132,6,446,0,138
83328,83328,1024,0,513,147,146,0,94,183,138,9,962,0,147
83329,83328,1024,1,513,147,146,0,94,182,138,9,748,0,147
83456,83456,2048,0,1025,277,277,0,170,256,183,73,18688,18688,256
83456,83456,1024,0,513,141,140,0,91,185,134,7,350,0,141
83456,83456,4096,0,37,9,8,0,6,10,8,1,6,0,9
83457,83456,2048,1,1025,277,277,0,168,256,179,77,19712,19712,256
83457,83456,1024,1,513,141,140,0,90,185,135,6,370,0,141
83457,83456,4096,1,37,8,8,0,5,10,8,0,0,0,8
83584,83584,1024,0,513,144,143,0,86,184,136,8,609,0,144
83585,83584,1024,1,513,145,144,0,87,182,135,10,949,0,145
83712,83712,2048,0,1025,272,272,0,179,256,213,43,11008,11008,256
83712,83712,1024,0,513,141,141,0,85,180,130,11,955,0,141
83713,83712,2048,1,1025,271,271,0,175,256,219,37,9472,9472,256
83713,83712,1024,1,513,138,138,0,85,182,129,9,973,0,138
83840,83840,1024,0,513,135,135,0,90,190,128,7,1289,0,135
83841,83840,1024,1,513,135,135,0,88,190,128,7,1211,0,135
83968,83968,2048,0,1025,281,281,0,172,256,202,54,13824,13824,256
83968,83968,1024,0,513,142,142,0,83,187,132,10,1056,0,142
83968,83968,4096,0,37,9,8,0,6,11,8,1,11,0,9
83969,83968,2048,1,1025,282,282,0,173,256,184,72,18432,18432,256
83969,83968,1024,1,513,143,143,0,84,187,133,10,1061,0,143
83969,83968,4096,1,37,6,6,0,4,9,5,1,3,0,6
84096,84096,1024,0,513,152,152,0,91,189,142,10,1392,0,152
84097,84096,1024,1,513,150,150,0,91,188,141,9,1015,0,150
84224,84224,2048,0,1025,287,286,0,178,256,138,118,30208,30208,256
84224,84224,1024,0,513,144,144,0,97,193,139,5,336,0,144
84225,84224,2048,1,1025,284,284,0,175,256,153,103,26368,26368,256
84225,84224,1024,1,513,144,144,0,98,191,139,5,252,0,144
84352,84352,1024,0,513,137,137,0,86,191,128,9,1163,0,137
84353,84352,1024,1,513,139,139,0,85,189,129,10,1290,0,139
84480,84480,2048,0,1025,283,283,0,193,256,154,102,26112,26112,256
84480,84480,1024,0,513,145,145,0,86,194,142,3,264,0,145
84480,84480,4096,0,37,8,8,0,5,12,7,1,13,0,8
84481,84480,2048,1,1025,280,280,0,190,256,166,90,23040,23040,256
84481,84480,1024,1,513,144,144,0,86,193,142,2,87,0,144
84481,84480,4096,1,37,8,7,0,5,10,8,0,0,0,8
84608,84608,1024,0,513,151,151,0,95,187,140,11,927,0,151
84609,84608,1024,1,513,149,149,0,94,184,138,11,835,0,149
84736,84736,2048,0,1025,270,269,0,172,256,210,46,11776,11776,256
84736,84736,1024,0,513,133,133,0,95,193,129,4,310,0,133
84737,84736,2048,1,1025,271,271,0,171,256,183,73,18688,18688,256
84737,84736,1024,1,513,132,132,0,91,190,128,4,369,0,132
84864,84864,1024,0,513,135,135,0,87,186,131,4,156,0,135
84865,84864,1024,1,513,134,134,0,86,184,130,4,281,0,134
84992,84992,2048,0,1025,266,266,0,161,256,190,66,16896,16896,256
84992,84992,1024,0,513,141,141,0,75,186,132,9,922,0,141
84992,84992,4096,0,37,7,6,0,6,13,7,0,0,0,7
84993,84992,2048,1,1025,264,264,0,163,256,210,46,11776,11776,256
84993,84992,1024,1,513,141,141,0,76,184,132,9,1010,0,141
84993,84992,4096,1,37,7,7,0,6,10,7,0,0,0,7
85120,85120,1024,0,513,139,139,0,85,184,133,6,249,0,139
85121,85120,1024,1,513,141,141,0,87,182,135,6,219,0,141
85248,85248,2048,0,1025,282,282,0,171,256,128,128,32768,32768,256
85248,85248,1024,0,513,134,134,0,78,183,127,7,450,0,134
85249,85248,2048,1,1025,282,282,0,170,256,106,150,38400,38400,256
85249,85248,1024,1,513,133,133,0,80,181,126,7,292,0,133
85376,85376,1024,0,513,138,138,0,85,185,129,9,1191,0,138
85377,85376,1024,1,513,138,138,0,84,184,129,9,1246,0,138
85504,85504,2048,0,1025,292,292,0,189,256,180,76,19456,19456,256
85504,85504,1024,0,513,138,137,0,87,186,128,10,1071,0,138
85504,85504,4096,0,37,7,6,0,5,12,7,0,0,0,7
85505,85504,2048,1,1025,291,291,0,189,256,185,71,18176,18176,256
85505,85504,1024,1,513,137,136,0,89,186,129,8,982,0,137
85505,85504,4096,1,37,8,7,0,4,10,8,0,0,0,8
85632,85632,1024,0,513,142,141,0,84,184,131,11,871,0,142
85633,85632,1024,1,513,142,141,0,82,183,131,11,1112,0,142
85760,85760,2048,0,1025,290,290,0,203,256,215,41,10496,10496,256
85760,85760,1024,0,513,143,142,0,95,188,139,4,220,0,143
85761,85760,2048,1,1025,289,289,0,201,256,213,43,11008,11008,256
85761,85760,1024,1,513,143,142,0,95,187,139,4,225,0,143
85888,85888,1024,0,513,136,135,0,87,181,130,6,383,0,136
85889,85888,1024,1,513,137,136,0,90,180,131,6,331,0,137
86016,86016,2048,0,1025,275,275,0,165,256,208,48,12288,12288,256
86016,86016,1024,0,513,139,138,0,89,181,133,6,330,0,139
86016,86016,4096,0,37,9,8,0,6,12,9,0,0,0,9
86017,86016,2048,1,1025,274,274,0,166,256,206,50,12800,12800,256
86017,86016,1024,1,513,138,137,0,89,181,133,5,282,0,138
86017,86016,4096,1,37,7,6,0,4,9,7,0,0,0,7
86144,86144,1024,0,513,138,137,0,91,177,129,9,700,0,138
86145,86144,1024,1,513,139,138,0,91,176,129,10,721,0,139
86272,86272,2048,0,1025,279,278,0,181,256,191,65,16640,16640,256
86272,86272,1024,0,513,145,144,0,89,182,140,5,416,0,145
86273,86272,2048,1,1025,277,276,0,179,256,195,61,15616,15616,256
86273,86272,1024,1,513,145,144,0,91,182,142,3,229,0,145
86400,86400,1024,0,513,140,140,0,96,176,133,7,389,0,140
86401,86400,1024,1,513,140,140,0,97,173,133,7,324,0,140
86528,86528,2048,0,1025,285,284,0,163,256,124,132,33792,33792,256
86528,86528,1024,0,513,163,162,0,93,177,142,21,3022,0,163
86528,86528,4096,0,37,8,8,0,6,9,6,2,9,0,8
86529,86528,2048,1,1025,287,285,0,171,256,109,147,37632,37632,256
86529,86528,1024,1,513,150,149,0,94,175,136,14,1709,0,150
86529,86528,4096,1,37,7,6,0,4,9,6,1,4,0,7
86656,86656,1024,0,513,161,160,0,114,192,151,10,1715,0,161
86657,86656,1024,1,513,148,148,0,103,182,142,6,815,0,148
86784,86784,2048,0,1025,300,299,0,170,256,59,197,50432,50432,256
86784,86784,1024,0,513,131,131,0,96,199,127,4,428,0,131
86785,86784,2048,1,1025,282,281,0,178,256,125,131,33536,33536,256
86785,86784,1024,1,513,129,129,0,95,185,126,3,149,0,129
86912,86912,1024,0,513,114,114,0,74,197,112,2,24,0,114
86913,86912,1024,1,513,116,115,0,82,182,115,1,26,0,116
87040,87040,2048,0,1025,286,285,0,199,256,223,33,8448,8448,256
87040,87040,1024,0,513,122,121,0,66,191,115,7,255,0,122
87040,87040,4096,0,37,6,6,0,5,11,6,0,0,0,6
87041,87040,2048,1,1025,270,269,0,183,256,186,70,17920,17920,256
87041,87040,1024,1,513,132,131,0,72,176,124,8,452,0,132
87041,87040,4096,1,37,6,5,0,4,10,6,0,0,0,6
87168,87168,1024,0,513,156,155,0,94,184,145,11,658,0,156
87169,87168,1024,1,513,159,159,0,105,170,142,17,1688,0,159
87296,87296,2048,0,1025,245,245,0,175,256,219,26,6656,6656,245
87296,87296,1024,0,513,163,163,0,115,181,144,19,1993,0,163
87297,87296,2048,1,1025,240,240,0,158,256,217,23,5888,5888,240
87297,87296,1024,1,513,148,148,0,102,180,137,11,1363,0,148
87424,87424,1024,0,513,134,134,0,83,189,127,7,441,0,134
87425,87424,1024,1,513,135,135,0,75,185,125,10,1434,0,135
87552,87552,2048,0,1025,239,239,0,144,256,214,25,6400,6400,239
87552,87552,1024,0,513,144,144,0,90,193,137,7,1161,0,144
87552,87552,4096,0,37,5,5,0,4,11,5,0,0,0,5
87553,87552,2048,1,1025,255,255,0,158,256,207,48,12288,12288,255
87553,87552,1024,1,513,146,146,0,92,189,134,12,1973,0,146
87553,87552,4096,1,37,7,7,0,4,9,6,1,7,0,7
87680,87680,1024,0,513,142,142,0,101,198,140,2,210,0,142
87681,87680,1024,1,513,141,141,0,102,197,139,2,63,0,141
87808,87808,2048,0,1025,283,283,0,165,256,187,69,17664,17664,256
87808,87808,1024,0,513,142,142,0,95,193,136,6,184,0,142
87809,87808,2048,1,1025,278,278,0,169,256,188,68,17408,17408,256
87809,87808,1024,1,513,141,141,0,95,188,133,8,515,0,141
87936,87936,1024,0,513,146,146,0,86,181,134,12,790,0,146
87937,87936,1024,1,513,146,146,0,84,184,134,12,951,0,146
88064,88064,2048,0,1025,301,301,0,210,256,172,84,21504,21504,256
88064,88064,1024,0,513,136,136,0,83,185,130,6,420,0,136
88064,88064,4096,0,37,6,6,0,3,11,5,1,9,0,6
88065,88064,2048,1,1025,297,296,0,185,256,150,106,27136,27136,256
88065,88064,1024,1,513,137,137,0,86,185,130,7,540,0,137
88065,88064,4096,1,37,6,6,0,5,10,6,0,0,0,6
88192,88192,1024,0,513,145,145,0,80,187,130,15,2357,0,145
88193,88192,1024,1,513,145,145,0,83,189,130,15,2295,0,145
88320,88320,2048,0,1025,289,288,0,177,256,195,61,15616,15616,256
88320,88320,1024,0,513,141,141,0,96,198,137,4,414,0,141
88321,88320,2048,1,1025,288,287,0,177,256,207,49,12544,12544,256
88321,88320,1024,1,513,142,142,0,97,200,137,5,502,0,142
88448,88448,1024,0,513,146,145,0,89,190,134,12,1038,0,146
88449,88448,1024,1,513,145,144,0,90,192,133,12,1067,0,145
88576,88576,2048,0,1025,293,292,0,180,256,169,87,22272,22272,256
88576,88576,1024,0,513,142,141,0,85,192,134,8,858,0,142
88576,88576,4096,0,37,7,7,0,5,10,6,1,7,0,7
88577,88576,2048,1,1025,293,292,0,186,256,172,84,21504,21504,256
88577,88576,1024,1,513,143,142,0,87,194,135,8,848,0,143
88577,88576,4096,1,37,5,5,0,5,10,5,0,0,0,5
88704,88704,1024,0,513,137,136,0,97,190,130,7,358,0,137
88705,88704,1024,1,513,136,135,0,96,191,130,6,396,0,136
88832,88832,2048,0,1025,272,271,0,175,256,170,86,22016,22016,256
88832,88832,1024,0,513,146,146,0,92,186,139,7,568,0,146
88833,88832,2048,1,1025,271,270,0,173,256,219,37,9472,9472,256
88833,88832,1024,1,513,146,146,0,94,186,138,8,772,0,146
88960,88960,1024,0,513,146,146,0,94,186,140,6,356,0,146
88961,88960,1024,1,513,144,144,0,94,185,137,7,322,0,144
89088,89088,2048,0,1025,282,282,0,175,256,148,108,27648,27648,256
89088,89088,1024,0,513,140,139,0,85,183,132,8,748,0,140
89088,89088,4096,0,37,5,5,0,2,8,5,0,0,0,5
89089,89088,2048,1,1025,282,282,0,174,256,168,88,22528,22528,256
89089,89088,1024,1,513,139,138,0,87,182,131,8,663,0,139
89089,89088,4096,1,37,6,6,0,4,9,6,0,0,0,6
89216,89216,1024,0,513,139,138,0,80,186,132,7,691,0,139
89217,89216,1024,1,513,140,139,0,79,185,132,8,987,0,140
89344,89344,2048,0,1025,280,280,0,185,256,165,91,23296,23296,256
89344,89344,1024,0,513,138,138,0,91,188,130,8,1068,0,138
89345,89344,2048,1,1025,276,276,0,182,256,188,68,17408,17408,256
89345,89344,1024,1,513,139,139,0,92,189,131,8,1143,0,139
89472,89472,1024,0,513,140,140,0,88,186,134,6,554,0,140
89473,89472,1024,1,513,141,141,0,92,185,135,6,356,0,141
89600,89600,2048,0,1025,280,280,0,172,256,148,108,27648,27648,256
89600,89600,1024,0,513,138,138,0,99,183,133,5,182,0,138
89600,89600,4096,0,37,5,5,0,3,8,5,0,0,0,5
89601,89600,2048,1,1025,278,278,0,170,256,161,95,24320,24320,256
89601,89600,1024,1,513,139,139,0,101,183,133,6,335,0,139
89601,89600,4096,1,37,7,7,0,5,7,7,0,0,0,7
89728,89728,1024,0,513,140,140,0,90,183,133,7,639,0,140
89729,89728,1024,1,513,139,139,0,90,184,133,6,587,0,139
89856,89856,2048,0,1025,278,278,0,180,256,184,72,18432,18432,256
89856,89856,1024,0,513,140,140,0,80,180,131,9,556,0,140
89857,89856,2048,1,1025,275,275,0,177,256,196,60,15360,15360,256
89857,89856,1024,1,513,139,139,0,82,180,130,9,688,0,139
89984,89984,1024,0,513,140,140,0,89,182,131,9,1297,0,140
89985,89984,1024,1,513,141,141,0,91,181,132,9,955,0,141
90112,90112,2048,0,1025,275,274,0,180,256,141,115,29440,29440,256
90112,90112,1024,0,513,142,141,0,98,187,134,8,1081,0,142
90112,90112,4096,0,37,9,9,0,3,7,5,4,25,0,9
90113,90112,2048,1,1025,273,272,0,180,256,175,81,20736,20736,256
90113,90112,1024,1,513,143,142,0,99,186,135,8,1082,0,143
90113,90112,4096,1,37,4,4,0,3,7,4,0,0,0,4
90240,90240,1024,0,513,143,142,0,79,188,133,10,1469,0,143
90241,90240,1024,1,513,143,142,0,79,187,132,11,1430,0,143
90368,90368,2048,0,1025,288,287,0,180,256,177,79,20224,20224,256
90368,90368,1024,0,513,144,143,0,88,193,134,10,1515,0,144
90369,90368,2048,1,1025,287,286,0,175,256,152,104,26624,26624,256
90369,90368,1024,1,513,143,142,0,87,192,133,10,1319,0,143
90496,90496,1024,0,513,138,138,0,98,194,137,1,8,0,138
90497,90496,1024,1,513,137,137,0,99,194,136,1,7,0,137
90624,90624,2048,0,1025,282,282,0,174,256,161,95,24320,24320,256
90624,90624,1024,0,513,143,143,0,88,189,136,7,206,0,143
90624,90624,4096,0,37,9,9,0,5,11,8,1,12,0,9
90625,90624,2048,1,1025,281,281,0,174,256,203,53,13568,13568,256
90625,90624,1024,1,513,143,143,0,88,190,135,8,484,0,143
90625,90624,4096,1,37,7,7,0,4,7,6,1,1,0,7
90752,90752,1024,0,513,140,140,0,83,185,136,4,142,0,140
90753,90752,1024,1,513,140,140,0,81,187,135,5,196,0,140
90880,90880,2048,0,1025,292,292,0,185,256,103,153,39168,39168,256
90880,90880,1024,0,513,148,147,0,80,182,136,12,938,0,148
90881,90880,2048,1,1025,290,290,0,182,256,148,108,27648,27648,256
90881,90880,1024,1,513,145,144,0,81,184,134,11,1028,0,145
91008,91008,1024,0,513,142,141,0,99,184,134,8,701,0,142
91009,91008,1024,1,513,141,140,0,97,185,133,8,772,0,141
91136,91136,2048,0,1025,280,280,0,187,256,217,39,9984,9984,256
91136,91136,1024,0,513,141,141,0,92,189,135,6,782,0,141
91136,91136,4096,0,37,7,7,0,4,12,7,0,0,0,7
91137,91136,2048,1,1025,278,278,0,186,256,218,38,9728,9728,256
91137,91136,1024,1,513,142,142,0,92,190,135,7,951,0,142
91137,91136,4096,1,37,5,5,0,5,8,5,0,0,0,5
91264,91264,1024,0,513,137,137,0,86,188,133,4,162,0,137
91265,91264,1024,1,513,137,137,0,88,189,133,4,171,0,137
91392,91392,2048,0,1025,276,276,0,173,256,179,77,19712,19712,256
91392,91392,1024,0,513,142,141,0,92,183,133,9,601,0,142
91393,91392,2048,1,1025,275,275,0,173,256,185,71,18176,18176,256
91393,91392,1024,1,513,143,142,0,92,183,134,9,697,0,143
91520,91520,1024,0,513,144,143,0,85,182,130,14,1526,0,144
91521,91520,1024,1,513,145,144,0,86,182,131,14,1466,0,145
91648,91648,2048,0,1025,282,282,0,174,256,146,110,28160,28160,256
91648,91648,1024,0,513,144,144,0,93,187,134,10,1018,0,144
91648,91648,4096,0,37,8,7,0,4,12,8,0,0,0,8
91649,91648,2048,1,1025,281,281,0,170,256,156,100,25600,25600,256
91649,91648,1024,1,513,143,143,0,96,188,135,8,859,0,143
91649,91648,4096,1,37,6,5,0,5,8,5,1,2,0,6
91776,91776,1024,0,513,146,146,0,91,191,139,7,768,0,146
91777,91776,1024,1,513,144,144,0,90,191,139,5,525,0,144
91904,91904,2048,0,1025,282,282,0,184,256,193,63,16128,16128,256
91904,91904,1024,0,513,142,142,0,90,195,135,7,1093,0,142
91905,91904,2048,1,1025,281,281,0,185,256,199,57,14592,14592,256
91905,91904,1024,1,513,144,144,0,90,192,136,8,1196,0,144
92032,92032,1024,0,513,137,137,0,88,193,132,5,492,0,137
92033,92032,1024,1,513,138,138,0,89,191,133,5,470,0,138
92160,92160,2048,0,1025,286,286,0,179,256,173,83,21248,21248,256
92160,92160,1024,0,513,147,146,0,81,185,139,8,351,0,147
92160,92160,4096,0,37,10,10,0,6,12,10,0,0,0,10
92161,92160,2048,1,1025,285,285,0,180,256,178,78,19968,19968,256
92161,92160,1024,1,513,147,146,0,80,183,138,9,587,0,147
92161,92160,4096,1,37,6,5,0,5,8,6,0,0,0,6
92288,92288,1024,0,513,151,150,0,98,187,139,12,1736,0,151
92289,92288,1024,1,513,151,150,0,99,186,139,12,1682,0,151
92416,92416,2048,0,1025,291,291,0,175,256,90,166,42496,42496,256
92416,92416,1024,0,513,140,139,0,97,193,137,3,121,0,140
92417,92416,2048,1,1025,289,289,0,172,256,100,156,39936,39936,256
92417,92416,1024,1,513,139,138,0,98,194,137,2,164,0,139
92544,92544,1024,0,513,131,130,0,82,191,126,5,497,0,131
92545,92544,1024,1,513,130,129,0,84,190,125,5,355,0,130
92672,92672,2048,0,1025,286,285,0,178,256,95,161,41216,41216,256
92672,92672,1024,0,513,148,148,0,80,187,137,11,1539,0,148
92672,92672,4096,0,37,8,7,0,4,12,8,0,0,0,8
92673,92672,2048,1,1025,282,281,0,174,256,193,63,16128,16128,256
92673,92672,1024,1,513,148,148,0,81,185,137,11,1387,0,148
92673,92672,4096,1,37,7,7,0,5,8,6,1,4,0,7
92800,92800,1024,0,513,152,152,0,90,193,143,9,1002,0,152
92801,92800,1024,1,513,151,151,0,90,191,142,9,1111,0,151
92928,92928,2048,0,1025,288,287,0,175,256,213,43,11008,11008,256
92928,92928,1024,0,513,139,139,0,84,197,133,6,735,0,139
92929,92928,2048,1,1025,287,286,0,174,256,189,67,17152,17152,256
92929,92928,1024,1,513,140,140,0,85,194,133,7,711,0,140
93056,93056,1024,0,513,142,142,0,91,193,133,9,571,0,142
93057,93056,1024,1,513,141,141,0,93,192,133,8,510,0,141
93184,93184,2048,0,1025,293,292,0,180,256,193,63,16128,16128,256
93184,93184,1024,0,513,140,139,0,87,198,135,5,621,0,140
93184,93184,4096,0,37,6,6,0,4,10,6,0,0,0,6
93185,93184,2048,1,1025,291,291,0,179,256,188,68,17408,17408,256
93185,93184,1024,1,513,141,140,0,88,196,135,6,878,0,141
93185,93184,4096,1,37,7,7,0,6,8,7,0,0,0,7
93312,93312,1024,0,513,144,144,0,87,194,137,7,709,0,144
93313,93312,1024,1,513,145,145,0,87,193,138,7,783,0,145
93440,93440,2048,0,1025,283,283,0,186,256,216,40,10240,10240,256
93440,93440,1024,0,513,141,141,0,91,190,136,5,330,0,141
93441,93440,2048,1,1025,282,282,0,185,256,205,51,13056,13056,256
93441,93440,1024,1,513,141,141,0,91,189,136,5,356,0,141
93568,93568,1024,0,513,142,142,0,83,187,135,7,498,0,142
93569,93568,1024,1,513,140,140,0,85,186,133,7,417,0,140
93696,93696,2048,0,1025,275,275,0,161,256,200,56,14336,14336,256
93696,93696,1024,0,513,140,140,0,81,187,129,11,899,0,140
93696,93696,4096,0,37,7,7,0,6,10,6,1,3,0,7
93697,93696,2048,1,1025,274,274,0,162,256,196,60,15360,15360,256
93697,93696,1024,1,513,138,138,0,82,187,129,9,533,0,138
93697,93696,4096,1,37,6,6,0,6,8,6,0,0,0,6
93824,93824,1024,0,513,141,140,0,87,192,137,4,452,0,141
93825,93824,1024,1,513,141,140,0,88,190,136,5,476,0,141
93952,93952,2048,0,1025,283,283,0,167,256,192,64,16384,16384,256
93952,93952,1024,0,513,133,132,0,82,189,129,4,322,0,133
93953,93952,2048,1,1025,281,281,0,166,256,193,63,16128,16128,256
93953,93952,1024,1,513,133,132,0,82,187,128,5,426,0,133
94080,94080,1024,0,513,141,140,0,90,186,132,9,1118,0,141
94081,94080,1024,1,513,144,143,0,90,185,133,11,1467,0,144
94208,94208,2048,0,1025,284,283,0,168,256,75,181,46336,46336,256
94208,94208,1024,0,513,137,136,0,88,189,128,9,973,0,137
94208,94208,4096,0,37,8,8,0,5,11,7,1,9,0,8
94209,94208,2048,1,1025,280,280,0,165,256,96,160,40960,40960,256
94209,94208,1024,1,513,136,135,0,92,190,128,8,885,0,136
94209,94208,4096,1,37,5,5,0,5,8,5,0,0,0,5
94336,94336,1024,0,513,135,135,0,83,184,128,7,419,0,135
94337,94336,1024,1,513,135,135,0,83,184,128,7,318,0,135
94464,94464,2048,0,1025,267,267,0,178,256,212,44,11264,11264,256
94464,94464,1024,0,513,133,133,0,94,182,123,10,1066,0,133
94465,94464,2048,1,1025,267,267,0,176,256,173,83,21248,21248,256
94465,94464,1024,1,513,131,131,0,94,182,121,10,1044,0,131
94592,94592,1024,0,513,135,135,0,78,184,128,7,719,0,135
94593,94592,1024,1,513,135,135,0,79,184,127,8,951,0,135
94720,94720,2048,0,1025,279,279,0,172,256,88,168,43008,43008,256
94720,94720,1024,0,513,142,142,0,88,181,135,7,222,0,142
94720,94720,4096,0,37,6,6,0,5,10,6,0,0,0,6
94721,94720,2048,1,1025,274,274,0,170,256,116,140,35840,35840,256
94721,94720,1024,1,513,141,141,0,86,181,134,7,227,0,141
94721,94720,4096,1,37,6,6,0,4,8,6,0,0,0,6
94848,94848,1024,0,513,146,146,0,95,184,136,10,1273,0,146
94849,94848,1024,1,513,146,146,0,93,183,136,10,1119,0,146
94976,94976,2048,0,1025,281,281,0,168,256,211,45,11520,11520,256
94976,94976,1024,0,513,140,140,0,85,184,132,8,671,0,140
94977,94976,2048,1,1025,278,278,0,164,256,207,49,12544,12544,256
94977,94976,1024,1,513,139,139,0,85,183,130,9,720,0,139
95104,95104,1024,0,513,140,140,0,88,188,134,6,694,0,140
95105,95104,1024,1,513,141,141,0,88,188,134,7,906,0,141
95232,95232,2048,0,1025,285,285,0,165,256,184,72,18432,18432,256
95232,95232,1024,0,513,141,141,0,93,185,134,7,423,0,141
95232,95232,4096,0,37,7,7,0,4,9,6,1,7,0,7
95233,95232,2048,1,1025,284,284,0,161,256,179,77,19712,19712,256
95233,95232,1024,1,513,142,142,0,95,185,136,6,139,0,142
95233,95232,4096,1,37,6,6,0,4,8,6,0,0,0,6
95360,95360,1024,0,513,136,135,0,82,184,129,7,750,0,136
95361,95360,1024,1,513,137,136,0,83,183,130,7,653,0,137
95488,95488,2048,0,1025,277,277,0,187,256,192,64,16384,16384,256
95488,95488,1024,0,513,138,137,0,89,185,133,5,402,0,138
95489,95488,2048,1,1025,275,275,0,186,256,202,54,13824,13824,256
95489,95488,1024,1,513,137,136,0,89,184,132,5,477,0,137
95616,95616,1024,0,513,148,147,0,94,176,138,10,890,0,148
95617,95616,1024,1,513,146,145,0,93,176,137,9,901,0,146
95744,95744,2048,0,1025,284,284,0,177,256,172,84,21504,21504,256
95744,95744,1024,0,513,129,128,0,84,180,126,3,107,0,129
95744,95744,4096,0,37,7,7,0,6,9,7,0,0,0,7
95745,95744,2048,1,1025,282,282,0,174,256,173,83,21248,21248,256
95745,95744,1024,1,513,128,127,0,84,179,125,3,147,0,128
95745,95744,4096,1,37,6,6,0,5,8,6,0,0,0,6
95872,95872,1024,0,513,136,135,0,83,178,126,10,1430,0,136
95873,95872,1024,1,513,137,136,0,84,176,127,10,1167,0,137
96000,96000,2048,0,1025,271,270,0,166,256,221,35,8960,8960,256
96000,96000,1024,0,513,146,145,0,93,183,138,8,1125,0,146
96001,96000,2048,1,1025,269,268,0,166,256,222,34,8704,8704,256
96001,96000,1024,1,513,146,145,0,93,180,137,9,1101,0,146
96128,96128,1024,0,513,146,146,0,89,189,140,6,1094,0,146
96129,96128,1024,1,513,145,145,0,90,187,139,6,996,0,145
96256,96256,2048,0,1025,277,277,0,179,256,210,46,11776,11776,256
96256,96256,1024,0,513,134,134,0,89,184,126,8,424,0,134
96256,96256,4096,0,37,8,8,0,6,9,8,0,0,0,8
96257,96256,2048,1,1025,276,276,0,176,256,210,46,11776,11776,256
96257,96256,1024,1,513,135,135,0,87,182,125,10,557,0,135
96257,96256,4096,1,37,5,5,0,5,7,5,0,0,0,5
96384,96384,1024,0,513,127,127,0,75,184,122,5,368,0,127
96385,96384,1024,1,513,127,127,0,77,184,122,5,391,0,127
96512,96512,2048,0,1025,284,284,0,172,256,137,119,30464,30464,256
96512,96512,1024,0,513,138,138,0,76,180,131,7,430,0,138
96513,96512,2048,1,1025,284,284,0,168,256,138,118,30208,30208,256
96513,96512,1024,1,513,134,134,0,77,181,128,6,339,0,134
96640,96640,1024,0,513,145,145,0,89,179,136,9,904,0,145
96641,96640,1024,1,513,144,144,0,85,179,135,9,906,0,144
96768,96768,2048,0,1025,290,290,0,168,256,163,93,23808,23808,256
96768,96768,1024,0,513,145,144,0,86,179,136,9,850,0,145
96768,96768,4096,0,37,9,8,0,5,9,7,2,9,0,9
96769,96768,2048,1,1025,288,288,0,168,256,170,86,22016,22016,256
96769,96768,1024,1,513,144,143,0,85,179,135,9,803,0,144
96769,96768,4096,1,37,8,7,0,4,7,7,1,3,0,8
96896,96896,1024,0,513,132,131,0,85,180,128,4,87,0,132
96897,96896,1024,1,513,130,129,0,84,179,126,4,60,0,130
97024,97024,2048,0,1025,280,280,0,177,256,212,44,11264,11264,256
97024,97024,1024,0,513,148,147,0,89,179,134,14,1746,0,148
97025,97024,2048,1,1025,278,278,0,173,256,219,37,9472,9472,256
97025,97024,1024,1,513,147,146,0,89,177,134,13,1445,0,147
97152,97152,1024,0,513,148,147,0,99,187,143,5,244,0,148
97153,97152,1024,1,513,147,146,0,99,185,141,6,549,0,147
97280,97280,2048,0,1025,278,278,0,187,256,165,91,23296,23296,256
97280,97280,1024,0,513,141,140,0,93,187,136,5,514,0,141
97280,97280,4096,0,37,8,8,0,6,11,8,0,0,0,8
97281,97280,2048,1,1025,276,276,0,185,256,177,79,20224,20224,256
97281,97280,1024,1,513,144,143,0,96,185,139,5,377,0,144
97281,97280,4096,1,37,5,5,0,4,8,5,0,0,0,5
97408,97408,1024,0,513,145,144,0,93,180,136,9,632,0,145
97409,97408,1024,1,513,148,147,0,97,179,137,11,1177,0,148
97536,97536,2048,0,1025,278,276,0,167,256,151,105,26880,26880,256
97536,97536,1024,0,513,138,137,0,97,186,131,7,1003,0,138
97537,97536,2048,1,1025,275,274,0,164,256,188,68,17408,17408,256
97537,97536,1024,1,513,136,135,0,100,187,130,6,888,0,136
97664,97664,1024,0,513,136,135,0,81,185,131,5,546,0,136
97665,97664,1024,1,513,135,134,0,81,185,130,5,549,0,135
97792,97792,2048,0,1025,286,285,0,174,256,177,79,20224,20224,256
97792,97792,1024,0,513,135,134,0,80,184,131,4,352,0,135
97792,97792,4096,0,37,9,9,0,6,11,8,1,11,0,9
97793,97792,2048,1,1025,284,283,0,172,256,166,90,23040,23040,256
97793,97792,1024,1,513,136,135,0,80,183,131,5,309,0,136
97793,97792,4096,1,37,5,5,0,4,8,5,0,0,0,5
97920,97920,1024,0,513,131,130,0,82,185,127,4,331,0,131
97921,97920,1024,1,513,132,131,0,85,184,128,4,242,0,132
98048,98048,2048,0,1025,269,268,0,182,256,94,162,41472,41472,256
98048,98048,1024,0,513,132,132,0,72,179,124,8,649,0,132
98049,98048,2048,1,1025,268,267,0,176,256,79,177,45312,45312,256
98049,98048,1024,1,513,133,133,0,75,178,125,8,545,0,133
98176,98176,1024,0,513,129,129,0,82,180,119,10,1132,0,129
98177,98176,1024,1,513,132,132,0,83,179,120,12,1623,0,132
98304,98304,2048,0,1025,275,275,0,170,256,164,92,23552,23552,256
98304,98304,1024,0,513,136,136,0,77,181,127,9,858,0,136
98304,98304,4096,0,37,6,6,0,3,12,6,0,0,0,6
98305,98304,2048,1,1025,274,274,0,170,256,164,92,23552,23552,256
98305,98304,1024,1,513,134,134,0,77,182,127,7,493,0,134
98305,98304,4096,1,37,5,5,0,5,8,5,0,0,0,5
98432,98432,1024,0,513,145,144,0,76,182,131,14,2103,0,145
98433,98432,1024,1,513,145,144,0,78,181,131,14,2048,0,145
98560,98560,2048,0,1025,293,293,0,182,256,191,65,16640,16640,256
98560,98560,1024,0,513,145,144,0,98,188,139,6,451,0,145
98561,98560,2048,1,1025,291,291,0,180,256,191,65,16640,16640,256
98561,98560,1024,1,513,146,145,0,99,187,140,6,418,0,146
98688,98688,1024,0,513,136,135,0,84,186,131,5,550,0,136
98689,98688,1024,1,513,136,135,0,85,185,130,6,716,0,136
98816,98816,2048,0,1025,278,278,0,179,256,212,44,11264,11264,256
98816,98816,1024,0,513,143,142,0,81,187,138,5,534,0,143
98816,98816,4096,0,37,8,7,0,4,11,8,0,0,0,8
98817,98816,2048,1,1025,276,276,0,179,256,217,39,9984,9984,256
98817,98816,1024,1,513,141,140,0,83,186,137,4,247,0,141
98817,98816,4096,1,37,6,6,0,5,8,5,1,9,0,6
98944,98944,1024,0,513,136,135,0,85,187,133,3,135,0,136
98945,98944,1024,1,513,135,134,0,85,185,132,3,185,0,135
99072,99072,2048,0,1025,280,280,0,201,256,208,48,12288,12288,256
99072,99072,1024,0,513,142,142,0,84,183,137,5,215,0,142
99073,99072,2048,1,1025,280,280,0,198,256,202,54,13824,13824,256
99073,99072,1024,1,513,142,142,0,85,181,137,5,190,0,142
99200,99200,1024,0,513,134,134,0,86,184,123,11,1518,0,134
99201,99200,1024,1,513,134,134,0,86,182,122,12,1621,0,134
99328,99328,2048,0,1025,284,284,0,183,256,186,70,17920,17920,256
99328,99328,1024,0,513,143,143,0,87,188,136,7,513,0,143
99328,99328,4096,0,37,10,10,0,6,11,8,2,15,0,10
99329,99328,2048,1,1025,283,282,0,183,256,197,59,15104,15104,256
99329,99328,1024,1,513,144,144,0,87,187,137,7,663,0,144
99329,99328,4096,1,37,6,6,0,5,6,5,1,1,0,6
99456,99456,1024,0,513,140,140,0,94,190,135,5,615,0,140
99457,99456,1024,1,513,138,138,0,95,189,133,5,525,0,138
99584,99584,2048,0,1025,285,284,0,165,256,130,126,32256,32256,256
99584,99584,1024,0,513,140,140,0,89,186,134,6,630,0,140
99585,99584,2048,1,1025,282,282,0,163,256,174,82,20992,20992,256
99585,99584,1024,1,513,139,139,0,87,186,134,5,576,0,139
99712,99712,1024,0,513,146,146,0,80,183,139,7,639,0,146
99713,99712,1024,1,513,146,146,0,77,182,139,7,587,0,146
99840,99840,2048,0,1025,281,281,0,193,256,161,95,24320,24320,256
99840,99840,1024,0,513,143,143,0,90,188,139,4,568,0,143
99840,99840,4096,0,37,8,8,0,5,13,7,1,14,0,8
99841,99840,2048,1,1025,278,278,0,190,256,155,101,25856,25856,256
99841,99840,1024,1,513,143,143,0,92,186,139,4,433,0,143
99841,99840,4096,1,37,6,6,0,5,7,5,1,4,0,6
99968,99968,1024,0,513,139,138,0,96,185,130,9,1087,0,139
99969,99968,1024,1,513,140,139,0,97,183,131,9,1023,0,140
100096,100096,2048,0,1025,282,280,0,170,256,106,150,38400,38400,256
100096,100096,1024,0,513,145,145,0,82,186,133,12,1667,0,145
100097,100096,2048,1,1025,278,277,0,167,256,124,132,33792,33792,256
100097,100096,1024,1,513,146,146,0,85,184,133,13,1720,0,146
100224,100224,1024,0,513,141,141,0,89,194,134,7,1086,0,141
100225,100224,1024,1,513,143,143,0,91,193,136,7,1094,0,143
100352,100352,2048,0,1025,284,284,0,190,256,226,30,7680,7680,256
100352,100352,1024,0,513,141,141,0,96,188,134,7,500,0,141
100352,100352,4096,0,37,7,6,0,5,14,7,0,0,0,7
100353,100352,2048,1,1025,279,279,0,187,256,222,34,8704,8704,256
100353,100352,1024,1,513,140,140,0,99,187,133,7,453,0,140
100353,100352,4096,1,37,6,6,0,5,8,6,0,0,0,6
100480,100480,1024,0,513,133,133,0,84,189,128,5,393,0,133
100481,100480,1024,1,513,133,133,0,84,188,128,5,266,0,133
100608,100608,2048,0,1025,288,288,0,180,256,194,62,15872,15872,256
100608,100608,1024,0,513,135,135,0,84,186,127,8,732,0,135
100609,100608,2048,1,1025,286,286,0,175,256,187,69,17664,17664,256
100609,100608,1024,1,513,136,136,0,84,186,128,8,849,0,136
100736,100736,1024,0,513,143,143,0,83,186,137,6,506,0,143
100737,100736,1024,1,513,143,143,0,84,186,137,6,614,0,143
100864,100864,2048,0,1025,297,297,0,178,256,163,93,23808,23808,256
100864,100864,1024,0,513,137,137,0,93,184,134,3,42,0,137
100864,100864,4096,0,37,7,7,0,4,13,7,0,0,0,7
100865,100864,2048,1,1025,295,295,0,174,256,156,100,25600,25600,256
100865,100864,1024,1,513,137,137,0,95,184,134,3,94,0,137
100865,100864,4096,1,37,5,5,0,5,8,5,0,0,0,5
100992,100992,1024,0,513,136,135,0,81,176,125,11,768,0,136
100993,100992,1024,1,513,136,135,0,83,176,126,10,656,0,136
101120,101120,2048,0,1025,286,286,0,195,256,129,127,32512,32512,256
101120,101120,1024,0,513,135,134,0,84,180,125,10,1220,0,135
101121,101120,2048,1,1025,287,287,0,196,256,63,193,49408,49408,256
101121,101120,1024,1,513,137,136,0,86,179,127,10,1128,0,137
101248,101248,1024,0,513,140,140,0,94,182,128,12,1305,0,140
101249,101248,1024,1,513,140,140,0,93,181,128,12,1404,0,140
101376,101376,2048,0,1025,280,280,0,165,256,222,34,8704,8704,256
101376,101376,1024,0,513,142,142,0,92,186,138,4,190,0,142
101376,101376,4096,0,37,7,6,0,4,13,7,0,0,0,7
101377,101376,2048,1,1025,279,279,0,162,256,219,37,9472,9472,256
101377,101376,1024,1,513,143,143,0,91,185,139,4,264,0,143
101377,101376,4096,1,37,7,7,0,5,7,6,1,5,0,7
101504,101504,1024,0,513,143,143,0,102,178,136,7,481,0,143
101505,101504,1024,1,513,141,141,0,103,178,136,5,272,0,141
101632,101632,2048,0,1025,282,281,0,175,256,208,48,12288,12288,256
101632,101632,1024,0,513,136,136,0,87,180,130,6,547,0,136
101633,101632,2048,1,1025,281,280,0,175,256,210,46,11776,11776,256
101633,101632,1024,1,513,136,136,0,86,178,129,7,592,0,136
101760,101760,1024,0,513,144,144,0,87,176,133,11,788,0,144
101761,101760,1024,1,513,147,147,0,91,176,135,12,1013,0,147
101888,101888,2048,0,1025,282,281,0,175,256,192,64,16384,16384,256
101888,101888,1024,0,513,144,143,0,85,185,137,7,1121,0,144
101888,101888,4096,0,37,8,7,0,4,10,8,0,0,0,8
101889,101888,2048,1,1025,280,279,0,176,256,195,61,15616,15616,256
101889,101888,1024,1,513,145,144,0,88,186,139,6,1014,0,145
101889,101888,4096,1,37,6,6,0,5,7,6,0,0,0,6
102016,102016,1024,0,513,144,144,0,95,185,137,7,857,0,144
102017,102016,1024,1,513,144,144,0,97,185,137,7,813,0,144
102144,102144,2048,0,1025,278,278,0,170,256,150,106,27136,27136,256
102144,102144,1024,0,513,147,147,0,91,187,138,9,999,0,147
102145,102144,2048,1,1025,276,276,0,169,256,170,86,22016,22016,256
102145,102144,1024,1,513,148,148,0,91,187,138,10,1193,0,148
102272,102272,1024,0,513,143,143,0,96,191,138,5,350,0,143
102273,102272,1024,1,513,142,142,0,97,193,138,4,372,0,142
102400,102400,2048,0,1025,272,272,0,182,256,229,27,6912,6912,256
102400,102400,1024,0,513,138,138,0,88,187,130,8,649,0,138
102400,102400,4096,0,37,9,8,0,6,10,7,2,15,0,9
102401,102400,2048,1,1025,269,269,0,180,256,230,26,6656,6656,256
102401,102400,1024,1,513,138,138,0,88,187,130,8,512,0,138
102401,102400,4096,1,37,7,7,0,5,7,6,1,3,0,7
102528,102528,1024,0,513,142,142,0,86,190,134,8,997,0,142
102529,102528,1024,1,513,141,141,0,86,191,132,9,1324,0,141
102656,102656,2048,0,1025,284,284,0,176,256,170,86,22016,22016,256
102656,102656,1024,0,513,143,143,0,86,184,135,8,641,0,143
102657,102656,2048,1,1025,281,281,0,172,256,152,104,26624,26624,256
102657,102656,1024,1,513,140,140,0,84,186,133,7,394,0,140
102784,102784,1024,0,513,147,147,0,103,183,139,8,921,0,147
102785,102784,1024,1,513,146,146,0,103,183,138,8,750,0,146
102912,102912,2048,0,1025,289,289,0,181,256,147,109,27904,27904,256
102912,102912,1024,0,513,140,140,0,88,183,127,13,1421,0,140
102912,102912,4096,0,37,8,7,0,5,12,7,1,9,0,8
102913,102912,2048,1,1025,287,287,0,178,256,137,119,30464,30464,256
102913,102912,1024,1,513,138,138,0,88,182,127,11,880,0,138
102913,102912,4096,1,37,6,6,0,4,8,6,0,0,0,6
103040,103040,1024,0,513,139,139,0,88,187,135,4,215,0,139
103041,103040,1024,1,513,139,139,0,89,184,134,5,368,0,139
103168,103168,2048,0,1025,275,275,0,176,256,224,32,8192,8192,256
103168,103168,1024,0,513,138,138,0,85,182,131,7,392,0,138
103169,103168,2048,1,1025,272,272,0,175,256,228,28,7168,7168,256
103169,103168,1024,1,513,138,138,0,86,180,131,7,315,0,138
103296,103296,1024,0,513,142,141,0,85,181,132,10,762,0,142
103297,103296,1024,1,513,142,141,0,86,180,133,9,922,0,142
103424,103424,2048,0,1025,278,277,0,179,256,207,49,12544,12544,256
103424,103424,1024,0,513,137,137,0,70,183,130,7,338,0,137
103424,103424,4096,0,37,8,8,0,6,12,7,1,13,0,8
103425,103424,2048,1,1025,277,277,0,178,256,186,70,17920,17920,256
103425,103424,1024,1,513,137,137,0,71,180,130,7,362,0,137
103425,103424,4096,1,37,6,6,0,4,8,6,0,0,0,6
103552,103552,1024,0,513,138,138,0,99,185,132,6,547,0,138
103553,103552,1024,1,513,137,137,0,98,183,131,6,711,0,137
103680,103680,2048,0,1025,278,278,0,187,256,140,116,29696,29696,256
103680,103680,1024,0,513,144,144,0,89,181,135,9,610,0,144
103681,103680,2048,1,1025,279,278,0,187,256,111,145,37120,37120,256
103681,103680,1024,1,513,144,144,0,89,180,136,8,576,0,144
103808,103808,1024,0,513,143,143,0,92,183,136,7,564,0,143
103809,103808,1024,1,513,143,143,0,92,182,136,7,711,0,143
103936,103936,2048,0,1025,278,278,0,182,256,180,76,19456,19456,256
103936,103936,1024,0,513,141,140,0,95,184,138,3,102,0,141
103936,103936,4096,0,37,9,9,0,3,12,9,0,0,0,9
103937,103936,2048,1,1025,276,276,0,180,256,213,43,11008,11008,256
103937,103936,1024,1,513,141,140,0,96,183,137,4,101,0,141
103937,103936,4096,1,37,6,6,0,4,8,6,0,0,0,6
104064,104064,1024,0,513,135,134,0,94,183,125,10,1296,0,135
104065,104064,1024,1,513,137,136,0,95,183,126,11,1594,0,137
104192,104192,2048,0,1025,283,283,0,157,256,148,108,27648,27648,256
104192,104192,1024,0,513,137,136,0,86,187,131,6,781,0,137
104193,104192,2048,1,1025,283,283,0,156,256,162,94,24064,24064,256
104193,104192,1024,1,513,136,135,0,85,188,131,5,567,0,136
104320,104320,1024,0,513,148,148,0,88,182,140,8,490,0,148
104321,104320,1024,1,513,148,148,0,88,182,140,8,421,0,148
104448,104448,2048,0,1025,283,283,0,187,256,81,175,44800,44800,256
104448,104448,1024,0,513,142,142,0,96,181,133,9,480,0,142
104448,104448,4096,0,37,8,7,0,5,12,8,0,0,0,8
104449,104448,2048,1,1025,280,280,0,183,256,122,134,34304,34304,256
104449,104448,1024,1,513,142,142,0,97,181,134,8,406,0,142
104449,104448,4096,1,37,6,6,0,6,7,6,0,0,0,6
104576,104576,1024,0,513,136,136,0,94,182,132,4,228,0,136
104577,104576,1024,1,513,136,136,0,94,181,132,4,161,0,136
104704,104704,2048,0,1025,286,285,0,170,256,224,32,8192,8192,256
104704,104704,1024,0,513,143,143,0,91,183,139,4,313,0,143
104705,104704,2048,1,1025,284,283,0,166,256,221,35,8960,8960,256
104705,104704,1024,1,513,142,142,0,91,180,137,5,312,0,142
104832,104832,1024,0,513,149,149,0,92,180,139,10,1306,0,149
104833,104832,1024,1,513,149,149,0,93,179,139,10,1258,0,149
104960,104960,2048,0,1025,275,275,0,186,256,204,52,13312,13312,256
104960,104960,1024,0,513,143,143,0,98,180,137,6,493,0,143
104960,104960,4096,0,37,8,8,0,4,11,7,1,2,0,8
104961,104960,2048,1,1025,275,275,0,186,256,182,74,18944,18944,256
104961,104960,1024,1,513,141,141,0,99,180,135,6,614,0,141
104961,104960,4096,1,37,7,7,0,5,7,6,1,5,0,7
105088,105088,1024,0,513,141,140,0,86,181,134,7,1062,0,141
105089,105088,1024,1,513,142,141,0,88,181,134,8,1232,0,142
105216,105216,2048,0,1025,282,282,0,170,256,191,65,16640,16640,256
105216,105216,1024,0,513,142,141,0,74,183,137,5,454,0,142
105217,105216,2048,1,1025,282,282,0,167,256,190,66,16896,16896,256
105217,105216,1024,1,513,143,142,0,75,183,138,5,217,0,143
105344,105344,1024,0,513,150,149,0,86,183,143,7,694,0,150
105345,105344,1024,1,513,150,149,0,89,183,143,7,644,0,150
105472,105472,2048,0,1025,297,297,0,195,256,200,56,14336,14336,256
105472,105472,1024,0,513,152,151,0,99,187,142,10,1704,0,152
105472,105472,4096,0,37,7,7,0,6,12,7,0,0,0,7
105473,105472,2048,1,1025,293,293,0,193,256,203,53,13568,13568,256
105473,105472,1024,1,513,148,147,0,97,187,140,8,1336,0,148
105473,105472,4096,1,37,7,7,0,5,8,7,0,0,0,7
105600,105600,1024,0,513,142,141,0,99,193,139,3,206,0,142
105601,105600,1024,1,513,141,140,0,96,191,138,3,106,0,141
105728,105728,2048,0,1025,295,294,0,189,256,148,108,27648,27648,256
105728,105728,1024,0,513,137,137,0,83,188,131,6,600,0,137
105729,105728,2048,1,1025,294,293,0,156,256,107,149,38144,38144,256
105729,105728,1024,1,513,174,174,0,63,185,152,22,3476,0,174
105856,105856,1024,0,513,146,145,0,84,188,132,14,1944,0,146
105857,105856,1024,1,513,163,162,0,134,203,157,6,813,0,163
105984,105984,2048,0,1025,288,288,0,177,256,75,181,46336,46336,256
105984,105984,1024,0,513,136,134,0,101,195,130,6,725,0,136
105984,105984,4096,0,37,10,10,0,6,11,10,0,0,0,10
105985,105984,2048,1,1025,335,335,0,189,256,54,202,51712,51712,256
105985,105984,1024,1,513,128,126,0,108,204,128,0,0,0,128
105985,105984,4096,1,37,7,6,0,6,8,6,1,9,0,7
106112,106112,1024,0,513,130,128,0,78,192,125,5,254,0,130
106113,106112,1024,1,513,108,106,0,77,200,105,3,52,0,108
106240,106240,2048,0,1025,279,278,0,190,256,223,33,8448,8448,256
106240,106240,1024,0,513,132,130,0,82,185,128,4,100,0,132
106241,106240,2048,1,1025,292,291,0,253,256,221,35,8960,8960,256
106241,106240,1024,1,513,122,120,0,71,189,119,3,27,0,122
106368,106368,1024,0,513,140,139,0,87,177,132,8,409,0,140
106369,106368,1024,1,513,157,155,0,96,179,144,13,521,0,157
106496,106496,2048,0,1025,267,267,0,171,256,225,31,7936,7936,256
106496,106496,1024,0,513,147,146,0,90,176,133,14,944,0,147
106496,106496,4096,0,37,7,7,0,7,11,7,0,0,0,7
106497,106496,2048,1,1025,229,229,0,173,256,206,23,5888,5888,229
106497,106496,1024,1,513,168,167,0,127,180,155,13,996,0,168
106497,106496,4096,1,37,6,6,0,6,9,6,0,0,0,6
106624,106624,1024,0,513,145,144,0,92,183,139,6,380,0,145
106625,106624,1024,1,513,143,142,0,67,181,130,13,1426,0,143
106752,106752,2048,0,1025,257,256,0,159,256,188,68,17408,17408,256
106752,106752,1024,0,513,141,140,0,89,179,134,7,588,0,141
106753,106752,2048,1,1025,225,224,0,134,256,204,21,5376,5376,225
106753,106752,1024,1,513,142,141,0,87,190,128,14,2020,0,142
106880,106880,1024,0,513,138,138,0,85,182,131,7,674,0,138
106881,106880,1024,1,513,139,139,0,87,204,135,4,800,0,139
107008,107008,2048,0,1025,282,280,0,170,256,172,84,21504,21504,256
107008,107008,1024,0,513,143,142,0,87,186,135,8,1126,0,143
107008,107008,4096,0,37,6,5,0,4,11,6,0,0,0,6
107009,107008,2048,1,1025,296,294,0,177,256,185,71,18176,18176,256
107009,107008,1024,1,513,139,138,0,83,203,130,9,1542,0,139
107009,107008,4096,1,37,5,5,0,4,9,4,1,10,0,5
107136,107136,1024,0,513,143,142,0,89,191,138,5,489,0,143
107137,107136,1024,1,513,142,141,0,88,196,137,5,189,0,142
107264,107264,2048,0,1025,296,295,0,188,256,189,67,17152,17152,256
107264,107264,1024,0,513,142,142,0,89,186,134,8,527,0,142
107265,107264,2048,1,1025,340,339,0,249,256,160,96,24576,24576,256
107265,107264,1024,1,513,141,141,0,88,186,132,9,449,0,141
107392,107392,1024,0,513,142,142,0,93,186,137,5,325,0,142
107393,107392,1024,1,513,141,141,0,94,188,136,5,329,0,141
107520,107520,2048,0,1025,284,283,0,181,256,175,81,20736,20736,256
107520,107520,1024,0,513,137,137,0,82,186,129,8,796,0,137
107520,107520,4096,0,37,9,9,0,3,11,9,0,0,0,9
107521,107520,2048,1,1025,303,302,0,195,256,187,69,17664,17664,256
107521,107520,1024,1,513,136,136,0,83,187,129,7,653,0,136
107521,107520,4096,1,37,6,6,0,4,9,6,0,0,0,6
107648,107648,1024,0,513,140,139,0,89,186,135,5,323,0,140
107649,107648,1024,1,513,137,136,0,86,186,132,5,550,0,137
107776,107776,2048,0,1025,285,284,0,179,256,215,41,10496,10496,256
107776,107776,1024,0,513,138,138,0,94,182,133,5,332,0,138
107777,107776,2048,1,1025,282,281,0,166,256,185,71,18176,18176,256
107777,107776,1024,1,513,138,138,0,95,182,134,4,107,0,138
107904,107904,1024,0,513,140,140,0,78,181,132,8,767,0,140
107905,107904,1024,1,513,140,140,0,79,179,130,10,916,0,140
108032,108032,2048,0,1025,277,276,0,172,256,138,118,30208,30208,256
108032,108032,1024,0,513,140,140,0,88,175,131,9,567,0,140
108032,108032,4096,0,37,7,6,0,4,10,7,0,0,0,7
108033,108032,2048,1,1025,275,274,0,170,256,153,103,26368,26368,256
108033,108032,1024,1,513,140,140,0,85,176,131,9,856,0,140
108033,108032,4096,1,37,6,6,0,6,8,6,0,0,0,6
108160,108160,1024,0,513,144,144,0,99,179,134,10,1108,0,144
108161,108160,1024,1,513,142,142,0,96,180,133,9,809,0,142
108288,108288,2048,0,1025,284,284,0,180,256,218,38,9728,9728,256
108288,108288,1024,0,513,133,133,0,88,185,128,5,704,0,133
108289,108288,2048,1,1025,282,282,0,178,256,201,55,14080,14080,256
108289,108288,1024,1,513,134,134,0,90,184,129,5,550,0,134
108416,108416,1024,0,513,137,137,0,82,184,131,6,813,0,137
108417,108416,1024,1,513,136,136,0,83,183,130,6,675,0,136
108544,108544,2048,0,1025,269,269,0,172,256,129,127,32512,32512,256
108544,108544,1024,0,513,142,142,0,96,181,135,7,599,0,142
108544,108544,4096,0,37,5,5,0,5,9,5,0,0,0,5
108545,108544,2048,1,1025,268,268,0,171,256,123,133,34048,34048,256
108545,108544,1024,1,513,139,139,0,93,180,131,8,696,0,139
108545,108544,4096,1,37,8,8,0,5,7,7,1,4,0,8
108672,108672,1024,0,513,141,141,0,89,179,132,9,773,0,141
108673,108672,1024,1,513,139,139,0,86,179,130,9,809,0,139
108800,108800,2048,0,1025,271,271,0,168,256,220,36,9216,9216,256
108800,108800,1024,0,513,137,137,0,83,181,131,6,467,0,137
108801,108800,2048,1,1025,269,269,0,165,256,194,62,15872,15872,256
108801,108800,1024,1,513,136,136,0,82,182,130,6,627,0,136
108928,108928,1024,0,513,140,140,0,82,182,128,12,1779,0,140
108929,108928,1024,1,513,138,138,0,80,182,128,10,1112,0,138
109056,109056,2048,0,1025,284,284,0,178,256,199,57,14592,14592,256
109056,109056,1024,0,513,139,139,0,92,190,130,9,1373,0,139
109056,109056,4096,0,37,7,6,0,5,9,6,1,3,0,7
109057,109056,2048,1,1025,283,283,0,176,256,213,43,11008,11008,256
109057,109056,1024,1,513,137,137,0,89,186,127,10,1221,0,137
109057,109056,4096,1,37,7,7,0,4,8,7,0,0,0,7
109184,109184,1024,0,513,140,140,0,86,191,128,12,1712,0,140
109185,109184,1024,1,513,139,139,0,85,187,126,13,1720,0,139
109312,109312,2048,0,1025,277,276,0,163,256,123,133,34048,34048,256
109312,109312,1024,0,513,144,144,0,94,195,137,7,546,0,144
109313,109312,2048,1,1025,275,274,0,162,256,99,157,40192,40192,256
109313,109312,1024,1,513,141,141,0,94,192,134,7,564,0,141
109440,109440,1024,0,513,141,141,0,91,191,134,7,389,0,141
109441,109440,1024,1,513,142,142,0,89,189,135,7,404,0,142
109568,109568,2048,0,1025,275,275,0,170,256,194,62,15872,15872,256
109568,109568,1024,0,513,147,147,0,91,190,137,10,928,0,147
109568,109568,4096,0,37,7,6,0,5,10,7,0,0,0,7
109569,109568,2048,1,1025,273,273,0,166,256,176,80,20480,20480,256
109569,109568,1024,1,513,145,145,0,89,188,134,11,1443,0,145
109569,109568,4096,1,37,8,8,0,6,8,7,1,5,0,8
109696,109696,1024,0,513,137,137,0,88,189,131,6,353,0,137
109697,109696,1024,1,513,139,139,0,90,188,133,6,533,0,139
109824,109824,2048,0,1025,279,279,0,170,256,203,53,13568,13568,256
109824,109824,1024,0,513,141,141,0,80,186,131,10,1290,0,141
109825,109824,2048,1,1025,278,278,0,171,256,180,76,19456,19456,256
109825,109824,1024,1,513,139,139,0,78,186,130,9,1300,0,139
109952,109952,1024,0,513,144,144,0,84,191,135,9,1517,0,144
109953,109952,1024,1,513,141,141,0,87,190,135,6,814,0,141
110080,110080,2048,0,1025,288,288,0,183,256,182,74,18944,18944,256
110080,110080,1024,0,513,141,140,0,95,197,134,7,1043,0,141
110080,110080,4096,0,37,8,7,0,6,9,8,0,0,0,8
110081,110080,2048,1,1025,286,286,0,182,256,192,64,16384,16384,256
110081,110080,1024,1,513,140,139,0,94,193,133,7,957,0,140
110081,110080,4096,1,37,10,9,0,6,9,9,1,9,0,10
110208,110208,1024,0,513,137,136,0,79,190,128,9,497,0,137
110209,110208,1024,1,513,139,138,0,78,187,129,10,776,0,139
110336,110336,2048,0,1025,283,282,0,175,256,218,38,9728,9728,256
110336,110336,1024,0,513,139,138,0,93,187,133,6,444,0,139
110337,110336,2048,1,1025,281,281,0,174,256,219,37,9472,9472,256
110337,110336,1024,1,513,137,136,0,92,184,131,6,524,0,137
110464,110464,1024,0,513,143,142,0,90,186,132,11,1129,0,143
110465,110464,1024,1,513,141,140,0,90,184,130,11,1387,0,141
110592,110592,2048,0,1025,284,284,0,173,256,133,123,31488,31488,256
110592,110592,1024,0,513,144,144,0,97,192,136,8,980,0,144
110592,110592,4096,0,37,8,7,0,7,8,8,0,0,0,8
110593,110592,2048,1,1025,282,282,0,171,256,114,142,36352,36352,256
110593,110592,1024,1,513,141,141,0,95,190,133,8,992,0,141
110593,110592,4096,1,37,10,9,0,5,10,9,1,11,0,10
110720,110720,1024,0,513,135,135,0,82,189,129,6,295,0,135
110721,110720,1024,1,513,135,135,0,85,187,130,5,234,0,135
110848,110848,2048,0,1025,287,287,0,199,256,192,64,16384,16384,256
110848,110848,1024,0,513,137,137,0,89,188,131,6,476,0,137
110849,110848,2048,1,1025,285,285,0,198,256,184,72,18432,18432,256
110849,110848,1024,1,513,135,135,0,90,184,130,5,201,0,135
110976,110976,1024,0,513,135,134,0,81,188,130,5,472,0,135
110977,110976,1024,1,513,133,132,0,79,183,127,6,461,0,133
111104,111104,2048,0,1025,288,288,0,170,256,202,54,13824,13824,256
111104,111104,1024,0,513,138,138,0,87,186,130,8,657,0,138
111104,111104,4096,0,37,7,6,0,6,8,7,0,0,0,7
111105,111104,2048,1,1025,286,286,0,169,256,200,56,14336,14336,256
111105,111104,1024,1,513,137,137,0,86,184,129,8,904,0,137
111105,111104,4096,1,37,10,9,0,7,11,10,0,0,0,10
111232,111232,1024,0,513,137,137,0,91,183,129,8,479,0,137
111233,111232,1024,1,513,137,137,0,88,180,128,9,345,0,137
111360,111360,2048,0,1025,292,292,0,199,256,204,52,13312,13312,256
111360,111360,1024,0,513,134,134,0,89,182,128,6,425,0,134
111361,111360,2048,1,1025,293,293,0,201,256,191,65,16640,16640,256
111361,111360,1024,1,513,134,134,0,89,182,128,6,589,0,134
111488,111488,1024,0,513,141,140,0,78,180,129,12,1450,0,141
111489,111488,1024,1,513,140,139,0,78,180,129,11,1312,0,140
111616,111616,2048,0,1025,268,268,0,168,256,114,142,36352,36352,256
111616,111616,1024,0,513,135,135,0,92,184,132,3,151,0,135
111616,111616,4096,0,37,8,7,0,6,8,8,0,0,0,8
111617,111616,2048,1,1025,268,268,0,167,256,96,160,40960,40960,256
111617,111616,1024,1,513,132,132,0,91,184,129,3,157,0,132
111617,111616,4096,1,37,9,8,0,7,11,9,0,0,0,9
111744,111744,1024,0,513,134,134,0,86,176,126,8,707,0,134
111745,111744,1024,1,513,132,132,0,87,177,125,7,573,0,132
111872,111872,2048,0,1025,273,273,0,160,256,222,34,8704,8704,256
111872,111872,1024,0,513,141,141,0,76,176,130,11,974,0,141
111873,111872,2048,1,1025,274,274,0,159,256,218,38,9728,9728,256
111873,111872,1024,1,513,138,138,0,75,175,128,10,703,0,138
112000,112000,1024,0,513,137,137,0,94,181,129,8,914,0,137
112001,112000,1024,1,513,134,134,0,90,177,126,8,606,0,134
112128,112128,2048,0,1025,285,285,0,180,256,115,141,36096,36096,256
112128,112128,1024,0,513,141,140,0,90,182,132,9,1048,0,141
112128,112128,4096,0,37,8,7,0,7,8,8,0,0,0,8
112129,112128,2048,1,1025,282,282,0,177,256,133,123,31488,31488,256
112129,112128,1024,1,513,140,139,0,88,177,131,9,799,0,140
112129,112128,4096,1,37,9,8,0,7,11,9,0,0,0,9
112256,112256,1024,0,513,143,142,0,91,184,134,9,1428,0,143
112257,112256,1024,1,513,143,142,0,91,180,134,9,1354,0,143
112384,112384,2048,0,1025,280,280,0,182,256,203,53,13568,13568,256
112384,112384,1024,0,513,138,137,0,83,183,129,9,873,0,138
112385,112384,2048,1,1025,279,279,0,178,256,168,88,22528,22528,256
112385,112384,1024,1,513,140,139,0,81,180,130,10,1173,0,140
112512,112512,1024,0,513,135,135,0,89,183,129,6,585,0,135
112513,112512,1024,1,513,133,133,0,88,181,128,5,231,0,133
112640,112640,2048,0,1025,287,286,0,190,256,177,79,20224,20224,256
112640,112640,1024,0,513,133,133,0,85,185,128,5,701,0,133
112640,112640,4096,0,37,6,6,0,6,8,6,0,0,0,6
112641,112640,2048,1,1025,285,284,0,188,256,190,66,16896,16896,256
112641,112640,1024,1,513,131,131,0,81,182,126,5,676,0,131
112641,112640,4096,1,37,9,9,0,8,10,8,1,2,0,9
112768,112768,1024,0,513,137,137,0,79,180,129,8,452,0,137
112769,112768,1024,1,513,137,137,0,78,181,129,8,1055,0,137
112896,112896,2048,0,1025,275,275,0,173,256,196,60,15360,15360,256
112896,112896,1024,0,513,134,134,0,80,177,122,12,1203,0,134
112897,112896,2048,1,1025,274,274,0,173,256,190,66,16896,16896,256
112897,112896,1024,1,513,133,133,0,78,177,121,12,972,0,133
113024,113024,1024,0,513,141,140,0,91,181,130,11,1444,0,141
113025,113024,1024,1,513,140,139,0,91,180,131,9,1054,0,140
113152,113152,2048,0,1025,280,280,0,181,256,200,56,14336,14336,256
113152,113152,1024,0,513,134,133,0,81,189,128,6,863,0,134
113152,113152,4096,0,37,7,7,0,6,8,7,0,0,0,7
113153,113152,2048,1,1025,277,277,0,181,256,213,43,11008,11008,256
113153,113152,1024,1,513,133,132,0,82,186,127,6,868,0,133
113153,113152,4096,1,37,9,9,0,7,11,9,0,0,0,9
113280,113280,1024,0,513,137,136,0,91,187,126,11,1274,0,137
113281,113280,1024,1,513,136,135,0,91,184,126,10,1011,0,136
113408,113408,2048,0,1025,285,285,0,162,256,183,73,18688,18688,256
113408,113408,1024,0,513,145,144,0,93,189,136,9,797,0,145
113409,113408,2048,1,1025,283,283,0,161,256,173,83,21248,21248,256
113409,113408,1024,1,513,146,145,0,93,184,135,11,1108,0,146
113536,113536,1024,0,513,140,140,0,88,191,135,5,364,0,140
113537,113536,1024,1,513,136,136,0,85,188,131,5,512,0,136
113664,113664,2048,0,1025,290,288,0,192,256,142,114,29184,29184,256
113664,113664,1024,0,513,138,138,0,79,183,130,8,412,0,138
113664,113664,4096,0,37,8,7,0,7,8,8,0,0,0,8
113665,113664,2048,1,1025,289,288,0,190,256,90,166,42496,42496,256
113665,113664,1024,1,513,138,138,0,80,182,130,8,405,0,138
113665,113664,4096,1,37,10,9,0,8,11,10,0,0,0,10
113792,113792,1024,0,513,135,135,0,88,185,129,6,707,0,135
113793,113792,1024,1,513,135,135,0,89,182,128,7,480,0,135
113920,113920,2048,0,1025,286,285,0,182,256,194,62,15872,15872,256
113920,113920,1024,0,513,142,141,0,87,184,133,9,792,0,142
113921,113920,2048,1,1025,286,284,0,181,256,186,70,17920,17920,256
113921,113920,1024,1,513,139,138,0,84,182,129,10,764,0,139
114048,114048,1024,0,513,142,141,0,87,188,139,3,197,0,142
114049,114048,1024,1,513,139,138,0,84,187,136,3,104,0,139
114176,114176,2048,0,1025,289,288,0,184,256,182,74,18944,18944,256
114176,114176,1024,0,513,139,138,0,89,182,130,9,1146,0,139
114176,114176,4096,0,37,7,6,0,6,8,7,0,0,0,7
114177,114176,2048,1,1025,287,287,0,183,256,216,40,10240,10240,256
114177,114176,1024,1,513,138,137,0,90,181,129,9,1217,0,138
114177,114176,4096,1,37,11,10,0,8,11,11,0,0,0,11
114304,114304,1024,0,513,135,134,0,93,180,129,6,372,0,135
114305,114304,1024,1,513,137,136,0,92,179,130,7,538,0,137
114432,114432,2048,0,1025,286,286,0,178,256,225,31,7936,7936,256
114432,114432,1024,0,513,144,144,0,84,181,135,9,1401,0,144
114433,114432,2048,1,1025,283,283,0,178,256,216,40,10240,10240,256
114433,114432,1024,1,513,145,145,0,86,180,136,9,1170,0,145
114560,114560,1024,0,513,139,139,0,91,180,133,6,388,0,139
114561,114560,1024,1,513,137,137,0,91,179,131,6,519,0,137
114688,114688,2048,0,1025,282,282,0,173,256,189,67,17152,17152,256
114688,114688,1024,0,513,135,135,0,91,183,131,4,385,0,135
114688,114688,4096,0,37,8,7,0,6,8,8,0,0,0,8
114689,114688,2048,1,1025,282,282,0,171,256,183,73,18688,18688,256
114689,114688,1024,1,513,134,134,0,89,182,131,3,179,0,134
114689,114688,4096,1,37,10,9,0,5,11,9,1,12,0,10
114816,114816,1024,0,513,144,144,0,88,178,136,8,579,0,144
114817,114816,1024,1,513,142,142,0,87,177,134,8,781,0,142
114944,114944,2048,0,1025,278,277,0,184,256,188,68,17408,17408,256
114944,114944,1024,0,513,145,144,0,93,183,137,8,1204,0,145
114945,114944,2048,1,1025,277,276,0,182,256,195,61,15616,15616,256
114945,114944,1024,1,513,143,142,0,90,182,137,6,958,0,143
115072,115072,1024,0,513,137,137,0,89,184,132,5,169,0,137
115073,115072,1024,1,513,138,138,0,90,182,133,5,188,0,138
115200,115200,2048,0,1025,280,279,0,175,256,135,121,30976,30976,256
115200,115200,1024,0,513,136,136,0,84,183,129,7,609,0,136
115200,115200,4096,0,37,7,6,0,6,8,7,0,0,0,7
115201,115200,2048,1,1025,282,281,0,174,256,89,167,42752,42752,256
115201,115200,1024,1,513,134,134,0,83,181,126,8,819,0,134
115201,115200,4096,1,37,9,9,0,7,12,8,1,13,0,9
115328,115328,1024,0,513,141,141,0,93,185,133,8,1032,0,141
115329,115328,1024,1,513,141,141,0,93,184,133,8,1030,0,141
115456,115456,2048,0,1025,288,287,0,179,256,110,146,37376,37376,256
115456,115456,1024,0,513,145,144,0,99,187,135,10,1524,0,145
115457,115456,2048,1,1025,285,284,0,179,256,176,80,20480,20480,256
115457,115456,1024,1,513,146,145,0,100,186,136,10,1384,0,146
115584,115584,1024,0,513,142,141,0,81,186,135,7,400,0,142
115585,115584,1024,1,513,143,142,0,80,185,137,6,236,0,143
115712,115712,2048,0,1025,281,280,0,180,256,175,81,20736,20736,256
115712,115712,1024,0,513,142,141,0,92,184,136,6,416,0,142
115712,115712,4096,0,37,6,6,0,5,8,6,0,0,0,6
115713,115712,2048,1,1025,278,277,0,177,256,181,75,19200,19200,256
115713,115712,1024,1,513,141,140,0,95,183,135,6,473,0,141
115713,115712,4096,1,37,9,9,0,7,13,9,0,0,0,9
115840,115840,1024,0,513,145,144,0,94,183,137,8,700,0,145
115841,115840,1024,1,513,142,141,0,91,182,134,8,731,0,142
115968,115968,2048,0,1025,290,290,0,183,256,227,29,7424,7424,256
115968,115968,1024,0,513,147,147,0,85,187,138,9,1292,0,147
115969,115968,2048,1,1025,288,288,0,183,256,228,28,7168,7168,256
115969,115968,1024,1,513,145,145,0,84,186,137,8,1135,0,145
116096,116096,1024,0,513,141,141,0,89,189,137,4,192,0,141
116097,116096,1024,1,513,142,142,0,88,187,137,5,325,0,142
116224,116224,2048,0,1025,286,286,0,181,256,198,58,14848,14848,256
116224,116224,1024,0,513,140,140,0,94,189,133,7,800,0,140
116224,116224,4096,0,37,8,8,0,5,8,7,1,4,0,8
116225,116224,2048,1,1025,283,283,0,178,256,204,52,13312,13312,256
116225,116224,1024,1,513,139,139,0,96,188,132,7,690,0,139
116225,116224,4096,1,37,9,9,0,6,13,9,0,0,0,9
116352,116352,1024,0,513,143,143,0,94,192,139,4,366,0,143
116353,116352,1024,1,513,141,141,0,92,191,137,4,276,0,141
116480,116480,2048,0,1025,286,285,0,176,256,186,70,17920,17920,256
116480,116480,1024,0,513,150,150,0,98,190,144,6,587,0,150
116481,116480,2048,1,1025,283,282,0,173,256,163,93,23808,23808,256
116481,116480,1024,1,513,147,147,0,96,189,142,5,423,0,147
116608,116608,1024,0,513,138,138,0,98,182,130,8,809,0,138
116609,116608,1024,1,513,139,139,0,99,181,131,8,837,0,139
116736,116736,2048,0,1025,279,278,0,165,256,162,94,24064,24064,256
116736,116736,1024,0,513,140,140,0,84,179,131,9,838,0,140
116736,116736,4096,0,37,8,8,0,8,9,8,0,0,0,8
116737,116736,2048,1,1025,279,278,0,163,256,157,99,25344,25344,256
116737,116736,1024,1,513,138,138,0,87,177,130,8,440,0,138
116737,116736,4096,1,37,8,8,0,7,13,8,0,0,0,8
116864,116864,1024,0,513,137,137,0,92,182,133,4,412,0,137
116865,116864,1024,1,513,138,138,0,91,179,133,5,596,0,138
116992,116992,2048,0,1025,278,278,0,162,256,201,55,14080,14080,256
116992,116992,1024,0,513,135,135,0,91,179,123,12,1533,0,135
116993,116992,2048,1,1025,277,277,0,165,256,174,82,20992,20992,256
116993,116992,1024,1,513,133,133,0,87,178,122,11,1333,0,133
117120,117120,1024,0,513,137,137,0,87,182,126,11,1264,0,137
117121,117120,1024,1,513,137,137,0,89,181,127,10,988,0,137
117248,117248,2048,0,1025,277,277,0,170,256,160,96,24576,24576,256
117248,117248,1024,0,513,134,133,0,88,185,128,6,632,0,134
117248,117248,4096,0,37,7,7,0,5,9,7,0,0,0,7
117249,117248,2048,1,1025,274,274,0,169,256,170,86,22016,22016,256
117249,117248,1024,1,513,134,133,0,88,183,129,5,482,0,134
117249,117248,4096,1,37,10,9,0,7,12,9,1,3,0,10
117376,117376,1024,0,513,137,136,0,72,184,131,6,321,0,137
117377,117376,1024,1,513,134,133,0,70,182,129,5,244,0,134
117504,117504,2048,0,1025,283,283,0,182,256,206,50,12800,12800,256
117504,117504,1024,0,513,137,136,0,80,181,130,7,442,0,137
117505,117504,2048,1,1025,282,282,0,181,256,194,62,15872,15872,256
117505,117504,1024,1,513,136,135,0,77,178,129,7,535,0,136
117632,117632,1024,0,513,140,139,0,95,183,134,6,621,0,140
117633,117632,1024,1,513,141,140,0,96,180,135,6,580,0,141
117760,117760,2048,0,1025,270,269,0,161,256,219,37,9472,9472,256
117760,117760,1024,0,513,143,142,0,93,178,133,10,993,0,143
117760,117760,4096,0,37,8,8,0,6,8,8,0,0,0,8
117761,117760,2048,1,1025,268,267,0,162,256,221,35,8960,8960,256
117761,117760,1024,1,513,143,142,0,97,177,133,10,1295,0,143
117761,117760,4096,1,37,11,10,0,8,12,10,1,13,0,11
117888,117888,1024,0,513,141,140,0,88,178,129,12,1473,0,141
117889,117888,1024,1,513,141,140,0,86,176,127,14,1532,0,141
118016,118016,2048,0,1025,289,288,0,154,256,134,122,31232,31232,256
118016,118016,1024,0,513,142,141,0,102,180,135,7,229,0,142
118017,118016,2048,1,1025,287,286,0,153,256,138,118,30208,30208,256
118017,118016,1024,1,513,140,139,0,102,182,134,6,360,0,140
118144,118144,1024,0,513,142,141,0,78,180,131,11,1317,0,142
118145,118144,1024,1,513,139,138,0,78,181,129,10,1123,0,139
118272,118272,2048,0,1025,276,275,0,181,256,206,50,12800,12800,256
118272,118272,1024,0,513,138,138,0,92,182,127,11,861,0,138
118272,118272,4096,0,37,7,7,0,7,8,7,0,0,0,7
118273,118272,2048,1,1025,276,275,0,177,256,163,93,23808,23808,256
118273,118272,1024,1,513,138,138,0,89,183,128,10,953,0,138
118273,118272,4096,1,37,10,10,0,8,13,10,0,0,0,10
118400,118400,1024,0,513,139,139,0,88,185,135,4,343,0,139
118401,118400,1024,1,513,138,138,0,88,184,134,4,211,0,138
118528,118528,2048,0,1025,262,262,0,180,256,171,85,21760,21760,256
118528,118528,1024,0,513,142,142,0,96,186,136,6,636,0,142
118529,118528,2048,1,1025,262,262,0,179,256,144,112,28672,28672,256
118529,118528,1024,1,513,142,142,0,97,184,136,6,423,0,142
118656,118656,1024,0,513,149,148,0,83,183,137,12,1538,0,149
118657,118656,1024,1,513,147,146,0,83,181,137,10,1042,0,147
118784,118784,2048,0,1025,280,280,0,165,256,209,47,12032,12032,256
118784,118784,1024,0,513,140,139,0,99,186,131,9,491,0,140
118784,118784,4096,0,37,7,6,0,5,8,7,0,0,0,7
118785,118784,2048,1,1025,280,280,0,161,256,210,46,11776,11776,256
118785,118784,1024,1,513,138,137,0,97,183,128,10,821,0,138
118785,118784,4096,1,37,10,10,0,7,13,9,1,14,0,10
118912,118912,1024,0,513,144,143,0,89,188,136,8,968,0,144
118913,118912,1024,1,513,142,141,0,86,186,135,7,887,0,142
119040,119040,2048,0,1025,292,292,0,178,256,184,72,18432,18432,256
119040,119040,1024,0,513,139,138,0,94,192,136,3,268,0,139
119041,119040,2048,1,1025,291,291,0,176,256,186,70,17920,17920,256
119041,119040,1024,1,513,138,137,0,94,189,135,3,240,0,138
119168,119168,1024,0,513,144,144,0,89,188,139,5,373,0,144
119169,119168,1024,1,513,143,143,0,87,186,138,5,487,0,143
119296,119296,2048,0,1025,281,280,0,181,256,208,48,12288,12288,256
119296,119296,1024,0,513,143,143,0,92,187,131,12,1989,0,143
119296,119296,4096,0,37,8,8,0,5,8,7,1,5,0,8
119297,119296,2048,1,1025,280,280,0,181,256,206,50,12800,12800,256
119297,119296,1024,1,513,141,141,0,91,185,129,12,1869,0,141
119297,119296,4096,1,37,8,8,0,7,14,8,0,0,0,8
119424,119424,1024,0,513,148,148,0,94,191,136,12,1828,0,148
119425,119424,1024,1,513,149,149,0,94,189,137,12,1840,0,149
119552,119552,2048,0,1025,270,270,0,171,256,208,48,12288,12288,256
119552,119552,1024,0,513,142,142,0,96,194,137,5,193,0,142
119553,119552,2048,1,1025,269,269,0,168,256,212,44,11264,11264,256
119553,119552,1024,1,513,144,144,0,97,192,139,5,340,0,144
119680,119680,1024,0,513,145,144,0,89,191,135,10,816,0,145
119681,119680,1024,1,513,145,144,0,90,189,136,9,623,0,145
119808,119808,2048,0,1025,277,277,0,165,256,189,67,17152,17152,256
119808,119808,1024,0,513,147,146,0,95,193,140,7,635,0,147
119808,119808,4096,0,37,7,6,0,6,9,7,0,0,0,7
119809,119808,2048,1,1025,276,276,0,163,256,195,61,15616,15616,256
119809,119808,1024,1,513,147,146,0,94,191,140,7,694,0,147
119809,119808,4096,1,37,8,8,0,7,13,8,0,0,0,8
119936,119936,1024,0,513,149,149,0,96,189,139,10,1079,0,149
119937,119936,1024,1,513,149,149,0,94,187,139,10,943,0,149
120064,120064,2048,0,1025,275,274,0,177,256,144,112,28672,28672,256
120064,120064,1024,0,513,142,142,0,100,193,138,4,238,0,142
120065,120064,2048,1,1025,271,271,0,174,256,159,97,24832,24832,256
120065,120064,1024,1,513,141,141,0,101,192,138,3,207,0,141
120192,120192,1024,0,513,135,135,0,81,187,129,6,347,0,135
120193,120192,1024,1,513,133,133,0,78,186,128,5,290,0,133
120320,120320,2048,0,1025,278,278,0,176,256,205,51,13056,13056,256
120320,120320,1024,0,513,141,141,0,88,189,133,8,1005,0,141
120320,120320,4096,0,37,7,6,0,5,9,7,0,0,0,7
120321,120320,2048,1,1025,277,277,0,173,256,193,63,16128,16128,256
120321,120320,1024,1,513,139,139,0,89,188,132,7,869,0,139
120321,120320,4096,1,37,8,7,0,6,12,8,0,0,0,8
120448,120448,1024,0,513,148,148,0,86,192,135,13,1918,0,148
120449,120448,1024,1,513,146,146,0,86,190,134,12,1661,0,146
120576,120576,2048,0,1025,294,294,0,191,256,215,41,10496,10496,256
120576,120576,1024,0,513,143,143,0,87,196,138,5,357,0,143
120577,120576,2048,1,1025,294,294,0,188,256,215,41,10496,10496,256
120577,120576,1024,1,513,142,142,0,86,193,137,5,423,0,142
120704,120704,1024,0,513,136,136,0,88,191,125,11,1312,0,136
120705,120704,1024,1,513,134,134,0,88,188,123,11,1152,0,134
120832,120832,2048,0,1025,285,285,0,176,256,146,110,28160,28160,256
120832,120832,1024,0,513,138,138,0,79,196,135,3,139,0,138
120832,120832,4096,0,37,8,7,0,6,9,8,0,0,0,8
120833,120832,2048,1,1025,285,285,0,176,256,141,115,29440,29440,256
120833,120832,1024,1,513,138,138,0,79,193,134,4,373,0,138
120833,120832,4096,1,37,10,9,0,7,11,10,0,0,0,10
120960,120960,1024,0,513,131,131,0,92,189,127,4,70,0,131
120961,120960,1024,1,513,132,132,0,92,188,129,3,70,0,132
121088,121088,2048,0,1025,272,272,0,177,256,216,40,10240,10240,256
121088,121088,1024,0,513,143,143,0,86,184,136,7,547,0,143
121089,121088,2048,1,1025,272,272,0,175,256,218,38,9728,9728,256
121089,121088,1024,1,513,141,141,0,85,182,134,7,508,0,141
121216,121216,1024,0,513,143,143,0,95,181,135,8,560,0,143
121217,121216,1024,1,513,143,143,0,93,179,134,9,702,0,143
121344,121344,2048,0,1025,276,276,0,173,256,189,67,17152,17152,256
121344,121344,1024,0,513,139,139,0,95,181,130,9,922,0,139
121344,121344,4096,0,37,7,6,0,6,9,7,0,0,0,7
121345,121344,2048,1,1025,275,275,0,171,256,193,63,16128,16128,256
121345,121344,1024,1,513,136,136,0,93,180,128,8,832,0,136
121345,121344,4096,1,37,9,8,0,7,10,8,1,3,0,9
121472,121472,1024,0,513,138,138,0,88,181,129,9,958,0,138
121473,121472,1024,1,513,138,138,0,89,180,129,9,1070,0,138
121600,121600,2048,0,1025,275,275,0,176,256,174,82,20992,20992,256
121600,121600,1024,0,513,143,143,0,90,187,135,8,1125,0,143
121601,121600,2048,1,1025,274,274,0,175,256,175,81,20736,20736,256
121601,121600,1024,1,513,140,140,0,93,186,133,7,979,0,140
121728,121728,1024,0,513,142,142,0,84,184,133,9,761,0,142
121729,121728,1024,1,513,139,139,0,83,182,130,9,758,0,139
121856,121856,2048,0,1025,285,284,0,174,256,212,44,11264,11264,256
121856,121856,1024,0,513,142,142,0,90,182,136,6,292,0,142
121856,121856,4096,0,37,6,5,0,5,8,6,0,0,0,6
121857,121856,2048,1,1025,286,285,0,177,256,206,50,12800,12800,256
121857,121856,1024,1,513,138,138,0,88,178,133,5,194,0,138
121857,121856,4096,1,37,9,8,0,6,11,9,0,0,0,9
121984,121984,1024,0,513,141,141,0,89,183,134,7,703,0,141
121985,121984,1024,1,513,140,140,0,85,178,131,9,838,0,140
122112,122112,2048,0,1025,279,278,0,183,256,183,73,18688,18688,256
122112,122112,1024,0,513,140,140,0,94,187,133,7,872,0,140
122113,122112,2048,1,1025,279,278,0,181,256,182,74,18944,18944,256
122113,122112,1024,1,513,140,140,0,95,184,133,7,910,0,140
122240,122240,1024,0,513,144,143,0,103,187,139,5,199,0,144
122241,122240,1024,1,513,143,142,0,103,185,138,5,311,0,143
122368,122368,2048,0,1025,276,276,0,175,256,174,82,20992,20992,256
122368,122368,1024,0,513,148,147,0,72,183,136,12,1476,0,148
122368,122368,4096,0,37,8,8,0,5,8,8,0,0,0,8
122369,122368,2048,1,1025,276,276,0,173,256,156,100,25600,25600,256
122369,122368,1024,1,513,147,146,0,71,181,135,12,1511,0,147
122369,122368,4096,1,37,9,8,0,6,11,9,0,0,0,9
122496,122496,1024,0,513,136,136,0,93,188,132,4,355,0,136
122497,122496,1024,1,513,137,137,0,94,186,133,4,370,0,137
122624,122624,2048,0,1025,284,283,0,173,256,77,179,45824,45824,256
122624,122624,1024,0,513,142,142,0,88,183,132,10,633,0,142
122625,122624,2048,1,1025,282,282,0,170,256,78,178,45568,45568,256
122625,122624,1024,1,513,140,140,0,89,183,130,10,910,0,140
122752,122752,1024,0,513,140,140,0,101,189,137,3,239,0,140
122753,122752,1024,1,513,137,137,0,99,189,134,3,206,0,137
122880,122880,2048,0,1025,292,292,0,176,256,186,70,17920,17920,256
122880,122880,1024,0,513,134,134,0,85,186,129,5,438,0,134
122880,122880,4096,0,37,8,8,0,6,8,8,0,0,0,8
122881,122880,2048,1,1025,288,288,0,173,256,210,46,11776,11776,256
122881,122880,1024,1,513,135,135,0,88,187,128,7,832,0,135
122881,122880,4096,1,37,10,10,0,6,11,10,0,0,0,10
123008,123008,1024,0,513,137,137,0,86,183,132,5,371,0,137
123009,123008,1024,1,513,136,136,0,87,185,132,4,162,0,136
123136,123136,2048,0,1025,280,279,0,182,256,146,110,28160,28160,256
123136,123136,1024,0,513,132,132,0,80,180,126,6,608,0,132
123137,123136,2048,1,1025,276,276,0,180,256,158,98,25088,25088,256
123137,123136,1024,1,513,130,130,0,80,180,126,4,237,0,130
123264,123264,1024,0,513,147,147,0,84,180,136,11,1288,0,147
123265,123264,1024,1,513,146,146,0,84,178,136,10,995,0,146
123392,123392,2048,0,1025,279,279,0,183,256,215,41,10496,10496,256
123392,123392,1024,0,513,136,136,0,90,183,130,6,429,0,136
123392,123392,4096,0,37,7,7,0,7,8,7,0,0,0,7
123393,123392,2048,1,1025,279,279,0,181,256,207,49,12544,12544,256
123393,123392,1024,1,513,136,136,0,88,181,129,7,762,0,136
123393,123392,4096,1,37,8,8,0,7,11,7,1,9,0,8
123520,123520,1024,0,513,138,138,0,83,183,128,10,1249,0,138
123521,123520,1024,1,513,136,136,0,84,181,127,9,877,0,136
123648,123648,2048,0,1025,282,281,0,177,256,189,67,17152,17152,256
123648,123648,1024,0,513,138,138,0,91,186,134,4,295,0,138
123649,123648,2048,1,1025,280,279,0,174,256,200,56,14336,14336,256
123649,123648,1024,1,513,137,137,0,89,182,133,4,203,0,137
123776,123776,1024,0,513,143,142,0,79,185,134,9,1140,0,143
123777,123776,1024,1,513,142,141,0,81,181,133,9,1080,0,142
123904,123904,2048,0,1025,290,289,0,170,256,206,50,12800,12800,256
123904,123904,1024,0,513,143,142,0,92,188,132,11,1529,0,143
123904,123904,4096,0,37,8,8,0,7,8,8,0,0,0,8
123905,123904,2048,1,1025,289,288,0,170,256,204,52,13312,13312,256
123905,123904,1024,1,513,142,141,0,93,184,132,10,1444,0,142
123905,123904,4096,1,37,8,7,0,6,12,8,0,0,0,8
124032,124032,1024,0,513,138,137,0,83,192,133,5,311,0,138
124033,124032,1024,1,513,136,135,0,85,187,132,4,249,0,136
124160,124160,2048,0,1025,281,280,0,197,256,203,53,13568,13568,256
124160,124160,1024,0,513,141,140,0,88,192,136,5,369,0,141
124161,124160,2048,1,1025,280,279,0,196,256,210,46,11776,11776,256
124161,124160,1024,1,513,141,140,0,85,186,135,6,616,0,141
124288,124288,1024,0,513,138,138,0,91,189,133,5,247,0,138
124289,124288,1024,1,513,140,140,0,90,184,134,6,321,0,140
124416,124416,2048,0,1025,277,277,0,168,256,171,85,21760,21760,256
124416,124416,1024,0,513,136,136,0,92,187,131,5,304,0,136
124416,124416,4096,0,37,8,8,0,7,8,8,0,0,0,8
124417,124416,2048,1,1025,278,277,0,167,256,151,105,26880,26880,256
124417,124416,1024,1,513,137,137,0,94,184,132,5,495,0,137
124417,124416,4096,1,37,9,9,0,5,11,9,0,0,0,9
124544,124544,1024,0,513,141,141,0,70,182,129,12,1211,0,141
124545,124544,1024,1,513,139,139,0,72,181,128,11,1519,0,139
124672,124672,2048,0,1025,288,287,0,179,256,194,62,15872,15872,256
124672,124672,1024,0,513,138,138,0,93,186,135,3,195,0,138
124673,124672,2048,1,1025,284,284,0,177,256,217,39,9984,9984,256
124673,124672,1024,1,513,136,136,0,92,184,133,3,254,0,136
124800,124800,1024,0,513,142,142,0,96,181,137,5,269,0,142
124801,124800,1024,1,513,141,141,0,94,179,136,5,235,0,141
124928,124928,2048,0,1025,297,297,0,191,256,181,75,19200,19200,256
124928,124928,1024,0,513,140,139,0,88,180,129,11,1203,0,140
124928,124928,4096,0,37,6,6,0,5,8,6,0,0,0,6
124929,124928,2048,1,1025,293,293,0,187,256,191,65,16640,16640,256
124929,124928,1024,1,513,140,139,0,88,178,128,12,1481,0,140
124929,124928,4096,1,37,11,11,0,8,11,10,1,3,0,11
125056,125056,1024,0,513,142,141,0,82,184,135,7,700,0,142
125057,125056,1024,1,513,138,137,0,82,184,132,6,710,0,138
125184,125184,2048,0,1025,275,274,0,179,256,140,116,29696,29696,256
125184,125184,1024,0,513,131,130,0,87,185,126,5,459,0,131
125185,125184,2048,1,1025,273,272,0,177,256,146,110,28160,28160,256
125185,125184,1024,1,513,130,129,0,84,184,124,6,623,0,130
125312,125312,1024,0,513,136,135,0,83,182,130,6,430,0,136
125313,125312,1024,1,513,134,133,0,81,183,128,6,474,0,134
125440,125440,2048,0,1025,269,268,0,178,256,162,94,24064,24064,256
125440,125440,1024,0,513,140,139,0,83,184,131,9,1200,0,140
125440,125440,4096,0,37,7,7,0,6,8,7,0,0,0,7
125441,125440,2048,1,1025,269,268,0,175,256,138,118,30208,30208,256
125441,125440,1024,1,513,141,140,0,82,185,133,8,983,0,141
125441,125440,4096,1,37,10,10,0,8,12,10,0,0,0,10
125568,125568,1024,0,513,136,135,0,87,186,130,6,525,0,136
125569,125568,1024,1,513,135,134,0,89,186,129,6,479,0,135
125696,125696,2048,0,1025,276,275,0,180,256,195,61,15616,15616,256
125696,125696,1024,0,513,137,136,0,81,182,132,5,110,0,137
125697,125696,2048,1,1025,275,274,0,177,256,210,46,11776,11776,256
125697,125696,1024,1,513,137,136,0,80,182,132,5,153,0,137
125824,125824,1024,0,513,135,135,0,84,180,129,6,393,0,135
125825,125824,1024,1,513,134,134,0,84,179,128,6,352,0,134
125952,125952,2048,0,1025,287,286,0,185,256,215,41,10496,10496,256
125952,125952,1024,0,513,139,139,0,82,180,133,6,423,0,139
125952,125952,4096,0,37,8,7,0,6,8,8,0,0,0,8
125953,125952,2048,1,1025,285,284,0,182,256,209,47,12032,12032,256
125953,125952,1024,1,513,139,139,0,84,180,134,5,416,0,139
125953,125952,4096,1,37,10,9,0,9,12,10,0,0,0,10
126080,126080,1024,0,513,139,139,0,95,178,133,6,335,0,139
126081,126080,1024,1,513,137,137,0,94,177,131,6,366,0,137
126208,126208,2048,0,1025,280,279,0,175,256,177,79,20224,20224,256
126208,126208,1024,0,513,135,135,0,89,179,133,2,153,0,135
126209,126208,2048,1,1025,280,279,0,173,256,173,83,21248,21248,256
126209,126208,1024,1,513,137,137,0,88,178,133,4,258,0,137
126336,126336,1024,0,513,145,145,0,85,174,131,14,1566,0,145
126337,126336,1024,1,513,144,144,0,84,175,131,13,1363,0,144
126464,126464,2048,0,1025,282,281,0,196,256,195,61,15616,15616,256
126464,126464,1024,0,513,151,151,0,81,181,141,10,1086,0,151
126464,126464,4096,0,37,7,6,0,6,8,7,0,0,0,7
126465,126464,2048,1,1025,281,280,0,194,256,190,66,16896,16896,256
126465,126464,1024,1,513,149,149,0,81,180,139,10,1002,0,149
126465,126464,4096,1,37,9,8,0,8,12,9,0,0,0,9
126592,126592,1024,0,513,136,136,0,91,184,131,5,259,0,136
126593,126592,1024,1,513,138,138,0,90,185,132,6,796,0,138
126720,126720,2048,0,1025,266,266,0,169,256,162,94,24064,24064,256
126720,126720,1024,0,513,133,133,0,89,185,129,4,383,0,133
126721,126720,2048,1,1025,264,264,0,169,256,172,84,21504,21504,256
126721,126720,1024,1,513,132,132,0,88,187,128,4,405,0,132
126848,126848,1024,0,513,143,143,0,86,184,135,8,1070,0,143
126849,126848,1024,1,513,143,143,0,85,184,136,7,575,0,143
126976,126976,2048,0,1025,274,273,0,171,256,166,90,23040,23040,256
126976,126976,1024,0,513,141,141,0,95,183,134,7,864,0,141
126976,126976,4096,0,37,8,7,0,6,8,8,0,0,0,8
126977,126976,2048,1,1025,272,271,0,172,256,178,78,19968,19968,256
126977,126976,1024,1,513,139,139,0,93,182,132,7,971,0,139
126977,126976,4096,1,37,10,9,0,8,12,10,0,0,0,10
127104,127104,1024,0,513,139,139,0,91,183,130,9,1097,0,139
127105,127104,1024,1,513,138,138,0,89,183,129,9,1270,0,138
127232,127232,2048,0,1025,278,278,0,186,256,217,39,9984,9984,256
127232,127232,1024,0,513,143,143,0,82,188,133,10,1643,0,143
127233,127232,2048,1,1025,276,276,0,185,256,200,56,14336,14336,256
127233,127232,1024,1,513,141,141,0,81,186,132,9,1165,0,141
127360,127360,1024,0,513,145,144,0,91,193,138,7,833,0,145
127361,127360,1024,1,513,144,143,0,92,190,137,7,901,0,144
127488,127488,2048,0,1025,280,280,0,174,256,157,99,25344,25344,256
127488,127488,1024,0,513,138,138,0,78,189,135,3,54,0,138
127488,127488,4096,0,37,7,6,0,6,8,7,0,0,0,7
127489,127488,2048,1,1025,279,279,0,175,256,140,116,29696,29696,256
127489,127488,1024,1,513,135,135,0,78,186,132,3,32,0,135
127489,127488,4096,1,37,8,7,0,6,11,8,0,0,0,8
127616,127616,1024,0,513,136,136,0,90,185,131,5,333,0,136
127617,127616,1024,1,513,134,134,0,87,182,130,4,119,0,134
127744,127744,2048,0,1025,278,278,0,176,256,157,99,25344,25344,256
127744,127744,1024,0,513,144,144,0,93,182,135,9,627,0,144
127745,127744,2048,1,1025,277,277,0,173,256,195,61,15616,15616,256
127745,127744,1024,1,513,142,142,0,91,178,132,10,486,0,142
127872,127872,1024,0,513,140,140,0,83,185,131,9,994,0,140
127873,127872,1024,1,513,140,140,0,84,181,129,11,1005,0,140
128000,128000,2048,0,1025,288,288,0,184,256,166,90,23040,23040,256
128000,128000,1024,0,513,143,143,0,88,189,133,10,1512,0,143
128000,128000,4096,0,37,7,6,0,5,8,6,1,4,0,7
128001,128000,2048,1,1025,289,289,0,182,256,110,146,37376,37376,256
128001,128000,1024,1,513,143,143,0,88,187,133,10,1436,0,143
128001,128000,4096,1,37,10,9,0,6,11,10,0,0,0,10
128128,128128,1024,0,513,140,140,0,94,189,133,7,593,0,140
128129,128128,1024,1,513,138,138,0,93,187,131,7,693,0,138
128256,128256,2048,0,1025,280,280,0,179,256,184,72,18432,18432,256
128256,128256,1024,0,513,144,143,0,92,189,138,6,733,0,144
128257,128256,2048,1,1025,279,279,0,182,256,224,32,8192,8192,256
128257,128256,1024,1,513,141,140,0,87,187,135,6,501,0,141
128384,128384,1024,0,513,152,151,0,93,188,141,11,1434,0,152
128385,128384,1024,1,513,152,151,0,93,185,141,11,1181,0,152
128512,128512,2048,0,1025,285,285,0,175,256,220,36,9216,9216,256
128512,128512,1024,0,513,138,137,0,92,189,129,9,878,0,138
128512,128512,4096,0,37,7,6,0,6,9,7,0,0,0,7
128513,128512,2048,1,1025,284,284,0,173,256,214,42,10752,10752,256
128513,128512,1024,1,513,140,139,0,94,186,131,9,781,0,140
128513,128512,4096,1,37,8,7,0,6,10,8,0,0,0,8
128640,128640,1024,0,513,138,137,0,87,192,133,5,381,0,138
128641,128640,1024,1,513,139,138,0,88,189,133,6,617,0,139
128768,128768,2048,0,1025,291,291,0,188,256,147,109,27904,27904,256
128768,128768,1024,0,513,144,144,0,78,191,140,4,380,0,144
128769,128768,2048,1,1025,288,288,0,186,256,178,78,19968,19968,256
128769,128768,1024,1,513,142,142,0,79,189,138,4,186,0,142
128896,128896,1024,0,513,145,145,0,100,190,138,7,868,0,145
128897,128896,1024,1,513,141,141,0,99,187,135,6,539,0,141
129024,129024,2048,0,1025,286,286,0,184,256,113,143,36608,36608,256
129024,129024,1024,0,513,143,143,0,95,186,137,6,430,0,143
129024,129024,4096,0,37,7,6,0,5,9,7,0,0,0,7
129025,129024,2048,1,1025,283,283,0,182,256,145,111,28416,28416,256
129025,129024,1024,1,513,142,142,0,92,181,135,7,415,0,142
129025,129024,4096,1,37,11,10,0,7,10,9,2,21,0,11
129152,129152,1024,0,513,142,141,0,83,188,136,6,639,0,142
129153,129152,1024,1,513,140,139,0,80,184,135,5,467,0,140
129280,129280,2048,0,1025,289,289,0,192,256,225,31,7936,7936,256
129280,129280,1024,0,513,152,152,0,97,184,137,15,1732,0,152
129281,129280,2048,1,1025,289,289,0,190,256,194,62,15872,15872,256
129281,129280,1024,1,513,151,151,0,97,179,136,15,1811,0,151
129408,129408,1024,0,513,137,137,0,89,194,132,5,158,0,137
129409,129408,1024,1,513,135,135,0,86,190,130,5,379,0,135
129536,129536,2048,0,1025,281,281,0,195,256,200,56,14336,14336,256
129536,129536,1024,0,513,136,136,0,88,195,133,3,204,0,136
129536,129536,4096,0,37,8,7,0,6,8,8,0,0,0,8
129537,129536,2048,1,1025,280,280,0,194,256,200,56,14336,14336,256
129537,129536,1024,1,513,136,136,0,87,192,132,4,401,0,136
129537,129536,4096,1,37,9,8,0,7,12,9,0,0,0,9
129664,129664,1024,0,513,139,139,0,81,190,134,5,551,0,139
129665,129664,1024,1,513,137,137,0,80,189,132,5,531,0,137
129792,129792,2048,0,1025,279,279,0,186,256,199,57,14592,14592,256
129792,129792,1024,0,513,142,142,0,87,181,133,9,593,0,142
129793,129792,2048,1,1025,278,278,0,185,256,202,54,13824,13824,256
129793,129792,1024,1,513,143,143,0,86,181,134,9,717,0,143
129920,129920,1024,0,513,136,136,0,81,184,126,10,925,0,136
129921,129920,1024,1,513,136,136,0,81,185,127,9,991,0,136
130048,130048,2048,0,1025,283,282,0,169,256,210,46,11776,11776,256
130048,130048,1024,0,513,134,134,0,78,183,129,5,400,0,134
130048,130048,4096,0,37,6,5,0,5,8,6,0,0,0,6
130049,130048,2048,1,1025,280,279,0,168,256,209,47,12032,12032,256
130049,130048,1024,1,513,131,131,0,77,183,126,5,208,0,131
130049,130048,4096,1,37,9,8,0,5,12,9,0,0,0,9
130176,130176,1024,0,513,136,136,0,87,183,129,7,643,0,136
130177,130176,1024,1,513,135,135,0,83,183,127,8,791,0,135
130304,130304,2048,0,1025,283,282,0,188,256,200,56,14336,14336,256
130304,130304,1024,0,513,146,146,0,94,184,130,16,2484,0,146
130305,130304,2048,1,1025,282,281,0,185,256,203,53,13568,13568,256
130305,130304,1024,1,513,145,145,0,94,185,130,15,2412,0,145
130432,130432,1024,0,513,153,153,0,97,191,142,11,1292,0,153
130433,130432,1024,1,513,149,149,0,94,190,139,10,992,0,149
130560,130560,2048,0,1025,279,278,0,185,256,143,113,28928,28928,256
130560,130560,1024,0,513,144,144,0,97,193,140,4,211,0,144
130560,130560,4096,0,37,8,7,0,5,8,8,0,0,0,8
130561,130560,2048,1,1025,279,278,0,184,256,128,128,32768,32768,256
130561,130560,1024,1,513,143,143,0,92,191,139,4,167,0,143
130561,130560,4096,1,37,8,8,0,5,11,8,0,0,0,8
130688,130688,1024,0,513,143,143,0,78,189,132,11,1250,0,143
130689,130688,1024,1,513,144,144,0,77,187,133,11,1231,0,144
130816,130816,2048,0,1025,280,279,0,188,256,226,30,7680,7680,256
130816,130816,1024,0,513,135,135,0,98,198,132,3,428,0,135
130817,130816,2048,1,1025,281,281,0,186,256,226,30,7680,7680,256
130817,130816,1024,1,513,134,134,0,97,196,131,3,423,0,134
130944,130944,1024,0,513,144,144,0,91,194,136,8,1042,0,144
130945,130944,1024,1,513,141,141,0,91,192,134,7,749,0,141
131072,131072,2048,0,1025,297,297,0,188,256,74,182,46592,46592,256
131072,131072,1024,0,513,140,139,0,94,194,134,6,670,0,140
131072,131072,4096,0,37,7,7,0,6,8,7,0,0,0,7
131073,131072,2048,1,1025,295,295,0,188,256,88,168,43008,43008,256
131073,131072,1024,1,513,139,138,0,91,192,133,6,945,0,139
131073,131072,4096,1,37,8,8,0,6,11,8,0,0,0,8
131200,131200,1024,0,513,139,138,0,83,187,130,9,392,0,139
131201,131200,1024,1,513,139,138,0,85,185,132,7,214,0,139
131328,131328,2048,0,1025,289,289,0,173,256,219,37,9472,9472,256
131328,131328,1024,0,513,143,142,0,102,186,135,8,502,0,143
131329,131328,2048,1,1025,288,288,0,173,256,219,37,9472,9472,256
131329,131328,1024,1,513,141,140,0,103,181,134,7,413,0,141
131456,131456,1024,0,513,139,139,0,84,190,131,8,822,0,139
131457,131456,1024,1,513,139,139,0,82,185,130,9,939,0,139
131584,131584,2048,0,1025,281,280,0,184,256,200,56,14336,14336,256
131584,131584,1024,0,513,138,138,0,86,188,133,5,292,0,138
131584,131584,4096,0,37,6,6,0,6,8,6,0,0,0,6
131585,131584,2048,1,1025,279,278,0,180,256,210,46,11776,11776,256
131585,131584,1024,1,513,137,137,0,85,185,132,5,427,0,137
131585,131584,4096,1,37,9,9,0,7,10,9,0,0,0,9
131712,131712,1024,0,513,140,140,0,101,184,134,6,502,0,140
131713,131712,1024,1,513,142,142,0,102,181,136,6,524,0,142
131840,131840,2048,0,1025,280,279,0,179,256,213,43,11008,11008,256
131840,131840,1024,0,513,144,144,0,88,186,138,6,660,0,144
131841,131840,2048,1,1025,277,276,0,176,256,202,54,13824,13824,256
131841,131840,1024,1,513,143,143,0,88,184,138,5,496,0,143
131968,131968,1024,0,513,139,139,0,90,181,128,11,1206,0,139
131969,131968,1024,1,513,137,137,0,90,179,127,10,1025,0,137
132096,132096,2048,0,1025,272,271,0,178,256,222,34,8704,8704,256
132096,132096,1024,0,513,142,141,0,87,183,132,10,1227,0,142
132096,132096,4096,0,37,7,7,0,6,8,7,0,0,0,7
132097,132096,2048,1,1025,272,271,0,178,256,210,46,11776,11776,256
132097,132096,1024,1,513,141,140,0,85,180,131,10,1199,0,141
132097,132096,4096,1,37,8,8,0,8,10,8,0,0,0,8
132224,132224,1024,0,513,140,139,0,81,187,134,6,660,0,140
132225,132224,1024,1,513,140,139,0,80,184,134,6,653,0,140
132352,132352,2048,0,1025,284,282,0,178,256,187,69,17664,17664,256
132352,132352,1024,0,513,138,137,0,80,188,133,5,449,0,138
132353,132352,2048,1,1025,280,279,0,174,256,211,45,11520,11520,256
132353,132352,1024,1,513,136,135,0,82,186,131,5,548,0,136
132480,132480,1024,0,513,136,135,0,88,188,129,7,855,0,136
132481,132480,1024,1,513,136,135,0,88,185,129,7,655,0,136
132608,132608,2048,0,1025,279,277,0,191,256,177,79,20224,20224,256
132608,132608,1024,0,513,147,146,0,93,186,141,6,401,0,147
132608,132608,4096,0,37,8,7,0,7,8,8,0,0,0,8
132609,132608,2048,1,1025,277,276,0,190,256,178,78,19968,19968,256
132609,132608,1024,1,513,144,143,0,92,184,138,6,473,0,144
132609,132608,4096,1,37,10,9,0,7,10,9,1,3,0,10
132736,132736,1024,0,513,140,139,0,81,185,133,7,696,0,140
132737,132736,1024,1,513,138,137,0,79,183,132,6,548,0,138
132864,132864,2048,0,1025,279,278,0,176,256,118,138,35328,35328,256
132864,132864,1024,0,513,134,133,0,78,185,127,7,721,0,134
132865,132864,2048,1,1025,276,275,0,174,256,114,142,36352,36352,256
132865,132864,1024,1,513,133,132,0,77,182,126,7,754,0,133
132992,132992,1024,0,513,139,138,0,85,183,129,10,828,0,139
132993,132992,1024,1,513,137,136,0,85,181,126,11,1140,0,137
133120,133120,2048,0,1025,282,281,0,182,256,228,28,7168,7168,256
133120,133120,1024,0,513,138,137,0,85,189,134,4,507,0,138
133120,133120,4096,0,37,7,6,0,6,8,7,0,0,0,7
133121,133120,2048,1,1025,282,281,0,181,256,221,35,8960,8960,256
133121,133120,1024,1,513,136,135,0,84,187,132,4,273,0,136
133121,133120,4096,1,37,9,8,0,6,11,9,0,0,0,9
133248,133248,1024,0,513,139,139,0,84,186,133,6,602,0,139
133249,133248,1024,1,513,138,138,0,84,182,131,7,603,0,138
133376,133376,2048,0,1025,285,284,0,175,256,199,57,14592,14592,256
133376,133376,1024,0,513,147,147,0,85,182,136,11,1019,0,147
133377,133376,2048,1,1025,284,283,0,173,256,209,47,12032,12032,256
133377,133376,1024,1,513,145,145,0,84,180,134,11,1147,0,145
133504,133504,1024,0,513,139,139,0,89,187,134,5,396,0,139
133505,133504,1024,1,513,136,136,0,84,184,131,5,261,0,136
133632,133632,2048,0,1025,296,296,0,189,256,153,103,26368,26368,256
133632,133632,1024,0,513,132,132,0,83,186,129,3,225,0,132
133632,133632,4096,0,37,8,8,0,6,8,7,1,1,0,8
133633,133632,2048,1,1025,297,296,0,187,256,146,110,28160,28160,256
133633,133632,1024,1,513,132,132,0,83,184,128,4,505,0,132
133633,133632,4096,1,37,9,9,0,6,10,9,0,0,0,9
133760,133760,1024,0,513,136,136,0,89,184,128,8,977,0,136
133761,133760,1024,1,513,136,136,0,87,183,128,8,1034,0,136
133888,133888,2048,0,1025,290,289,0,182,256,108,148,37888,37888,256
133888,133888,1024,0,513,144,144,0,85,186,134,10,1341,0,144
133889,133888,2048,1,1025,289,289,0,183,256,156,100,25600,25600,256
133889,133888,1024,1,513,141,141,0,89,185,131,10,1284,0,141
134016,134016,1024,0,513,137,137,0,90,189,128,9,907,0,137
134017,134016,1024,1,513,134,134,0,86,187,126,8,716,0,134
134144,134144,2048,0,1025,281,281,0,178,256,175,81,20736,20736,256
134144,134144,1024,0,513,141,141,0,79,186,128,13,1279,0,141
134144,134144,4096,0,37,7,7,0,7,9,7,0,0,0,7
134145,134144,2048,1,1025,279,279,0,180,256,165,91,23296,23296,256
134145,134144,1024,1,513,141,141,0,81,183,128,13,1223,0,141
134145,134144,4096,1,37,9,9,0,6,10,8,1,6,0,9
134272,134272,1024,0,513,144,143,0,89,191,137,7,602,0,144
134273,134272,1024,1,513,143,142,0,87,187,135,8,797,0,143
134400,134400,2048,0,1025,275,274,0,179,256,206,50,12800,12800,256
134400,134400,1024,0,513,137,137,0,89,189,130,7,927,0,137
134401,134400,2048,1,1025,272,272,0,175,256,214,42,10752,10752,256
134401,134400,1024,1,513,135,135,0,91,186,128,7,855,0,135
134528,134528,1024,0,513,137,137,0,84,186,131,6,388,0,137
134529,134528,1024,1,513,136,136,0,80,182,129,7,321,0,136
134656,134656,2048,0,1025,288,287,0,183,256,132,124,31744,31744,256
134656,134656,1024,0,513,143,143,0,82,182,132,11,720,0,143
134656,134656,4096,0,37,6,6,0,5,9,6,0,0,0,6
134657,134656,2048,1,1025,286,286,0,181,256,133,123,31488,31488,256
134657,134656,1024,1,513,144,144,0,84,182,133,11,1205,0,144
134657,134656,4096,1,37,10,10,0,7,11,9,1,8,0,10
134784,134784,1024,0,513,144,144,0,90,186,135,9,1128,0,144
134785,134784,1024,1,513,142,142,0,89,184,134,8,674,0,142
134912,134912,2048,0,1025,279,279,0,175,256,214,42,10752,10752,256
134912,134912,1024,0,513,134,134,0,84,185,128,6,210,0,134
134913,134912,2048,1,1025,278,278,0,173,256,209,47,12032,12032,256
134913,134912,1024,1,513,135,135,0,82,183,128,7,466,0,135
135040,135040,1024,0,513,128,128,0,92,181,125,3,89,0,128
135041,135040,1024,1,513,127,127,0,92,181,124,3,142,0,127
135168,135168,2048,0,1025,270,269,0,167,256,207,49,12544,12544,256
135168,135168,1024,0,513,140,140,0,78,176,130,10,585,0,140
135168,135168,4096,0,37,8,7,0,5,9,8,0,0,0,8
135169,135168,2048,1,1025,269,269,0,165,256,210,46,11776,11776,256
135169,135168,1024,1,513,139,139,0,77,177,129,10,616,0,139
135169,135168,4096,1,37,8,7,0,6,12,8,0,0,0,8
135296,135296,1024,0,513,139,139,0,85,182,130,9,1044,0,139
135297,135296,1024,1,513,139,139,0,87,183,130,9,1186,0,139
135424,135424,2048,0,1025,271,271,0,169,256,186,70,17920,17920,256
135424,135424,1024,0,513,131,130,0,89,184,119,12,1616,0,131
135425,135424,2048,1,1025,270,269,0,168,256,181,75,19200,19200,256
135425,135424,1024,1,513,129,128,0,89,184,118,11,1296,0,129
135552,135552,1024,0,513,136,135,0,77,185,125,11,926,0,136
135553,135552,1024,1,513,136,135,0,77,184,125,11,880,0,136
135680,135680,2048,0,1025,290,289,0,177,256,194,62,15872,15872,256
135680,135680,1024,0,513,141,141,0,96,190,135,6,684,0,141
135680,135680,4096,0,37,7,6,0,6,9,7,0,0,0,7
135681,135680,2048,1,1025,286,286,0,177,256,218,38,9728,9728,256
135681,135680,1024,1,513,141,141,0,96,189,135,6,660,0,141
135681,135680,4096,1,37,11,10,0,7,12,10,1,13,0,11
135808,135808,1024,0,513,142,142,0,89,189,134,8,792,0,142
135809,135808,1024,1,513,141,141,0,88,187,133,8,650,0,141
135936,135936,2048,0,1025,277,277,0,167,256,174,82,20992,20992,256
135936,135936,1024,0,513,144,144,0,80,191,138,6,542,0,144
135937,135936,2048,1,1025,275,275,0,165,256,159,97,24832,24832,256
135937,135936,1024,1,513,143,143,0,77,189,137,6,529,0,143
136064,136064,1024,0,513,142,141,0,91,190,134,8,1046,0,142
136065,136064,1024,1,513,140,139,0,91,189,132,8,1290,0,140
136192,136192,2048,0,1025,285,285,0,176,256,203,53,13568,13568,256
136192,136192,1024,0,513,132,132,0,81,192,129,3,161,0,132
136192,136192,4096,0,37,6,5,0,5,9,6,0,0,0,6
136193,136192,2048,1,1025,283,283,0,172,256,205,51,13056,13056,256
136193,136192,1024,1,513,130,130,0,78,191,127,3,189,0,130
136193,136192,4096,1,37,10,9,0,8,13,9,1,14,0,10
136320,136320,1024,0,513,140,140,0,88,187,133,7,709,0,140
136321,136320,1024,1,513,139,139,0,85,186,132,7,574,0,139
136448,136448,2048,0,1025,278,278,0,183,256,208,48,12288,12288,256
136448,136448,1024,0,513,142,142,0,92,187,132,10,1130,0,142
136449,136448,2048,1,1025,276,276,0,180,256,205,51,13056,13056,256
136449,136448,1024,1,513,141,141,0,94,185,132,9,680,0,141
136576,136576,1024,0,513,141,140,0,96,185,134,7,432,0,141
136577,136576,1024,1,513,141,140,0,94,183,134,7,510,0,141
136704,136704,2048,0,1025,280,280,0,174,256,177,79,20224,20224,256
136704,136704,1024,0,513,139,138,0,85,181,136,3,73,0,139
136704,136704,4096,0,37,7,6,0,5,9,7,0,0,0,7
136705,136704,2048,1,1025,281,281,0,172,256,148,108,27648,27648,256
136705,136704,1024,1,513,139,138,0,84,179,136,3,100,0,139
136705,136704,4096,1,37,11,10,0,8,13,9,2,21,0,11
136832,136832,1024,0,513,142,141,0,90,181,136,6,493,0,142
136833,136832,1024,1,513,142,141,0,89,179,136,6,593,0,142
136960,136960,2048,0,1025,282,282,0,188,256,168,88,22528,22528,256
136960,136960,1024,0,513,143,143,0,93,179,134,9,635,0,143
136961,136960,2048,1,1025,283,283,0,186,256,173,83,21248,21248,256
136961,136960,1024,1,513,143,143,0,92,178,134,9,868,0,143
137088,137088,1024,0,513,141,141,0,87,183,131,10,1264,0,141
137089,137088,1024,1,513,141,141,0,87,183,131,10,1398,0,141
137216,137216,2048,0,1025,278,278,0,180,256,127,129,33024,33024,256
137216,137216,1024,0,513,138,137,0,86,188,130,8,1025,0,138
137216,137216,4096,0,37,8,7,0,6,8,8,0,0,0,8
137217,137216,2048,1,1025,277,277,0,179,256,175,81,20736,20736,256
137217,137216,1024,1,513,138,137,0,89,188,131,7,810,0,138
137217,137216,4096,1,37,10,10,0,8,14,10,0,0,0,10
137344,137344,1024,0,513,136,135,0,89,191,131,5,538,0,136
137345,137344,1024,1,513,135,134,0,86,191,130,5,715,0,135
137472,137472,2048,0,1025,282,282,0,178,256,215,41,10496,10496,256
137472,137472,1024,0,513,142,142,0,90,185,133,9,999,0,142
137473,137472,2048,1,1025,280,280,0,176,256,218,38,9728,9728,256
137473,137472,1024,1,513,140,140,0,88,185,131,9,1055,0,140
137600,137600,1024,0,513,144,144,0,93,183,137,7,327,0,144
137601,137600,1024,1,513,146,146,0,91,183,139,7,439,0,146
137728,137728,2048,0,1025,279,279,0,162,256,140,116,29696,29696,256
137728,137728,1024,0,513,137,137,0,92,182,129,8,666,0,137
137728,137728,4096,0,37,7,6,0,6,8,7,0,0,0,7
137729,137728,2048,1,1025,279,279,0,162,256,117,139,35584,35584,256
137729,137728,1024,1,513,136,136,0,92,182,129,7,568,0,136
137729,137728,4096,1,37,10,9,0,6,14,10,0,0,0,10
137856,137856,1024,0,513,140,139,0,94,187,134,6,919,0,140
137857,137856,1024,1,513,139,138,0,92,186,133,6,826,0,139
137984,137984,2048,0,1025,284,284,0,167,256,181,75,19200,19200,256
137984,137984,1024,0,513,145,144,0,94,188,137,8,1198,0,145
137985,137984,2048,1,1025,284,284,0,168,256,171,85,21760,21760,256
137985,137984,1024,1,513,145,144,0,93,187,137,8,1282,0,145
138112,138112,1024,0,513,139,138,0,88,188,134,5,289,0,139
138113,138112,1024,1,513,138,137,0,91,187,133,5,225,0,138
138240,138240,2048,0,1025,283,283,0,177,256,193,63,16128,16128,256
138240,138240,1024,0,513,139,138,0,82,186,133,6,498,0,139
138240,138240,4096,0,37,7,7,0,6,8,7,0,0,0,7
138241,138240,2048,1,1025,282,282,0,178,256,201,55,14080,14080,256
138241,138240,1024,1,513,139,138,0,83,184,133,6,466,0,139
138241,138240,4096,1,37,8,8,0,7,13,8,0,0,0,8
138368,138368,1024,0,513,146,145,0,93,186,136,10,1087,0,146
138369,138368,1024,1,513,144,143,0,92,184,135,9,754,0,144
138496,138496,2048,0,1025,275,275,0,183,256,195,61,15616,15616,256
138496,138496,1024,0,513,145,145,0,99,190,136,9,1311,0,145
138497,138496,2048,1,1025,275,275,0,182,256,196,60,15360,15360,256
138497,138496,1024,1,513,141,141,0,98,188,132,9,1464,0,141
138624,138624,1024,0,513,137,137,0,98,188,135,2,32,0,137
138625,138624,1024,1,513,135,135,0,97,186,133,2,54,0,135
138752,138752,2048,0,1025,272,272,0,161,256,210,46,11776,11776,256
138752,138752,1024,0,513,139,139,0,89,181,132,7,284,0,139
138752,138752,4096,0,37,8,7,0,6,8,8,0,0,0,8
138753,138752,2048,1,1025,269,269,0,162,256,209,47,12032,12032,256
138753,138752,1024,1,513,139,139,0,88,179,131,8,401,0,139
138753,138752,4096,1,37,9,9,0,7,12,8,1,3,0,9
138880,138880,1024,0,513,139,138,0,79,179,132,7,527,0,139
138881,138880,1024,1,513,137,136,0,78,177,130,7,468,0,137
139008,139008,2048,0,1025,287,287,0,173,256,207,49,12544,12544,256
139008,139008,1024,0,513,144,143,0,90,180,137,7,494,0,144
139009,139008,2048,1,1025,284,284,0,172,256,210,46,11776,11776,256
139009,139008,1024,1,513,143,142,0,88,179,136,7,554,0,143
139136,139136,1024,0,513,138,137,0,89,183,131,7,773,0,138
139137,139136,1024,1,513,138,137,0,88,181,129,9,854,0,138
139264,139264,2048,0,1025,284,284,0,175,256,200,56,14336,14336,256
139264,139264,1024,0,513,142,142,0,90,182,135,7,609,0,142
139264,139264,4096,0,37,7,6,0,6,8,7,0,0,0,7
139265,139264,2048,1,1025,283,283,0,175,256,191,65,16640,16640,256
139265,139264,1024,1,513,139,139,0,90,183,133,6,596,0,139
139265,139264,4096,1,37,10,10,0,8,13,10,0,0,0,10
139392,139392,1024,0,513,150,150,0,99,184,142,8,833,0,150
139393,139392,1024,1,513,148,148,0,98,182,139,9,760,0,148
139520,139520,2048,0,1025,284,284,0,194,256,183,73,18688,18688,256
139520,139520,1024,0,513,154,154,0,98,186,142,12,1672,0,154
139521,139520,2048,1,1025,282,282,0,190,256,180,76,19456,19456,256
139521,139520,1024,1,513,153,153,0,96,186,142,11,1623,0,153
139648,139648,1024,0,513,147,146,0,102,188,140,7,237,0,147
139649,139648,1024,1,513,147,146,0,100,187,140,7,335,0,147
139776,139776,2048,0,1025,271,271,0,176,256,118,138,35328,35328,256
139776,139776,1024,0,513,142,141,0,90,188,138,4,353,0,142
139776,139776,4096,0,37,8,7,0,6,8,8,0,0,0,8
139777,139776,2048,1,1025,270,270,0,174,256,143,113,28928,28928,256
139777,139776,1024,1,513,141,140,0,91,187,137,4,261,0,141
139777,139776,4096,1,37,10,9,0,5,13,10,0,0,0,10
139904,139904,1024,0,513,143,142,0,83,189,134,9,1027,0,143
139905,139904,1024,1,513,142,141,0,83,187,135,7,483,0,142
140032,140032,2048,0,1025,277,277,0,160,256,187,69,17664,17664,256
140032,140032,1024,0,513,145,144,0,87,190,138,7,821,0,145
140033,140032,2048,1,1025,277,277,0,161,256,164,92,23552,23552,256
140033,140032,1024,1,513,145,144,0,85,186,136,9,1068,0,145
140160,140160,1024,0,513,135,134,0,91,191,133,2,62,0,135
140161,140160,1024,1,513,134,133,0,89,189,132,2,86,0,134
140288,140288,2048,0,1025,278,277,0,190,256,228,28,7168,7168,256
140288,140288,1024,0,513,133,132,0,90,184,125,8,472,0,133
140288,140288,4096,0,37,8,7,0,7,8,8,0,0,0,8
140289,140288,2048,1,1025,276,275,0,188,256,228,28,7168,7168,256
140289,140288,1024,1,513,132,131,0,89,183,124,8,571,0,132
140289,140288,4096,1,37,8,7,0,5,12,8,0,0,0,8
140416,140416,1024,0,513,140,139,0,81,185,129,11,985,0,140
140417,140416,1024,1,513,136,135,0,79,184,126,10,994,0,136
140544,140544,2048,0,1025,280,279,0,176,256,177,79,20224,20224,256
140544,140544,1024,0,513,144,144,0,88,187,135,9,873,0,144
140545,140544,2048,1,1025,278,277,0,174,256,177,79,20224,20224,256
140545,140544,1024,1,513,146,146,0,86,185,135,11,1146,0,146
140672,140672,1024,0,513,149,149,0,88,188,138,11,1491,0,149
140673,140672,1024,1,513,148,148,0,87,188,137,11,1395,0,148
140800,140800,2048,0,1025,275,274,0,174,256,193,63,16128,16128,256
140800,140800,1024,0,513,136,136,0,94,193,130,6,444,0,136
140800,140800,4096,0,37,7,7,0,5,8,6,1,4,0,7
140801,140800,2048,1,1025,276,275,0,174,256,181,75,19200,19200,256
140801,140800,1024,1,513,134,134,0,93,195,129,5,635,0,134
140801,140800,4096,1,37,8,8,0,7,12,8,0,0,0,8
140928,140928,1024,0,513,144,144,0,95,193,140,4,269,0,144
140929,140928,1024,1,513,144,144,0,90,194,140,4,281,0,144
141056,141056,2048,0,1025,274,273,0,151,256,208,48,12288,12288,256
141056,141056,1024,0,513,137,136,0,87,188,131,6,314,0,137
141057,141056,2048,1,1025,273,272,0,150,256,217,39,9984,9984,256
141057,141056,1024,1,513,140,139,0,88,189,133,7,482,0,140
141184,141184,1024,0,513,141,140,0,90,188,134,7,471,0,141
141185,141184,1024,1,513,140,139,0,92,190,134,6,389,0,140
141312,141312,2048,0,1025,279,278,0,177,256,186,70,17920,17920,256
141312,141312,1024,0,513,142,141,0,86,187,138,4,213,0,142
141312,141312,4096,0,37,8,8,0,5,9,7,1,7,0,8
141313,141312,2048,1,1025,276,275,0,176,256,199,57,14592,14592,256
141313,141312,1024,1,513,141,140,0,84,187,137,4,223,0,141
141313,141312,4096,1,37,8,8,0,8,12,8,0,0,0,8
141440,141440,1024,0,513,148,147,0,95,188,139,9,1010,0,148
141441,141440,1024,1,513,142,141,0,93,189,134,8,948,0,142
141568,141568,2048,0,1025,276,275,0,169,256,88,168,43008,43008,256
141568,141568,1024,0,513,140,139,0,98,193,133,7,1115,0,140
141569,141568,2048,1,1025,273,272,0,168,256,90,166,42496,42496,256
141569,141568,1024,1,513,139,138,0,95,193,134,5,783,0,139
141696,141696,1024,0,513,143,142,0,84,192,134,9,901,0,143
141697,141696,1024,1,513,140,139,0,84,190,130,10,1015,0,140
141824,141824,2048,0,1025,278,277,0,171,256,113,143,36608,36608,256
141824,141824,1024,0,513,145,145,0,85,192,137,8,651,0,145
141824,141824,4096,0,37,7,7,0,7,10,7,0,0,0,7
141825,141824,2048,1,1025,277,276,0,170,256,79,177,45312,45312,256
141825,141824,1024,1,513,142,142,0,83,189,135,7,317,0,142
141825,141824,4096,1,37,10,10,0,8,11,9,1,5,0,10
141952,141952,1024,0,513,138,138,0,85,190,130,8,508,0,138
141953,141952,1024,1,513,136,136,0,84,187,128,8,605,0,136
142080,142080,2048,0,1025,287,287,0,164,256,125,131,33536,33536,256
142080,142080,1024,0,513,137,137,0,85,186,133,4,130,0,137
142081,142080,2048,1,1025,285,285,0,163,256,160,96,24576,24576,256
142081,142080,1024,1,513,139,139,0,84,184,135,4,146,0,139
142208,142208,1024,0,513,144,143,0,83,182,131,13,1244,0,144
142209,142208,1024,1,513,143,142,0,83,180,130,13,1244,0,143
142336,142336,2048,0,1025,282,282,0,176,256,191,65,16640,16640,256
142336,142336,1024,0,513,141,140,0,86,189,131,10,1640,0,141
142336,142336,4096,0,37,7,6,0,6,10,7,0,0,0,7
142337,142336,2048,1,1025,282,282,0,176,256,165,91,23296,23296,256
142337,142336,1024,1,513,140,139,0,84,187,130,10,1475,0,140
142337,142336,4096,1,37,10,10,0,8,12,9,1,8,0,10
142464,142464,1024,0,513,143,143,0,97,189,137,6,200,0,143
142465,142464,1024,1,513,142,142,0,96,189,136,6,285,0,142
142592,142592,2048,0,1025,285,285,0,189,256,230,26,6656,6656,256
142592,142592,1024,0,513,144,144,0,93,189,135,9,986,0,144
142593,142592,2048,1,1025,283,283,0,187,256,229,27,6912,6912,256
142593,142592,1024,1,513,143,143,0,91,190,134,9,1180,0,143
142720,142720,1024,0,513,141,141,0,84,186,131,10,610,0,141
142721,142720,1024,1,513,140,140,0,85,186,130,10,449,0,140
142848,142848,2048,0,1025,286,286,0,186,256,193,63,16128,16128,256
142848,142848,1024,0,513,148,148,0,92,184,140,8,846,0,148
142848,142848,4096,0,37,8,7,0,6,10,8,0,0,0,8
142849,142848,2048,1,1025,285,285,0,184,256,204,52,13312,13312,256
142849,142848,1024,1,513,147,147,0,88,183,140,7,430,0,147
142849,142848,4096,1,37,9,8,0,6,11,8,1,11,0,9
142976,142976,1024,0,513,137,137,0,92,183,131,6,647,0,137
142977,142976,1024,1,513,137,137,0,91,181,131,6,665,0,137
143104,143104,2048,0,1025,279,279,0,185,256,197,59,15104,15104,256
143104,143104,1024,0,513,139,139,0,86,185,137,2,30,0,139
143105,143104,2048,1,1025,278,278,0,186,256,203,53,13568,13568,256
143105,143104,1024,1,513,135,135,0,84,183,133,2,42,0,135
143232,143232,1024,0,513,132,132,0,87,179,123,9,856,0,132
143233,143232,1024,1,513,129,129,0,83,178,121,8,830,0,129
143360,143360,2048,0,1025,274,274,0,170,256,211,45,11520,11520,256
143360,143360,1024,0,513,136,135,0,86,180,128,8,501,0,136
143360,143360,4096,0,37,8,7,0,7,9,8,0,0,0,8
143361,143360,2048,1,1025,272,272,0,168,256,208,48,12288,12288,256
143361,143360,1024,1,513,134,133,0,83,178,126,8,519,0,134
143361,143360,4096,1,37,10,9,0,6,12,10,0,0,0,10
143488,143488,1024,0,513,135,134,0,85,185,126,9,1066,0,135
143489,143488,1024,1,513,136,135,0,85,182,127,9,992,0,136
143616,143616,2048,0,1025,289,289,0,171,256,193,63,16128,16128,256
143616,143616,1024,0,513,139,138,0,83,184,133,6,344,0,139
143617,143616,2048,1,1025,288,288,0,171,256,185,71,18176,18176,256
143617,143616,1024,1,513,138,137,0,83,181,131,7,552,0,138
143744,143744,1024,0,513,139,139,0,91,181,132,7,543,0,139
143745,143744,1024,1,513,135,135,0,86,180,130,5,470,0,135
143872,143872,2048,0,1025,275,275,0,163,256,105,151,38656,38656,256
143872,143872,1024,0,513,135,135,0,87,179,129,6,428,0,135
143872,143872,4096,0,37,6,6,0,6,8,6,0,0,0,6
143873,143872,2048,1,1025,274,274,0,163,256,109,147,37632,37632,256
143873,143872,1024,1,513,132,132,0,84,176,126,6,423,0,132
143873,143872,4096,1,37,9,9,0,7,12,8,1,12,0,9
144000,144000,1024,0,513,136,136,0,86,176,126,10,699,0,136
144001,144000,1024,1,513,136,136,0,86,173,126,10,708,0,136
144128,144128,2048,0,1025,281,280,0,179,256,219,37,9472,9472,256
144128,144128,1024,0,513,141,140,0,87,181,133,8,944,0,141
144129,144128,2048,1,1025,279,279,0,175,256,216,40,10240,10240,256
144129,144128,1024,1,513,141,140,0,86,177,132,9,996,0,141
144256,144256,1024,0,513,148,147,0,100,182,140,8,775,0,148
144257,144256,1024,1,513,147,146,0,97,179,138,9,889,0,147
144384,144384,2048,0,1025,278,278,0,169,256,204,52,13312,13312,256
144384,144384,1024,0,513,148,148,0,86,182,139,9,1061,0,148
144384,144384,4096,0,37,7,7,0,5,8,7,0,0,0,7
144385,144384,2048,1,1025,275,275,0,168,256,218,38,9728,9728,256
144385,144384,1024,1,513,147,147,0,86,181,138,9,1176,0,147
144385,144384,4096,1,37,9,9,0,6,12,8,1,5,0,9
144512,144512,1024,0,513,145,145,0,88,188,137,8,1227,0,145
144513,144512,1024,1,513,144,144,0,89,187,137,7,1050,0,144
144640,144640,2048,0,1025,272,272,0,169,256,174,82,20992,20992,256
144640,144640,1024,0,513,144,144,0,90,192,135,9,1304,0,144
144641,144640,2048,1,1025,268,268,0,164,256,179,77,19712,19712,256
144641,144640,1024,1,513,143,143,0,90,190,132,11,1662,0,143
144768,144768,1024,0,513,145,145,0,85,195,144,1,49,0,145
144769,144768,1024,1,513,144,144,0,84,195,143,1,38,0,144
144896,144896,2048,0,1025,285,285,0,180,256,156,100,25600,25600,256
144896,144896,1024,0,513,142,141,0,94,188,134,8,391,0,142
144896,144896,4096,0,37,7,7,0,7,8,7,0,0,0,7
144897,144896,2048,1,1025,282,282,0,176,256,153,103,26368,26368,256
144897,144896,1024,1,513,141,140,0,93,189,134,7,321,0,141
144897,144896,4096,1,37,8,8,0,7,13,8,0,0,0,8
145024,145024,1024,0,513,141,140,0,89,187,133,8,664,0,141
145025,145024,1024,1,513,141,140,0,90,186,132,9,639,0,141
145152,145152,2048,0,1025,281,281,0,179,256,171,85,21760,21760,256
145152,145152,1024,0,513,152,151,0,95,189,143,9,1232,0,152
145153,145152,2048,1,1025,280,280,0,177,256,156,100,25600,25600,256
145153,145152,1024,1,513,149,148,0,95,189,140,9,1150,0,149
145280,145280,1024,0,513,146,145,0,107,191,143,3,143,0,146
145281,145280,1024,1,513,144,143,0,105,190,141,3,39,0,144
145408,145408,2048,0,1025,276,275,0,173,256,188,68,17408,17408,256
145408,145408,1024,0,513,140,139,0,84,185,132,8,575,0,140
145408,145408,4096,0,37,6,5,0,5,8,6,0,0,0,6
145409,145408,2048,1,1025,273,273,0,171,256,203,53,13568,13568,256
145409,145408,1024,1,513,140,139,0,82,184,133,7,352,0,140
145409,145408,4096,1,37,10,10,0,6,13,10,0,0,0,10
145536,145536,1024,0,513,143,142,0,83,186,133,10,1030,0,143
145537,145536,1024,1,513,143,142,0,82,184,133,10,825,0,143
145664,145664,2048,0,1025,278,277,0,187,256,224,32,8192,8192,256
145664,145664,1024,0,513,141,140,0,93,191,138,3,289,0,141
145665,145664,2048,1,1025,276,275,0,184,256,217,39,9984,9984,256
145665,145664,1024,1,513,139,138,0,93,188,136,3,186,0,139
145792,145792,1024,0,513,144,144,0,101,191,134,10,1664,0,144
145793,145792,1024,1,513,144,144,0,97,188,135,9,1344,0,144
145920,145920,2048,0,1025,293,292,0,168,256,168,88,22528,22528,256
145920,145920,1024,0,513,147,147,0,95,190,141,6,360,0,147
145920,145920,4096,0,37,8,8,0,5,8,8,0,0,0,8
145921,145920,2048,1,1025,289,288,0,169,256,144,112,28672,28672,256
145921,145920,1024,1,513,146,146,0,96,186,140,6,354,0,146
145921,145920,4096,1,37,9,9,0,7,11,9,0,0,0,9
146048,146048,1024,0,513,143,143,0,92,189,141,2,43,0,143
146049,146048,1024,1,513,140,140,0,92,186,136,4,292,0,140
146176,146176,2048,0,1025,283,282,0,192,256,134,122,31232,31232,256
146176,146176,1024,0,513,146,146,0,91,180,135,11,568,0,146
146177,146176,2048,1,1025,279,279,0,186,256,157,99,25344,25344,256
146177,146176,1024,1,513,146,146,0,90,180,135,11,968,0,146
146304,146304,1024,0,513,144,144,0,90,184,139,5,381,0,144
146305,146304,1024,1,513,142,142,0,89,184,137,5,298,0,142
146432,146432,2048,0,1025,273,273,0,184,256,224,32,8192,8192,256
146432,146432,1024,0,513,139,139,0,96,183,136,3,330,0,139
146432,146432,4096,0,37,7,7,0,6,8,7,0,0,0,7
146433,146432,2048,1,1025,270,270,0,181,256,221,35,8960,8960,256
146433,146432,1024,1,513,140,140,0,94,183,137,3,292,0,140
146433,146432,4096,1,37,10,10,0,7,11,9,1,3,0,10
146560,146560,1024,0,513,148,148,0,92,181,141,7,700,0,148
146561,146560,1024,1,513,149,149,0,93,181,142,7,736,0,149
146688,146688,2048,0,1025,285,285,0,188,256,201,55,14080,14080,256
146688,146688,1024,0,513,146,145,0,89,179,138,8,527,0,146
146689,146688,2048,1,1025,283,283,0,187,256,204,52,13312,13312,256
146689,146688,1024,1,513,145,144,0,87,180,138,7,537,0,145
146816,146816,1024,0,513,146,145,0,96,184,136,10,1396,0,146
146817,146816,1024,1,513,145,144,0,95,183,135,10,1302,0,145
146944,146944,2048,0,1025,280,280,0,175,256,194,62,15872,15872,256
146944,146944,1024,0,513,147,146,0,93,186,136,11,1373,0,147
146944,146944,4096,0,37,6,6,0,6,8,6,0,0,0,6
146945,146944,2048,1,1025,279,279,0,174,256,186,70,17920,17920,256
146945,146944,1024,1,513,146,145,0,92,184,135,11,1174,0,146
146945,146944,4096,1,37,7,7,0,7,12,7,0,0,0,7
147072,147072,1024,0,513,138,138,0,94,194,135,3,197,0,138
147073,147072,1024,1,513,135,135,0,92,192,132,3,244,0,135
147200,147200,2048,0,1025,272,272,0,179,256,194,62,15872,15872,256
147200,147200,1024,0,513,143,143,0,90,189,138,5,213,0,143
147201,147200,2048,1,1025,271,271,0,179,256,179,77,19712,19712,256
147201,147200,1024,1,513,144,144,0,89,187,138,6,406,0,144
147328,147328,1024,0,513,149,149,0,87,180,136,13,1073,0,149
147329,147328,1024,1,513,148,148,0,88,180,137,11,1016,0,148
147456,147456,2048,0,1025,272,272,0,176,256,194,62,15872,15872,256
147456,147456,1024,0,513,142,142,0,89,187,138,4,234,0,142
147456,147456,4096,0,37,7,7,0,6,8,7,0,0,0,7
147457,147456,2048,1,1025,273,272,0,174,256,159,97,24832,24832,256
147457,147456,1024,1,513,141,141,0,88,185,137,4,309,0,141
147457,147456,4096,1,37,9,9,0,6,12,9,0,0,0,9
147584,147584,1024,0,513,137,137,0,79,184,131,6,351,0,137
147585,147584,1024,1,513,134,134,0,79,183,127,7,728,0,134
147712,147712,2048,0,1025,273,272,0,181,256,179,77,19712,19712,256
147712,147712,1024,0,513,138,138,0,89,184,131,7,869,0,138
147713,147712,2048,1,1025,272,272,0,178,256,213,43,11008,11008,256
147713,147712,1024,1,513,138,138,0,87,184,131,7,982,0,138
147840,147840,1024,0,513,139,139,0,81,185,129,10,1171,0,139
147841,147840,1024,1,513,139,139,0,80,185,129,10,1363,0,139
147968,147968,2048,0,1025,290,290,0,189,256,212,44,11264,11264,256
147968,147968,1024,0,513,145,145,0,91,188,135,10,1210,0,145
147968,147968,4096,0,37,7,7,0,7,8,7,0,0,0,7
147969,147968,2048,1,1025,286,286,0,191,256,229,27,6912,6912,256
147969,147968,1024,1,513,145,145,0,90,187,136,9,798,0,145
147969,147968,4096,1,37,8,8,0,7,12,8,0,0,0,8
148096,148096,1024,0,513,142,142,0,81,189,134,8,747,0,142
148097,148096,1024,1,513,140,140,0,82,188,134,6,503,0,140
148224,148224,2048,0,1025,276,276,0,179,256,178,78,19968,19968,256
148224,148224,1024,0,513,142,141,0,93,189,135,7,633,0,142
148225,148224,2048,1,1025,274,274,0,175,256,172,84,21504,21504,256
148225,148224,1024,1,513,140,139,0,89,186,133,7,760,0,140
148352,148352,1024,0,513,136,135,0,91,189,133,3,183,0,136
148353,148352,1024,1,513,136,135,0,88,187,133,3,323,0,136
148480,148480,2048,0,1025,279,279,0,173,256,193,63,16128,16128,256
148480,148480,1024,0,513,142,141,0,85,184,138,4,194,0,142
148480,148480,4096,0,37,6,6,0,5,8,6,0,0,0,6
148481,148480,2048,1,1025,278,278,0,171,256,180,76,19456,19456,256
148481,148480,1024,1,513,141,140,0,87,182,137,4,184,0,141
148481,148480,4096,1,37,9,8,0,6,11,8,1,11,0,9
148608,148608,1024,0,513,142,141,0,90,177,135,7,296,0,142
148609,148608,1024,1,513,142,141,0,90,176,135,7,374,0,142
148736,148736,2048,0,1025,278,278,0,172,256,212,44,11264,11264,256
148736,148736,1024,0,513,145,144,0,85,178,134,11,1307,0,145
148737,148736,2048,1,1025,275,275,0,170,256,212,44,11264,11264,256
148737,148736,1024,1,513,142,141,0,83,177,131,11,1338,0,142
148864,148864,1024,0,513,139,138,0,94,184,133,6,616,0,139
148865,148864,1024,1,513,137,136,0,94,183,130,7,731,0,137
148992,148992,2048,0,1025,283,283,0,181,256,200,56,14336,14336,256
148992,148992,1024,0,513,139,138,0,82,187,132,7,1111,0,139
148992,148992,4096,0,37,8,7,0,5,7,7,1,1,0,8
148993,148992,2048,1,1025,282,282,0,178,256,188,68,17408,17408,256
148993,148992,1024,1,513,136,135,0,81,187,129,7,1135,0,136
148993,148992,4096,1,37,11,10,0,8,11,11,0,0,0,11
149120,149120,1024,0,513,138,137,0,88,185,130,8,663,0,138
149121,149120,1024,1,513,138,137,0,87,185,129,9,714,0,138
149248,149248,2048,0,1025,275,274,0,166,256,128,128,32768,32768,256
149248,149248,1024,0,513,140,139,0,83,186,133,7,311,0,140
149249,149248,2048,1,1025,274,273,0,163,256,118,138,35328,35328,256
149249,149248,1024,1,513,139,138,0,85,186,132,7,280,0,139
149376,149376,1024,0,513,141,140,0,89,183,132,9,1095,0,141
149377,149376,1024,1,513,139,138,0,89,182,132,7,512,0,139
149504,149504,2048,0,1025,280,278,0,173,256,158,98,25088,25088,256
149504,149504,1024,0,513,139,138,0,92,183,131,8,569,0,139
149504,149504,4096,0,37,8,7,0,7,8,8,0,0,0,8
149505,149504,2048,1,1025,278,277,0,173,256,169,87,22272,22272,256
149505,149504,1024,1,513,137,136,0,90,179,128,9,689,0,137
149505,149504,4096,1,37,10,9,0,8,11,10,0,0,0,10
149632,149632,1024,0,513,137,136,0,94,183,130,7,852,0,137
149633,149632,1024,1,513,134,133,0,94,181,128,6,768,0,134
149760,149760,2048,0,1025,278,277,0,169,256,178,78,19968,19968,256
149760,149760,1024,0,513,142,141,0,78,181,130,12,1381,0,142
149761,149760,2048,1,1025,276,275,0,169,256,191,65,16640,16640,256
149761,149760,1024,1,513,141,140,0,78,178,130,11,1291,0,141
149888,149888,1024,0,513,139,138,0,92,186,134,5,356,0,139
149889,149888,1024,1,513,139,138,0,91,183,134,5,332,0,139
150016,150016,2048,0,1025,260,259,0,171,256,219,37,9472,9472,256
150016,150016,1024,0,513,143,142,0,84,186,129,14,2202,0,143
150016,150016,4096,0,37,7,6,0,6,8,7,0,0,0,7
150017,150016,2048,1,1025,258,257,0,169,256,220,36,9216,9216,256
150017,150016,1024,1,513,140,139,0,83,183,127,13,1768,0,140
150017,150016,4096,1,37,10,9,0,9,11,10,0,0,0,10
150144,150144,1024,0,513,138,137,0,90,194,129,9,1130,0,138
150145,150144,1024,1,513,137,136,0,89,191,128,9,1233,0,137
150272,150272,2048,0,1025,280,279,0,180,256,150,106,27136,27136,256
150272,150272,1024,0,513,141,141,0,74,192,133,8,484,0,141
150273,150272,2048,1,1025,278,277,0,178,256,166,90,23040,23040,256
150273,150272,1024,1,513,141,141,0,74,190,134,7,309,0,141
150400,150400,1024,0,513,145,144,0,91,190,137,8,513,0,145
150401,150400,1024,1,513,144,143,0,93,189,136,8,651,0,144
150528,150528,2048,0,1025,286,285,0,170,256,198,58,14848,14848,256
150528,150528,1024,0,513,138,137,0,76,192,132,6,629,0,138
150528,150528,4096,0,37,8,7,0,6,8,8,0,0,0,8
150529,150528,2048,1,1025,287,286,0,169,256,112,144,36864,36864,256
150529,150528,1024,1,513,136,135,0,75,191,131,5,470,0,136
150529,150528,4096,1,37,10,10,0,8,11,10,0,0,0,10
150656,150656,1024,0,513,141,140,0,90,187,132,9,1007,0,141
150657,150656,1024,1,513,137,136,0,87,185,129,8,789,0,137
150784,150784,2048,0,1025,273,272,0,175,256,212,44,11264,11264,256
150784,150784,1024,0,513,136,136,0,84,185,128,8,530,0,136
150785,150784,2048,1,1025,272,271,0,176,256,216,40,10240,10240,256
150785,150784,1024,1,513,136,136,0,83,181,129,7,369,0,136
150912,150912,1024,0,513,135,135,0,78,186,127,8,895,0,135
150913,150912,1024,1,513,135,135,0,79,181,126,9,953,0,135
151040,151040,2048,0,1025,292,292,0,175,256,177,79,20224,20224,256
151040,151040,1024,0,513,141,141,0,79,183,127,14,2001,0,141
151040,151040,4096,0,37,7,7,0,7,8,7,0,0,0,7
151041,151040,2048,1,1025,291,291,0,176,256,191,65,16640,16640,256
151041,151040,1024,1,513,141,141,0,80,179,127,14,1889,0,141
151041,151040,4096,1,37,9,9,0,8,11,9,0,0,0,9
151168,151168,1024,0,513,144,144,0,91,191,136,8,987,0,144
151169,151168,1024,1,513,144,144,0,92,187,136,8,963,0,144
151296,151296,2048,0,1025,283,283,0,186,256,140,116,29696,29696,256
151296,151296,1024,0,513,138,138,0,84,190,132,6,266,0,138
151297,151296,2048,1,1025,280,280,0,185,256,157,99,25344,25344,256
151297,151296,1024,1,513,135,135,0,85,188,130,5,315,0,135
151424,151424,1024,0,513,134,134,0,84,191,130,4,487,0,134
151425,151424,1024,1,513,135,135,0,85,188,130,5,549,0,135
151552,151552,2048,0,1025,284,284,0,200,256,140,116,29696,29696,256
151552,151552,1024,0,513,144,144,0,85,180,133,11,834,0,144
151552,151552,4096,0,37,6,6,0,5,8,6,0,0,0,6
151553,151552,2048,1,1025,284,284,0,199,256,142,114,29184,29184,256
151553,151552,1024,1,513,145,145,0,87,179,135,10,568,0,145
151553,151552,4096,1,37,10,10,0,9,11,10,0,0,0,10
151680,151680,1024,0,513,141,140,0,93,186,133,8,959,0,141
151681,151680,1024,1,513,141,140,0,93,184,133,8,1014,0,141
151808,151808,2048,0,1025,275,275,0,190,256,181,75,19200,19200,256
151808,151808,1024,0,513,139,138,0,87,185,133,6,404,0,139
151809,151808,2048,1,1025,274,274,0,191,256,181,75,19200,19200,256
151809,151808,1024,1,513,138,137,0,86,183,132,6,402,0,138
151936,151936,1024,0,513,145,144,0,87,186,138,7,726,0,145
151937,151936,1024,1,513,146,145,0,86,184,139,7,756,0,146
152064,152064,2048,0,1025,282,282,0,169,256,223,33,8448,8448,256
152064,152064,1024,0,513,139,138,0,93,185,132,7,527,0,139
152064,152064,4096,0,37,7,7,0,5,8,7,0,0,0,7
152065,152064,2048,1,1025,282,282,0,166,256,220,36,9216,9216,256
152065,152064,1024,1,513,139,138,0,94,184,131,8,923,0,139
152065,152064,4096,1,37,8,8,0,7,11,8,0,0,0,8
152192,152192,1024,0,513,146,145,0,92,183,138,8,948,0,146
152193,152192,1024,1,513,146,145,0,92,183,138,8,894,0,146
152320,152320,2048,0,1025,282,281,0,178,256,166,90,23040,23040,256
152320,152320,1024,0,513,140,139,0,90,185,136,4,361,0,140
152321,152320,2048,1,1025,281,280,0,178,256,169,87,22272,22272,256
152321,152320,1024,1,513,141,140,0,92,185,137,4,285,0,141
152448,152448,1024,0,513,131,131,0,82,181,129,2,48,0,131
152449,152448,1024,1,513,132,132,0,81,182,129,3,71,0,132
152576,152576,2048,0,1025,273,272,0,177,256,172,84,21504,21504,256
152576,152576,1024,0,513,140,140,0,81,176,130,10,785,0,140
152576,152576,4096,0,37,8,8,0,7,8,8,0,0,0,8
152577,152576,2048,1,1025,271,270,0,176,256,193,63,16128,16128,256
152577,152576,1024,1,513,140,140,0,78,177,129,11,1142,0,140
152577,152576,4096,1,37,10,9,0,5,11,10,0,0,0,10
152704,152704,1024,0,513,142,142,0,94,183,131,11,1467,0,142
152705,152704,1024,1,513,140,140,0,90,185,131,9,1292,0,140
152832,152832,2048,0,1025,271,271,0,173,256,159,97,24832,24832,256
152832,152832,1024,0,513,132,132,0,93,183,128,4,85,0,132
152833,152832,2048,1,1025,268,268,0,172,256,169,87,22272,22272,256
152833,152832,1024,1,513,133,133,0,93,184,128,5,179,0,133
152960,152960,1024,0,513,141,141,0,83,176,131,10,651,0,141
152961,152960,1024,1,513,139,139,0,84,178,130,9,643,0,139
153088,153088,2048,0,1025,281,281,0,180,256,191,65,16640,16640,256
153088,153088,1024,0,513,139,139,0,89,178,130,9,952,0,139
153088,153088,4096,0,37,6,6,0,6,8,6,0,0,0,6
153089,153088,2048,1,1025,280,280,0,179,256,174,82,20992,20992,256
153089,153088,1024,1,513,139,139,0,89,178,130,9,874,0,139
153089,153088,4096,1,37,11,11,0,8,11,9,2,16,0,11
153216,153216,1024,0,513,143,143,0,86,181,134,9,983,0,143
153217,153216,1024,1,513,142,142,0,86,180,133,9,917,0,142
153344,153344,2048,0,1025,284,284,0,182,256,199,57,14592,14592,256
153344,153344,1024,0,513,137,137,0,82,187,133,4,392,0,137
153345,153344,2048,1,1025,285,285,0,182,256,188,68,17408,17408,256
153345,153344,1024,1,513,138,138,0,83,187,134,4,572,0,138
153472,153472,1024,0,513,146,146,0,98,185,139,7,759,0,146
153473,153472,1024,1,513,145,145,0,100,186,138,7,816,0,145
153600,153600,2048,0,1025,278,278,0,182,256,192,64,16384,16384,256
153600,153600,1024,0,513,148,148,0,94,183,140,8,695,0,148
153600,153600,4096,0,37,8,8,0,6,8,8,0,0,0,8
153601,153600,2048,1,1025,276,276,0,181,256,202,54,13824,13824,256
153601,153600,1024,1,513,147,147,0,92,184,140,7,498,0,147
153601,153600,4096,1,37,10,10,0,8,13,10,0,0,0,10
153728,153728,1024,0,513,142,142,0,89,183,136,6,373,0,142
153729,153728,1024,1,513,141,141,0,88,183,135,6,372,0,141
153856,153856,2048,0,1025,275,275,0,180,256,221,35,8960,8960,256
153856,153856,1024,0,513,143,143,0,94,183,132,11,1493,0,143
153857,153856,2048,1,1025,275,275,0,179,256,219,37,9472,9472,256
153857,153856,1024,1,513,142,142,0,92,183,131,11,1441,0,142
153984,153984,1024,0,513,149,149,0,85,189,142,7,786,0,149
153985,153984,1024,1,513,148,148,0,84,189,141,7,674,0,148
154112,154112,2048,0,1025,280,280,0,172,256,208,48,12288,12288,256
154112,154112,1024,0,513,146,146,0,102,191,141,5,573,0,146
154112,154112,4096,0,37,7,7,0,7,8,7,0,0,0,7
154113,154112,2048,1,1025,280,280,0,170,256,204,52,13312,13312,256
154113,154112,1024,1,513,146,146,0,104,190,141,5,491,0,146
154113,154112,4096,1,37,10,10,0,8,13,10,0,0,0,10
154240,154240,1024,0,513,129,129,0,86,191,127,2,139,0,129
154241,154240,1024,1,513,129,129,0,86,190,127,2,111,0,129
154368,154368,2048,0,1025,281,281,0,180,256,212,44,11264,11264,256
154368,154368,1024,0,513,139,138,0,93,182,128,11,1168,0,139
154369,154368,2048,1,1025,279,279,0,178,256,219,37,9472,9472,256
154369,154368,1024,1,513,139,138,0,93,181,128,11,1211,0,139
154496,154496,1024,0,513,139,138,0,94,184,135,4,163,0,139
154497,154496,1024,1,513,137,136,0,95,183,133,4,183,0,137
154624,154624,2048,0,1025,287,287,0,187,256,137,119,30464,30464,256
154624,154624,1024,0,513,144,144,0,87,180,129,15,1581,0,144
154624,154624,4096,0,37,6,6,0,6,8,6,0,0,0,6
154625,154624,2048,1,1025,285,285,0,186,256,152,104,26624,26624,256
154625,154624,1024,1,513,143,143,0,86,180,129,14,1724,0,143
154625,154624,4096,1,37,11,10,0,6,13,11,0,0,0,11
154752,154752,1024,0,513,146,146,0,88,182,140,6,381,0,146
154753,154752,1024,1,513,144,144,0,88,181,138,6,294,0,144
154880,154880,2048,0,1025,290,290,0,183,256,196,60,15360,15360,256
154880,154880,1024,0,513,141,141,0,97,185,130,11,1539,0,141
154881,154880,2048,1,1025,289,289,0,181,256,198,58,14848,14848,256
154881,154880,1024,1,513,140,140,0,97,184,129,11,1587,0,140
155008,155008,1024,0,513,137,137,0,77,189,128,9,1358,0,137
155009,155008,1024,1,513,138,138,0,78,187,129,9,1101,0,138
155136,155136,2048,0,1025,282,281,0,180,256,126,130,33280,33280,256
155136,155136,1024,0,513,139,138,0,80,191,128,11,1638,0,139
155136,155136,4096,0,37,8,8,0,6,8,8,0,0,0,8
155137,155136,2048,1,1025,278,278,0,178,256,142,114,29184,29184,256
155137,155136,1024,1,513,138,137,0,80,189,127,11,1680,0,138
155137,155136,4096,1,37,9,9,0,7,13,9,0,0,0,9
155264,155264,1024,0,513,145,144,0,99,196,136,9,1283,0,145
155265,155264,1024,1,513,145,144,0,99,194,137,8,917,0,145
155392,155392,2048,0,1025,283,282,0,170,256,224,32,8192,8192,256
155392,155392,1024,0,513,147,146,0,89,195,142,5,56,0,147
155393,155392,2048,1,1025,281,281,0,167,256,221,35,8960,8960,256
155393,155392,1024,1,513,145,144,0,92,195,141,4,129,0,145
155520,155520,1024,0,513,150,149,0,91,185,140,10,845,0,150
155521,155520,1024,1,513,149,148,0,90,185,139,10,961,0,149
155648,155648,2048,0,1025,285,285,0,169,256,193,63,16128,16128,256
155648,155648,1024,0,513,146,145,0,106,187,135,11,1102,0,146
155648,155648,4096,0,37,8,8,0,7,8,8,0,0,0,8
155649,155648,2048,1,1025,284,284,0,166,256,193,63,16128,16128,256
155649,155648,1024,1,513,143,142,0,103,187,134,9,884,0,143
155649,155648,4096,1,37,10,10,0,9,13,10,0,0,0,10
155776,155776,1024,0,513,141,141,0,92,192,130,11,1762,0,141
155777,155776,1024,1,513,140,140,0,89,189,130,10,1427,0,140
155904,155904,2048,0,1025,288,288,0,185,256,205,51,13056,13056,256
155904,155904,1024,0,513,140,140,0,86,196,134,6,491,0,140
155905,155904,2048,1,1025,286,286,0,183,256,203,53,13568,13568,256
155905,155904,1024,1,513,138,138,0,87,192,132,6,439,0,138
156032,156032,1024,0,513,138,138,0,89,194,133,5,239,0,138
156033,156032,1024,1,513,135,135,0,86,191,129,6,592,0,135
156160,156160,2048,0,1025,276,274,0,174,256,163,93,23808,23808,256
156160,156160,1024,0,513,142,142,0,100,191,138,4,205,0,142
156160,156160,4096,0,37,6,6,0,5,8,6,0,0,0,6
156161,156160,2048,1,1025,274,273,0,173,256,152,104,26624,26624,256
156161,156160,1024,1,513,141,141,0,97,189,137,4,241,0,141
156161,156160,4096,1,37,8,8,0,7,13,8,0,0,0,8
156288,156288,1024,0,513,146,146,0,86,189,135,11,1368,0,146
156289,156288,1024,1,513,146,146,0,84,186,135,11,1175,0,146
156416,156416,2048,0,1025,277,277,0,180,256,184,72,18432,18432,256
156416,156416,1024,0,513,141,141,0,89,189,133,8,555,0,141
156417,156416,2048,1,1025,274,274,0,175,256,204,52,13312,13312,256
156417,156416,1024,1,513,139,139,0,90,187,131,8,571,0,139
156544,156544,1024,0,513,141,140,0,86,187,134,7,492,0,141
156545,156544,1024,1,513,140,139,0,86,185,134,6,213,0,140
156672,156672,2048,0,1025,283,283,0,186,256,168,88,22528,22528,256
156672,156672,1024,0,513,139,138,0,88,190,129,10,1434,0,139
156672,156672,4096,0,37,7,7,0,5,8,7,0,0,0,7
156673,156672,2048,1,1025,281,281,0,181,256,180,76,19456,19456,256
156673,156672,1024,1,513,138,137,0,88,187,128,10,1308,0,138
156673,156672,4096,1,37,9,9,0,5,13,9,0,0,0,9
156800,156800,1024,0,513,145,144,0,87,191,140,5,300,0,145
156801,156800,1024,1,513,143,142,0,91,188,139,4,277,0,143
156928,156928,2048,0,1025,285,284,0,193,256,219,37,9472,9472,256
156928,156928,1024,0,513,144,144,0,86,186,135,9,653,0,144
156929,156928,2048,1,1025,282,282,0,192,256,218,38,9728,9728,256
156929,156928,1024,1,513,143,143,0,85,183,134,9,657,0,143
157056,157056,1024,0,513,135,135,0,89,186,127,8,634,0,135
157057,157056,1024,1,513,134,134,0,87,182,126,8,558,0,134
157184,157184,2048,0,1025,285,285,0,189,256,221,35,8960,8960,256
157184,157184,1024,0,513,139,139,0,96,191,132,7,968,0,139
157184,157184,4096,0,37,7,7,0,7,8,7,0,0,0,7
157185,157184,2048,1,1025,283,283,0,186,256,218,38,9728,9728,256
157185,157184,1024,1,513,138,138,0,95,188,131,7,1013,0,138
157185,157184,4096,1,37,10,10,0,8,11,9,1,6,0,10
157312,157312,1024,0,513,135,134,0,86,187,128,7,607,0,135
157313,157312,1024,1,513,136,135,0,87,184,129,7,466,0,136
157440,157440,2048,0,1025,291,291,0,204,256,199,57,14592,14592,256
157440,157440,1024,0,513,135,134,0,81,181,127,8,507,0,135
157441,157440,2048,1,1025,289,289,0,201,256,193,63,16128,16128,256
157441,157440,1024,1,513,133,132,0,81,179,125,8,580,0,133
157568,157568,1024,0,513,146,145,0,92,175,133,13,1161,0,146
157569,157568,1024,1,513,144,143,0,90,173,132,12,1128,0,144
157696,157696,2048,0,1025,278,278,0,186,256,171,85,21760,21760,256
157696,157696,1024,0,513,142,141,0,94,184,136,6,611,0,142
157696,157696,4096,0,37,6,6,0,6,8,6,0,0,0,6
157697,157696,2048,1,1025,277,277,0,184,256,170,86,22016,22016,256
157697,157696,1024,1,513,141,140,0,94,182,135,6,870,0,141
157697,157696,4096,1,37,8,8,0,5,12,8,0,0,0,8
157824,157824,1024,0,513,141,140,0,82,183,133,8,793,0,141
157825,157824,1024,1,513,141,140,0,82,181,132,9,858,0,141
157952,157952,2048,0,1025,277,277,0,169,256,152,104,26624,26624,256
157952,157952,1024,0,513,139,138,0,94,184,126,13,1678,0,139
157953,157952,2048,1,1025,276,276,0,169,256,144,112,28672,28672,256
157953,157952,1024,1,513,139,138,0,92,184,126,13,1807,0,139
158080,158080,1024,0,513,141,140,0,84,189,136,5,234,0,141
158081,158080,1024,1,513,140,139,0,83,189,135,5,245,0,140
158208,158208,2048,0,1025,274,273,0,176,256,160,96,24576,24576,256
158208,158208,1024,0,513,143,142,0,82,190,138,5,493,0,143
158208,158208,4096,0,37,7,7,0,5,8,7,0,0,0,7
158209,158208,2048,1,1025,271,270,0,175,256,169,87,22272,22272,256
158209,158208,1024,1,513,144,143,0,84,190,139,5,543,0,144
158209,158208,4096,1,37,9,9,0,8,12,9,0,0,0,9
158336,158336,1024,0,513,136,136,0,84,183,129,7,382,0,136
158337,158336,1024,1,513,133,133,0,85,185,127,6,395,0,133
158464,158464,2048,0,1025,279,278,0,164,256,225,31,7936,7936,256
158464,158464,1024,0,513,137,137,0,88,181,131,6,430,0,137
158465,158464,2048,1,1025,278,277,0,160,256,196,60,15360,15360,256
158465,158464,1024,1,513,137,137,0,87,182,131,6,413,0,137
158592,158592,1024,0,513,143,143,0,80,182,136,7,817,0,143
158593,158592,1024,1,513,142,142,0,82,181,135,7,589,0,142
158720,158720,2048,0,1025,276,275,0,176,256,141,115,29440,29440,256
158720,158720,1024,0,513,149,149,0,91,186,139,10,1411,0,149
158720,158720,4096,0,37,7,7,0,7,7,7,0,0,0,7
158721,158720,2048,1,1025,275,274,0,177,256,142,114,29184,29184,256
158721,158720,1024,1,513,147,147,0,88,185,137,10,1402,0,147
158721,158720,4096,1,37,9,9,0,8,12,9,0,0,0,9
158848,158848,1024,0,513,145,145,0,100,189,139,6,524,0,145
158849,158848,1024,1,513,144,144,0,100,187,137,7,505,0,144
158976,158976,2048,0,1025,288,287,0,183,256,190,66,16896,16896,256
158976,158976,1024,0,513,145,144,0,95,190,138,7,813,0,145
158977,158976,2048,1,1025,286,285,0,182,256,213,43,11008,11008,256
158977,158976,1024,1,513,145,144,0,96,189,139,6,727,0,145
159104,159104,1024,0,513,137,137,0,89,190,129,8,961,0,137
159105,159104,1024,1,513,136,136,0,89,188,129,7,770,0,136
159232,159232,2048,0,1025,282,281,0,167,256,129,127,32512,32512,256
159232,159232,1024,0,513,144,144,0,84,191,135,9,1084,0,144
159232,159232,4096,0,37,7,6,0,6,7,6,1,4,0,7
159233,159232,2048,1,1025,280,279,0,167,256,124,132,33792,33792,256
159233,159232,1024,1,513,144,144,0,85,188,135,9,909,0,144
159233,159232,4096,1,37,10,10,0,8,12,9,1,12,0,10
159360,159360,1024,0,513,145,145,0,88,194,132,13,2004,0,145
159361,159360,1024,1,513,145,145,0,90,192,133,12,2008,0,145
159488,159488,2048,0,1025,282,281,0,176,256,164,92,23552,23552,256
159488,159488,1024,0,513,143,143,0,92,199,137,6,557,0,143
159489,159488,2048,1,1025,280,279,0,175,256,181,75,19200,19200,256
159489,159488,1024,1,513,138,138,0,91,196,135,3,186,0,138
159616,159616,1024,0,513,148,147,0,85,191,138,10,703,0,148
159617,159616,1024,1,513,146,145,0,84,187,136,10,735,0,146
159744,159744,2048,0,1025,287,287,0,181,256,154,102,26112,26112,256
159744,159744,1024,0,513,145,144,0,96,192,141,4,296,0,145
159744,159744,4096,0,37,8,7,0,6,8,8,0,0,0,8
159745,159744,2048,1,1025,288,288,0,179,256,131,125,32000,32000,256
159745,159744,1024,1,513,144,143,0,94,188,141,3,124,0,144
159745,159744,4096,1,37,10,9,0,8,12,10,0,0,0,10
159872,159872,1024,0,513,141,141,0,84,189,132,9,785,0,141
159873,159872,1024,1,513,138,138,0,81,184,129,9,689,0,138
160000,160000,2048,0,1025,276,276,0,169,256,200,56,14336,14336,256
160000,160000,1024,0,513,147,146,0,95,194,140,7,857,0,147
160001,160000,2048,1,1025,275,275,0,170,256,202,54,13824,13824,256
160001,160000,1024,1,513,145,144,0,95,189,137,8,932,0,145
160128,160128,1024,0,513,140,139,0,88,196,133,7,852,0,140
160129,160128,1024,1,513,136,135,0,85,193,129,7,1040,0,136
160256,160256,2048,0,1025,277,276,0,162,256,152,104,26624,26624,256
160256,160256,1024,0,513,137,136,0,96,195,132,5,297,0,137
160256,160256,4096,0,37,8,7,0,6,8,8,0,0,0,8
160257,160256,2048,1,1025,276,275,0,159,256,152,104,26624,26624,256
160257,160256,1024,1,513,136,135,0,92,192,131,5,261,0,136
160257,160256,4096,1,37,11,10,0,8,12,11,0,0,0,11
160384,160384,1024,0,513,141,140,0,94,193,132,9,1098,0,141
160385,160384,1024,1,513,139,138,0,92,188,130,9,684,0,139
160512,160512,2048,0,1025,285,284,0,181,256,221,35,8960,8960,256
160512,160512,1024,0,513,139,138,0,90,189,135,4,112,0,139
160513,160512,2048,1,1025,286,285,0,181,256,217,39,9984,9984,256
160513,160512,1024,1,513,138,137,0,91,186,134,4,249,0,138
160640,160640,1024,0,513,140,139,0,83,180,129,11,732,0,140
160641,160640,1024,1,513,138,137,0,83,179,128,10,671,0,138
160768,160768,2048,0,1025,272,271,0,183,256,201,55,14080,14080,256
160768,160768,1024,0,513,140,139,0,87,182,135,5,333,0,140
160768,160768,4096,0,37,7,7,0,5,8,7,0,0,0,7
160769,160768,2048,1,1025,273,272,0,185,256,189,67,17152,17152,256
160769,160768,1024,1,513,140,139,0,87,180,134,6,381,0,140
160769,160768,4096,1,37,9,8,0,6,12,9,0,0,0,9
160896,160896,1024,0,513,146,145,0,95,180,136,10,946,0,146
160897,160896,1024,1,513,144,143,0,94,179,135,9,990,0,144
161024,161024,2048,0,1025,283,282,0,169,256,159,97,24832,24832,256
161024,161024,1024,0,513,145,144,0,95,186,139,6,810,0,145
161025,161024,2048,1,1025,280,279,0,166,256,176,80,20480,20480,256
161025,161024,1024,1,513,145,144,0,94,183,138,7,897,0,145
161152,161152,1024,0,513,145,144,0,86,182,133,12,1577,0,145
161153,161152,1024,1,513,144,143,0,87,180,132,12,1476,0,144
161280,161280,2048,0,1025,278,277,0,176,256,218,38,9728,9728,256
161280,161280,1024,0,513,144,143,0,81,187,134,10,1115,0,144
161280,161280,4096,0,37,7,6,0,5,8,7,0,0,0,7
161281,161280,2048,1,1025,275,274,0,175,256,222,34,8704,8704,256
161281,161280,1024,1,513,143,142,0,81,186,134,9,1037,0,143
161281,161280,4096,1,37,11,10,0,6,12,11,0,0,0,11
161408,161408,1024,0,513,154,154,0,93,192,142,12,1696,0,154
161409,161408,1024,1,513,149,149,0,88,190,137,12,1631,0,149
161536,161536,2048,0,1025,279,278,0,179,256,213,43,11008,11008,256
161536,161536,1024,0,513,141,141,0,81,196,137,4,100,0,141
161537,161536,2048,1,1025,279,278,0,178,256,194,62,15872,15872,256
161537,161536,1024,1,513,140,140,0,80,195,136,4,148,0,140
161664,161664,1024,0,513,139,139,0,96,193,134,5,334,0,139
161665,161664,1024,1,513,141,141,0,97,192,136,5,389,0,141
161792,161792,2048,0,1025,293,293,0,183,256,151,105,26880,26880,256
161792,161792,1024,0,513,145,144,0,87,188,136,9,749,0,145
161792,161792,4096,0,37,8,7,0,6,8,8,0,0,0,8
161793,161792,2048,1,1025,291,291,0,181,256,163,93,23808,23808,256
161793,161792,1024,1,513,144,143,0,88,188,136,8,769,0,144
161793,161792,4096,1,37,10,9,0,8,12,9,1,6,0,10
161920,161920,1024,0,513,142,141,0,94,192,135,7,1015,0,142
161921,161920,1024,1,513,141,140,0,94,191,134,7,1020,0,141
162048,162048,2048,0,1025,289,289,0,166,256,179,77,19712,19712,256
162048,162048,1024,0,513,137,137,0,92,186,130,7,242,0,137
162049,162048,2048,1,1025,289,289,0,165,256,136,120,30720,30720,256
162049,162048,1024,1,513,135,135,0,88,185,128,7,271,0,135
162176,162176,1024,0,513,138,138,0,89,184,132,6,634,0,138
162177,162176,1024,1,513,137,137,0,88,184,131,6,766,0,137
162304,162304,2048,0,1025,278,278,0,190,256,163,93,23808,23808,256
162304,162304,1024,0,513,139,139,0,82,181,134,5,272,0,139
162304,162304,4096,0,37,8,7,0,6,8,7,1,5,0,8
162305,162304,2048,1,1025,277,277,0,189,256,173,83,21248,21248,256
162305,162304,1024,1,513,136,136,0,81,182,132,4,174,0,136
162305,162304,4096,1,37,10,9,0,6,13,10,0,0,0,10
162432,162432,1024,0,513,139,139,0,78,180,134,5,305,0,139
162433,162432,1024,1,513,136,136,0,74,180,132,4,257,0,136
162560,162560,2048,0,1025,285,285,0,177,256,201,55,14080,14080,256
162560,162560,1024,0,513,139,139,0,89,178,132,7,690,0,139
162561,162560,2048,1,1025,284,284,0,176,256,190,66,16896,16896,256
162561,162560,1024,1,513,137,137,0,86,176,131,6,349,0,137
162688,162688,1024,0,513,137,137,0,87,178,129,8,849,0,137
162689,162688,1024,1,513,136,136,0,87,176,129,7,816,0,136
162816,162816,2048,0,1025,288,288,0,178,256,211,45,11520,11520,256
162816,162816,1024,0,513,142,142,0,82,178,130,12,1442,0,142
162816,162816,4096,0,37,7,6,0,5,9,7,0,0,0,7
162817,162816,2048,1,1025,287,287,0,176,256,214,42,10752,10752,256
162817,162816,1024,1,513,139,139,0,79,175,127,12,1408,0,139
162817,162816,4096,1,37,8,7,0,5,12,8,0,0,0,8
162944,162944,1024,0,513,146,146,0,101,184,140,6,610,0,146
162945,162944,1024,1,513,144,144,0,100,180,138,6,499,0,144
163072,163072,2048,0,1025,277,276,0,176,256,177,79,20224,20224,256
163072,163072,1024,0,513,133,133,0,91,181,128,5,236,0,133
163073,163072,2048,1,1025,276,276,0,175,256,180,76,19456,19456,256
163073,163072,1024,1,513,131,131,0,90,178,126,5,253,0,131
163200,163200,1024,0,513,142,142,0,84,177,130,12,1214,0,142
163201,163200,1024,1,513,141,141,0,81,175,129,12,1400,0,141
163328,163328,2048,0,1025,283,282,0,188,256,148,108,27648,27648,256
163328,163328,1024,0,513,150,149,0,96,181,138,12,1582,0,150
163328,163328,4096,0,37,7,6,0,6,9,7,0,0,0,7
163329,163328,2048,1,1025,280,279,0,186,256,205,51,13056,13056,256
163329,163328,1024,1,513,150,149,0,96,178,137,13,1628,0,150
163329,163328,4096,1,37,10,9,0,6,12,10,0,0,0,10
163456,163456,1024,0,513,143,142,0,90,187,137,6,451,0,143
163457,163456,1024,1,513,142,141,0,89,185,136,6,448,0,142
163584,163584,2048,0,1025,281,280,0,176,256,196,60,15360,15360,256
163584,163584,1024,0,513,142,141,0,86,188,136,6,468,0,142
163585,163584,2048,1,1025,279,278,0,176,256,183,73,18688,18688,256
163585,163584,1024,1,513,140,139,0,86,188,135,5,647,0,140
163712,163712,1024,0,513,140,139,0,86,187,133,7,693,0,140
163713,163712,1024,1,513,138,137,0,88,186,131,7,678,0,138
163840,163840,2048,0,1025,285,284,0,185,256,181,75,19200,19200,256
163840,163840,1024,0,513,147,146,0,82,186,137,10,1131,0,147
163840,163840,4096,0,37,7,6,0,5,9,7,0,0,0,7
163841,163840,2048,1,1025,283,282,0,183,256,179,77,19712,19712,256
163841,163840,1024,1,513,145,144,0,81,185,135,10,1173,0,145
163841,163840,4096,1,37,8,7,0,6,12,8,0,0,0,8
163968,163968,1024,0,513,141,140,0,93,188,134,7,713,0,141
163969,163968,1024,1,513,140,139,0,93,187,132,8,838,0,140
164096,164096,2048,0,1025,283,281,0,170,256,170,86,22016,22016,256
164096,164096,1024,0,513,135,134,0,70,186,129,6,467,0,135
164097,164096,2048,1,1025,280,279,0,169,256,176,80,20480,20480,256
164097,164096,1024,1,513,136,135,0,72,186,130,6,535,0,136
164224,164224,1024,0,513,147,146,0,96,186,137,10,1330,0,147
164225,164224,1024,1,513,146,145,0,96,186,136,10,1334,0,146
164352,164352,2048,0,1025,282,281,0,167,256,212,44,11264,11264,256
164352,164352,1024,0,513,146,145,0,89,191,136,10,1445,0,146
164352,164352,4096,0,37,8,7,0,6,9,8,0,0,0,8
164353,164352,2048,1,1025,280,279,0,167,256,213,43,11008,11008,256
164353,164352,1024,1,513,142,141,0,88,190,134,8,886,0,142
164353,164352,4096,1,37,9,8,0,6,12,9,0,0,0,9
164480,164480,1024,0,513,134,133,0,86,186,131,3,108,0,134
164481,164480,1024,1,513,133,132,0,83,184,129,4,220,0,133
164608,164608,2048,0,1025,282,281,0,186,256,207,49,12544,12544,256
164608,164608,1024,0,513,140,139,0,101,181,136,4,196,0,140
164609,164608,2048,1,1025,282,281,0,185,256,184,72,18432,18432,256
164609,164608,1024,1,513,140,139,0,101,180,136,4,135,0,140
164736,164736,1024,0,513,142,142,0,86,182,137,5,382,0,142
164737,164736,1024,1,513,140,140,0,84,182,135,5,491,0,140
164864,164864,2048,0,1025,281,279,0,167,256,182,74,18944,18944,256
164864,164864,1024,0,513,148,148,0,94,179,139,9,792,0,148
164864,164864,4096,0,37,8,7,0,6,8,8,0,0,0,8
164865,164864,2048,1,1025,278,277,0,166,256,192,64,16384,16384,256
164865,164864,1024,1,513,145,145,0,91,179,136,9,888,0,145
164865,164864,4096,1,37,10,9,0,8,10,9,1,8,0,10
164992,164992,1024,0,513,146,146,0,99,177,142,4,124,0,146
164993,164992,1024,1,513,145,145,0,95,177,141,4,154,0,145
165120,165120,2048,0,1025,278,277,0,179,256,178,78,19968,19968,256
165120,165120,1024,0,513,145,145,0,84,177,135,10,967,0,145
165121,165120,2048,1,1025,276,275,0,178,256,194,62,15872,15872,256
165121,165120,1024,1,513,145,145,0,84,177,135,10,1044,0,145
165248,165248,1024,0,513,139,138,0,89,180,134,5,195,0,139
165249,165248,1024,1,513,138,137,0,87,181,133,5,305,0,138
165376,165376,2048,0,1025,275,275,0,179,256,222,34,8704,8704,256
165376,165376,1024,0,513,138,138,0,78,182,131,7,841,0,138
165376,165376,4096,0,37,7,6,0,5,8,7,0,0,0,7
165377,165376,2048,1,1025,272,272,0,178,256,221,35,8960,8960,256
165377,165376,1024,1,513,136,136,0,78,182,128,8,1046,0,136
165377,165376,4096,1,37,10,9,0,8,11,10,0,0,0,10
165504,165504,1024,0,513,135,135,0,93,183,127,8,1011,0,135
165505,165504,1024,1,513,133,133,0,88,184,126,7,851,0,133
165632,165632,2048,0,1025,277,277,0,175,256,206,50,12800,12800,256
165632,165632,1024,0,513,136,136,0,83,184,129,7,626,0,136
165633,165632,2048,1,1025,277,277,0,172,256,203,53,13568,13568,256
165633,165632,1024,1,513,134,134,0,83,183,129,5,271,0,134
165760,165760,1024,0,513,139,139,0,82,185,135,4,263,0,139
165761,165760,1024,1,513,138,138,0,81,183,134,4,334,0,138
165888,165888,2048,0,1025,280,280,0,170,256,179,77,19712,19712,256
165888,165888,1024,0,513,143,143,0,93,176,134,9,776,0,143
165888,165888,4096,0,37,7,6,0,5,8,7,0,0,0,7
165889,165888,2048,1,1025,279,279,0,169,256,171,85,21760,21760,256
165889,165888,1024,1,513,140,140,0,93,173,131,9,618,0,140
165889,165888,4096,1,37,9,9,0,7,10,8,1,6,0,9
166016,166016,1024,0,513,136,136,0,79,177,129,7,446,0,136
166017,166016,1024,1,513,137,137,0,79,174,130,7,500,0,137
166144,166144,2048,0,1025,291,291,0,185,256,82,174,44544,44544,256
166144,166144,1024,0,513,136,136,0,83,180,129,7,841,0,136
166145,166144,2048,1,1025,291,291,0,181,256,56,200,51200,51200,256
166145,166144,1024,1,513,134,134,0,82,176,127,7,674,0,134
166272,166272,1024,0,513,135,135,0,88,183,127,8,1254,0,135
166273,166272,1024,1,513,133,133,0,86,179,126,7,960,0,133
166400,166400,2048,0,1025,285,284,0,183,256,221,35,8960,8960,256
166400,166400,1024,0,513,133,133,0,82,188,125,8,1248,0,133
166400,166400,4096,0,37,7,7,0,6,8,6,1,4,0,7
166401,166400,2048,1,1025,284,283,0,185,256,221,35,8960,8960,256
166401,166400,1024,1,513,132,132,0,81,184,125,7,1195,0,132
166401,166400,4096,1,37,10,9,0,5,11,9,1,11,0,10
166528,166528,1024,0,513,142,142,0,87,189,134,8,702,0,142
166529,166528,1024,1,513,140,140,0,87,185,133,7,619,0,140
166656,166656,2048,0,1025,290,290,0,194,256,203,53,13568,13568,256
166656,166656,1024,0,513,140,140,0,95,184,135,5,259,0,140
166657,166656,2048,1,1025,290,290,0,195,256,204,52,13312,13312,256
166657,166656,1024,1,513,137,137,0,94,179,131,6,343,0,137
166784,166784,1024,0,513,137,136,0,81,179,130,7,237,0,137
166785,166784,1024,1,513,136,135,0,80,176,128,8,404,0,136
166912,166912,2048,0,1025,286,286,0,186,256,215,41,10496,10496,256
166912,166912,1024,0,513,142,142,0,88,179,130,12,1272,0,142
166912,166912,4096,0,37,8,7,0,6,9,8,0,0,0,8
166913,166912,2048,1,1025,285,285,0,187,256,214,42,10752,10752,256
166913,166912,1024,1,513,142,142,0,85,178,128,14,1906,0,142
166913,166912,4096,1,37,9,8,0,8,12,9,0,0,0,9
167040,167040,1024,0,513,132,132,0,80,186,126,6,646,0,132
167041,167040,1024,1,513,132,132,0,81,187,126,6,575,0,132
167168,167168,2048,0,1025,284,283,0,169,256,167,89,22784,22784,256
167168,167168,1024,0,513,139,139,0,84,185,131,8,838,0,139
167169,167168,2048,1,1025,279,279,0,167,256,175,81,20736,20736,256
167169,167168,1024,1,513,138,138,0,84,185,130,8,738,0,138
167296,167296,1024,0,513,148,148,0,96,182,135,13,1627,0,148
167297,167296,1024,1,513,145,145,0,94,183,134,11,1217,0,145
167424,167424,2048,0,1025,274,274,0,169,256,183,73,18688,18688,256
167424,167424,1024,0,513,143,142,0,90,189,134,9,1154,0,143
167424,167424,4096,0,37,6,6,0,5,9,6,0,0,0,6
167425,167424,2048,1,1025,272,272,0,165,256,176,80,20480,20480,256
167425,167424,1024,1,513,142,141,0,91,188,133,9,1127,0,142
167425,167424,4096,1,37,10,9,0,7,12,10,0,0,0,10
167552,167552,1024,0,513,139,138,0,93,182,131,8,609,0,139
167553,167552,1024,1,513,139,138,0,93,181,131,8,803,0,139
167680,167680,2048,0,1025,284,283,0,172,256,82,174,44544,44544,256
167680,167680,1024,0,513,150,149,0,87,185,138,12,1646,0,150
167681,167680,2048,1,1025,282,282,0,170,256,95,161,41216,41216,256
167681,167680,1024,1,513,150,149,0,87,184,138,12,1631,0,150
167808,167808,1024,0,513,147,146,0,106,191,141,6,648,0,147
167809,167808,1024,1,513,146,145,0,105,189,140,6,482,0,146
167936,167936,2048,0,1025,284,283,0,172,256,214,42,10752,10752,256
167936,167936,1024,0,513,148,147,0,101,189,138,10,1170,0,148
167936,167936,4096,0,37,8,8,0,6,9,8,0,0,0,8
167937,167936,2048,1,1025,281,280,0,172,256,218,38,9728,9728,256
167937,167936,1024,1,513,149,148,0,100,187,138,11,1328,0,149
167937,167936,4096,1,37,8,7,0,5,12,8,0,0,0,8
168064,168064,1024,0,513,140,139,0,87,191,133,7,489,0,140
168065,168064,1024,1,513,140,139,0,82,191,133,7,694,0,140
168192,168192,2048,0,1025,275,274,0,186,256,211,45,11520,11520,256
168192,168192,1024,0,513,139,139,0,81,188,130,9,678,0,139
168193,168192,2048,1,1025,275,274,0,182,256,190,66,16896,16896,256
168193,168192,1024,1,513,141,141,0,82,189,131,10,1031,0,141
168320,168320,1024,0,513,147,147,0,85,189,135,12,1574,0,147
168321,168320,1024,1,513,145,145,0,86,192,135,10,1393,0,145
168448,168448,2048,0,1025,281,280,0,192,256,175,81,20736,20736,256
168448,168448,1024,0,513,144,144,0,94,192,138,6,477,0,144
168448,168448,4096,0,37,7,6,0,6,9,7,0,0,0,7
168449,168448,2048,1,1025,278,277,0,190,256,188,68,17408,17408,256
168449,168448,1024,1,513,142,142,0,89,194,137,5,375,0,142
168449,168448,4096,1,37,10,9,0,6,12,9,1,12,0,10
168576,168576,1024,0,513,140,140,0,86,188,131,9,654,0,140
168577,168576,1024,1,513,137,137,0,86,187,129,8,353,0,137
168704,168704,2048,0,1025,285,285,0,174,256,211,45,11520,11520,256
168704,168704,1024,0,513,145,145,0,92,189,134,11,1485,0,145
168705,168704,2048,1,1025,284,284,0,173,256,180,76,19456,19456,256
168705,168704,1024,1,513,142,142,0,91,186,132,10,1017,0,142
168832,168832,1024,0,513,139,139,0,92,193,135,4,171,0,139
168833,168832,1024,1,513,138,138,0,90,189,134,4,187,0,138
168960,168960,2048,0,1025,290,290,0,190,256,154,102,26112,26112,256
168960,168960,1024,0,513,140,140,0,82,191,133,7,713,0,140
168960,168960,4096,0,37,7,7,0,5,9,7,0,0,0,7
168961,168960,2048,1,1025,287,287,0,188,256,164,92,23552,23552,256
168961,168960,1024,1,513,139,139,0,83,187,132,7,716,0,139
168961,168960,4096,1,37,10,10,0,7,12,10,0,0,0,10
169088,169088,1024,0,513,144,143,0,88,188,138,6,226,0,144
169089,169088,1024,1,513,143,142,0,91,184,137,6,366,0,143
169216,169216,2048,0,1025,280,279,0,174,256,216,40,10240,10240,256
169216,169216,1024,0,513,147,146,0,83,188,136,11,1200,0,147
169217,169216,2048,1,1025,278,278,0,172,256,213,43,11008,11008,256
169217,169216,1024,1,513,148,147,0,80,183,137,11,1142,0,148
169344,169344,1024,0,513,142,142,0,89,192,134,8,994,0,142
169345,169344,1024,1,513,141,141,0,89,188,133,8,1130,0,141
169472,169472,2048,0,1025,282,282,0,175,256,205,51,13056,13056,256
169472,169472,1024,0,513,139,139,0,87,193,133,6,285,0,139
169472,169472,4096,0,37,7,7,0,6,9,7,0,0,0,7
169473,169472,2048,1,1025,279,279,0,174,256,206,50,12800,12800,256
169473,169472,1024,1,513,138,138,0,87,191,132,6,402,0,138
169473,169472,4096,1,37,9,9,0,8,12,8,1,11,0,9
169600,169600,1024,0,513,145,145,0,95,192,139,6,346,0,145
169601,169600,1024,1,513,144,144,0,93,191,139,5,288,0,144
169728,169728,2048,0,1025,283,283,0,186,256,184,72,18432,18432,256
169728,169728,1024,0,513,141,141,0,94,189,131,10,879,0,141
169729,169728,2048,1,1025,283,283,0,186,256,164,92,23552,23552,256
169729,169728,1024,1,513,139,139,0,95,187,130,9,801,0,139
169856,169856,1024,0,513,140,139,0,89,185,131,9,885,0,140
169857,169856,1024,1,513,140,139,0,87,182,130,10,1071,0,140
169984,169984,2048,0,1025,286,286,0,181,256,189,67,17152,17152,256
169984,169984,1024,0,513,141,140,0,86,186,135,6,545,0,141
169984,169984,4096,0,37,7,7,0,6,9,7,0,0,0,7
169985,169984,2048,1,1025,283,283,0,179,256,196,60,15360,15360,256
169985,169984,1024,1,513,140,139,0,86,184,134,6,534,0,140
169985,169984,4096,1,37,10,10,0,9,13,10,0,0,0,10
170112,170112,1024,0,513,141,141,0,86,187,132,9,1108,0,141
170113,170112,1024,1,513,140,140,0,85,185,131,9,1124,0,140
170240,170240,2048,0,1025,277,277,0,175,256,132,124,31744,31744,256
170240,170240,1024,0,513,139,139,0,87,189,129,10,985,0,139
170241,170240,2048,1,1025,275,275,0,174,256,124,132,33792,33792,256
170241,170240,1024,1,513,137,137,0,83,187,127,10,1020,0,137
170368,170368,1024,0,513,138,138,0,80,193,132,6,801,0,138
170369,170368,1024,1,513,136,136,0,81,191,130,6,774,0,136
170496,170496,2048,0,1025,280,280,0,177,256,197,59,15104,15104,256
170496,170496,1024,0,513,142,141,0,102,189,129,13,1421,0,142
170496,170496,4096,0,37,7,7,0,6,9,7,0,0,0,7
170497,170496,2048,1,1025,281,281,0,177,256,180,76,19456,19456,256
170497,170496,1024,1,513,140,139,0,100,186,129,11,997,0,140
170497,170496,4096,1,37,10,10,0,9,13,10,0,0,0,10
170624,170624,1024,0,513,137,136,0,85,195,132,5,257,0,137
170625,170624,1024,1,513,137,136,0,85,192,132,5,421,0,137
170752,170752,2048,0,1025,279,279,0,177,256,212,44,11264,11264,256
170752,170752,1024,0,513,140,139,0,91,192,135,5,388,0,140
170753,170752,2048,1,1025,279,279,0,177,256,215,41,10496,10496,256
170753,170752,1024,1,513,137,136,0,90,189,132,5,403,0,137
170880,170880,1024,0,513,142,141,0,88,185,131,11,807,0,142
170881,170880,1024,1,513,140,139,0,86,182,129,11,834,0,140
171008,171008,2048,0,1025,275,275,0,177,256,190,66,16896,16896,256
171008,171008,1024,0,513,146,145,0,96,187,140,6,471,0,146
171008,171008,4096,0,37,7,7,0,7,8,7,0,0,0,7
171009,171008,2048,1,1025,273,273,0,175,256,202,54,13824,13824,256
171009,171008,1024,1,513,148,147,0,96,184,141,7,624,0,148
171009,171008,4096,1,37,8,8,0,8,11,8,0,0,0,8
171136,171136,1024,0,513,144,143,0,88,185,137,7,812,0,144
171137,171136,1024,1,513,143,142,0,87,183,136,7,663,0,143
171264,171264,2048,0,1025,280,279,0,170,256,164,92,23552,23552,256
171264,171264,1024,0,513,145,144,0,94,181,141,4,123,0,145
171265,171264,2048,1,1025,279,278,0,168,256,173,83,21248,21248,256
171265,171264,1024,1,513,142,141,0,91,179,138,4,137,0,142
171392,171392,1024,0,513,138,137,0,95,178,126,12,1120,0,138
171393,171392,1024,1,513,138,137,0,95,177,126,12,1254,0,138
171520,171520,2048,0,1025,277,276,0,170,256,183,73,18688,18688,256
171520,171520,1024,0,513,142,141,0,88,186,132,10,1475,0,142
171520,171520,4096,0,37,6,6,0,6,8,6,0,0,0,6
171521,171520,2048,1,1025,276,275,0,168,256,169,87,22272,22272,256
171521,171520,1024,1,513,140,139,0,87,185,131,9,1269,0,140
171521,171520,4096,1,37,10,10,0,8,10,9,1,6,0,10
171648,171648,1024,0,513,139,139,0,83,189,131,8,981,0,139
171649,171648,1024,1,513,136,136,0,79,187,129,7,844,0,136
171776,171776,2048,0,1025,273,272,0,180,256,169,87,22272,22272,256
171776,171776,1024,0,513,141,141,0,91,191,136,5,334,0,141
171777,171776,2048,1,1025,273,272,0,177,256,160,96,24576,24576,256
171777,171776,1024,1,513,139,139,0,86,189,134,5,288,0,139
171904,171904,1024,0,513,140,140,0,99,190,135,5,528,0,140
171905,171904,1024,1,513,140,140,0,99,187,134,6,568,0,140
172032,172032,2048,0,1025,274,273,0,167,256,180,76,19456,19456,256
172032,172032,1024,0,513,146,146,0,102,188,142,4,148,0,146
172032,172032,4096,0,37,8,8,0,6,8,8,0,0,0,8
172033,172032,2048,1,1025,271,270,0,166,256,205,51,13056,13056,256
172033,172032,1024,1,513,146,146,0,101,186,142,4,107,0,146
172033,172032,4096,1,37,9,9,0,6,11,8,1,8,0,9
172160,172160,1024,0,513,148,148,0,107,181,141,7,682,0,148
172161,172160,1024,1,513,148,148,0,105,179,141,7,552,0,148
172288,172288,2048,0,1025,277,276,0,168,256,205,51,13056,13056,256
172288,172288,1024,0,513,140,139,0,92,184,135,5,432,0,140
172289,172288,2048,1,1025,275,274,0,165,256,205,51,13056,13056,256
172289,172288,1024,1,513,141,140,0,91,182,136,5,443,0,141
172416,172416,1024,0,513,139,138,0,92,182,132,7,634,0,139
172417,172416,1024,1,513,137,136,0,94,183,130,7,972,0,137
172544,172544,2048,0,1025,285,284,0,191,256,219,37,9472,9472,256
172544,172544,1024,0,513,142,142,0,78,185,135,7,970,0,142
172544,172544,4096,0,37,7,6,0,6,8,7,0,0,0,7
172545,172544,2048,1,1025,284,283,0,189,256,219,37,9472,9472,256
172545,172544,1024,1,513,139,139,0,79,186,134,5,601,0,139
172545,172544,4096,1,37,9,9,0,6,12,9,0,0,0,9
172672,172672,1024,0,513,131,131,0,83,187,122,9,1236,0,131
172673,172672,1024,1,513,127,127,0,83,185,119,8,947,0,127
172800,172800,2048,0,1025,278,278,0,174,256,167,89,22784,22784,256
172800,172800,1024,0,513,140,140,0,80,184,130,10,828,0,140
172801,172800,2048,1,1025,275,275,0,172,256,176,80,20480,20480,256
172801,172800,1024,1,513,138,138,0,80,182,129,9,743,0,138
172928,172928,1024,0,513,142,142,0,78,185,132,10,1263,0,142
172929,172928,1024,1,513,141,141,0,76,180,131,10,895,0,141
173056,173056,2048,0,1025,288,288,0,181,256,192,64,16384,16384,256
173056,173056,1024,0,513,146,146,0,85,189,140,6,549,0,146
173056,173056,4096,0,37,6,6,0,5,8,6,0,0,0,6
173057,173056,2048,1,1025,288,288,0,180,256,154,102,26112,26112,256
173057,173056,1024,1,513,146,146,0,86,184,139,7,854,0,146
173057,173056,4096,1,37,9,9,0,8,12,8,1,12,0,9
173184,173184,1024,0,513,141,141,0,99,187,137,4,262,0,141
173185,173184,1024,1,513,140,140,0,99,184,137,3,197,0,140
173312,173312,2048,0,1025,281,281,0,182,256,206,50,12800,12800,256
173312,173312,1024,0,513,136,136,0,84,188,126,10,1512,0,136
173313,173312,2048,1,1025,281,281,0,181,256,214,42,10752,10752,256
173313,173312,1024,1,513,137,137,0,83,184,127,10,1531,0,137
173440,173440,1024,0,513,134,134,0,80,193,123,11,1680,0,134
173441,173440,1024,1,513,133,133,0,81,189,123,10,1404,0,133
173568,173568,2048,0,1025,288,288,0,183,256,184,72,18432,18432,256
173568,173568,1024,0,513,146,146,0,88,195,138,8,568,0,146
173568,173568,4096,0,37,8,8,0,6,8,8,0,0,0,8
173569,173568,2048,1,1025,287,287,0,183,256,179,77,19712,19712,256
173569,173568,1024,1,513,145,145,0,88,193,137,8,917,0,145
173569,173568,4096,1,37,9,9,0,6,13,9,0,0,0,9
173696,173696,1024,0,513,146,146,0,91,195,139,7,847,0,146
173697,173696,1024,1,513,146,146,0,91,193,139,7,777,0,146
173824,173824,2048,0,1025,287,286,0,196,256,153,103,26368,26368,256
173824,173824,1024,0,513,139,138,0,97,191,134,5,215,0,139
173825,173824,2048,1,1025,285,284,0,193,256,151,105,26880,26880,256
173825,173824,1024,1,513,138,137,0,94,190,134,4,119,0,138
173952,173952,1024,0,513,137,136,0,83,188,131,6,419,0,137
173953,173952,1024,1,513,135,134,0,83,186,129,6,439,0,135
174080,174080,2048,0,1025,277,276,0,168,256,158,98,25088,25088,256
174080,174080,1024,0,513,143,142,0,99,188,134,9,862,0,143
174080,174080,4096,0,37,7,7,0,7,8,7,0,0,0,7
174081,174080,2048,1,1025,276,275,0,166,256,159,97,24832,24832,256
174081,174080,1024,1,513,144,143,0,97,186,135,9,899,0,144
174081,174080,4096,1,37,9,9,0,8,12,9,0,0,0,9
174208,174208,1024,0,513,146,145,0,91,190,142,4,178,0,146
174209,174208,1024,1,513,144,143,0,89,188,140,4,111,0,144
174336,174336,2048,0,1025,264,263,0,158,256,217,39,9984,9984,256
174336,174336,1024,0,513,147,147,0,87,184,138,9,398,0,147
174337,174336,2048,1,1025,261,260,0,156,256,222,34,8704,8704,256
174337,174336,1024,1,513,145,145,0,87,182,137,8,434,0,145
174464,174464,1024,0,513,143,143,0,89,183,133,10,1156,0,143
174465,174464,1024,1,513,143,143,0,91,179,134,9,648,0,143
174592,174592,2048,0,1025,276,276,0,169,256,156,100,25600,25600,256
174592,174592,1024,0,513,138,138,0,89,186,131,7,516,0,138
174592,174592,4096,0,37,6,6,0,6,8,6,0,0,0,6
174593,174592,2048,1,1025,275,275,0,168,256,148,108,27648,27648,256
174593,174592,1024,1,513,137,137,0,87,183,130,7,726,0,137
174593,174592,4096,1,37,9,9,0,7,12,9,0,0,0,9
174720,174720,1024,0,513,135,134,0,90,186,131,4,211,0,135
174721,174720,1024,1,513,136,135,0,89,183,132,4,241,0,136
174848,174848,2048,0,1025,275,275,0,183,256,184,72,18432,18432,256
174848,174848,1024,0,513,136,136,0,84,182,128,8,755,0,136
174849,174848,2048,1,1025,274,274,0,180,256,192,64,16384,16384,256
174849,174848,1024,1,513,136,136,0,86,179,129,7,480,0,136
174976,174976,1024,0,513,146,146,0,83,178,130,16,1910,0,146
174977,174976,1024,1,513,146,146,0,84,174,129,17,2090,0,146
175104,175104,2048,0,1025,271,271,0,186,256,213,43,11008,11008,256
175104,175104,1024,0,513,139,139,0,97,184,133,6,331,0,139
175104,175104,4096,0,37,7,7,0,6,8,7,0,0,0,7
175105,175104,2048,1,1025,269,269,0,187,256,204,52,13312,13312,256
175105,175104,1024,1,513,138,138,0,97,183,133,5,365,0,138
175105,175104,4096,1,37,7,7,0,7,12,7,0,0,0,7
175232,175232,1024,0,513,142,142,0,68,186,130,12,1397,0,142
175233,175232,1024,1,513,140,140,0,70,185,129,11,1672,0,140
175360,175360,2048,0,1025,277,276,0,155,256,156,100,25600,25600,256
175360,175360,1024,0,513,146,146,0,95,187,138,8,444,0,146
175361,175360,2048,1,1025,275,275,0,153,256,167,89,22784,22784,256
175361,175360,1024,1,513,146,146,0,94,185,138,8,504,0,146
175488,175488,1024,0,513,138,137,0,92,189,132,6,579,0,138
175489,175488,1024,1,513,136,135,0,93,188,131,5,533,0,136
175616,175616,2048,0,1025,283,282,0,177,256,177,79,20224,20224,256
175616,175616,1024,0,513,147,146,0,80,190,139,8,1010,0,147
175616,175616,4096,0,37,7,7,0,7,8,7,0,0,0,7
175617,175616,2048,1,1025,282,281,0,176,256,180,76,19456,19456,256
175617,175616,1024,1,513,146,145,0,79,188,137,9,1114,0,146
175617,175616,4096,1,37,9,9,0,6,11,9,0,0,0,9
175744,175744,1024,0,513,139,138,0,96,190,133,6,423,0,139
175745,175744,1024,1,513,137,136,0,96,189,131,6,444,0,137
175872,175872,2048,0,1025,285,283,0,172,256,74,182,46592,46592,256
175872,175872,1024,0,513,134,133,0,92,192,126,8,1272,0,134
175873,175872,2048,1,1025,281,280,0,170,256,104,152,38912,38912,256
175873,175872,1024,1,513,134,133,0,91,190,126,8,1047,0,134
176000,176000,1024,0,513,145,144,0,82,190,134,11,1309,0,145
176001,176000,1024,1,513,144,143,0,81,188,133,11,1201,0,144
176128,176128,2048,0,1025,284,283,0,179,256,221,35,8960,8960,256
176128,176128,1024,0,513,141,140,0,95,190,138,3,54,0,141
176128,176128,4096,0,37,6,6,0,6,7,6,0,0,0,6
176129,176128,2048,1,1025,280,279,0,177,256,221,35,8960,8960,256
176129,176128,1024,1,513,139,138,0,94,189,136,3,59,0,139
176129,176128,4096,1,37,9,9,0,7,11,8,1,8,0,9
176256,176256,1024,0,513,138,137,0,80,185,132,6,368,0,138
176257,176256,1024,1,513,137,136,0,81,183,131,6,283,0,137
176384,176384,2048,0,1025,280,279,0,183,256,203,53,13568,13568,256
176384,176384,1024,0,513,142,141,0,95,185,136,6,479,0,142
176385,176384,2048,1,1025,278,277,0,179,256,167,89,22784,22784,256
176385,176384,1024,1,513,143,142,0,94,183,137,6,479,0,143
176512,176512,1024,0,513,138,137,0,87,183,128,10,806,0,138
176513,176512,1024,1,513,138,137,0,87,182,127,11,891,0,138
176640,176640,2048,0,1025,292,291,0,169,256,204,52,13312,13312,256
176640,176640,1024,0,513,145,144,0,88,184,136,9,882,0,145
176640,176640,4096,0,37,8,7,0,5,7,7,1,1,0,8
176641,176640,2048,1,1025,290,289,0,169,256,215,41,10496,10496,256
176641,176640,1024,1,513,143,142,0,86,184,135,8,733,0,143
176641,176640,4096,1,37,9,8,0,6,11,8,1,11,0,9
176768,176768,1024,0,513,140,139,0,96,183,135,5,275,0,140
176769,176768,1024,1,513,138,137,0,94,183,133,5,505,0,138
176896,176896,2048,0,1025,279,278,0,197,256,196,60,15360,15360,256
176896,176896,1024,0,513,145,144,0,97,180,135,10,985,0,145
176897,176896,2048,1,1025,278,277,0,195,256,198,58,14848,14848,256
176897,176896,1024,1,513,146,145,0,98,180,136,10,928,0,146
177024,177024,1024,0,513,143,142,0,96,181,135,8,702,0,143
177025,177024,1024,1,513,143,142,0,96,179,136,7,308,0,143
177152,177152,2048,0,1025,283,282,0,171,256,203,53,13568,13568,256
177152,177152,1024,0,513,141,140,0,89,183,136,5,326,0,141
177152,177152,4096,0,37,8,7,0,7,8,8,0,0,0,8
177153,177152,2048,1,1025,283,282,0,170,256,200,56,14336,14336,256
177153,177152,1024,1,513,140,139,0,90,180,135,5,277,0,140
177153,177152,4096,1,37,7,6,0,5,11,7,0,0,0,7
177280,177280,1024,0,513,139,138,0,86,184,130,9,1262,0,139
177281,177280,1024,1,513,141,140,0,85,182,130,11,1576,0,141
177408,177408,2048,0,1025,278,277,0,177,256,168,88,22528,22528,256
177408,177408,1024,0,513,149,148,0,99,188,140,9,1444,0,149
177409,177408,2048,1,1025,275,274,0,176,256,198,58,14848,14848,256
177409,177408,1024,1,513,148,147,0,99,188,141,7,1034,0,148
177536,177536,1024,0,513,142,141,0,91,187,133,9,929,0,142
177537,177536,1024,1,513,139,138,0,90,186,132,7,683,0,139
177664,177664,2048,0,1025,280,278,0,176,256,129,127,32512,32512,256
177664,177664,1024,0,513,127,126,0,79,189,120,7,716,0,127
177664,177664,4096,0,37,6,5,0,5,8,6,0,0,0,6
177665,177664,2048,1,1025,278,277,0,175,256,148,108,27648,27648,256
177665,177664,1024,1,513,127,126,0,76,186,120,7,834,0,127
177665,177664,4096,1,37,10,9,0,5,11,10,0,0,0,10
177792,177792,1024,0,513,142,141,0,90,187,133,9,837,0,142
177793,177792,1024,1,513,144,143,0,90,184,134,10,657,0,144
177920,177920,2048,0,1025,284,283,0,174,256,76,180,46080,46080,256
177920,177920,1024,0,513,153,152,0,85,191,143,10,1317,0,153
177921,177920,2048,1,1025,281,280,0,174,256,77,179,45824,45824,256
177921,177920,1024,1,513,150,149,0,87,189,140,10,1296,0,150
178048,178048,1024,0,513,150,149,0,100,192,143,7,602,0,150
178049,178048,1024,1,513,151,150,0,96,189,144,7,411,0,151
178176,178176,2048,0,1025,286,285,0,184,256,212,44,11264,11264,256
178176,178176,1024,0,513,150,149,0,90,195,147,3,71,0,150
178176,178176,4096,0,37,8,7,0,5,8,8,0,0,0,8
178177,178176,2048,1,1025,284,283,0,182,256,207,49,12544,12544,256
178177,178176,1024,1,513,149,148,0,89,193,146,3,198,0,149
178177,178176,4096,1,37,10,9,0,6,11,10,0,0,0,10
178304,178304,1024,0,513,145,144,0,103,194,140,5,492,0,145
178305,178304,1024,1,513,142,141,0,102,192,137,5,550,0,142
178432,178432,2048,0,1025,283,282,0,188,256,184,72,18432,18432,256
178432,178432,1024,0,513,143,143,0,88,194,139,4,384,0,143
178433,178432,2048,1,1025,280,279,0,185,256,193,63,16128,16128,256
178433,178432,1024,1,513,142,142,0,89,193,139,3,429,0,142
178560,178560,1024,0,513,146,146,0,92,190,135,11,1544,0,146
178561,178560,1024,1,513,145,145,0,91,188,134,11,1529,0,145
178688,178688,2048,0,1025,291,290,0,188,256,196,60,15360,15360,256
178688,178688,1024,0,513,143,143,0,91,189,133,10,620,0,143
178688,178688,4096,0,37,7,7,0,6,8,7,0,0,0,7
178689,178688,2048,1,1025,290,289,0,187,256,182,74,18944,18944,256
178689,178688,1024,1,513,142,142,0,87,188,133,9,601,0,142
178689,178688,4096,1,37,9,9,0,7,11,7,2,22,0,9
178816,178816,1024,0,513,142,142,0,88,195,136,6,785,0,142
178817,178816,1024,1,513,143,143,0,88,193,136,7,907,0,143
178944,178944,2048,0,1025,286,285,0,187,256,183,73,18688,18688,256
178944,178944,1024,0,513,147,147,0,103,198,142,5,507,0,147
178945,178944,2048,1,1025,284,283,0,184,256,184,72,18432,18432,256
178945,178944,1024,1,513,146,146,0,103,196,141,5,423,0,146
179072,179072,1024,0,513,144,143,0,97,195,141,3,213,0,144
179073,179072,1024,1,513,142,141,0,95,193,139,3,151,0,142
179200,179200,2048,0,1025,276,275,0,170,256,224,32,8192,8192,256
179200,179200,1024,0,513,144,144,0,89,185,139,5,194,0,144
179200,179200,4096,0,37,7,7,0,6,8,6,1,5,0,7
179201,179200,2048,1,1025,277,276,0,170,256,209,47,12032,12032,256
179201,179200,1024,1,513,142,142,0,87,184,137,5,238,0,142
179201,179200,4096,1,37,9,8,0,6,13,9,0,0,0,9
179328,179328,1024,0,513,140,140,0,92,183,132,8,679,0,140
179329,179328,1024,1,513,139,139,0,92,183,131,8,710,0,139
179456,179456,2048,0,1025,274,273,0,161,256,185,71,18176,18176,256
179456,179456,1024,0,513,139,138,0,87,185,131,8,622,0,139
179457,179456,2048,1,1025,273,272,0,159,256,170,86,22016,22016,256
179457,179456,1024,1,513,139,138,0,86,183,130,9,532,0,139
179584,179584,1024,0,513,133,133,0,83,185,128,5,265,0,133
179585,179584,1024,1,513,131,131,0,83,183,126,5,157,0,131
179712,179712,2048,0,1025,280,279,0,170,256,193,63,16128,16128,256
179712,179712,1024,0,513,142,142,0,85,180,130,12,1132,0,142
179712,179712,4096,0,37,8,7,0,6,9,8,0,0,0,8
179713,179712,2048,1,1025,278,277,0,166,256,186,70,17920,17920,256
179713,179712,1024,1,513,141,141,0,84,178,129,12,1114,0,141
179713,179712,4096,1,37,11,10,0,6,13,11,0,0,0,11
179840,179840,1024,0,513,141,141,0,91,188,134,7,874,0,141
179841,179840,1024,1,513,139,139,0,88,186,133,6,745,0,139
179968,179968,2048,0,1025,289,288,0,172,256,137,119,30464,30464,256
179968,179968,1024,0,513,144,144,0,84,185,132,12,1332,0,144
179969,179968,2048,1,1025,289,288,0,171,256,119,137,35072,35072,256
179969,179968,1024,1,513,142,142,0,83,183,130,12,1487,0,142
180096,180096,1024,0,513,150,150,0,91,189,140,10,919,0,150
180097,180096,1024,1,513,149,149,0,88,187,139,10,779,0,149
180224,180224,2048,0,1025,274,274,0,181,256,118,138,35328,35328,256
180224,180224,1024,0,513,147,147,0,96,192,146,1,14,0,147
180224,180224,4096,0,37,8,7,0,6,9,8,0,0,0,8
180225,180224,2048,1,1025,271,271,0,179,256,176,80,20480,20480,256
180225,180224,1024,1,513,147,147,0,96,189,145,2,47,0,147
180225,180224,4096,1,37,10,9,0,6,13,10,0,0,0,10
180352,180352,1024,0,513,144,144,0,96,188,137,7,523,0,144
180353,180352,1024,1,513,143,143,0,98,186,136,7,521,0,143
180480,180480,2048,0,1025,291,290,0,176,256,183,73,18688,18688,256
180480,180480,1024,0,513,141,140,0,94,189,134,7,524,0,141
180481,180480,2048,1,1025,288,287,0,173,256,157,99,25344,25344,256
180481,180480,1024,1,513,140,139,0,93,189,134,6,598,0,140
180608,180608,1024,0,513,140,139,0,78,183,132,8,652,0,140
180609,180608,1024,1,513,138,137,0,77,182,131,7,487,0,138
180736,180736,2048,0,1025,290,289,0,194,256,216,40,10240,10240,256
180736,180736,1024,0,513,139,138,0,89,184,134,5,349,0,139
180736,180736,4096,0,37,7,6,0,6,9,7,0,0,0,7
180737,180736,2048,1,1025,290,289,0,194,256,203,53,13568,13568,256
180737,180736,1024,1,513,140,139,0,89,182,135,5,317,0,140
180737,180736,4096,1,37,9,9,0,6,13,9,0,0,0,9
180864,180864,1024,0,513,139,138,0,97,184,135,4,391,0,139
180865,180864,1024,1,513,137,136,0,97,182,133,4,295,0,137
180992,180992,2048,0,1025,288,288,0,194,256,216,40,10240,10240,256
180992,180992,1024,0,513,141,140,0,86,179,132,9,1084,0,141
180993,180992,2048,1,1025,285,285,0,191,256,220,36,9216,9216,256
180993,180992,1024,1,513,140,139,0,86,177,131,9,1079,0,140
181120,181120,1024,0,513,145,144,0,86,182,139,6,641,0,145
181121,181120,1024,1,513,146,145,0,86,180,139,7,772,0,146
181248,181248,2048,0,1025,276,275,0,174,256,194,62,15872,15872,256
181248,181248,1024,0,513,143,142,0,89,182,133,10,1258,0,143
181248,181248,4096,0,37,7,6,0,5,9,7,0,0,0,7
181249,181248,2048,1,1025,275,274,0,172,256,193,63,16128,16128,256
181249,181248,1024,1,513,141,140,0,91,182,131,10,1385,0,141
181249,181248,4096,1,37,9,8,0,6,13,9,0,0,0,9
181376,181376,1024,0,513,142,141,0,87,187,136,6,604,0,142
181377,181376,1024,1,513,140,139,0,86,186,135,5,272,0,140
181504,181504,2048,0,1025,281,280,0,179,256,163,93,23808,23808,256
181504,181504,1024,0,513,134,133,0,74,185,127,7,614,0,134
181505,181504,2048,1,1025,281,280,0,179,256,142,114,29184,29184,256
181505,181504,1024,1,513,132,131,0,73,183,125,7,571,0,132
181632,181632,1024,0,513,138,137,0,77,185,129,9,1174,0,138
181633,181632,1024,1,513,133,132,0,76,184,126,7,967,0,133
181760,181760,2048,0,1025,280,279,0,185,256,126,130,33280,33280,256
181760,181760,1024,0,513,143,142,0,80,184,135,8,771,0,143
181760,181760,4096,0,37,7,7,0,6,9,7,0,0,0,7
181761,181760,2048,1,1025,278,277,0,183,256,155,101,25856,25856,256
181761,181760,1024,1,513,145,144,0,80,180,136,9,818,0,145
181761,181760,4096,1,37,9,9,0,6,13,9,0,0,0,9
181888,181888,1024,0,513,144,144,0,90,188,136,8,1203,0,144
181889,181888,1024,1,513,144,144,0,90,185,135,9,1413,0,144
182016,182016,2048,0,1025,286,284,0,178,256,188,68,17408,17408,256
182016,182016,1024,0,513,139,139,0,88,186,133,6,231,0,139
182017,182016,2048,1,1025,285,284,0,177,256,175,81,20736,20736,256
182017,182016,1024,1,513,139,139,0,86,184,132,7,387,0,139
182144,182144,1024,0,513,138,138,0,89,185,128,10,933,0,138
182145,182144,1024,1,513,138,138,0,88,184,128,10,933,0,138
182272,182272,2048,0,1025,284,284,0,174,256,204,52,13312,13312,256
182272,182272,1024,0,513,142,141,0,80,187,134,8,842,0,142
182272,182272,4096,0,37,6,6,0,5,8,6,0,0,0,6
182273,182272,2048,1,1025,284,283,0,172,256,190,66,16896,16896,256
182273,182272,1024,1,513,141,140,0,78,186,134,7,661,0,141
182273,182272,4096,1,37,10,9,0,8,12,10,0,0,0,10
182400,182400,1024,0,513,144,143,0,81,190,137,7,709,0,144
182401,182400,1024,1,513,143,142,0,82,188,135,8,809,0,143
182528,182528,2048,0,1025,288,287,0,185,256,118,138,35328,35328,256
182528,182528,1024,0,513,138,137,0,86,186,129,9,821,0,138
182529,182528,2048,1,1025,285,285,0,183,256,136,120,30720,30720,256
182529,182528,1024,1,513,139,138,0,85,186,130,9,965,0,139
182656,182656,1024,0,513,134,133,0,95,190,129,5,475,0,134
182657,182656,1024,1,513,134,133,0,95,191,129,5,530,0,134
182784,182784,2048,0,1025,279,278,0,174,256,195,61,15616,15616,256
182784,182784,1024,0,513,136,135,0,83,188,130,6,569,0,136
182784,182784,4096,0,37,8,7,0,5,8,8,0,0,0,8
182785,182784,2048,1,1025,275,275,0,170,256,200,56,14336,14336,256
182785,182784,1024,1,513,133,132,0,82,188,127,6,415,0,133
182785,182784,4096,1,37,10,9,0,7,12,10,0,0,0,10
182912,182912,1024,0,513,142,141,0,89,183,131,11,1257,0,142
182913,182912,1024,1,513,140,139,0,89,182,131,9,832,0,140
183040,183040,2048,0,1025,284,283,0,179,256,178,78,19968,19968,256
183040,183040,1024,0,513,141,141,0,96,183,135,6,349,0,141
183041,183040,2048,1,1025,280,280,0,174,256,202,54,13824,13824,256
183041,183040,1024,1,513,140,140,0,95,180,134,6,338,0,140
183168,183168,1024,0,513,145,145,0,86,182,136,9,680,0,145
183169,183168,1024,1,513,145,145,0,86,178,136,9,644,0,145
183296,183296,2048,0,1025,279,278,0,177,256,172,84,21504,21504,256
183296,183296,1024,0,513,140,139,0,96,185,137,3,161,0,140
183296,183296,4096,0,37,8,7,0,6,8,8,0,0,0,8
183297,183296,2048,1,1025,276,276,0,175,256,160,96,24576,24576,256
183297,183296,1024,1,513,140,139,0,97,181,137,3,208,0,140
183297,183296,4096,1,37,10,9,0,7,11,10,0,0,0,10
183424,183424,1024,0,513,146,145,0,82,182,137,9,973,0,146
183425,183424,1024,1,513,143,142,0,83,180,135,8,1063,0,143
183552,183552,2048,0,1025,283,283,0,171,256,216,40,10240,10240,256
183552,183552,1024,0,513,147,146,0,95,182,138,9,993,0,147
183553,183552,2048,1,1025,280,280,0,169,256,220,36,9216,9216,256
183553,183552,1024,1,513,144,143,0,90,180,136,8,860,0,144
183680,183680,1024,0,513,145,144,0,87,187,139,6,691,0,145
183681,183680,1024,1,513,146,145,0,88,184,139,7,867,0,146
183808,183808,2048,0,1025,281,281,0,191,256,199,57,14592,14592,256
183808,183808,1024,0,513,136,136,0,82,187,126,10,1424,0,136
183808,183808,4096,0,37,7,6,0,6,8,7,0,0,0,7
183809,183808,2048,1,1025,279,279,0,191,256,197,59,15104,15104,256
183809,183808,1024,1,513,138,138,0,83,185,127,11,1481,0,138
183809,183808,4096,1,37,10,9,0,7,11,9,1,2,0,10
183936,183936,1024,0,513,140,140,0,87,188,137,3,86,0,140
183937,183936,1024,1,513,137,137,0,87,187,134,3,139,0,137
184064,184064,2048,0,1025,275,275,0,189,256,194,62,15872,15872,256
184064,184064,1024,0,513,140,140,0,93,184,132,8,600,0,140
184065,184064,2048,1,1025,274,274,0,183,256,191,65,16640,16640,256
184065,184064,1024,1,513,138,138,0,92,182,128,10,604,0,138
184192,184192,1024,0,513,138,137,0,85,184,129,9,647,0,138
184193,184192,1024,1,513,137,136,0,86,183,127,10,773,0,137
184320,184320,2048,0,1025,291,291,0,163,256,145,111,28416,28416,256
184320,184320,1024,0,513,138,138,0,83,183,132,6,434,0,138
184320,184320,4096,0,37,7,6,0,5,8,7,0,0,0,7
184321,184320,2048,1,1025,291,291,0,163,256,143,113,28928,28928,256
184321,184320,1024,1,513,138,138,0,84,184,132,6,601,0,138
184321,184320,4096,1,37,10,10,0,7,12,10,0,0,0,10
184448,184448,1024,0,513,137,137,0,96,184,129,8,964,0,137
184449,184448,1024,1,513,135,135,0,95,184,127,8,952,0,135
184576,184576,2048,0,1025,285,284,0,185,256,93,163,41728,41728,256
184576,184576,1024,0,513,140,140,0,77,182,130,10,1202,0,140
184577,184576,2048,1,1025,280,280,0,184,256,122,134,34304,34304,256
184577,184576,1024,1,513,139,139,0,76,182,130,9,967,0,139
184704,184704,1024,0,513,142,142,0,95,184,133,9,1037,0,142
184705,184704,1024,1,513,143,143,0,94,183,134,9,934,0,143
184832,184832,2048,0,1025,287,287,0,187,256,143,113,28928,28928,256
184832,184832,1024,0,513,146,146,0,92,185,141,5,190,0,146
184832,184832,4096,0,37,7,7,0,6,8,7,0,0,0,7
184833,184832,2048,1,1025,282,282,0,184,256,141,115,29440,29440,256
184833,184832,1024,1,513,145,145,0,94,185,140,5,316,0,145
184833,184832,4096,1,37,11,11,0,7,12,10,1,9,0,11
184960,184960,1024,0,513,142,142,0,88,185,133,9,845,0,142
184961,184960,1024,1,513,142,142,0,87,185,133,9,1005,0,142
185088,185088,2048,0,1025,284,283,0,185,256,218,38,9728,9728,256
185088,185088,1024,0,513,139,138,0,83,185,134,5,232,0,139
185089,185088,2048,1,1025,282,281,0,182,256,214,42,10752,10752,256
185089,185088,1024,1,513,138,137,0,82,186,133,5,285,0,138
185216,185216,1024,0,513,137,136,0,89,185,128,9,1269,0,137
185217,185216,1024,1,513,136,135,0,89,186,128,8,1125,0,136
185344,185344,2048,0,1025,285,285,0,170,256,186,70,17920,17920,256
185344,185344,1024,0,513,137,136,0,86,188,133,4,481,0,137
185344,185344,4096,0,37,6,6,0,6,8,6,0,0,0,6
185345,185344,2048,1,1025,285,285,0,168,256,173,83,21248,21248,256
185345,185344,1024,1,513,137,136,0,84,188,133,4,492,0,137
185345,185344,4096,1,37,9,9,0,9,13,9,0,0,0,9
185472,185472,1024,0,513,142,141,0,85,184,132,10,1135,0,142
185473,185472,1024,1,513,141,140,0,86,183,131,10,968,0,141
185600,185600,2048,0,1025,286,286,0,191,256,211,45,11520,11520,256
185600,185600,1024,0,513,138,137,0,84,188,132,6,521,0,138
185601,185600,2048,1,1025,285,285,0,190,256,217,39,9984,9984,256
185601,185600,1024,1,513,138,137,0,85,187,133,5,474,0,138
185728,185728,1024,0,513,137,137,0,92,180,132,5,140,0,137
185729,185728,1024,1,513,136,136,0,90,179,131,5,151,0,136
185856,185856,2048,0,1025,285,283,0,181,256,179,77,19712,19712,256
185856,185856,1024,0,513,141,140,0,87,180,132,9,447,0,141
185856,185856,4096,0,37,7,6,0,5,8,7,0,0,0,7
185857,185856,2048,1,1025,281,280,0,180,256,187,69,17664,17664,256
185857,185856,1024,1,513,139,138,0,85,179,130,9,591,0,139
185857,185856,4096,1,37,9,8,0,7,13,9,0,0,0,9
185984,185984,1024,0,513,140,139,0,92,180,131,9,791,0,140
185985,185984,1024,1,513,139,138,0,91,179,131,8,789,0,139
186112,186112,2048,0,1025,280,279,0,183,256,185,71,18176,18176,256
186112,186112,1024,0,513,143,143,0,79,181,137,6,617,0,143
186113,186112,2048,1,1025,281,280,0,180,256,150,106,27136,27136,256
186113,186112,1024,1,513,143,143,0,79,179,137,6,678,0,143
186240,186240,1024,0,513,145,144,0,94,180,137,8,864,0,145
186241,186240,1024,1,513,143,142,0,95,177,136,7,574,0,143
186368,186368,2048,0,1025,280,279,0,175,256,172,84,21504,21504,256
186368,186368,1024,0,513,144,143,0,98,184,138,6,868,0,144
186368,186368,4096,0,37,8,7,0,6,7,7,1,1,0,8
186369,186368,2048,1,1025,275,274,0,174,256,206,50,12800,12800,256
186369,186368,1024,1,513,143,142,0,98,181,137,6,984,0,143
186369,186368,4096,1,37,9,8,0,6,12,8,1,3,0,9
186496,186496,1024,0,513,134,134,0,91,185,131,3,83,0,134
186497,186496,1024,1,513,132,132,0,90,182,130,2,78,0,132
186624,186624,2048,0,1025,280,279,0,172,256,160,96,24576,24576,256
186624,186624,1024,0,513,135,135,0,75,182,124,11,1266,0,135
186625,186624,2048,1,1025,278,277,0,169,256,153,103,26368,26368,256
186625,186624,1024,1,513,137,137,0,76,179,124,13,1645,0,137
186752,186752,1024,0,513,136,136,0,83,185,128,8,944,0,136
186753,186752,1024,1,513,135,135,0,84,184,128,7,792,0,135
186880,186880,2048,0,1025,278,278,0,164,256,211,45,11520,11520,256
186880,186880,1024,0,513,137,137,0,88,184,128,9,802,0,137
186880,186880,4096,0,37,7,6,0,6,8,7,0,0,0,7
186881,186880,2048,1,1025,277,277,0,164,256,211,45,11520,11520,256
186881,186880,1024,1,513,136,136,0,86,182,127,9,760,0,136
186881,186880,4096,1,37,9,9,0,7,13,9,0,0,0,9
187008,187008,1024,0,513,143,143,0,85,181,132,11,1103,0,143
187009,187008,1024,1,513,142,142,0,85,180,130,12,1327,0,142
187136,187136,2048,0,1025,285,285,0,179,256,96,160,40960,40960,256
187136,187136,1024,0,513,140,140,0,80,186,131,9,1067,0,140
187137,187136,2048,1,1025,286,286,0,180,256,88,168,43008,43008,256
187137,187136,1024,1,513,139,139,0,79,187,130,9,1237,0,139
187264,187264,1024,0,513,138,138,0,88,191,133,5,630,0,138
187265,187264,1024,1,513,136,136,0,89,192,132,4,562,0,136
187392,187392,2048,0,1025,279,279,0,178,256,167,89,22784,22784,256
187392,187392,1024,0,513,145,144,0,88,189,135,10,1372,0,145
187392,187392,4096,0,37,7,7,0,5,8,7,0,0,0,7
187393,187392,2048,1,1025,278,278,0,177,256,170,86,22016,22016,256
187393,187392,1024,1,513,143,142,0,83,189,133,10,1383,0,143
187393,187392,4096,1,37,8,8,0,7,11,8,0,0,0,8
187520,187520,1024,0,513,150,149,0,92,190,138,12,1587,0,150
187521,187520,1024,1,513,149,148,0,89,189,136,13,1572,0,149
187648,187648,2048,0,1025,288,288,0,189,256,202,54,13824,13824,256
187648,187648,1024,0,513,144,143,0,92,192,140,4,201,0,144
187649,187648,2048,1,1025,287,287,0,188,256,217,39,9984,9984,256
187649,187648,1024,1,513,142,141,0,90,192,139,3,118,0,142
187776,187776,1024,0,513,138,137,0,90,190,134,4,131,0,138
187777,187776,1024,1,513,138,137,0,90,188,134,4,73,0,138
187904,187904,2048,0,1025,294,294,0,167,256,207,49,12544,12544,256
187904,187904,1024,0,513,141,140,0,86,189,134,7,580,0,141
187904,187904,4096,0,37,7,7,0,6,8,7,0,0,0,7
187905,187904,2048,1,1025,291,291,0,165,256,204,52,13312,13312,256
187905,187904,1024,1,513,140,139,0,87,187,133,7,526,0,140
187905,187904,4096,1,37,10,10,0,6,11,8,2,23,0,10
188032,188032,1024,0,513,138,138,0,94,187,132,6,564,0,138
188033,188032,1024,1,513,136,136,0,91,185,130,6,552,0,136
188160,188160,2048,0,1025,283,282,0,194,256,190,66,16896,16896,256
188160,188160,1024,0,513,146,146,0,90,185,141,5,465,0,146
188161,188160,2048,1,1025,282,281,0,193,256,184,72,18432,18432,256
188161,188160,1024,1,513,143,143,0,87,183,138,5,491,0,143
188288,188288,1024,0,513,145,145,0,94,185,139,6,655,0,145
188289,188288,1024,1,513,143,143,0,92,185,138,5,707,0,143
188416,188416,2048,0,1025,277,276,0,179,256,146,110,28160,28160,256
188416,188416,1024,0,513,142,142,0,99,186,137,5,474,0,142
188416,188416,4096,0,37,7,6,0,6,8,7,0,0,0,7
188417,188416,2048,1,1025,276,275,0,177,256,152,104,26624,26624,256
188417,188416,1024,1,513,142,142,0,99,184,136,6,409,0,142
188417,188416,4096,1,37,9,8,0,7,13,9,0,0,0,9
188544,188544,1024,0,513,133,133,0,93,184,127,6,543,0,133
188545,188544,1024,1,513,132,132,0,92,183,127,5,365,0,132
188672,188672,2048,0,1025,279,279,0,172,256,204,52,13312,13312,256
188672,188672,1024,0,513,143,143,0,88,182,134,9,843,0,143
188673,188672,2048,1,1025,277,277,0,172,256,212,44,11264,11264,256
188673,188672,1024,1,513,143,143,0,89,181,135,8,746,0,143
188800,188800,1024,0,513,149,149,0,92,186,143,6,740,0,149
188801,188800,1024,1,513,147,147,0,91,185,141,6,790,0,147
188928,188928,2048,0,1025,278,278,0,174,256,164,92,23552,23552,256
188928,188928,1024,0,513,139,139,0,91,187,130,9,1291,0,139
188928,188928,4096,0,37,8,7,0,5,8,8,0,0,0,8
188929,188928,2048,1,1025,278,278,0,171,256,156,100,25600,25600,256
188929,188928,1024,1,513,140,140,0,90,185,131,9,1318,0,140
188929,188928,4096,1,37,11,10,0,8,13,11,0,0,0,11
189056,189056,1024,0,513,133,133,0,88,186,131,2,101,0,133
189057,189056,1024,1,513,135,135,0,92,185,133,2,121,0,135
189184,189184,2048,0,1025,286,286,0,184,256,143,113,28928,28928,256
189184,189184,1024,0,513,138,138,0,88,183,132,6,355,0,138
189185,189184,2048,1,1025,286,286,0,184,256,141,115,29440,29440,256
189185,189184,1024,1,513,137,137,0,87,182,131,6,357,0,137
189312,189312,1024,0,513,140,140,0,89,185,132,8,956,0,140
189313,189312,1024,1,513,139,139,0,88,184,131,8,850,0,139
189440,189440,2048,0,1025,272,272,0,176,256,192,64,16384,16384,256
189440,189440,1024,0,513,142,141,0,98,181,135,7,274,0,142
189440,189440,4096,0,37,8,7,0,7,8,8,0,0,0,8
189441,189440,2048,1,1025,271,271,0,174,256,196,60,15360,15360,256
189441,189440,1024,1,513,140,139,0,96,183,134,6,283,0,140
189441,189440,4096,1,37,9,9,0,8,12,9,0,0,0,9
189568,189568,1024,0,513,141,140,0,83,184,131,10,1287,0,141
189569,189568,1024,1,513,142,141,0,83,185,132,10,1454,0,142
189696,189696,2048,0,1025,283,283,0,168,256,107,149,38144,38144,256
189696,189696,1024,0,513,136,135,0,91,185,129,7,763,0,136
189697,189696,2048,1,1025,280,280,0,165,256,138,118,30208,30208,256
189697,189696,1024,1,513,138,137,0,93,186,131,7,674,0,138
189824,189824,1024,0,513,144,143,0,83,185,135,9,987,0,144
189825,189824,1024,1,513,142,141,0,83,186,134,8,916,0,142
189952,189952,2048,0,1025,280,280,0,189,256,168,88,22528,22528,256
189952,189952,1024,0,513,154,153,0,104,186,145,9,1015,0,154
189952,189952,4096,0,37,7,6,0,5,8,7,0,0,0,7
189953,189952,2048,1,1025,280,280,0,186,256,130,126,32256,32256,256
189953,189952,1024,1,513,150,149,0,103,185,141,9,814,0,150
189953,189952,4096,1,37,9,8,0,7,12,9,0,0,0,9
190080,190080,1024,0,513,142,141,0,93,186,136,6,328,0,142
190081,190080,1024,1,513,143,142,0,92,186,137,6,377,0,143
190208,190208,2048,0,1025,275,274,0,165,256,210,46,11776,11776,256
190208,190208,1024,0,513,148,147,0,98,186,139,9,1173,0,148
190209,190208,2048,1,1025,275,274,0,164,256,208,48,12288,12288,256
190209,190208,1024,1,513,148,147,0,100,185,139,9,997,0,148
190336,190336,1024,0,513,143,142,0,86,186,135,8,489,0,143
190337,190336,1024,1,513,141,140,0,85,184,135,6,172,0,141
190464,190464,2048,0,1025,284,282,0,167,256,159,97,24832,24832,256
190464,190464,1024,0,513,141,140,0,101,190,132,9,1451,0,141
190464,190464,4096,0,37,8,7,0,6,8,8,0,0,0,8
190465,190464,2048,1,1025,280,279,0,166,256,180,76,19456,19456,256
190465,190464,1024,1,513,139,138,0,99,186,130,9,1314,0,139
190465,190464,4096,1,37,10,10,0,6,12,9,1,8,0,10
190592,190592,1024,0,513,135,135,0,86,190,130,5,313,0,135
190593,190592,1024,1,513,134,134,0,84,187,129,5,250,0,134
190720,190720,2048,0,1025,267,266,0,175,256,176,80,20480,20480,256
190720,190720,1024,0,513,143,143,0,85,189,134,9,1202,0,143
190721,190720,2048,1,1025,265,264,0,174,256,190,66,16896,16896,256
190721,190720,1024,1,513,143,143,0,85,186,133,10,1530,0,143
190848,190848,1024,0,513,139,139,0,92,186,132,7,579,0,139
190849,190848,1024,1,513,140,140,0,93,184,133,7,537,0,140
190976,190976,2048,0,1025,278,278,0,162,256,196,60,15360,15360,256
190976,190976,1024,0,513,146,145,0,91,182,136,10,913,0,146
190976,190976,4096,0,37,6,6,0,6,8,6,0,0,0,6
190977,190976,2048,1,1025,274,274,0,159,256,220,36,9216,9216,256
190977,190976,1024,1,513,143,142,0,87,181,134,9,869,0,143
190977,190976,4096,1,37,10,10,0,6,13,9,1,14,0,10
191104,191104,1024,0,513,139,138,0,73,181,131,8,654,0,139
191105,191104,1024,1,513,138,137,0,73,180,130,8,643,0,138
191232,191232,2048,0,1025,278,278,0,182,256,90,166,42496,42496,256
191232,191232,1024,0,513,147,146,0,92,187,135,12,1854,0,147
191233,191232,2048,1,1025,276,276,0,183,256,71,185,47360,47360,256
191233,191232,1024,1,513,145,144,0,92,186,133,12,1868,0,145
191360,191360,1024,0,513,146,145,0,91,194,143,3,151,0,146
191361,191360,1024,1,513,144,143,0,88,193,142,2,105,0,144
191488,191488,2048,0,1025,279,279,0,173,256,212,44,11264,11264,256
191488,191488,1024,0,513,141,140,0,90,192,130,11,1800,0,141
191488,191488,4096,0,37,6,6,0,5,8,6,0,0,0,6
191489,191488,2048,1,1025,278,278,0,171,256,215,41,10496,10496,256
191489,191488,1024,1,513,143,142,0,92,189,131,12,1960,0,143
191489,191488,4096,1,37,9,9,0,6,13,9,0,0,0,9
191616,191616,1024,0,513,145,144,0,91,194,138,7,312,0,145
191617,191616,1024,1,513,145,144,0,93,192,138,7,374,0,145
191744,191744,2048,0,1025,286,285,0,177,256,216,40,10240,10240,256
191744,191744,1024,0,513,141,141,0,93,193,134,7,505,0,141
191745,191744,2048,1,1025,284,283,0,177,256,218,38,9728,9728,256
191745,191744,1024,1,513,139,139,0,92,191,132,7,479,0,139
191872,191872,1024,0,513,151,151,0,92,191,141,10,935,0,151
191873,191872,1024,1,513,149,149,0,89,189,139,10,797,0,149
192000,192000,2048,0,1025,287,286,0,175,256,184,72,18432,18432,256
192000,192000,1024,0,513,141,141,0,88,194,135,6,654,0,141
192000,192000,4096,0,37,8,7,0,5,8,7,1,5,0,8
